speaker_id,trial_id,codec,source,attack,label_raw,trim,subset,vocoder,field10,field11,field12,field13,hf_label,position,shard,hf_shard,hf_shard_file
VCC2TF1,DF_E_4737185,low_mp3,vcc2018,HUB-N08,spoof,notrim,eval,traditional_vocoder,HUB,N08,FF,-,1,558233,72,72,test-00072-of-00080.parquet
LA_0032,DF_E_4732500,low_ogg,asvspoof,-,bonafide,notrim,eval,bonafide,-,-,-,-,0,557287,72,72,test-00072-of-00080.parquet
TEF2,DF_E_3083299,oggm4a,vcc2020,Task1-team14,spoof,notrim,eval,neural_vocoder_nonautoregressive,Task1,team14,MF,E,1,221256,28,28,test-00028-of-00080.parquet
SEF2,DF_E_4731904,high_mp3,vcc2020,-,bonafide,notrim,eval,bonafide,-,-,-,-,0,557172,72,72,test-00072-of-00080.parquet
TMM1,DF_E_4548022,low_m4a,vcc2020,Task2-team06,spoof,notrim,eval,traditional_vocoder,Task2,team06,FM,M,1,519700,67,67,test-00067-of-00080.parquet
TGM1,DF_E_2976781,low_ogg,vcc2020,Task2-team24,spoof,notrim,eval,neural_vocoder_autoregressive,Task2,team24,FM,G,1,199399,26,26,test-00026-of-00080.parquet
VCC2SF2,DF_E_3001420,mp3m4a,vcc2018,-,bonafide,notrim,eval,bonafide,-,-,-,-,0,204526,26,26,test-00026-of-00080.parquet
VCC2TF2,DF_E_4513669,high_m4a,vcc2018,HUB-N18,spoof,notrim,eval,traditional_vocoder,HUB,N18,FF,-,1,512779,67,67,test-00067-of-00080.parquet
VCC2SF2,DF_E_4530363,low_ogg,vcc2018,-,bonafide,notrim,eval,bonafide,-,-,-,-,0,516150,67,67,test-00067-of-00080.parquet
VCC2TF2,DF_E_4704966,mp3m4a,vcc2018,SPO-N12,spoof,notrim,eval,traditional_vocoder,SPO,N12,MF,-,1,551686,72,72,test-00072-of-00080.parquet
LA_0005,DF_E_2990561,mp3m4a,asvspoof,-,bonafide,notrim,eval,bonafide,-,-,-,-,0,202221,26,26,test-00026-of-00080.parquet
VCC2TM1,DF_E_4513063,high_ogg,vcc2018,HUB-N03,spoof,notrim,eval,unknown,HUB,N03,FM,-,1,512661,67,67,test-00067-of-00080.parquet
VCC2TF1,DF_E_4837050,nocodec,vcc2018,HUB-N08,spoof,notrim,eval,traditional_vocoder,HUB,N08,FF,-,1,578544,75,75,test-00075-of-00080.parquet
VCC2SM3,DF_E_4514657,low_m4a,vcc2018,-,bonafide,notrim,eval,bonafide,-,-,-,-,0,513002,67,67,test-00067-of-00080.parquet
VCC2SM1,DF_E_4535647,low_mp3,vcc2018,-,bonafide,notrim,eval,bonafide,-,-,-,-,0,517247,67,67,test-00067-of-00080.parquet
LA_0036,DF_E_3085538,oggm4a,asvspoof,-,bonafide,notrim,eval,bonafide,-,-,-,-,0,221699,28,28,test-00028-of-00080.parquet
LA_0013,DF_E_3057681,mp3m4a,asvspoof,-,bonafide,notrim,eval,bonafide,-,-,-,-,0,216050,28,28,test-00028-of-00080.parquet
LA_0047,DF_E_3072969,low_ogg,asvspoof,-,bonafide,notrim,eval,bonafide,-,-,-,-,0,219247,28,28,test-00028-of-00080.parquet
TGM1,DF_E_3082374,low_ogg,vcc2020,Task2-team08,spoof,notrim,eval,traditional_vocoder,Task2,team08,FM,G,1,221073,28,28,test-00028-of-00080.parquet
LA_0011,DF_E_2996347,high_ogg,asvspoof,A10,spoof,notrim,eval,neural_vocoder_autoregressive,-,-,-,-,1,203476,26,26,test-00026-of-00080.parquet
VCC2TF1,DF_E_4517912,high_m4a,vcc2018,-,bonafide,notrim,eval,bonafide,-,-,-,-,0,513649,67,67,test-00067-of-00080.parquet
TEM1,DF_E_2990628,high_m4a,vcc2020,Task1-team31,spoof,notrim,eval,neural_vocoder_nonautoregressive,Task1,team31,MM,E,1,202234,26,26,test-00026-of-00080.parquet
TMM1,DF_E_4519595,low_m4a,vcc2020,Task2-team31,spoof,notrim,eval,neural_vocoder_nonautoregressive,Task2,team31,FM,M,1,513973,67,67,test-00067-of-00080.parquet
TFM1,DF_E_3048975,high_ogg,vcc2020,Task2-team05,spoof,notrim,eval,neural_vocoder_nonautoregressive,Task2,team05,FM,F,1,214246,28,28,test-00028-of-00080.parquet
LA_0027,DF_E_4835792,high_mp3,asvspoof,A07,spoof,notrim,eval,traditional_vocoder,-,-,-,-,1,578281,75,75,test-00075-of-00080.parquet
VCC2SF4,DF_E_4542610,high_mp3,vcc2018,-,bonafide,notrim,eval,bonafide,-,-,-,-,0,518640,67,67,test-00067-of-00080.parquet
VCC2TF2,DF_E_2992842,low_m4a,vcc2018,SPO-N18,spoof,notrim,eval,traditional_vocoder,SPO,N18,FF,-,1,202700,26,26,test-00026-of-00080.parquet
VCC2TM1,DF_E_4526683,low_ogg,vcc2018,-,bonafide,notrim,eval,bonafide,-,-,-,-,0,515417,67,67,test-00067-of-00080.parquet
LA_0014,DF_E_2996047,high_ogg,asvspoof,-,bonafide,notrim,eval,bonafide,-,-,-,-,0,203416,26,26,test-00026-of-00080.parquet
LA_0019,DF_E_4539838,nocodec,asvspoof,-,bonafide,notrim,eval,bonafide,-,-,-,-,0,518090,67,67,test-00067-of-00080.parquet
LA_0013,DF_E_3074263,low_mp3,asvspoof,-,bonafide,notrim,eval,bonafide,-,-,-,-,0,219486,28,28,test-00028-of-00080.parquet
TFF1,DF_E_2986753,high_m4a,vcc2020,-,bonafide,notrim,eval,bonafide,-,-,-,-,0,201414,26,26,test-00026-of-00080.parquet
LA_0032,DF_E_4517779,high_ogg,asvspoof,-,bonafide,notrim,eval,bonafide,-,-,-,-,0,513630,67,67,test-00067-of-00080.parquet
VCC2TM1,DF_E_2994984,high_ogg,vcc2018,-,bonafide,notrim,eval,bonafide,-,-,-,-,0,203159,26,26,test-00026-of-00080.parquet
VCC2TF2,DF_E_4726672,mp3m4a,vcc2018,SPO-N06,spoof,notrim,eval,traditional_vocoder,SPO,N06,FF,-,1,556125,72,72,test-00072-of-00080.parquet
LA_0063,DF_E_4817707,low_ogg,asvspoof,-,bonafide,notrim,eval,bonafide,-,-,-,-,0,574547,75,75,test-00075-of-00080.parquet
TGF1,DF_E_3079314,high_mp3,vcc2020,Task2-team20,spoof,notrim,eval,neural_vocoder_nonautoregressive,Task2,team20,MF,G,1,220462,28,28,test-00028-of-00080.parquet
LA_0028,DF_E_4533522,mp3m4a,asvspoof,A12,spoof,notrim,eval,neural_vocoder_autoregressive,-,-,-,-,1,516814,67,67,test-00067-of-00080.parquet
TMM1,DF_E_4697215,low_ogg,vcc2020,Task2-team13,spoof,notrim,eval,neural_vocoder_autoregressive,Task2,team13,MM,M,1,550105,71,71,test-00071-of-00080.parquet
LA_0028,DF_E_4696378,oggm4a,asvspoof,-,bonafide,notrim,eval,bonafide,-,-,-,-,0,549920,71,71,test-00071-of-00080.parquet
TEM1,DF_E_4709629,low_mp3,vcc2020,-,bonafide,notrim,eval,bonafide,-,-,-,-,0,552629,72,72,test-00072-of-00080.parquet
VCC2TM1,DF_E_4824764,low_ogg,vcc2018,HUB-N17,spoof,notrim,eval,neural_vocoder_autoregressive,HUB,N17,MM,-,1,575994,75,75,test-00075-of-00080.parquet
VCC2SM2,DF_E_4834380,mp3m4a,vcc2018,-,bonafide,notrim,eval,bonafide,-,-,-,-,0,578027,75,75,test-00075-of-00080.parquet
LA_0005,DF_E_4668318,low_m4a,asvspoof,-,bonafide,notrim,eval,bonafide,-,-,-,-,0,544191,71,71,test-00071-of-00080.parquet
TEM2,DF_E_4542427,high_ogg,vcc2020,Task1-team24,spoof,notrim,eval,neural_vocoder_autoregressive,Task1,team24,MM,E,1,518601,67,67,test-00067-of-00080.parquet
LA_0001,DF_E_4730092,oggm4a,asvspoof,-,bonafide,notrim,eval,bonafide,-,-,-,-,0,556839,72,72,test-00072-of-00080.parquet
LA_0007,DF_E_4676367,mp3m4a,asvspoof,-,bonafide,notrim,eval,bonafide,-,-,-,-,0,545875,71,71,test-00071-of-00080.parquet
LA_0045,DF_E_4707935,oggm4a,asvspoof,-,bonafide,notrim,eval,bonafide,-,-,-,-,0,552271,72,72,test-00072-of-00080.parquet
LA_0002,DF_E_3055838,low_m4a,asvspoof,-,bonafide,notrim,eval,bonafide,-,-,-,-,0,215654,28,28,test-00028-of-00080.parquet
VCC2TM2,DF_E_3010000,low_mp3,vcc2018,HUB-N09,spoof,notrim,eval,traditional_vocoder,HUB,N09,FM,-,1,206269,26,26,test-00026-of-00080.parquet
TEF1,DF_E_4514478,low_ogg,vcc2020,Task1-team21,spoof,notrim,eval,neural_vocoder_nonautoregressive,Task1,team21,MF,E,1,512968,67,67,test-00067-of-00080.parquet
VCC2TF1,DF_E_4549163,low_mp3,vcc2018,-,bonafide,notrim,eval,bonafide,-,-,-,-,0,519955,67,67,test-00067-of-00080.parquet
LA_0026,DF_E_4688617,low_ogg,asvspoof,A07,spoof,notrim,eval,traditional_vocoder,-,-,-,-,1,548358,71,71,test-00071-of-00080.parquet
VCC2SM3,DF_E_4667844,nocodec,vcc2018,-,bonafide,notrim,eval,bonafide,-,-,-,-,0,544085,71,71,test-00071-of-00080.parquet
LA_0045,DF_E_3076416,low_m4a,asvspoof,-,bonafide,notrim,eval,bonafide,-,-,-,-,0,219899,28,28,test-00028-of-00080.parquet
VCC2TM1,DF_E_4847196,low_m4a,vcc2018,HUB-D05,spoof,notrim,eval,traditional_vocoder,HUB,D05,FM,-,1,580604,75,75,test-00075-of-00080.parquet
TEF1,DF_E_4512979,high_mp3,vcc2020,Task1-team07,spoof,notrim,eval,neural_vocoder_autoregressive,Task1,team07,FF,E,1,512643,67,67,test-00067-of-00080.parquet
LA_0030,DF_E_4720283,low_ogg,asvspoof,A08,spoof,notrim,eval,neural_vocoder_nonautoregressive,-,-,-,-,1,554841,72,72,test-00072-of-00080.parquet
VCC2TF1,DF_E_2988687,high_mp3,vcc2018,HUB-N19,spoof,notrim,eval,traditional_vocoder,HUB,N19,FF,-,1,201819,26,26,test-00026-of-00080.parquet
LA_0023,DF_E_4716506,low_mp3,asvspoof,-,bonafide,notrim,eval,bonafide,-,-,-,-,0,554033,72,72,test-00072-of-00080.parquet
LA_0028,DF_E_4674023,low_m4a,asvspoof,A07,spoof,notrim,eval,traditional_vocoder,-,-,-,-,1,545378,71,71,test-00071-of-00080.parquet
SEM1,DF_E_2992361,oggm4a,vcc2020,-,bonafide,notrim,eval,bonafide,-,-,-,-,0,202602,26,26,test-00026-of-00080.parquet
TEM1,DF_E_2974031,low_m4a,vcc2020,Task1-team31,spoof,notrim,eval,neural_vocoder_nonautoregressive,Task1,team31,FM,E,1,198865,26,26,test-00026-of-00080.parquet
VCC2TF2,DF_E_2982599,mp3m4a,vcc2018,SPO-N16,spoof,notrim,eval,traditional_vocoder,SPO,N16,MF,-,1,200579,26,26,test-00026-of-00080.parquet
LA_0003,DF_E_4681220,oggm4a,asvspoof,A12,spoof,notrim,eval,neural_vocoder_autoregressive,-,-,-,-,1,546844,71,71,test-00071-of-00080.parquet
VCC2TM1,DF_E_4680873,high_ogg,vcc2018,SPO-N06,spoof,notrim,eval,traditional_vocoder,SPO,N06,MM,-,1,546779,71,71,test-00071-of-00080.parquet
LA_0018,DF_E_4719648,high_ogg,asvspoof,-,bonafide,notrim,eval,bonafide,-,-,-,-,0,554699,72,72,test-00072-of-00080.parquet
TEF1,DF_E_4664709,high_m4a,vcc2020,Task1-team24,spoof,notrim,eval,neural_vocoder_autoregressive,Task1,team24,MF,E,1,543485,71,71,test-00071-of-00080.parquet
TFF1,DF_E_4664647,nocodec,vcc2020,-,bonafide,notrim,eval,bonafide,-,-,-,-,0,543469,71,71,test-00071-of-00080.parquet
VCC2TF2,DF_E_4814756,high_mp3,vcc2018,HUB-D05,spoof,notrim,eval,traditional_vocoder,HUB,D05,MF,-,1,573945,75,75,test-00075-of-00080.parquet
TEF2,DF_E_3079353,nocodec,vcc2020,Task1-team12,spoof,notrim,eval,traditional_vocoder,Task1,team12,FF,E,1,220474,28,28,test-00028-of-00080.parquet
VCC2SM1,DF_E_3055341,low_mp3,vcc2018,-,bonafide,notrim,eval,bonafide,-,-,-,-,0,215549,28,28,test-00028-of-00080.parquet
VCC2TF1,DF_E_4841588,high_m4a,vcc2018,SPO-N18,spoof,notrim,eval,traditional_vocoder,SPO,N18,FF,-,1,579501,75,75,test-00075-of-00080.parquet
TMF1,DF_E_4703093,high_mp3,vcc2020,Task2-team32,spoof,notrim,eval,neural_vocoder_autoregressive,Task2,team32,MF,M,1,551307,72,72,test-00072-of-00080.parquet
LA_0018,DF_E_4692413,oggm4a,asvspoof,-,bonafide,notrim,eval,bonafide,-,-,-,-,0,549133,71,71,test-00071-of-00080.parquet
LA_0018,DF_E_4710060,low_ogg,asvspoof,-,bonafide,notrim,eval,bonafide,-,-,-,-,0,552705,72,72,test-00072-of-00080.parquet
TGF1,DF_E_3053273,low_mp3,vcc2020,Task2-team31,spoof,notrim,eval,neural_vocoder_nonautoregressive,Task2,team31,FF,G,1,215127,28,28,test-00028-of-00080.parquet
LA_0023,DF_E_4836947,oggm4a,asvspoof,-,bonafide,notrim,eval,bonafide,-,-,-,-,0,578525,75,75,test-00075-of-00080.parquet
VCC2TM1,DF_E_4701378,mp3m4a,vcc2018,-,bonafide,notrim,eval,bonafide,-,-,-,-,0,550957,72,72,test-00072-of-00080.parquet
TEM1,DF_E_4526508,high_ogg,vcc2020,Task1-team19,spoof,notrim,eval,neural_vocoder_nonautoregressive,Task1,team19,FM,E,1,515375,67,67,test-00067-of-00080.parquet
TFM1,DF_E_3055551,low_ogg,vcc2020,-,bonafide,notrim,eval,bonafide,-,-,-,-,0,215592,28,28,test-00028-of-00080.parquet
TEM1,DF_E_4732479,high_ogg,vcc2020,-,bonafide,notrim,eval,bonafide,-,-,-,-,0,557284,72,72,test-00072-of-00080.parquet
LA_0028,DF_E_4547306,low_ogg,asvspoof,A17,spoof,notrim,eval,traditional_vocoder,-,-,-,-,1,519568,67,67,test-00067-of-00080.parquet
TGM1,DF_E_4696858,high_m4a,vcc2020,Task2-team28,spoof,notrim,eval,neural_vocoder_autoregressive,Task2,team28,FM,G,1,550028,71,71,test-00071-of-00080.parquet
TGF1,DF_E_2994380,high_ogg,vcc2020,Task2-team30,spoof,notrim,eval,unknown,Task2,team30,MF,G,1,203032,26,26,test-00026-of-00080.parquet
VCC2TM1,DF_E_4715605,high_m4a,vcc2018,HUB-N06,spoof,notrim,eval,traditional_vocoder,HUB,N06,FM,-,1,553855,72,72,test-00072-of-00080.parquet
VCC2TM2,DF_E_4831966,oggm4a,vcc2018,SPO-N17,spoof,notrim,eval,neural_vocoder_autoregressive,SPO,N17,MM,-,1,577533,75,75,test-00075-of-00080.parquet
LA_0027,DF_E_4528071,oggm4a,asvspoof,-,bonafide,notrim,eval,bonafide,-,-,-,-,0,515717,67,67,test-00067-of-00080.parquet
LA_0016,DF_E_4684466,high_ogg,asvspoof,-,bonafide,notrim,eval,bonafide,-,-,-,-,0,547497,71,71,test-00071-of-00080.parquet
VCC2TF2,DF_E_2986414,low_ogg,vcc2018,HUB-N11,spoof,notrim,eval,traditional_vocoder,HUB,N11,FF,-,1,201348,26,26,test-00026-of-00080.parquet
VCC2TM2,DF_E_4536739,low_mp3,vcc2018,HUB-N20,spoof,notrim,eval,traditional_vocoder,HUB,N20,MM,-,1,517475,67,67,test-00067-of-00080.parquet
VCC2TM1,DF_E_4817624,high_mp3,vcc2018,HUB-D01,spoof,notrim,eval,traditional_vocoder,HUB,D01,MM,-,1,574523,75,75,test-00075-of-00080.parquet
LA_0018,DF_E_4826210,low_ogg,asvspoof,-,bonafide,notrim,eval,bonafide,-,-,-,-,0,576323,75,75,test-00075-of-00080.parquet
VCC2SM4,DF_E_4813627,nocodec,vcc2018,-,bonafide,notrim,eval,bonafide,-,-,-,-,0,573693,75,75,test-00075-of-00080.parquet
TEF2,DF_E_2999763,low_m4a,vcc2020,Task1-team26,spoof,notrim,eval,traditional_vocoder,Task1,team26,FF,E,1,204215,26,26,test-00026-of-00080.parquet
LA_0031,DF_E_4723602,oggm4a,asvspoof,A10,spoof,notrim,eval,neural_vocoder_autoregressive,-,-,-,-,1,555521,72,72,test-00072-of-00080.parquet
VCC2SM2,DF_E_4669024,low_m4a,vcc2018,-,bonafide,notrim,eval,bonafide,-,-,-,-,0,544341,71,71,test-00071-of-00080.parquet
VCC2TM1,DF_E_4731761,high_m4a,vcc2018,HUB-N09,spoof,notrim,eval,traditional_vocoder,HUB,N09,FM,-,1,557149,72,72,test-00072-of-00080.parquet
VCC2TM2,DF_E_4691346,low_m4a,vcc2018,SPO-N17,spoof,notrim,eval,neural_vocoder_autoregressive,SPO,N17,FM,-,1,548924,71,71,test-00071-of-00080.parquet
VCC2TF1,DF_E_3050777,mp3m4a,vcc2018,HUB-N08,spoof,notrim,eval,traditional_vocoder,HUB,N08,MF,-,1,214622,28,28,test-00028-of-00080.parquet
LA_0003,DF_E_3072915,high_ogg,asvspoof,-,bonafide,notrim,eval,bonafide,-,-,-,-,0,219231,28,28,test-00028-of-00080.parquet
VCC2SM2,DF_E_4837700,low_ogg,vcc2018,-,bonafide,notrim,eval,bonafide,-,-,-,-,0,578662,75,75,test-00075-of-00080.parquet
SEF1,DF_E_4539853,nocodec,vcc2020,-,bonafide,notrim,eval,bonafide,-,-,-,-,0,518093,67,67,test-00067-of-00080.parquet
TEM2,DF_E_2981579,high_m4a,vcc2020,Task1-team10,spoof,notrim,eval,neural_vocoder_autoregressive,Task1,team10,MM,E,1,200386,26,26,test-00026-of-00080.parquet
LA_0044,DF_E_4531798,high_ogg,asvspoof,-,bonafide,notrim,eval,bonafide,-,-,-,-,0,516449,67,67,test-00067-of-00080.parquet
SEM1,DF_E_4524178,oggm4a,vcc2020,-,bonafide,notrim,eval,bonafide,-,-,-,-,0,514905,67,67,test-00067-of-00080.parquet
LA_0036,DF_E_3006038,high_mp3,asvspoof,-,bonafide,notrim,eval,bonafide,-,-,-,-,0,205474,26,26,test-00026-of-00080.parquet
LA_0036,DF_E_2998578,high_ogg,asvspoof,-,bonafide,notrim,eval,bonafide,-,-,-,-,0,203962,26,26,test-00026-of-00080.parquet
VCC2SM4,DF_E_4677791,high_mp3,vcc2018,-,bonafide,notrim,eval,bonafide,-,-,-,-,0,546159,71,71,test-00071-of-00080.parquet
SEF2,DF_E_4703813,low_m4a,vcc2020,-,bonafide,notrim,eval,bonafide,-,-,-,-,0,551459,72,72,test-00072-of-00080.parquet
TGF1,DF_E_4705331,high_m4a,vcc2020,-,bonafide,notrim,eval,bonafide,-,-,-,-,0,551753,72,72,test-00072-of-00080.parquet
TGF1,DF_E_4545045,low_mp3,vcc2020,Task2-team18,spoof,notrim,eval,unknown,Task2,team18,MF,G,1,519121,67,67,test-00067-of-00080.parquet
TEF1,DF_E_4528698,low_m4a,vcc2020,Task1-team11,spoof,notrim,eval,neural_vocoder_autoregressive,Task1,team11,MF,E,1,515847,67,67,test-00067-of-00080.parquet
TEM2,DF_E_4696686,low_m4a,vcc2020,Task1-team28,spoof,notrim,eval,neural_vocoder_autoregressive,Task1,team28,MM,E,1,549996,71,71,test-00071-of-00080.parquet
LA_0039,DF_E_2988317,high_m4a,asvspoof,-,bonafide,notrim,eval,bonafide,-,-,-,-,0,201748,26,26,test-00026-of-00080.parquet
VCC2TF1,DF_E_2979684,high_mp3,vcc2018,-,bonafide,notrim,eval,bonafide,-,-,-,-,0,199998,26,26,test-00026-of-00080.parquet
TEF2,DF_E_2983713,nocodec,vcc2020,Task1-team08,spoof,notrim,eval,traditional_vocoder,Task1,team08,FF,E,1,200824,26,26,test-00026-of-00080.parquet
VCC2SF1,DF_E_4826045,nocodec,vcc2018,-,bonafide,notrim,eval,bonafide,-,-,-,-,0,576292,75,75,test-00075-of-00080.parquet
LA_0046,DF_E_4835684,oggm4a,asvspoof,-,bonafide,notrim,eval,bonafide,-,-,-,-,0,578265,75,75,test-00075-of-00080.parquet
VCC2TF1,DF_E_4711224,low_ogg,vcc2018,HUB-N10,spoof,notrim,eval,neural_vocoder_autoregressive,HUB,N10,FF,-,1,552926,72,72,test-00072-of-00080.parquet
TGM1,DF_E_4539706,oggm4a,vcc2020,Task2-team20,spoof,notrim,eval,neural_vocoder_nonautoregressive,Task2,team20,FM,G,1,518069,67,67,test-00067-of-00080.parquet
VCC2TM1,DF_E_4842832,low_m4a,vcc2018,HUB-N14,spoof,notrim,eval,traditional_vocoder,HUB,N14,MM,-,1,579741,75,75,test-00075-of-00080.parquet
VCC2TF2,DF_E_4516558,high_ogg,vcc2018,HUB-D03,spoof,notrim,eval,traditional_vocoder,HUB,D03,MF,-,1,513390,67,67,test-00067-of-00080.parquet
VCC2TF2,DF_E_4826193,low_mp3,vcc2018,-,bonafide,notrim,eval,bonafide,-,-,-,-,0,576320,75,75,test-00075-of-00080.parquet
LA_0018,DF_E_2975421,high_m4a,asvspoof,-,bonafide,notrim,eval,bonafide,-,-,-,-,0,199132,26,26,test-00026-of-00080.parquet
TEF1,DF_E_4733922,low_ogg,vcc2020,Task1-team07,spoof,notrim,eval,neural_vocoder_autoregressive,Task1,team07,MF,E,1,557568,72,72,test-00072-of-00080.parquet
VCC2SF3,DF_E_4523724,oggm4a,vcc2018,-,bonafide,notrim,eval,bonafide,-,-,-,-,0,514812,67,67,test-00067-of-00080.parquet
LA_0030,DF_E_4683848,oggm4a,asvspoof,-,bonafide,notrim,eval,bonafide,-,-,-,-,0,547370,71,71,test-00071-of-00080.parquet
TEM1,DF_E_4727230,low_ogg,vcc2020,Task1-team28,spoof,notrim,eval,neural_vocoder_autoregressive,Task1,team28,MM,E,1,556250,72,72,test-00072-of-00080.parquet
LA_0011,DF_E_4675695,mp3m4a,asvspoof,-,bonafide,notrim,eval,bonafide,-,-,-,-,0,545730,71,71,test-00071-of-00080.parquet
VCC2TM2,DF_E_4723293,high_ogg,vcc2018,HUB-N11,spoof,notrim,eval,traditional_vocoder,HUB,N11,MM,-,1,555460,72,72,test-00072-of-00080.parquet
VCC2TM2,DF_E_2976372,high_m4a,vcc2018,HUB-N09,spoof,notrim,eval,traditional_vocoder,HUB,N09,FM,-,1,199310,26,26,test-00026-of-00080.parquet
LA_0010,DF_E_4678692,low_ogg,asvspoof,-,bonafide,notrim,eval,bonafide,-,-,-,-,0,546345,71,71,test-00071-of-00080.parquet
LA_0008,DF_E_4713061,low_ogg,asvspoof,-,bonafide,notrim,eval,bonafide,-,-,-,-,0,553325,72,72,test-00072-of-00080.parquet
VCC2SF3,DF_E_4729012,low_m4a,vcc2018,-,bonafide,notrim,eval,bonafide,-,-,-,-,0,556619,72,72,test-00072-of-00080.parquet
VCC2TM2,DF_E_3075576,high_m4a,vcc2018,SPO-N05,spoof,notrim,eval,traditional_vocoder,SPO,N05,FM,-,1,219736,28,28,test-00028-of-00080.parquet
VCC2TM2,DF_E_3009297,oggm4a,vcc2018,HUB-D02,spoof,notrim,eval,traditional_vocoder,HUB,D02,MM,-,1,206135,26,26,test-00026-of-00080.parquet
VCC2TM2,DF_E_2983562,high_ogg,vcc2018,SPO-N16,spoof,notrim,eval,traditional_vocoder,SPO,N16,MM,-,1,200794,26,26,test-00026-of-00080.parquet
VCC2TF2,DF_E_3008320,mp3m4a,vcc2018,SPO-N13,spoof,notrim,eval,traditional_vocoder,SPO,N13,FF,-,1,205947,26,26,test-00026-of-00080.parquet
TFF1,DF_E_4835546,high_mp3,vcc2020,Task2-team29,spoof,notrim,eval,neural_vocoder_autoregressive,Task2,team29,MF,F,1,578245,75,75,test-00075-of-00080.parquet
TFF1,DF_E_4838250,high_ogg,vcc2020,Task2-team20,spoof,notrim,eval,neural_vocoder_nonautoregressive,Task2,team20,FF,F,1,578775,75,75,test-00075-of-00080.parquet
SEM1,DF_E_4684341,low_ogg,vcc2020,-,bonafide,notrim,eval,bonafide,-,-,-,-,0,547468,71,71,test-00071-of-00080.parquet
TGF1,DF_E_4545585,nocodec,vcc2020,Task2-team33,spoof,notrim,eval,neural_vocoder_nonautoregressive,Task2,team33,MF,G,1,519223,67,67,test-00067-of-00080.parquet
TFM1,DF_E_4820741,low_m4a,vcc2020,-,bonafide,notrim,eval,bonafide,-,-,-,-,0,575160,75,75,test-00075-of-00080.parquet
TEF1,DF_E_4725463,oggm4a,vcc2020,Task1-team18,spoof,notrim,eval,unknown,Task1,team18,MF,E,1,555877,72,72,test-00072-of-00080.parquet
TEM1,DF_E_4681321,oggm4a,vcc2020,-,bonafide,notrim,eval,bonafide,-,-,-,-,0,546863,71,71,test-00071-of-00080.parquet
LA_0028,DF_E_2998431,mp3m4a,asvspoof,-,bonafide,notrim,eval,bonafide,-,-,-,-,0,203920,26,26,test-00026-of-00080.parquet
TEM2,DF_E_4679937,oggm4a,vcc2020,Task1-team20,spoof,notrim,eval,neural_vocoder_nonautoregressive,Task1,team20,MM,E,1,546587,71,71,test-00071-of-00080.parquet
LA_0048,DF_E_4677067,high_ogg,asvspoof,-,bonafide,notrim,eval,bonafide,-,-,-,-,0,546018,71,71,test-00071-of-00080.parquet
VCC2TF2,DF_E_4820670,low_mp3,vcc2018,-,bonafide,notrim,eval,bonafide,-,-,-,-,0,575148,75,75,test-00075-of-00080.parquet
VCC2TM2,DF_E_4699897,oggm4a,vcc2018,HUB-N04,spoof,notrim,eval,traditional_vocoder,HUB,N04,FM,-,1,550647,71,71,test-00071-of-00080.parquet
VCC2TF1,DF_E_3073418,oggm4a,vcc2018,-,bonafide,notrim,eval,bonafide,-,-,-,-,0,219343,28,28,test-00028-of-00080.parquet
LA_0066,DF_E_4525858,mp3m4a,asvspoof,-,bonafide,notrim,eval,bonafide,-,-,-,-,0,515244,67,67,test-00067-of-00080.parquet
VCC2TF2,DF_E_2974380,high_mp3,vcc2018,SPO-N17,spoof,notrim,eval,neural_vocoder_autoregressive,SPO,N17,MF,-,1,198931,26,26,test-00026-of-00080.parquet
LA_0001,DF_E_4823299,oggm4a,asvspoof,-,bonafide,notrim,eval,bonafide,-,-,-,-,0,575644,75,75,test-00075-of-00080.parquet
LA_0030,DF_E_4679868,mp3m4a,asvspoof,-,bonafide,notrim,eval,bonafide,-,-,-,-,0,546570,71,71,test-00071-of-00080.parquet
VCC2TM1,DF_E_4827987,mp3m4a,vcc2018,-,bonafide,notrim,eval,bonafide,-,-,-,-,0,576699,75,75,test-00075-of-00080.parquet
VCC2TF1,DF_E_4679057,high_mp3,vcc2018,SPO-N16,spoof,notrim,eval,traditional_vocoder,SPO,N16,MF,-,1,546415,71,71,test-00071-of-00080.parquet
VCC2SF1,DF_E_4699263,oggm4a,vcc2018,-,bonafide,notrim,eval,bonafide,-,-,-,-,0,550526,71,71,test-00071-of-00080.parquet
VCC2TF2,DF_E_4700087,nocodec,vcc2018,HUB-N14,spoof,notrim,eval,traditional_vocoder,HUB,N14,FF,-,1,550686,72,72,test-00072-of-00080.parquet
VCC2SF1,DF_E_4711926,high_ogg,vcc2018,-,bonafide,notrim,eval,bonafide,-,-,-,-,0,553090,72,72,test-00072-of-00080.parquet
TFF1,DF_E_4822289,mp3m4a,vcc2020,-,bonafide,notrim,eval,bonafide,-,-,-,-,0,575469,75,75,test-00075-of-00080.parquet
VCC2TM2,DF_E_3059090,oggm4a,vcc2018,-,bonafide,notrim,eval,bonafide,-,-,-,-,0,216346,28,28,test-00028-of-00080.parquet
VCC2TF1,DF_E_4683737,high_ogg,vcc2018,HUB-N07,spoof,notrim,eval,traditional_vocoder,HUB,N07,MF,-,1,547351,71,71,test-00071-of-00080.parquet
TGM1,DF_E_4697100,high_mp3,vcc2020,Task2-team33,spoof,notrim,eval,neural_vocoder_nonautoregressive,Task2,team33,MM,G,1,550087,71,71,test-00071-of-00080.parquet
LA_0043,DF_E_4848127,low_mp3,asvspoof,A18,spoof,notrim,eval,traditional_vocoder,-,-,-,-,1,580781,75,75,test-00075-of-00080.parquet
TGM1,DF_E_3084872,nocodec,vcc2020,Task2-team15,spoof,notrim,eval,neural_vocoder_nonautoregressive,Task2,team15,MM,G,1,221560,28,28,test-00028-of-00080.parquet
LA_0042,DF_E_4814272,high_ogg,asvspoof,A11,spoof,notrim,eval,traditional_vocoder,-,-,-,-,1,573837,75,75,test-00075-of-00080.parquet
LA_0013,DF_E_4708680,nocodec,asvspoof,-,bonafide,notrim,eval,bonafide,-,-,-,-,0,552414,72,72,test-00072-of-00080.parquet
VCC2TM2,DF_E_4698548,low_mp3,vcc2018,HUB-N19,spoof,notrim,eval,traditional_vocoder,HUB,N19,MM,-,1,550371,71,71,test-00071-of-00080.parquet
LA_0045,DF_E_4518320,low_m4a,asvspoof,A07,spoof,notrim,eval,traditional_vocoder,-,-,-,-,1,513729,67,67,test-00067-of-00080.parquet
LA_0038,DF_E_4843587,high_m4a,asvspoof,-,bonafide,notrim,eval,bonafide,-,-,-,-,0,579906,75,75,test-00075-of-00080.parquet
TGM1,DF_E_2982615,low_ogg,vcc2020,Task2-team24,spoof,notrim,eval,neural_vocoder_autoregressive,Task2,team24,FM,G,1,200583,26,26,test-00026-of-00080.parquet
VCC2TF1,DF_E_4523698,low_ogg,vcc2018,SPO-N05,spoof,notrim,eval,traditional_vocoder,SPO,N05,MF,-,1,514810,67,67,test-00067-of-00080.parquet
LA_0020,DF_E_4703783,low_ogg,asvspoof,-,bonafide,notrim,eval,bonafide,-,-,-,-,0,551454,72,72,test-00072-of-00080.parquet
TMM1,DF_E_4827774,nocodec,vcc2020,Task2-team26,spoof,notrim,eval,traditional_vocoder,Task2,team26,MM,M,1,576650,75,75,test-00075-of-00080.parquet
VCC2TM1,DF_E_4680319,low_ogg,vcc2018,-,bonafide,notrim,eval,bonafide,-,-,-,-,0,546659,71,71,test-00071-of-00080.parquet
TGM1,DF_E_4722277,mp3m4a,vcc2020,Task2-team08,spoof,notrim,eval,traditional_vocoder,Task2,team08,FM,G,1,555248,72,72,test-00072-of-00080.parquet
VCC2SM1,DF_E_4517467,low_ogg,vcc2018,-,bonafide,notrim,eval,bonafide,-,-,-,-,0,513571,67,67,test-00067-of-00080.parquet
VCC2TM1,DF_E_4831717,nocodec,vcc2018,HUB-N07,spoof,notrim,eval,traditional_vocoder,HUB,N07,FM,-,1,577484,75,75,test-00075-of-00080.parquet
TEM1,DF_E_4838246,low_mp3,vcc2020,Task1-team31,spoof,notrim,eval,neural_vocoder_nonautoregressive,Task1,team31,MM,E,1,578773,75,75,test-00075-of-00080.parquet
VCC2SM3,DF_E_3085116,low_ogg,vcc2018,-,bonafide,notrim,eval,bonafide,-,-,-,-,0,221612,28,28,test-00028-of-00080.parquet
VCC2TF2,DF_E_4673846,nocodec,vcc2018,SPO-N13,spoof,notrim,eval,traditional_vocoder,SPO,N13,FF,-,1,545336,71,71,test-00071-of-00080.parquet
VCC2TF2,DF_E_3064182,low_mp3,vcc2018,HUB-N13,spoof,notrim,eval,traditional_vocoder,HUB,N13,MF,-,1,217426,28,28,test-00028-of-00080.parquet
LA_0034,DF_E_4817556,oggm4a,asvspoof,-,bonafide,notrim,eval,bonafide,-,-,-,-,0,574506,75,75,test-00075-of-00080.parquet
LA_0010,DF_E_2990016,low_ogg,asvspoof,-,bonafide,notrim,eval,bonafide,-,-,-,-,0,202090,26,26,test-00026-of-00080.parquet
TEF1,DF_E_4718578,low_mp3,vcc2020,Task1-team30,spoof,notrim,eval,unknown,Task1,team30,MF,E,1,554472,72,72,test-00072-of-00080.parquet
VCC2TM2,DF_E_4817124,low_ogg,vcc2018,HUB-N13,spoof,notrim,eval,traditional_vocoder,HUB,N13,MM,-,1,574422,75,75,test-00075-of-00080.parquet
VCC2TF2,DF_E_4817818,oggm4a,vcc2018,HUB-N12,spoof,notrim,eval,traditional_vocoder,HUB,N12,FF,-,1,574574,75,75,test-00075-of-00080.parquet
VCC2TF1,DF_E_4701446,nocodec,vcc2018,SPO-N10,spoof,notrim,eval,neural_vocoder_autoregressive,SPO,N10,MF,-,1,550973,72,72,test-00072-of-00080.parquet
LA_0037,DF_E_2996567,low_ogg,asvspoof,-,bonafide,notrim,eval,bonafide,-,-,-,-,0,203537,26,26,test-00026-of-00080.parquet
LA_0036,DF_E_2993585,high_ogg,asvspoof,-,bonafide,notrim,eval,bonafide,-,-,-,-,0,202862,26,26,test-00026-of-00080.parquet
TEM1,DF_E_4663933,nocodec,vcc2020,Task1-team21,spoof,notrim,eval,neural_vocoder_nonautoregressive,Task1,team21,FM,E,1,543312,71,71,test-00071-of-00080.parquet
VCC2SF3,DF_E_3065323,high_m4a,vcc2018,-,bonafide,notrim,eval,bonafide,-,-,-,-,0,217670,28,28,test-00028-of-00080.parquet
TFF1,DF_E_4678203,mp3m4a,vcc2020,-,bonafide,notrim,eval,bonafide,-,-,-,-,0,546245,71,71,test-00071-of-00080.parquet
LA_0048,DF_E_2978695,high_ogg,asvspoof,-,bonafide,notrim,eval,bonafide,-,-,-,-,0,199790,26,26,test-00026-of-00080.parquet
LA_0026,DF_E_4534084,mp3m4a,asvspoof,A11,spoof,notrim,eval,traditional_vocoder,-,-,-,-,1,516927,67,67,test-00067-of-00080.parquet
LA_0018,DF_E_3050247,high_ogg,asvspoof,-,bonafide,notrim,eval,bonafide,-,-,-,-,0,214515,28,28,test-00028-of-00080.parquet
VCC2TM2,DF_E_3075645,high_m4a,vcc2018,-,bonafide,notrim,eval,bonafide,-,-,-,-,0,219748,28,28,test-00028-of-00080.parquet
VCC2TM2,DF_E_4533196,oggm4a,vcc2018,HUB-N12,spoof,notrim,eval,traditional_vocoder,HUB,N12,FM,-,1,516742,67,67,test-00067-of-00080.parquet
LA_0036,DF_E_2979209,high_m4a,asvspoof,A09,spoof,notrim,eval,traditional_vocoder,-,-,-,-,1,199893,26,26,test-00026-of-00080.parquet
TGF1,DF_E_4831675,low_m4a,vcc2020,-,bonafide,notrim,eval,bonafide,-,-,-,-,0,577474,75,75,test-00075-of-00080.parquet
VCC2SM3,DF_E_3005203,high_ogg,vcc2018,-,bonafide,notrim,eval,bonafide,-,-,-,-,0,205295,26,26,test-00026-of-00080.parquet
LA_0039,DF_E_4706567,nocodec,asvspoof,-,bonafide,notrim,eval,bonafide,-,-,-,-,0,552005,72,72,test-00072-of-00080.parquet
LA_0029,DF_E_4713098,high_mp3,asvspoof,-,bonafide,notrim,eval,bonafide,-,-,-,-,0,553329,72,72,test-00072-of-00080.parquet
TFF1,DF_E_2976339,high_ogg,vcc2020,-,bonafide,notrim,eval,bonafide,-,-,-,-,0,199304,26,26,test-00026-of-00080.parquet
VCC2TM1,DF_E_4524159,high_m4a,vcc2018,SPO-N06,spoof,notrim,eval,traditional_vocoder,SPO,N06,FM,-,1,514901,67,67,test-00067-of-00080.parquet
TEM1,DF_E_4721169,low_mp3,vcc2020,Task1-team06,spoof,notrim,eval,traditional_vocoder,Task1,team06,FM,E,1,555020,72,72,test-00072-of-00080.parquet
VCC2TM1,DF_E_4814402,nocodec,vcc2018,HUB-N16,spoof,notrim,eval,traditional_vocoder,HUB,N16,FM,-,1,573865,75,75,test-00075-of-00080.parquet
TEF2,DF_E_4826477,nocodec,vcc2020,-,bonafide,notrim,eval,bonafide,-,-,-,-,0,576381,75,75,test-00075-of-00080.parquet
VCC2TF2,DF_E_4675866,high_m4a,vcc2018,HUB-N19,spoof,notrim,eval,traditional_vocoder,HUB,N19,FF,-,1,545760,71,71,test-00071-of-00080.parquet
LA_0025,DF_E_4818427,high_ogg,asvspoof,-,bonafide,notrim,eval,bonafide,-,-,-,-,0,574698,75,75,test-00075-of-00080.parquet
VCC2TF2,DF_E_4542433,low_m4a,vcc2018,-,bonafide,notrim,eval,bonafide,-,-,-,-,0,518603,67,67,test-00067-of-00080.parquet
LA_0019,DF_E_2987330,oggm4a,asvspoof,-,bonafide,notrim,eval,bonafide,-,-,-,-,0,201546,26,26,test-00026-of-00080.parquet
VCC2SF2,DF_E_3009272,high_m4a,vcc2018,-,bonafide,notrim,eval,bonafide,-,-,-,-,0,206127,26,26,test-00026-of-00080.parquet
VCC2TF2,DF_E_4696095,nocodec,vcc2018,HUB-N07,spoof,notrim,eval,traditional_vocoder,HUB,N07,FF,-,1,549859,71,71,test-00071-of-00080.parquet
TGM1,DF_E_3068676,oggm4a,vcc2020,Task2-team29,spoof,notrim,eval,neural_vocoder_autoregressive,Task2,team29,FM,G,1,218400,28,28,test-00028-of-00080.parquet
LA_0039,DF_E_3051215,mp3m4a,asvspoof,-,bonafide,notrim,eval,bonafide,-,-,-,-,0,214712,28,28,test-00028-of-00080.parquet
LA_0028,DF_E_4719875,high_ogg,asvspoof,-,bonafide,notrim,eval,bonafide,-,-,-,-,0,554743,72,72,test-00072-of-00080.parquet
VCC2TM2,DF_E_4678749,nocodec,vcc2018,HUB-N08,spoof,notrim,eval,traditional_vocoder,HUB,N08,FM,-,1,546355,71,71,test-00071-of-00080.parquet
VCC2TF1,DF_E_4688765,mp3m4a,vcc2018,-,bonafide,notrim,eval,bonafide,-,-,-,-,0,548386,71,71,test-00071-of-00080.parquet
VCC2TF1,DF_E_4548198,high_mp3,vcc2018,-,bonafide,notrim,eval,bonafide,-,-,-,-,0,519749,67,67,test-00067-of-00080.parquet
LA_0018,DF_E_4696742,high_ogg,asvspoof,-,bonafide,notrim,eval,bonafide,-,-,-,-,0,550008,71,71,test-00071-of-00080.parquet
LA_0044,DF_E_3009175,high_ogg,asvspoof,A14,spoof,notrim,eval,traditional_vocoder,-,-,-,-,1,206104,26,26,test-00026-of-00080.parquet
VCC2TM1,DF_E_4529172,high_ogg,vcc2018,SPO-N11,spoof,notrim,eval,traditional_vocoder,SPO,N11,MM,-,1,515952,67,67,test-00067-of-00080.parquet
LA_0033,DF_E_4524301,low_mp3,asvspoof,A08,spoof,notrim,eval,neural_vocoder_nonautoregressive,-,-,-,-,1,514927,67,67,test-00067-of-00080.parquet
TEF1,DF_E_4702285,high_mp3,vcc2020,-,bonafide,notrim,eval,bonafide,-,-,-,-,0,551142,72,72,test-00072-of-00080.parquet
SEM1,DF_E_4815323,low_mp3,vcc2020,-,bonafide,notrim,eval,bonafide,-,-,-,-,0,574055,75,75,test-00075-of-00080.parquet
TEM1,DF_E_4530465,high_m4a,vcc2020,Task1-team01,spoof,notrim,eval,neural_vocoder_nonautoregressive,Task1,team01,MM,E,1,516171,67,67,test-00067-of-00080.parquet
LA_0037,DF_E_2995889,high_mp3,asvspoof,-,bonafide,notrim,eval,bonafide,-,-,-,-,0,203377,26,26,test-00026-of-00080.parquet
TEF2,DF_E_4691384,low_mp3,vcc2020,Task1-team14,spoof,notrim,eval,neural_vocoder_nonautoregressive,Task1,team14,FF,E,1,548931,71,71,test-00071-of-00080.parquet
TEF2,DF_E_4546949,low_mp3,vcc2020,-,bonafide,notrim,eval,bonafide,-,-,-,-,0,519489,67,67,test-00067-of-00080.parquet
TFF1,DF_E_4685358,low_mp3,vcc2020,Task2-team03,spoof,notrim,eval,neural_vocoder_autoregressive,Task2,team03,FF,F,1,547703,71,71,test-00071-of-00080.parquet
TMF1,DF_E_2982656,low_mp3,vcc2020,Task2-team26,spoof,notrim,eval,traditional_vocoder,Task2,team26,MF,M,1,200596,26,26,test-00026-of-00080.parquet
TMM1,DF_E_3059812,high_ogg,vcc2020,Task2-team16,spoof,notrim,eval,neural_vocoder_nonautoregressive,Task2,team16,MM,M,1,216505,28,28,test-00028-of-00080.parquet
LA_0002,DF_E_3062545,oggm4a,asvspoof,-,bonafide,notrim,eval,bonafide,-,-,-,-,0,217076,28,28,test-00028-of-00080.parquet
TEF2,DF_E_3071621,high_mp3,vcc2020,Task1-team29,spoof,notrim,eval,neural_vocoder_autoregressive,Task1,team29,MF,E,1,218983,28,28,test-00028-of-00080.parquet
LA_0015,DF_E_4662505,oggm4a,asvspoof,-,bonafide,notrim,eval,bonafide,-,-,-,-,0,543029,71,71,test-00071-of-00080.parquet
VCC2TF2,DF_E_2997606,high_m4a,vcc2018,HUB-N16,spoof,notrim,eval,traditional_vocoder,HUB,N16,FF,-,1,203756,26,26,test-00026-of-00080.parquet
VCC2SM4,DF_E_4708194,high_mp3,vcc2018,-,bonafide,notrim,eval,bonafide,-,-,-,-,0,552322,72,72,test-00072-of-00080.parquet
LA_0015,DF_E_4726915,mp3m4a,asvspoof,-,bonafide,notrim,eval,bonafide,-,-,-,-,0,556187,72,72,test-00072-of-00080.parquet
TGF1,DF_E_4692070,low_mp3,vcc2020,Task2-team15,spoof,notrim,eval,neural_vocoder_nonautoregressive,Task2,team15,MF,G,1,549057,71,71,test-00071-of-00080.parquet
SEF1,DF_E_4709597,mp3m4a,vcc2020,-,bonafide,notrim,eval,bonafide,-,-,-,-,0,552616,72,72,test-00072-of-00080.parquet
LA_0030,DF_E_4668776,nocodec,asvspoof,-,bonafide,notrim,eval,bonafide,-,-,-,-,0,544285,71,71,test-00071-of-00080.parquet
TEF2,DF_E_4709503,high_mp3,vcc2020,Task1-team24,spoof,notrim,eval,neural_vocoder_autoregressive,Task1,team24,MF,E,1,552590,72,72,test-00072-of-00080.parquet
VCC2TF1,DF_E_4522708,high_ogg,vcc2018,-,bonafide,notrim,eval,bonafide,-,-,-,-,0,514581,67,67,test-00067-of-00080.parquet
LA_0044,DF_E_2976833,high_ogg,asvspoof,-,bonafide,notrim,eval,bonafide,-,-,-,-,0,199412,26,26,test-00026-of-00080.parquet
VCC2TM2,DF_E_3083519,low_ogg,vcc2018,HUB-N19,spoof,notrim,eval,traditional_vocoder,HUB,N19,MM,-,1,221304,28,28,test-00028-of-00080.parquet
LA_0014,DF_E_4535967,oggm4a,asvspoof,-,bonafide,notrim,eval,bonafide,-,-,-,-,0,517311,67,67,test-00067-of-00080.parquet
TGM1,DF_E_3076981,mp3m4a,vcc2020,Task2-team30,spoof,notrim,eval,unknown,Task2,team30,FM,G,1,220006,28,28,test-00028-of-00080.parquet
TMM1,DF_E_4547691,high_m4a,vcc2020,Task2-team30,spoof,notrim,eval,unknown,Task2,team30,FM,M,1,519645,67,67,test-00067-of-00080.parquet
VCC2SF2,DF_E_4541452,low_ogg,vcc2018,-,bonafide,notrim,eval,bonafide,-,-,-,-,0,518406,67,67,test-00067-of-00080.parquet
LA_0046,DF_E_4704497,mp3m4a,asvspoof,A08,spoof,notrim,eval,neural_vocoder_nonautoregressive,-,-,-,-,1,551595,72,72,test-00072-of-00080.parquet
SEF1,DF_E_2986430,high_ogg,vcc2020,-,bonafide,notrim,eval,bonafide,-,-,-,-,0,201353,26,26,test-00026-of-00080.parquet
TEM2,DF_E_4826866,high_m4a,vcc2020,Task1-team24,spoof,notrim,eval,neural_vocoder_autoregressive,Task1,team24,MM,E,1,576475,75,75,test-00075-of-00080.parquet
TGM1,DF_E_4671567,nocodec,vcc2020,Task2-team31,spoof,notrim,eval,neural_vocoder_nonautoregressive,Task2,team31,FM,G,1,544874,71,71,test-00071-of-00080.parquet
LA_0017,DF_E_2980829,high_ogg,asvspoof,-,bonafide,notrim,eval,bonafide,-,-,-,-,0,200225,26,26,test-00026-of-00080.parquet
TFF1,DF_E_4832515,mp3m4a,vcc2020,-,bonafide,notrim,eval,bonafide,-,-,-,-,0,577648,75,75,test-00075-of-00080.parquet
VCC2TF1,DF_E_4539978,high_ogg,vcc2018,HUB-N08,spoof,notrim,eval,traditional_vocoder,HUB,N08,MF,-,1,518121,67,67,test-00067-of-00080.parquet
TEM2,DF_E_4535856,oggm4a,vcc2020,Task1-team14,spoof,notrim,eval,neural_vocoder_nonautoregressive,Task1,team14,FM,E,1,517285,67,67,test-00067-of-00080.parquet
LA_0013,DF_E_4700092,mp3m4a,asvspoof,-,bonafide,notrim,eval,bonafide,-,-,-,-,0,550689,72,72,test-00072-of-00080.parquet
VCC2TM1,DF_E_4690174,mp3m4a,vcc2018,HUB-N13,spoof,notrim,eval,traditional_vocoder,HUB,N13,MM,-,1,548675,71,71,test-00071-of-00080.parquet
TMM1,DF_E_4815839,low_mp3,vcc2020,-,bonafide,notrim,eval,bonafide,-,-,-,-,0,574166,75,75,test-00075-of-00080.parquet
VCC2TF1,DF_E_4729370,low_ogg,vcc2018,HUB-N14,spoof,notrim,eval,traditional_vocoder,HUB,N14,FF,-,1,556686,72,72,test-00072-of-00080.parquet
TEM2,DF_E_4674408,low_m4a,vcc2020,Task1-team10,spoof,notrim,eval,neural_vocoder_autoregressive,Task1,team10,MM,E,1,545466,71,71,test-00071-of-00080.parquet
TEM2,DF_E_3058287,mp3m4a,vcc2020,Task1-team31,spoof,notrim,eval,neural_vocoder_nonautoregressive,Task1,team31,MM,E,1,216182,28,28,test-00028-of-00080.parquet
LA_0016,DF_E_2999006,high_ogg,asvspoof,-,bonafide,notrim,eval,bonafide,-,-,-,-,0,204065,26,26,test-00026-of-00080.parquet
VCC2SM4,DF_E_4669921,low_ogg,vcc2018,-,bonafide,notrim,eval,bonafide,-,-,-,-,0,544528,71,71,test-00071-of-00080.parquet
LA_0003,DF_E_4531748,high_ogg,asvspoof,-,bonafide,notrim,eval,bonafide,-,-,-,-,0,516436,67,67,test-00067-of-00080.parquet
LA_0021,DF_E_4834948,oggm4a,asvspoof,A19,spoof,notrim,eval,traditional_vocoder,-,-,-,-,1,578119,75,75,test-00075-of-00080.parquet
VCC2TM1,DF_E_4547168,nocodec,vcc2018,HUB-N16,spoof,notrim,eval,traditional_vocoder,HUB,N16,FM,-,1,519541,67,67,test-00067-of-00080.parquet
VCC2TF1,DF_E_4693261,low_m4a,vcc2018,HUB-D03,spoof,notrim,eval,traditional_vocoder,HUB,D03,FF,-,1,549299,71,71,test-00071-of-00080.parquet
LA_0026,DF_E_4513673,high_ogg,asvspoof,-,bonafide,notrim,eval,bonafide,-,-,-,-,0,512780,67,67,test-00067-of-00080.parquet
VCC2TM1,DF_E_4540957,oggm4a,vcc2018,SPO-N13,spoof,notrim,eval,traditional_vocoder,SPO,N13,MM,-,1,518304,67,67,test-00067-of-00080.parquet
LA_0002,DF_E_4687525,high_ogg,asvspoof,A18,spoof,notrim,eval,traditional_vocoder,-,-,-,-,1,548125,71,71,test-00071-of-00080.parquet
VCC2TM1,DF_E_3066176,low_mp3,vcc2018,SPO-N03,spoof,notrim,eval,unknown,SPO,N03,FM,-,1,217849,28,28,test-00028-of-00080.parquet
LA_0007,DF_E_3079802,oggm4a,asvspoof,-,bonafide,notrim,eval,bonafide,-,-,-,-,0,220566,28,28,test-00028-of-00080.parquet
VCC2TM1,DF_E_4530202,high_ogg,vcc2018,-,bonafide,notrim,eval,bonafide,-,-,-,-,0,516124,67,67,test-00067-of-00080.parquet
TFM1,DF_E_4823442,oggm4a,vcc2020,Task2-team18,spoof,notrim,eval,unknown,Task2,team18,MM,F,1,575679,75,75,test-00075-of-00080.parquet
LA_0027,DF_E_4543206,high_m4a,asvspoof,-,bonafide,notrim,eval,bonafide,-,-,-,-,0,518763,67,67,test-00067-of-00080.parquet
TFM1,DF_E_4845566,high_ogg,vcc2020,Task2-team22,spoof,notrim,eval,neural_vocoder_nonautoregressive,Task2,team22,FM,F,1,580299,75,75,test-00075-of-00080.parquet
TEF1,DF_E_4719514,nocodec,vcc2020,Task1-team30,spoof,notrim,eval,unknown,Task1,team30,MF,E,1,554672,72,72,test-00072-of-00080.parquet
VCC2TF2,DF_E_4847425,high_ogg,vcc2018,-,bonafide,notrim,eval,bonafide,-,-,-,-,0,580655,75,75,test-00075-of-00080.parquet
LA_0027,DF_E_4522575,oggm4a,asvspoof,A18,spoof,notrim,eval,traditional_vocoder,-,-,-,-,1,514553,67,67,test-00067-of-00080.parquet
LA_0032,DF_E_2979588,mp3m4a,asvspoof,A12,spoof,notrim,eval,neural_vocoder_autoregressive,-,-,-,-,1,199974,26,26,test-00026-of-00080.parquet
TGM1,DF_E_4817588,high_mp3,vcc2020,-,bonafide,notrim,eval,bonafide,-,-,-,-,0,574514,75,75,test-00075-of-00080.parquet
LA_0042,DF_E_4691923,oggm4a,asvspoof,-,bonafide,notrim,eval,bonafide,-,-,-,-,0,549029,71,71,test-00071-of-00080.parquet
TFM1,DF_E_4518225,high_ogg,vcc2020,Task2-team11,spoof,notrim,eval,neural_vocoder_autoregressive,Task2,team11,MM,F,1,513707,67,67,test-00067-of-00080.parquet
LA_0067,DF_E_2980134,mp3m4a,asvspoof,-,bonafide,notrim,eval,bonafide,-,-,-,-,0,200088,26,26,test-00026-of-00080.parquet
LA_0005,DF_E_4828736,low_mp3,asvspoof,-,bonafide,notrim,eval,bonafide,-,-,-,-,0,576852,75,75,test-00075-of-00080.parquet
TGF1,DF_E_3006647,low_mp3,vcc2020,Task2-team18,spoof,notrim,eval,unknown,Task2,team18,FF,G,1,205600,26,26,test-00026-of-00080.parquet
VCC2TF2,DF_E_4699278,low_ogg,vcc2018,HUB-N04,spoof,notrim,eval,traditional_vocoder,HUB,N04,FF,-,1,550529,71,71,test-00071-of-00080.parquet
VCC2TM1,DF_E_2987001,mp3m4a,vcc2018,HUB-N05,spoof,notrim,eval,traditional_vocoder,HUB,N05,FM,-,1,201471,26,26,test-00026-of-00080.parquet
VCC2TM2,DF_E_4835013,high_ogg,vcc2018,SPO-N05,spoof,notrim,eval,traditional_vocoder,SPO,N05,MM,-,1,578130,75,75,test-00075-of-00080.parquet
LA_0015,DF_E_2994771,high_m4a,asvspoof,-,bonafide,notrim,eval,bonafide,-,-,-,-,0,203111,26,26,test-00026-of-00080.parquet
VCC2SF1,DF_E_4717566,high_mp3,vcc2018,-,bonafide,notrim,eval,bonafide,-,-,-,-,0,554261,72,72,test-00072-of-00080.parquet
LA_0048,DF_E_4842293,oggm4a,asvspoof,-,bonafide,notrim,eval,bonafide,-,-,-,-,0,579639,75,75,test-00075-of-00080.parquet
VCC2TM1,DF_E_4549525,low_mp3,vcc2018,HUB-D02,spoof,notrim,eval,traditional_vocoder,HUB,D02,MM,-,1,520024,67,67,test-00067-of-00080.parquet
TMF1,DF_E_4543983,oggm4a,vcc2020,Task2-team15,spoof,notrim,eval,neural_vocoder_nonautoregressive,Task2,team15,FF,M,1,518915,67,67,test-00067-of-00080.parquet
LA_0009,DF_E_3048885,low_ogg,asvspoof,-,bonafide,notrim,eval,bonafide,-,-,-,-,0,214224,28,28,test-00028-of-00080.parquet
LA_0024,DF_E_4518698,low_mp3,asvspoof,-,bonafide,notrim,eval,bonafide,-,-,-,-,0,513808,67,67,test-00067-of-00080.parquet
SEM1,DF_E_4820465,low_mp3,vcc2020,-,bonafide,notrim,eval,bonafide,-,-,-,-,0,575096,75,75,test-00075-of-00080.parquet
TGF1,DF_E_4834207,high_ogg,vcc2020,Task2-team08,spoof,notrim,eval,traditional_vocoder,Task2,team08,FF,G,1,577982,75,75,test-00075-of-00080.parquet
TEF1,DF_E_4544188,oggm4a,vcc2020,Task1-team14,spoof,notrim,eval,neural_vocoder_nonautoregressive,Task1,team14,FF,E,1,518951,67,67,test-00067-of-00080.parquet
LA_0023,DF_E_4685660,high_ogg,asvspoof,-,bonafide,notrim,eval,bonafide,-,-,-,-,0,547761,71,71,test-00071-of-00080.parquet
TFF1,DF_E_4723697,high_mp3,vcc2020,Task2-team12,spoof,notrim,eval,traditional_vocoder,Task2,team12,FF,F,1,555534,72,72,test-00072-of-00080.parquet
TEM2,DF_E_4673605,nocodec,vcc2020,Task1-team11,spoof,notrim,eval,neural_vocoder_autoregressive,Task1,team11,FM,E,1,545281,71,71,test-00071-of-00080.parquet
TEF1,DF_E_3058362,low_m4a,vcc2020,Task1-team03,spoof,notrim,eval,neural_vocoder_autoregressive,Task1,team03,MF,E,1,216199,28,28,test-00028-of-00080.parquet
TEM2,DF_E_3066279,nocodec,vcc2020,-,bonafide,notrim,eval,bonafide,-,-,-,-,0,217868,28,28,test-00028-of-00080.parquet
VCC2SF2,DF_E_4675541,mp3m4a,vcc2018,-,bonafide,notrim,eval,bonafide,-,-,-,-,0,545697,71,71,test-00071-of-00080.parquet
VCC2TF1,DF_E_4688735,mp3m4a,vcc2018,HUB-N07,spoof,notrim,eval,traditional_vocoder,HUB,N07,FF,-,1,548381,71,71,test-00071-of-00080.parquet
TEF2,DF_E_4529118,mp3m4a,vcc2020,Task1-team02,spoof,notrim,eval,neural_vocoder_nonautoregressive,Task1,team02,MF,E,1,515940,67,67,test-00067-of-00080.parquet
TGF1,DF_E_4690543,nocodec,vcc2020,Task2-team19,spoof,notrim,eval,neural_vocoder_nonautoregressive,Task2,team19,FF,G,1,548759,71,71,test-00071-of-00080.parquet
LA_0037,DF_E_4731067,high_ogg,asvspoof,-,bonafide,notrim,eval,bonafide,-,-,-,-,0,557014,72,72,test-00072-of-00080.parquet
TMF1,DF_E_4518722,mp3m4a,vcc2020,Task2-team29,spoof,notrim,eval,neural_vocoder_autoregressive,Task2,team29,MF,M,1,513815,67,67,test-00067-of-00080.parquet
VCC2TF2,DF_E_2988251,high_m4a,vcc2018,-,bonafide,notrim,eval,bonafide,-,-,-,-,0,201736,26,26,test-00026-of-00080.parquet
VCC2TF1,DF_E_4688048,high_mp3,vcc2018,HUB-D02,spoof,notrim,eval,traditional_vocoder,HUB,D02,MF,-,1,548235,71,71,test-00071-of-00080.parquet
TFM1,DF_E_3056065,high_m4a,vcc2020,Task2-team20,spoof,notrim,eval,neural_vocoder_nonautoregressive,Task2,team20,MM,F,1,215693,28,28,test-00028-of-00080.parquet
LA_0008,DF_E_3004969,high_ogg,asvspoof,A08,spoof,notrim,eval,neural_vocoder_nonautoregressive,-,-,-,-,1,205244,26,26,test-00026-of-00080.parquet
TGM1,DF_E_4682343,low_mp3,vcc2020,Task2-team25,spoof,notrim,eval,neural_vocoder_autoregressive,Task2,team25,MM,G,1,547072,71,71,test-00071-of-00080.parquet
SEF2,DF_E_3080690,high_ogg,vcc2020,-,bonafide,notrim,eval,bonafide,-,-,-,-,0,220753,28,28,test-00028-of-00080.parquet
VCC2TF2,DF_E_4512913,low_m4a,vcc2018,HUB-N20,spoof,notrim,eval,traditional_vocoder,HUB,N20,MF,-,1,512631,67,67,test-00067-of-00080.parquet
LA_0032,DF_E_3076913,oggm4a,asvspoof,-,bonafide,notrim,eval,bonafide,-,-,-,-,0,219993,28,28,test-00028-of-00080.parquet
LA_0046,DF_E_3075988,oggm4a,asvspoof,-,bonafide,notrim,eval,bonafide,-,-,-,-,0,219815,28,28,test-00028-of-00080.parquet
LA_0018,DF_E_4716058,high_m4a,asvspoof,-,bonafide,notrim,eval,bonafide,-,-,-,-,0,553941,72,72,test-00072-of-00080.parquet
LA_0027,DF_E_3064384,low_m4a,asvspoof,-,bonafide,notrim,eval,bonafide,-,-,-,-,0,217471,28,28,test-00028-of-00080.parquet
VCC2TF2,DF_E_4835770,high_ogg,vcc2018,HUB-N16,spoof,notrim,eval,traditional_vocoder,HUB,N16,MF,-,1,578277,75,75,test-00075-of-00080.parquet
LA_0041,DF_E_4517789,oggm4a,asvspoof,-,bonafide,notrim,eval,bonafide,-,-,-,-,0,513631,67,67,test-00067-of-00080.parquet
VCC2TM2,DF_E_2977039,high_m4a,vcc2018,HUB-N06,spoof,notrim,eval,traditional_vocoder,HUB,N06,FM,-,1,199452,26,26,test-00026-of-00080.parquet
LA_0026,DF_E_4713438,high_ogg,asvspoof,-,bonafide,notrim,eval,bonafide,-,-,-,-,0,553409,72,72,test-00072-of-00080.parquet
VCC2TF2,DF_E_4519345,high_m4a,vcc2018,-,bonafide,notrim,eval,bonafide,-,-,-,-,0,513930,67,67,test-00067-of-00080.parquet
LA_0024,DF_E_4680437,nocodec,asvspoof,-,bonafide,notrim,eval,bonafide,-,-,-,-,0,546683,71,71,test-00071-of-00080.parquet
TEM1,DF_E_4545561,high_m4a,vcc2020,Task1-team33,spoof,notrim,eval,neural_vocoder_nonautoregressive,Task1,team33,FM,E,1,519217,67,67,test-00067-of-00080.parquet
SEF1,DF_E_3010908,high_ogg,vcc2020,-,bonafide,notrim,eval,bonafide,-,-,-,-,0,206439,26,26,test-00026-of-00080.parquet
LA_0004,DF_E_3069313,oggm4a,asvspoof,-,bonafide,notrim,eval,bonafide,-,-,-,-,0,218525,28,28,test-00028-of-00080.parquet
TEF2,DF_E_3054999,mp3m4a,vcc2020,Task1-team17,spoof,notrim,eval,neural_vocoder_nonautoregressive,Task1,team17,FF,E,1,215478,28,28,test-00028-of-00080.parquet
LA_0036,DF_E_4685520,low_m4a,asvspoof,-,bonafide,notrim,eval,bonafide,-,-,-,-,0,547732,71,71,test-00071-of-00080.parquet
VCC2SM2,DF_E_4833421,high_ogg,vcc2018,-,bonafide,notrim,eval,bonafide,-,-,-,-,0,577838,75,75,test-00075-of-00080.parquet
VCC2TM1,DF_E_4691398,low_m4a,vcc2018,HUB-N07,spoof,notrim,eval,traditional_vocoder,HUB,N07,FM,-,1,548934,71,71,test-00071-of-00080.parquet
VCC2TM2,DF_E_4709826,low_m4a,vcc2018,HUB-N05,spoof,notrim,eval,traditional_vocoder,HUB,N05,MM,-,1,552662,72,72,test-00072-of-00080.parquet
TEM1,DF_E_2977626,oggm4a,vcc2020,Task1-team19,spoof,notrim,eval,neural_vocoder_nonautoregressive,Task1,team19,MM,E,1,199575,26,26,test-00026-of-00080.parquet
TEM2,DF_E_4733377,low_ogg,vcc2020,-,bonafide,notrim,eval,bonafide,-,-,-,-,0,557461,72,72,test-00072-of-00080.parquet
LA_0043,DF_E_3067426,mp3m4a,asvspoof,A14,spoof,notrim,eval,traditional_vocoder,-,-,-,-,1,218091,28,28,test-00028-of-00080.parquet
LA_0044,DF_E_4687024,mp3m4a,asvspoof,-,bonafide,notrim,eval,bonafide,-,-,-,-,0,548030,71,71,test-00071-of-00080.parquet
LA_0031,DF_E_3065303,low_mp3,asvspoof,-,bonafide,notrim,eval,bonafide,-,-,-,-,0,217663,28,28,test-00028-of-00080.parquet
TMM1,DF_E_2979673,high_mp3,vcc2020,Task2-team09,spoof,notrim,eval,neural_vocoder_nonautoregressive,Task2,team09,FM,M,1,199995,26,26,test-00026-of-00080.parquet
TMM1,DF_E_4713054,high_m4a,vcc2020,-,bonafide,notrim,eval,bonafide,-,-,-,-,0,553323,72,72,test-00072-of-00080.parquet
LA_0034,DF_E_4540381,high_ogg,asvspoof,A08,spoof,notrim,eval,neural_vocoder_nonautoregressive,-,-,-,-,1,518204,67,67,test-00067-of-00080.parquet
TEF1,DF_E_4670243,oggm4a,vcc2020,Task1-team26,spoof,notrim,eval,traditional_vocoder,Task1,team26,FF,E,1,544596,71,71,test-00071-of-00080.parquet
LA_0022,DF_E_4693432,mp3m4a,asvspoof,-,bonafide,notrim,eval,bonafide,-,-,-,-,0,549329,71,71,test-00071-of-00080.parquet
VCC2SM3,DF_E_4702490,high_ogg,vcc2018,-,bonafide,notrim,eval,bonafide,-,-,-,-,0,551180,72,72,test-00072-of-00080.parquet
VCC2TF1,DF_E_4711843,low_ogg,vcc2018,-,bonafide,notrim,eval,bonafide,-,-,-,-,0,553073,72,72,test-00072-of-00080.parquet
TGF1,DF_E_4675377,nocodec,vcc2020,Task2-team25,spoof,notrim,eval,neural_vocoder_autoregressive,Task2,team25,MF,G,1,545672,71,71,test-00071-of-00080.parquet
TGF1,DF_E_3081288,oggm4a,vcc2020,Task2-team07,spoof,notrim,eval,neural_vocoder_autoregressive,Task2,team07,FF,G,1,220861,28,28,test-00028-of-00080.parquet
TMM1,DF_E_3061267,high_ogg,vcc2020,-,bonafide,notrim,eval,bonafide,-,-,-,-,0,216805,28,28,test-00028-of-00080.parquet
LA_0021,DF_E_3000705,low_ogg,asvspoof,-,bonafide,notrim,eval,bonafide,-,-,-,-,0,204387,26,26,test-00026-of-00080.parquet
VCC2TM1,DF_E_4700921,low_mp3,vcc2018,SPO-N03,spoof,notrim,eval,unknown,SPO,N03,MM,-,1,550856,72,72,test-00072-of-00080.parquet
VCC2TM2,DF_E_4837475,low_ogg,vcc2018,HUB-D04,spoof,notrim,eval,traditional_vocoder,HUB,D04,MM,-,1,578620,75,75,test-00075-of-00080.parquet
TGM1,DF_E_3085047,high_ogg,vcc2020,Task2-team30,spoof,notrim,eval,unknown,Task2,team30,FM,G,1,221595,28,28,test-00028-of-00080.parquet
TEF1,DF_E_4824293,oggm4a,vcc2020,Task1-team02,spoof,notrim,eval,neural_vocoder_nonautoregressive,Task1,team02,FF,E,1,575890,75,75,test-00075-of-00080.parquet
LA_0021,DF_E_3049018,oggm4a,asvspoof,-,bonafide,notrim,eval,bonafide,-,-,-,-,0,214260,28,28,test-00028-of-00080.parquet
VCC2SM3,DF_E_2991773,mp3m4a,vcc2018,-,bonafide,notrim,eval,bonafide,-,-,-,-,0,202489,26,26,test-00026-of-00080.parquet
SEM2,DF_E_4825682,low_ogg,vcc2020,-,bonafide,notrim,eval,bonafide,-,-,-,-,0,576210,75,75,test-00075-of-00080.parquet
LA_0059,DF_E_3068685,low_m4a,asvspoof,-,bonafide,notrim,eval,bonafide,-,-,-,-,0,218402,28,28,test-00028-of-00080.parquet
LA_0042,DF_E_4822172,high_ogg,asvspoof,-,bonafide,notrim,eval,bonafide,-,-,-,-,0,575445,75,75,test-00075-of-00080.parquet
LA_0023,DF_E_3073666,high_mp3,asvspoof,-,bonafide,notrim,eval,bonafide,-,-,-,-,0,219384,28,28,test-00028-of-00080.parquet
LA_0013,DF_E_4833072,low_ogg,asvspoof,A14,spoof,notrim,eval,traditional_vocoder,-,-,-,-,1,577762,75,75,test-00075-of-00080.parquet
LA_0032,DF_E_4735495,mp3m4a,asvspoof,-,bonafide,notrim,eval,bonafide,-,-,-,-,0,557867,72,72,test-00072-of-00080.parquet
TEF1,DF_E_2994783,low_mp3,vcc2020,Task1-team31,spoof,notrim,eval,neural_vocoder_nonautoregressive,Task1,team31,MF,E,1,203114,26,26,test-00026-of-00080.parquet
TGM1,DF_E_4702263,low_ogg,vcc2020,-,bonafide,notrim,eval,bonafide,-,-,-,-,0,551136,72,72,test-00072-of-00080.parquet
TFF1,DF_E_4844731,low_mp3,vcc2020,Task2-team24,spoof,notrim,eval,neural_vocoder_autoregressive,Task2,team24,FF,F,1,580139,75,75,test-00075-of-00080.parquet
TMF1,DF_E_3081205,high_ogg,vcc2020,Task2-team15,spoof,notrim,eval,neural_vocoder_nonautoregressive,Task2,team15,FF,M,1,220848,28,28,test-00028-of-00080.parquet
TFF1,DF_E_4666743,low_mp3,vcc2020,-,bonafide,notrim,eval,bonafide,-,-,-,-,0,543881,71,71,test-00071-of-00080.parquet
VCC2TF1,DF_E_4696780,high_m4a,vcc2018,HUB-B01,spoof,notrim,eval,traditional_vocoder,HUB,B01,MF,-,1,550014,71,71,test-00071-of-00080.parquet
TFM1,DF_E_4675699,nocodec,vcc2020,Task2-team18,spoof,notrim,eval,unknown,Task2,team18,FM,F,1,545731,71,71,test-00071-of-00080.parquet
LA_0029,DF_E_3083851,high_ogg,asvspoof,A19,spoof,notrim,eval,traditional_vocoder,-,-,-,-,1,221364,28,28,test-00028-of-00080.parquet
VCC2TF1,DF_E_3066737,low_m4a,vcc2018,-,bonafide,notrim,eval,bonafide,-,-,-,-,0,217962,28,28,test-00028-of-00080.parquet
TMM1,DF_E_2984218,nocodec,vcc2020,Task2-team07,spoof,notrim,eval,neural_vocoder_autoregressive,Task2,team07,MM,M,1,200926,26,26,test-00026-of-00080.parquet
VCC2TF1,DF_E_4665624,high_ogg,vcc2018,HUB-N04,spoof,notrim,eval,traditional_vocoder,HUB,N04,FF,-,1,543653,71,71,test-00071-of-00080.parquet
TMM1,DF_E_4728192,low_ogg,vcc2020,Task2-team28,spoof,notrim,eval,neural_vocoder_autoregressive,Task2,team28,MM,M,1,556454,72,72,test-00072-of-00080.parquet
LA_0028,DF_E_4717401,high_m4a,asvspoof,A10,spoof,notrim,eval,neural_vocoder_autoregressive,-,-,-,-,1,554227,72,72,test-00072-of-00080.parquet
LA_0001,DF_E_4528053,high_m4a,asvspoof,-,bonafide,notrim,eval,bonafide,-,-,-,-,0,515712,67,67,test-00067-of-00080.parquet
VCC2SM3,DF_E_4703511,low_mp3,vcc2018,-,bonafide,notrim,eval,bonafide,-,-,-,-,0,551394,72,72,test-00072-of-00080.parquet
LA_0033,DF_E_4813553,nocodec,asvspoof,A18,spoof,notrim,eval,traditional_vocoder,-,-,-,-,1,573675,75,75,test-00075-of-00080.parquet
TMF1,DF_E_2990717,mp3m4a,vcc2020,Task2-team27,spoof,notrim,eval,neural_vocoder_nonautoregressive,Task2,team27,FF,M,1,202252,26,26,test-00026-of-00080.parquet
LA_0030,DF_E_4674369,high_mp3,asvspoof,-,bonafide,notrim,eval,bonafide,-,-,-,-,0,545456,71,71,test-00071-of-00080.parquet
TMF1,DF_E_3074546,high_m4a,vcc2020,-,bonafide,notrim,eval,bonafide,-,-,-,-,0,219538,28,28,test-00028-of-00080.parquet
VCC2TM2,DF_E_4524252,high_mp3,vcc2018,SPO-N06,spoof,notrim,eval,traditional_vocoder,SPO,N06,MM,-,1,514922,67,67,test-00067-of-00080.parquet
LA_0048,DF_E_4536548,low_m4a,asvspoof,-,bonafide,notrim,eval,bonafide,-,-,-,-,0,517432,67,67,test-00067-of-00080.parquet
TMF1,DF_E_4527686,low_m4a,vcc2020,Task2-team19,spoof,notrim,eval,neural_vocoder_nonautoregressive,Task2,team19,FF,M,1,515633,67,67,test-00067-of-00080.parquet
VCC2TM2,DF_E_4665541,high_m4a,vcc2018,HUB-D05,spoof,notrim,eval,traditional_vocoder,HUB,D05,FM,-,1,543636,71,71,test-00071-of-00080.parquet
LA_0002,DF_E_4830866,oggm4a,asvspoof,A07,spoof,notrim,eval,traditional_vocoder,-,-,-,-,1,577297,75,75,test-00075-of-00080.parquet
LA_0042,DF_E_3076425,oggm4a,asvspoof,-,bonafide,notrim,eval,bonafide,-,-,-,-,0,219901,28,28,test-00028-of-00080.parquet
LA_0004,DF_E_4815925,nocodec,asvspoof,-,bonafide,notrim,eval,bonafide,-,-,-,-,0,574183,75,75,test-00075-of-00080.parquet
LA_0003,DF_E_3007576,mp3m4a,asvspoof,-,bonafide,notrim,eval,bonafide,-,-,-,-,0,205790,26,26,test-00026-of-00080.parquet
LA_0044,DF_E_4696582,high_ogg,asvspoof,-,bonafide,notrim,eval,bonafide,-,-,-,-,0,549969,71,71,test-00071-of-00080.parquet
VCC2TF1,DF_E_4687874,oggm4a,vcc2018,HUB-N20,spoof,notrim,eval,traditional_vocoder,HUB,N20,FF,-,1,548203,71,71,test-00071-of-00080.parquet
TMF1,DF_E_4838768,high_m4a,vcc2020,Task2-team27,spoof,notrim,eval,neural_vocoder_nonautoregressive,Task2,team27,MF,M,1,578910,75,75,test-00075-of-00080.parquet
VCC2SM3,DF_E_4834241,nocodec,vcc2018,-,bonafide,notrim,eval,bonafide,-,-,-,-,0,577989,75,75,test-00075-of-00080.parquet
LA_0023,DF_E_2998651,high_ogg,asvspoof,-,bonafide,notrim,eval,bonafide,-,-,-,-,0,203982,26,26,test-00026-of-00080.parquet
VCC2TM1,DF_E_4712594,low_mp3,vcc2018,-,bonafide,notrim,eval,bonafide,-,-,-,-,0,553222,72,72,test-00072-of-00080.parquet
LA_0040,DF_E_4734099,low_ogg,asvspoof,-,bonafide,notrim,eval,bonafide,-,-,-,-,0,557594,72,72,test-00072-of-00080.parquet
VCC2SF2,DF_E_4669202,low_ogg,vcc2018,-,bonafide,notrim,eval,bonafide,-,-,-,-,0,544373,71,71,test-00071-of-00080.parquet
SEM1,DF_E_4684714,high_ogg,vcc2020,-,bonafide,notrim,eval,bonafide,-,-,-,-,0,547552,71,71,test-00071-of-00080.parquet
LA_0045,DF_E_4544088,high_ogg,asvspoof,-,bonafide,notrim,eval,bonafide,-,-,-,-,0,518936,67,67,test-00067-of-00080.parquet
VCC2TM2,DF_E_4669002,low_m4a,vcc2018,HUB-N07,spoof,notrim,eval,traditional_vocoder,HUB,N07,MM,-,1,544334,71,71,test-00071-of-00080.parquet
TMF1,DF_E_4843501,high_mp3,vcc2020,Task2-team18,spoof,notrim,eval,unknown,Task2,team18,MF,M,1,579881,75,75,test-00075-of-00080.parquet
TEM2,DF_E_4548974,high_mp3,vcc2020,-,bonafide,notrim,eval,bonafide,-,-,-,-,0,519916,67,67,test-00067-of-00080.parquet
TEF2,DF_E_3068682,low_m4a,vcc2020,Task1-team24,spoof,notrim,eval,neural_vocoder_autoregressive,Task1,team24,MF,E,1,218401,28,28,test-00028-of-00080.parquet
VCC2TM1,DF_E_4681045,nocodec,vcc2018,HUB-N06,spoof,notrim,eval,traditional_vocoder,HUB,N06,FM,-,1,546812,71,71,test-00071-of-00080.parquet
VCC2SM3,DF_E_4820664,low_mp3,vcc2018,-,bonafide,notrim,eval,bonafide,-,-,-,-,0,575145,75,75,test-00075-of-00080.parquet
VCC2SF1,DF_E_4712262,nocodec,vcc2018,-,bonafide,notrim,eval,bonafide,-,-,-,-,0,553153,72,72,test-00072-of-00080.parquet
TFM1,DF_E_4830128,low_ogg,vcc2020,Task2-team28,spoof,notrim,eval,neural_vocoder_autoregressive,Task2,team28,MM,F,1,577159,75,75,test-00075-of-00080.parquet
LA_0001,DF_E_4539028,oggm4a,asvspoof,-,bonafide,notrim,eval,bonafide,-,-,-,-,0,517948,67,67,test-00067-of-00080.parquet
LA_0044,DF_E_3053291,low_m4a,asvspoof,-,bonafide,notrim,eval,bonafide,-,-,-,-,0,215129,28,28,test-00028-of-00080.parquet
VCC2TF1,DF_E_3084131,oggm4a,vcc2018,HUB-N11,spoof,notrim,eval,traditional_vocoder,HUB,N11,FF,-,1,221412,28,28,test-00028-of-00080.parquet
VCC2SM2,DF_E_4531809,nocodec,vcc2018,-,bonafide,notrim,eval,bonafide,-,-,-,-,0,516452,67,67,test-00067-of-00080.parquet
SEF2,DF_E_4686169,nocodec,vcc2020,-,bonafide,notrim,eval,bonafide,-,-,-,-,0,547861,71,71,test-00071-of-00080.parquet
LA_0003,DF_E_4538898,low_m4a,asvspoof,-,bonafide,notrim,eval,bonafide,-,-,-,-,0,517918,67,67,test-00067-of-00080.parquet
VCC2TF1,DF_E_4523722,low_ogg,vcc2018,HUB-D03,spoof,notrim,eval,traditional_vocoder,HUB,D03,FF,-,1,514811,67,67,test-00067-of-00080.parquet
LA_0025,DF_E_3000865,low_ogg,asvspoof,-,bonafide,notrim,eval,bonafide,-,-,-,-,0,204420,26,26,test-00026-of-00080.parquet
VCC2SF2,DF_E_2997812,low_m4a,vcc2018,-,bonafide,notrim,eval,bonafide,-,-,-,-,0,203801,26,26,test-00026-of-00080.parquet
LA_0025,DF_E_4685502,high_ogg,asvspoof,A13,spoof,notrim,eval,traditional_vocoder,-,-,-,-,1,547728,71,71,test-00071-of-00080.parquet
LA_0021,DF_E_4735442,mp3m4a,asvspoof,-,bonafide,notrim,eval,bonafide,-,-,-,-,0,557858,72,72,test-00072-of-00080.parquet
TGF1,DF_E_4732970,high_ogg,vcc2020,Task2-team23,spoof,notrim,eval,neural_vocoder_autoregressive,Task2,team23,MF,G,1,557377,72,72,test-00072-of-00080.parquet
VCC2TF2,DF_E_3078179,low_mp3,vcc2018,HUB-N20,spoof,notrim,eval,traditional_vocoder,HUB,N20,MF,-,1,220224,28,28,test-00028-of-00080.parquet
TMM1,DF_E_3055279,oggm4a,vcc2020,Task2-team05,spoof,notrim,eval,neural_vocoder_nonautoregressive,Task2,team05,FM,M,1,215531,28,28,test-00028-of-00080.parquet
TGM1,DF_E_4730539,low_mp3,vcc2020,Task2-team32,spoof,notrim,eval,neural_vocoder_autoregressive,Task2,team32,FM,G,1,556928,72,72,test-00072-of-00080.parquet
TEF1,DF_E_4688980,nocodec,vcc2020,Task1-team02,spoof,notrim,eval,neural_vocoder_nonautoregressive,Task1,team02,FF,E,1,548429,71,71,test-00071-of-00080.parquet
VCC2TM2,DF_E_4700846,low_mp3,vcc2018,HUB-D02,spoof,notrim,eval,traditional_vocoder,HUB,D02,FM,-,1,550837,72,72,test-00072-of-00080.parquet
SEM1,DF_E_4513413,high_m4a,vcc2020,-,bonafide,notrim,eval,bonafide,-,-,-,-,0,512724,67,67,test-00067-of-00080.parquet
TMF1,DF_E_3068566,high_m4a,vcc2020,Task2-team29,spoof,notrim,eval,neural_vocoder_autoregressive,Task2,team29,FF,M,1,218371,28,28,test-00028-of-00080.parquet
TMM1,DF_E_4818349,high_ogg,vcc2020,Task2-team32,spoof,notrim,eval,neural_vocoder_autoregressive,Task2,team32,FM,M,1,574683,75,75,test-00075-of-00080.parquet
VCC2SF1,DF_E_4681285,high_mp3,vcc2018,-,bonafide,notrim,eval,bonafide,-,-,-,-,0,546856,71,71,test-00071-of-00080.parquet
VCC2TM1,DF_E_2995776,oggm4a,vcc2018,HUB-N20,spoof,notrim,eval,traditional_vocoder,HUB,N20,MM,-,1,203347,26,26,test-00026-of-00080.parquet
LA_0044,DF_E_4697575,oggm4a,asvspoof,A17,spoof,notrim,eval,traditional_vocoder,-,-,-,-,1,550175,71,71,test-00071-of-00080.parquet
VCC2TF1,DF_E_4725165,mp3m4a,vcc2018,SPO-N11,spoof,notrim,eval,traditional_vocoder,SPO,N11,FF,-,1,555817,72,72,test-00072-of-00080.parquet
LA_0023,DF_E_3002195,oggm4a,asvspoof,-,bonafide,notrim,eval,bonafide,-,-,-,-,0,204693,26,26,test-00026-of-00080.parquet
VCC2TM2,DF_E_4715024,low_ogg,vcc2018,-,bonafide,notrim,eval,bonafide,-,-,-,-,0,553726,72,72,test-00072-of-00080.parquet
TEM2,DF_E_4548708,oggm4a,vcc2020,Task1-team22,spoof,notrim,eval,neural_vocoder_nonautoregressive,Task1,team22,MM,E,1,519863,67,67,test-00067-of-00080.parquet
LA_0056,DF_E_4669475,high_m4a,asvspoof,-,bonafide,notrim,eval,bonafide,-,-,-,-,0,544431,71,71,test-00071-of-00080.parquet
LA_0004,DF_E_4823458,low_ogg,asvspoof,-,bonafide,notrim,eval,bonafide,-,-,-,-,0,575683,75,75,test-00075-of-00080.parquet
LA_0021,DF_E_4531726,oggm4a,asvspoof,A09,spoof,notrim,eval,traditional_vocoder,-,-,-,-,1,516427,67,67,test-00067-of-00080.parquet
LA_0036,DF_E_4519129,low_mp3,asvspoof,-,bonafide,notrim,eval,bonafide,-,-,-,-,0,513878,67,67,test-00067-of-00080.parquet
TFF1,DF_E_4690655,high_mp3,vcc2020,Task2-team15,spoof,notrim,eval,neural_vocoder_nonautoregressive,Task2,team15,MF,F,1,548784,71,71,test-00071-of-00080.parquet
LA_0018,DF_E_4688216,low_ogg,asvspoof,-,bonafide,notrim,eval,bonafide,-,-,-,-,0,548275,71,71,test-00071-of-00080.parquet
LA_0015,DF_E_4664072,low_mp3,asvspoof,-,bonafide,notrim,eval,bonafide,-,-,-,-,0,543341,71,71,test-00071-of-00080.parquet
TGM1,DF_E_3000264,nocodec,vcc2020,Task2-team31,spoof,notrim,eval,neural_vocoder_nonautoregressive,Task2,team31,FM,G,1,204302,26,26,test-00026-of-00080.parquet
TMF1,DF_E_4665793,low_mp3,vcc2020,-,bonafide,notrim,eval,bonafide,-,-,-,-,0,543677,71,71,test-00071-of-00080.parquet
TEM2,DF_E_4682657,low_m4a,vcc2020,Task1-team03,spoof,notrim,eval,neural_vocoder_autoregressive,Task1,team03,MM,E,1,547135,71,71,test-00071-of-00080.parquet
LA_0036,DF_E_2989312,high_m4a,asvspoof,-,bonafide,notrim,eval,bonafide,-,-,-,-,0,201937,26,26,test-00026-of-00080.parquet
LA_0035,DF_E_4531346,mp3m4a,asvspoof,A16,spoof,notrim,eval,waveform_concatenation,-,-,-,-,1,516349,67,67,test-00067-of-00080.parquet
LA_0014,DF_E_4839997,oggm4a,asvspoof,-,bonafide,notrim,eval,bonafide,-,-,-,-,0,579169,75,75,test-00075-of-00080.parquet
VCC2TF1,DF_E_4707907,low_mp3,vcc2018,SPO-N17,spoof,notrim,eval,neural_vocoder_autoregressive,SPO,N17,MF,-,1,552265,72,72,test-00072-of-00080.parquet
LA_0029,DF_E_4717004,low_ogg,asvspoof,A10,spoof,notrim,eval,neural_vocoder_autoregressive,-,-,-,-,1,554135,72,72,test-00072-of-00080.parquet
LA_0006,DF_E_4678310,low_ogg,asvspoof,A16,spoof,notrim,eval,waveform_concatenation,-,-,-,-,1,546267,71,71,test-00071-of-00080.parquet
TEF1,DF_E_4548018,high_m4a,vcc2020,-,bonafide,notrim,eval,bonafide,-,-,-,-,0,519698,67,67,test-00067-of-00080.parquet
VCC2TF1,DF_E_4846382,low_ogg,vcc2018,HUB-B01,spoof,notrim,eval,traditional_vocoder,HUB,B01,MF,-,1,580448,75,75,test-00075-of-00080.parquet
TEF2,DF_E_3070286,high_ogg,vcc2020,Task1-team31,spoof,notrim,eval,neural_vocoder_nonautoregressive,Task1,team31,MF,E,1,218730,28,28,test-00028-of-00080.parquet
VCC2TF1,DF_E_2987221,high_mp3,vcc2018,-,bonafide,notrim,eval,bonafide,-,-,-,-,0,201519,26,26,test-00026-of-00080.parquet
VCC2SM3,DF_E_4534411,high_ogg,vcc2018,-,bonafide,notrim,eval,bonafide,-,-,-,-,0,516994,67,67,test-00067-of-00080.parquet
LA_0063,DF_E_3067408,high_ogg,asvspoof,-,bonafide,notrim,eval,bonafide,-,-,-,-,0,218090,28,28,test-00028-of-00080.parquet
TEM1,DF_E_4850325,oggm4a,vcc2020,-,bonafide,notrim,eval,bonafide,-,-,-,-,0,581233,75,75,test-00075-of-00080.parquet
VCC2TM2,DF_E_4689155,oggm4a,vcc2018,HUB-N03,spoof,notrim,eval,unknown,HUB,N03,FM,-,1,548471,71,71,test-00071-of-00080.parquet
LA_0046,DF_E_4545055,oggm4a,asvspoof,-,bonafide,notrim,eval,bonafide,-,-,-,-,0,519125,67,67,test-00067-of-00080.parquet
SEM1,DF_E_4836045,low_m4a,vcc2020,-,bonafide,notrim,eval,bonafide,-,-,-,-,0,578337,75,75,test-00075-of-00080.parquet
LA_0003,DF_E_2987054,oggm4a,asvspoof,-,bonafide,notrim,eval,bonafide,-,-,-,-,0,201483,26,26,test-00026-of-00080.parquet
LA_0013,DF_E_2997451,oggm4a,asvspoof,-,bonafide,notrim,eval,bonafide,-,-,-,-,0,203726,26,26,test-00026-of-00080.parquet
VCC2SF1,DF_E_3003540,high_m4a,vcc2018,-,bonafide,notrim,eval,bonafide,-,-,-,-,0,204955,26,26,test-00026-of-00080.parquet
VCC2TF2,DF_E_4697851,oggm4a,vcc2018,-,bonafide,notrim,eval,bonafide,-,-,-,-,0,550234,71,71,test-00071-of-00080.parquet
SEF2,DF_E_3059503,low_mp3,vcc2020,-,bonafide,notrim,eval,bonafide,-,-,-,-,0,216446,28,28,test-00028-of-00080.parquet
LA_0024,DF_E_4684117,mp3m4a,asvspoof,-,bonafide,notrim,eval,bonafide,-,-,-,-,0,547419,71,71,test-00071-of-00080.parquet
LA_0022,DF_E_4533575,oggm4a,asvspoof,-,bonafide,notrim,eval,bonafide,-,-,-,-,0,516826,67,67,test-00067-of-00080.parquet
TGM1,DF_E_4697749,high_mp3,vcc2020,Task2-team30,spoof,notrim,eval,unknown,Task2,team30,MM,G,1,550212,71,71,test-00071-of-00080.parquet
VCC2TM2,DF_E_4686024,oggm4a,vcc2018,HUB-D03,spoof,notrim,eval,traditional_vocoder,HUB,D03,FM,-,1,547832,71,71,test-00071-of-00080.parquet
TMF1,DF_E_2996701,low_mp3,vcc2020,-,bonafide,notrim,eval,bonafide,-,-,-,-,0,203562,26,26,test-00026-of-00080.parquet
VCC2SM3,DF_E_3006946,low_mp3,vcc2018,-,bonafide,notrim,eval,bonafide,-,-,-,-,0,205657,26,26,test-00026-of-00080.parquet
LA_0034,DF_E_4690299,low_ogg,asvspoof,-,bonafide,notrim,eval,bonafide,-,-,-,-,0,548701,71,71,test-00071-of-00080.parquet
VCC2SF2,DF_E_4534027,mp3m4a,vcc2018,-,bonafide,notrim,eval,bonafide,-,-,-,-,0,516919,67,67,test-00067-of-00080.parquet
LA_0001,DF_E_4716245,low_ogg,asvspoof,A19,spoof,notrim,eval,traditional_vocoder,-,-,-,-,1,553976,72,72,test-00072-of-00080.parquet
TMM1,DF_E_4722947,mp3m4a,vcc2020,Task2-team10,spoof,notrim,eval,neural_vocoder_autoregressive,Task2,team10,FM,M,1,555391,72,72,test-00072-of-00080.parquet
TEM1,DF_E_4736416,high_mp3,vcc2020,Task1-team08,spoof,notrim,eval,traditional_vocoder,Task1,team08,MM,E,1,558069,72,72,test-00072-of-00080.parquet
SEM1,DF_E_4517732,low_mp3,vcc2020,-,bonafide,notrim,eval,bonafide,-,-,-,-,0,513622,67,67,test-00067-of-00080.parquet
TEF1,DF_E_4678560,low_m4a,vcc2020,-,bonafide,notrim,eval,bonafide,-,-,-,-,0,546313,71,71,test-00071-of-00080.parquet
VCC2TF1,DF_E_3059395,low_ogg,vcc2018,HUB-D01,spoof,notrim,eval,traditional_vocoder,HUB,D01,FF,-,1,216414,28,28,test-00028-of-00080.parquet
TFM1,DF_E_4709034,oggm4a,vcc2020,Task2-team16,spoof,notrim,eval,neural_vocoder_nonautoregressive,Task2,team16,FM,F,1,552492,72,72,test-00072-of-00080.parquet
LA_0051,DF_E_4666488,oggm4a,asvspoof,-,bonafide,notrim,eval,bonafide,-,-,-,-,0,543827,71,71,test-00071-of-00080.parquet
LA_0013,DF_E_4839016,mp3m4a,asvspoof,-,bonafide,notrim,eval,bonafide,-,-,-,-,0,578966,75,75,test-00075-of-00080.parquet
VCC2TM2,DF_E_3057604,oggm4a,vcc2018,-,bonafide,notrim,eval,bonafide,-,-,-,-,0,216041,28,28,test-00028-of-00080.parquet
LA_0030,DF_E_2983469,oggm4a,asvspoof,-,bonafide,notrim,eval,bonafide,-,-,-,-,0,200774,26,26,test-00026-of-00080.parquet
VCC2TF1,DF_E_2977001,low_m4a,vcc2018,HUB-D01,spoof,notrim,eval,traditional_vocoder,HUB,D01,MF,-,1,199443,26,26,test-00026-of-00080.parquet
VCC2SM1,DF_E_2988920,high_mp3,vcc2018,-,bonafide,notrim,eval,bonafide,-,-,-,-,0,201864,26,26,test-00026-of-00080.parquet
VCC2TF2,DF_E_2994055,high_ogg,vcc2018,HUB-D02,spoof,notrim,eval,traditional_vocoder,HUB,D02,FF,-,1,202960,26,26,test-00026-of-00080.parquet
LA_0017,DF_E_4549233,low_ogg,asvspoof,-,bonafide,notrim,eval,bonafide,-,-,-,-,0,519966,67,67,test-00067-of-00080.parquet
TFF1,DF_E_3005942,low_ogg,vcc2020,-,bonafide,notrim,eval,bonafide,-,-,-,-,0,205451,26,26,test-00026-of-00080.parquet
LA_0018,DF_E_3076226,mp3m4a,asvspoof,-,bonafide,notrim,eval,bonafide,-,-,-,-,0,219861,28,28,test-00028-of-00080.parquet
TGM1,DF_E_4713171,oggm4a,vcc2020,Task2-team08,spoof,notrim,eval,traditional_vocoder,Task2,team08,FM,G,1,553344,72,72,test-00072-of-00080.parquet
TFM1,DF_E_2975900,low_mp3,vcc2020,-,bonafide,notrim,eval,bonafide,-,-,-,-,0,199229,26,26,test-00026-of-00080.parquet
TGF1,DF_E_4711254,high_mp3,vcc2020,Task2-team33,spoof,notrim,eval,neural_vocoder_nonautoregressive,Task2,team33,MF,G,1,552932,72,72,test-00072-of-00080.parquet
VCC2SM2,DF_E_4524877,high_ogg,vcc2018,-,bonafide,notrim,eval,bonafide,-,-,-,-,0,515038,67,67,test-00067-of-00080.parquet
TGF1,DF_E_4728063,mp3m4a,vcc2020,Task2-team29,spoof,notrim,eval,neural_vocoder_autoregressive,Task2,team29,MF,G,1,556425,72,72,test-00072-of-00080.parquet
LA_0001,DF_E_4537017,mp3m4a,asvspoof,-,bonafide,notrim,eval,bonafide,-,-,-,-,0,517533,67,67,test-00067-of-00080.parquet
SEM1,DF_E_4726545,nocodec,vcc2020,-,bonafide,notrim,eval,bonafide,-,-,-,-,0,556093,72,72,test-00072-of-00080.parquet
TMM1,DF_E_3064328,low_mp3,vcc2020,Task2-team23,spoof,notrim,eval,neural_vocoder_autoregressive,Task2,team23,FM,M,1,217459,28,28,test-00028-of-00080.parquet
TMF1,DF_E_2997743,high_ogg,vcc2020,Task2-team26,spoof,notrim,eval,traditional_vocoder,Task2,team26,FF,M,1,203787,26,26,test-00026-of-00080.parquet
TMF1,DF_E_4531987,oggm4a,vcc2020,Task2-team30,spoof,notrim,eval,unknown,Task2,team30,FF,M,1,516486,67,67,test-00067-of-00080.parquet
TEF2,DF_E_4526902,low_mp3,vcc2020,Task1-team11,spoof,notrim,eval,neural_vocoder_autoregressive,Task1,team11,FF,E,1,515456,67,67,test-00067-of-00080.parquet
LA_0034,DF_E_3069666,low_ogg,asvspoof,-,bonafide,notrim,eval,bonafide,-,-,-,-,0,218595,28,28,test-00028-of-00080.parquet
TEM1,DF_E_3071115,low_mp3,vcc2020,Task1-team12,spoof,notrim,eval,traditional_vocoder,Task1,team12,FM,E,1,218881,28,28,test-00028-of-00080.parquet
VCC2TF2,DF_E_3049902,low_ogg,vcc2018,HUB-N14,spoof,notrim,eval,traditional_vocoder,HUB,N14,FF,-,1,214428,28,28,test-00028-of-00080.parquet
LA_0028,DF_E_4732233,oggm4a,asvspoof,-,bonafide,notrim,eval,bonafide,-,-,-,-,0,557242,72,72,test-00072-of-00080.parquet
LA_0044,DF_E_3006440,low_ogg,asvspoof,-,bonafide,notrim,eval,bonafide,-,-,-,-,0,205562,26,26,test-00026-of-00080.parquet
LA_0010,DF_E_3064928,nocodec,asvspoof,-,bonafide,notrim,eval,bonafide,-,-,-,-,0,217593,28,28,test-00028-of-00080.parquet
VCC2TM2,DF_E_4522538,high_mp3,vcc2018,HUB-N07,spoof,notrim,eval,traditional_vocoder,HUB,N07,MM,-,1,514542,67,67,test-00067-of-00080.parquet
TEM2,DF_E_4697059,high_m4a,vcc2020,Task1-team09,spoof,notrim,eval,neural_vocoder_nonautoregressive,Task1,team09,MM,E,1,550080,71,71,test-00071-of-00080.parquet
TEF2,DF_E_4845163,oggm4a,vcc2020,Task1-team14,spoof,notrim,eval,neural_vocoder_nonautoregressive,Task1,team14,MF,E,1,580224,75,75,test-00075-of-00080.parquet
LA_0019,DF_E_4833934,low_ogg,asvspoof,-,bonafide,notrim,eval,bonafide,-,-,-,-,0,577945,75,75,test-00075-of-00080.parquet
LA_0018,DF_E_4699449,high_m4a,asvspoof,-,bonafide,notrim,eval,bonafide,-,-,-,-,0,550560,71,71,test-00071-of-00080.parquet
LA_0026,DF_E_4527216,high_ogg,asvspoof,A12,spoof,notrim,eval,neural_vocoder_autoregressive,-,-,-,-,1,515532,67,67,test-00067-of-00080.parquet
TMM1,DF_E_4691333,high_m4a,vcc2020,Task2-team30,spoof,notrim,eval,unknown,Task2,team30,MM,M,1,548919,71,71,test-00071-of-00080.parquet
VCC2TM2,DF_E_4831363,oggm4a,vcc2018,HUB-N16,spoof,notrim,eval,traditional_vocoder,HUB,N16,FM,-,1,577401,75,75,test-00075-of-00080.parquet
LA_0011,DF_E_4665925,mp3m4a,asvspoof,-,bonafide,notrim,eval,bonafide,-,-,-,-,0,543704,71,71,test-00071-of-00080.parquet
LA_0008,DF_E_3067908,low_mp3,asvspoof,A15,spoof,notrim,eval,neural_vocoder_autoregressive,-,-,-,-,1,218214,28,28,test-00028-of-00080.parquet
LA_0040,DF_E_4713788,high_ogg,asvspoof,-,bonafide,notrim,eval,bonafide,-,-,-,-,0,553477,72,72,test-00072-of-00080.parquet
SEM1,DF_E_4520303,low_m4a,vcc2020,-,bonafide,notrim,eval,bonafide,-,-,-,-,0,514116,67,67,test-00067-of-00080.parquet
LA_0001,DF_E_4518322,high_m4a,asvspoof,-,bonafide,notrim,eval,bonafide,-,-,-,-,0,513730,67,67,test-00067-of-00080.parquet
LA_0013,DF_E_3060185,mp3m4a,asvspoof,-,bonafide,notrim,eval,bonafide,-,-,-,-,0,216576,28,28,test-00028-of-00080.parquet
VCC2TM1,DF_E_4513015,mp3m4a,vcc2018,-,bonafide,notrim,eval,bonafide,-,-,-,-,0,512652,67,67,test-00067-of-00080.parquet
LA_0048,DF_E_2978063,high_ogg,asvspoof,-,bonafide,notrim,eval,bonafide,-,-,-,-,0,199665,26,26,test-00026-of-00080.parquet
VCC2TF1,DF_E_3067909,mp3m4a,vcc2018,HUB-D01,spoof,notrim,eval,traditional_vocoder,HUB,D01,FF,-,1,218215,28,28,test-00028-of-00080.parquet
VCC2TM1,DF_E_2996278,high_ogg,vcc2018,HUB-N09,spoof,notrim,eval,traditional_vocoder,HUB,N09,FM,-,1,203461,26,26,test-00026-of-00080.parquet
VCC2TM2,DF_E_3004715,high_ogg,vcc2018,HUB-D03,spoof,notrim,eval,traditional_vocoder,HUB,D03,MM,-,1,205186,26,26,test-00026-of-00080.parquet
LA_0058,DF_E_4840618,high_mp3,asvspoof,-,bonafide,notrim,eval,bonafide,-,-,-,-,0,579290,75,75,test-00075-of-00080.parquet
TEF1,DF_E_3005637,low_mp3,vcc2020,-,bonafide,notrim,eval,bonafide,-,-,-,-,0,205382,26,26,test-00026-of-00080.parquet
VCC2SF4,DF_E_4545212,nocodec,vcc2018,-,bonafide,notrim,eval,bonafide,-,-,-,-,0,519164,67,67,test-00067-of-00080.parquet
TEM1,DF_E_2994696,nocodec,vcc2020,Task1-team01,spoof,notrim,eval,neural_vocoder_nonautoregressive,Task1,team01,FM,E,1,203098,26,26,test-00026-of-00080.parquet
TMM1,DF_E_4518492,mp3m4a,vcc2020,Task2-team18,spoof,notrim,eval,unknown,Task2,team18,MM,M,1,513766,67,67,test-00067-of-00080.parquet
VCC2SM1,DF_E_2996647,high_mp3,vcc2018,-,bonafide,notrim,eval,bonafide,-,-,-,-,0,203549,26,26,test-00026-of-00080.parquet
LA_0019,DF_E_4680975,high_ogg,asvspoof,-,bonafide,notrim,eval,bonafide,-,-,-,-,0,546800,71,71,test-00071-of-00080.parquet
TGF1,DF_E_4849223,mp3m4a,vcc2020,Task2-team19,spoof,notrim,eval,neural_vocoder_nonautoregressive,Task2,team19,MF,G,1,581016,75,75,test-00075-of-00080.parquet
LA_0040,DF_E_4547963,low_ogg,asvspoof,-,bonafide,notrim,eval,bonafide,-,-,-,-,0,519688,67,67,test-00067-of-00080.parquet
VCC2TM1,DF_E_4678624,high_ogg,vcc2018,HUB-D04,spoof,notrim,eval,traditional_vocoder,HUB,D04,MM,-,1,546331,71,71,test-00071-of-00080.parquet
TMF1,DF_E_3061287,oggm4a,vcc2020,Task2-team05,spoof,notrim,eval,neural_vocoder_nonautoregressive,Task2,team05,MF,M,1,216807,28,28,test-00028-of-00080.parquet
TEM1,DF_E_4836620,low_m4a,vcc2020,Task1-team13,spoof,notrim,eval,neural_vocoder_autoregressive,Task1,team13,MM,E,1,578462,75,75,test-00075-of-00080.parquet
TEM2,DF_E_4683658,high_ogg,vcc2020,Task1-team07,spoof,notrim,eval,neural_vocoder_autoregressive,Task1,team07,FM,E,1,547338,71,71,test-00071-of-00080.parquet
VCC2SM4,DF_E_4840149,oggm4a,vcc2018,-,bonafide,notrim,eval,bonafide,-,-,-,-,0,579205,75,75,test-00075-of-00080.parquet
LA_0032,DF_E_4845353,oggm4a,asvspoof,-,bonafide,notrim,eval,bonafide,-,-,-,-,0,580262,75,75,test-00075-of-00080.parquet
VCC2TM1,DF_E_4842685,oggm4a,vcc2018,HUB-N16,spoof,notrim,eval,traditional_vocoder,HUB,N16,FM,-,1,579719,75,75,test-00075-of-00080.parquet
TGM1,DF_E_3001311,low_ogg,vcc2020,Task2-team15,spoof,notrim,eval,neural_vocoder_nonautoregressive,Task2,team15,FM,G,1,204507,26,26,test-00026-of-00080.parquet
VCC2TM1,DF_E_2982649,high_ogg,vcc2018,HUB-N11,spoof,notrim,eval,traditional_vocoder,HUB,N11,MM,-,1,200593,26,26,test-00026-of-00080.parquet
LA_0028,DF_E_2989533,nocodec,asvspoof,-,bonafide,notrim,eval,bonafide,-,-,-,-,0,201994,26,26,test-00026-of-00080.parquet
LA_0032,DF_E_2978098,high_ogg,asvspoof,-,bonafide,notrim,eval,bonafide,-,-,-,-,0,199672,26,26,test-00026-of-00080.parquet
VCC2SM4,DF_E_3002565,nocodec,vcc2018,-,bonafide,notrim,eval,bonafide,-,-,-,-,0,204763,26,26,test-00026-of-00080.parquet
TMM1,DF_E_4705193,low_m4a,vcc2020,Task2-team03,spoof,notrim,eval,neural_vocoder_autoregressive,Task2,team03,MM,M,1,551728,72,72,test-00072-of-00080.parquet
VCC2SF2,DF_E_4524109,oggm4a,vcc2018,-,bonafide,notrim,eval,bonafide,-,-,-,-,0,514894,67,67,test-00067-of-00080.parquet
TGF1,DF_E_4666261,low_mp3,vcc2020,Task2-team08,spoof,notrim,eval,traditional_vocoder,Task2,team08,FF,G,1,543776,71,71,test-00071-of-00080.parquet
VCC2TM2,DF_E_4542500,nocodec,vcc2018,HUB-D05,spoof,notrim,eval,traditional_vocoder,HUB,D05,MM,-,1,518621,67,67,test-00067-of-00080.parquet
VCC2TF1,DF_E_4663894,low_m4a,vcc2018,HUB-N11,spoof,notrim,eval,traditional_vocoder,HUB,N11,MF,-,1,543303,71,71,test-00071-of-00080.parquet
LA_0007,DF_E_4515164,low_ogg,asvspoof,-,bonafide,notrim,eval,bonafide,-,-,-,-,0,513109,67,67,test-00067-of-00080.parquet
TEM1,DF_E_2987368,low_ogg,vcc2020,Task1-team19,spoof,notrim,eval,neural_vocoder_nonautoregressive,Task1,team19,MM,E,1,201556,26,26,test-00026-of-00080.parquet
VCC2SF3,DF_E_2986153,nocodec,vcc2018,-,bonafide,notrim,eval,bonafide,-,-,-,-,0,201307,26,26,test-00026-of-00080.parquet
TGF1,DF_E_4719445,nocodec,vcc2020,Task2-team10,spoof,notrim,eval,neural_vocoder_autoregressive,Task2,team10,FF,G,1,554656,72,72,test-00072-of-00080.parquet
LA_0013,DF_E_4536694,high_m4a,asvspoof,-,bonafide,notrim,eval,bonafide,-,-,-,-,0,517458,67,67,test-00067-of-00080.parquet
VCC2TF2,DF_E_4714869,low_mp3,vcc2018,-,bonafide,notrim,eval,bonafide,-,-,-,-,0,553697,72,72,test-00072-of-00080.parquet
LA_0046,DF_E_4533053,low_ogg,asvspoof,-,bonafide,notrim,eval,bonafide,-,-,-,-,0,516717,67,67,test-00067-of-00080.parquet
VCC2TM1,DF_E_2987206,high_m4a,vcc2018,HUB-D05,spoof,notrim,eval,traditional_vocoder,HUB,D05,FM,-,1,201515,26,26,test-00026-of-00080.parquet
VCC2TM1,DF_E_2976795,low_m4a,vcc2018,HUB-D01,spoof,notrim,eval,traditional_vocoder,HUB,D01,MM,-,1,199403,26,26,test-00026-of-00080.parquet
VCC2SF3,DF_E_2985449,high_mp3,vcc2018,-,bonafide,notrim,eval,bonafide,-,-,-,-,0,201158,26,26,test-00026-of-00080.parquet
TEF2,DF_E_4717577,high_mp3,vcc2020,Task1-team02,spoof,notrim,eval,neural_vocoder_nonautoregressive,Task1,team02,MF,E,1,554263,72,72,test-00072-of-00080.parquet
VCC2SM2,DF_E_3053033,nocodec,vcc2018,-,bonafide,notrim,eval,bonafide,-,-,-,-,0,215078,28,28,test-00028-of-00080.parquet
LA_0010,DF_E_3067201,high_ogg,asvspoof,A07,spoof,notrim,eval,traditional_vocoder,-,-,-,-,1,218054,28,28,test-00028-of-00080.parquet
TEM1,DF_E_4817781,nocodec,vcc2020,Task1-team13,spoof,notrim,eval,neural_vocoder_autoregressive,Task1,team13,MM,E,1,574564,75,75,test-00075-of-00080.parquet
VCC2TF2,DF_E_4689265,high_ogg,vcc2018,HUB-N20,spoof,notrim,eval,traditional_vocoder,HUB,N20,MF,-,1,548492,71,71,test-00071-of-00080.parquet
TFF1,DF_E_4516682,mp3m4a,vcc2020,Task2-team20,spoof,notrim,eval,neural_vocoder_nonautoregressive,Task2,team20,FF,F,1,513421,67,67,test-00067-of-00080.parquet
LA_0010,DF_E_2994999,oggm4a,asvspoof,-,bonafide,notrim,eval,bonafide,-,-,-,-,0,203164,26,26,test-00026-of-00080.parquet
TFM1,DF_E_2980166,low_ogg,vcc2020,Task2-team06,spoof,notrim,eval,traditional_vocoder,Task2,team06,MM,F,1,200095,26,26,test-00026-of-00080.parquet
LA_0047,DF_E_3066619,low_ogg,asvspoof,-,bonafide,notrim,eval,bonafide,-,-,-,-,0,217930,28,28,test-00028-of-00080.parquet
LA_0037,DF_E_2995200,low_ogg,asvspoof,A08,spoof,notrim,eval,neural_vocoder_nonautoregressive,-,-,-,-,1,203208,26,26,test-00026-of-00080.parquet
VCC2TF1,DF_E_2974746,mp3m4a,vcc2018,HUB-N07,spoof,notrim,eval,traditional_vocoder,HUB,N07,MF,-,1,198997,26,26,test-00026-of-00080.parquet
VCC2TM2,DF_E_4513588,mp3m4a,vcc2018,SPO-N12,spoof,notrim,eval,traditional_vocoder,SPO,N12,FM,-,1,512762,67,67,test-00067-of-00080.parquet
TFF1,DF_E_3063420,low_mp3,vcc2020,Task2-team09,spoof,notrim,eval,neural_vocoder_nonautoregressive,Task2,team09,MF,F,1,217263,28,28,test-00028-of-00080.parquet
LA_0001,DF_E_3077741,oggm4a,asvspoof,A17,spoof,notrim,eval,traditional_vocoder,-,-,-,-,1,220143,28,28,test-00028-of-00080.parquet
LA_0014,DF_E_4517736,oggm4a,asvspoof,A19,spoof,notrim,eval,traditional_vocoder,-,-,-,-,1,513623,67,67,test-00067-of-00080.parquet
LA_0008,DF_E_3078443,oggm4a,asvspoof,-,bonafide,notrim,eval,bonafide,-,-,-,-,0,220284,28,28,test-00028-of-00080.parquet
LA_0021,DF_E_4696074,low_m4a,asvspoof,-,bonafide,notrim,eval,bonafide,-,-,-,-,0,549853,71,71,test-00071-of-00080.parquet
VCC2SF1,DF_E_3066884,low_mp3,vcc2018,-,bonafide,notrim,eval,bonafide,-,-,-,-,0,217995,28,28,test-00028-of-00080.parquet
LA_0018,DF_E_4692407,oggm4a,asvspoof,A09,spoof,notrim,eval,traditional_vocoder,-,-,-,-,1,549132,71,71,test-00071-of-00080.parquet
TFM1,DF_E_3006768,high_ogg,vcc2020,Task2-team19,spoof,notrim,eval,neural_vocoder_nonautoregressive,Task2,team19,FM,F,1,205621,26,26,test-00026-of-00080.parquet
VCC2TM2,DF_E_3061089,low_ogg,vcc2018,-,bonafide,notrim,eval,bonafide,-,-,-,-,0,216770,28,28,test-00028-of-00080.parquet
SEF1,DF_E_3072930,mp3m4a,vcc2020,-,bonafide,notrim,eval,bonafide,-,-,-,-,0,219234,28,28,test-00028-of-00080.parquet
TEF2,DF_E_4842882,high_mp3,vcc2020,Task1-team10,spoof,notrim,eval,neural_vocoder_autoregressive,Task1,team10,FF,E,1,579751,75,75,test-00075-of-00080.parquet
TEM1,DF_E_4691759,high_mp3,vcc2020,-,bonafide,notrim,eval,bonafide,-,-,-,-,0,548998,71,71,test-00071-of-00080.parquet
LA_0031,DF_E_2979443,high_ogg,asvspoof,A14,spoof,notrim,eval,traditional_vocoder,-,-,-,-,1,199946,26,26,test-00026-of-00080.parquet
TEM2,DF_E_4673893,high_ogg,vcc2020,Task1-team25,spoof,notrim,eval,neural_vocoder_autoregressive,Task1,team25,MM,E,1,545346,71,71,test-00071-of-00080.parquet
VCC2TF2,DF_E_4736337,nocodec,vcc2018,HUB-N14,spoof,notrim,eval,traditional_vocoder,HUB,N14,MF,-,1,558051,72,72,test-00072-of-00080.parquet
SEM1,DF_E_4541681,low_ogg,vcc2020,-,bonafide,notrim,eval,bonafide,-,-,-,-,0,518451,67,67,test-00067-of-00080.parquet
VCC2TF1,DF_E_4544331,low_m4a,vcc2018,HUB-N09,spoof,notrim,eval,traditional_vocoder,HUB,N09,FF,-,1,518977,67,67,test-00067-of-00080.parquet
LA_0002,DF_E_4820444,nocodec,asvspoof,A07,spoof,notrim,eval,traditional_vocoder,-,-,-,-,1,575088,75,75,test-00075-of-00080.parquet
LA_0011,DF_E_2987007,mp3m4a,asvspoof,-,bonafide,notrim,eval,bonafide,-,-,-,-,0,201474,26,26,test-00026-of-00080.parquet
LA_0053,DF_E_4675199,low_m4a,asvspoof,-,bonafide,notrim,eval,bonafide,-,-,-,-,0,545639,71,71,test-00071-of-00080.parquet
TMF1,DF_E_4699197,nocodec,vcc2020,-,bonafide,notrim,eval,bonafide,-,-,-,-,0,550507,71,71,test-00071-of-00080.parquet
LA_0014,DF_E_4716061,high_ogg,asvspoof,-,bonafide,notrim,eval,bonafide,-,-,-,-,0,553942,72,72,test-00072-of-00080.parquet
LA_0002,DF_E_3079396,mp3m4a,asvspoof,-,bonafide,notrim,eval,bonafide,-,-,-,-,0,220487,28,28,test-00028-of-00080.parquet
TEF1,DF_E_4512972,mp3m4a,vcc2020,Task1-team11,spoof,notrim,eval,neural_vocoder_autoregressive,Task1,team11,FF,E,1,512641,67,67,test-00067-of-00080.parquet
TEF1,DF_E_4832877,mp3m4a,vcc2020,Task1-team18,spoof,notrim,eval,unknown,Task1,team18,FF,E,1,577715,75,75,test-00075-of-00080.parquet
TEM2,DF_E_4730418,mp3m4a,vcc2020,Task1-team13,spoof,notrim,eval,neural_vocoder_autoregressive,Task1,team13,MM,E,1,556904,72,72,test-00072-of-00080.parquet
TGM1,DF_E_3007845,nocodec,vcc2020,Task2-team07,spoof,notrim,eval,neural_vocoder_autoregressive,Task2,team07,FM,G,1,205841,26,26,test-00026-of-00080.parquet
LA_0021,DF_E_4842361,high_m4a,asvspoof,A18,spoof,notrim,eval,traditional_vocoder,-,-,-,-,1,579651,75,75,test-00075-of-00080.parquet
VCC2SM1,DF_E_4513048,nocodec,vcc2018,-,bonafide,notrim,eval,bonafide,-,-,-,-,0,512659,67,67,test-00067-of-00080.parquet
TMF1,DF_E_3085178,oggm4a,vcc2020,Task2-team20,spoof,notrim,eval,neural_vocoder_nonautoregressive,Task2,team20,FF,M,1,221626,28,28,test-00028-of-00080.parquet
TMM1,DF_E_4833181,high_m4a,vcc2020,Task2-team27,spoof,notrim,eval,neural_vocoder_nonautoregressive,Task2,team27,MM,M,1,577788,75,75,test-00075-of-00080.parquet
VCC2SM3,DF_E_3051209,high_m4a,vcc2018,-,bonafide,notrim,eval,bonafide,-,-,-,-,0,214710,28,28,test-00028-of-00080.parquet
LA_0017,DF_E_4722980,high_mp3,asvspoof,-,bonafide,notrim,eval,bonafide,-,-,-,-,0,555399,72,72,test-00072-of-00080.parquet
VCC2TF2,DF_E_2989357,low_m4a,vcc2018,SPO-N18,spoof,notrim,eval,traditional_vocoder,SPO,N18,MF,-,1,201950,26,26,test-00026-of-00080.parquet
VCC2TF2,DF_E_3055107,mp3m4a,vcc2018,HUB-D02,spoof,notrim,eval,traditional_vocoder,HUB,D02,FF,-,1,215498,28,28,test-00028-of-00080.parquet
TFF1,DF_E_4689736,mp3m4a,vcc2020,Task2-team27,spoof,notrim,eval,neural_vocoder_nonautoregressive,Task2,team27,MF,F,1,548586,71,71,test-00071-of-00080.parquet
VCC2TM1,DF_E_4717140,high_mp3,vcc2018,HUB-N20,spoof,notrim,eval,traditional_vocoder,HUB,N20,MM,-,1,554172,72,72,test-00072-of-00080.parquet
VCC2TF2,DF_E_4684357,low_ogg,vcc2018,SPO-N18,spoof,notrim,eval,traditional_vocoder,SPO,N18,MF,-,1,547472,71,71,test-00071-of-00080.parquet
TEM1,DF_E_3081332,high_ogg,vcc2020,-,bonafide,notrim,eval,bonafide,-,-,-,-,0,220869,28,28,test-00028-of-00080.parquet
SEF2,DF_E_4666391,mp3m4a,vcc2020,-,bonafide,notrim,eval,bonafide,-,-,-,-,0,543805,71,71,test-00071-of-00080.parquet
VCC2TM1,DF_E_3082394,high_ogg,vcc2018,HUB-D01,spoof,notrim,eval,traditional_vocoder,HUB,D01,FM,-,1,221076,28,28,test-00028-of-00080.parquet
VCC2TM1,DF_E_4842765,mp3m4a,vcc2018,HUB-D05,spoof,notrim,eval,traditional_vocoder,HUB,D05,MM,-,1,579732,75,75,test-00075-of-00080.parquet
VCC2TM1,DF_E_4681232,mp3m4a,vcc2018,-,bonafide,notrim,eval,bonafide,-,-,-,-,0,546847,71,71,test-00071-of-00080.parquet
TGM1,DF_E_4542301,low_m4a,vcc2020,-,bonafide,notrim,eval,bonafide,-,-,-,-,0,518566,67,67,test-00067-of-00080.parquet
LA_0011,DF_E_4512988,low_ogg,asvspoof,A14,spoof,notrim,eval,traditional_vocoder,-,-,-,-,1,512644,67,67,test-00067-of-00080.parquet
TGF1,DF_E_4728454,high_mp3,vcc2020,Task2-team27,spoof,notrim,eval,neural_vocoder_nonautoregressive,Task2,team27,FF,G,1,556509,72,72,test-00072-of-00080.parquet
TEM2,DF_E_2978086,mp3m4a,vcc2020,Task1-team12,spoof,notrim,eval,traditional_vocoder,Task1,team12,FM,E,1,199670,26,26,test-00026-of-00080.parquet
VCC2TF2,DF_E_4724688,high_mp3,vcc2018,HUB-D01,spoof,notrim,eval,traditional_vocoder,HUB,D01,FF,-,1,555711,72,72,test-00072-of-00080.parquet
LA_0014,DF_E_4700445,mp3m4a,asvspoof,-,bonafide,notrim,eval,bonafide,-,-,-,-,0,550758,72,72,test-00072-of-00080.parquet
LA_0028,DF_E_2995587,mp3m4a,asvspoof,A13,spoof,notrim,eval,traditional_vocoder,-,-,-,-,1,203298,26,26,test-00026-of-00080.parquet
LA_0026,DF_E_3074969,mp3m4a,asvspoof,-,bonafide,notrim,eval,bonafide,-,-,-,-,0,219622,28,28,test-00028-of-00080.parquet
TMM1,DF_E_4663350,low_m4a,vcc2020,Task2-team02,spoof,notrim,eval,neural_vocoder_nonautoregressive,Task2,team02,MM,M,1,543197,71,71,test-00071-of-00080.parquet
VCC2SF1,DF_E_4515926,oggm4a,vcc2018,-,bonafide,notrim,eval,bonafide,-,-,-,-,0,513259,67,67,test-00067-of-00080.parquet
TFM1,DF_E_4691301,oggm4a,vcc2020,Task2-team13,spoof,notrim,eval,neural_vocoder_autoregressive,Task2,team13,MM,F,1,548913,71,71,test-00071-of-00080.parquet
LA_0011,DF_E_4678196,low_ogg,asvspoof,-,bonafide,notrim,eval,bonafide,-,-,-,-,0,546243,71,71,test-00071-of-00080.parquet
LA_0005,DF_E_4711081,high_ogg,asvspoof,-,bonafide,notrim,eval,bonafide,-,-,-,-,0,552893,72,72,test-00072-of-00080.parquet
VCC2TM1,DF_E_4535306,low_ogg,vcc2018,HUB-N11,spoof,notrim,eval,traditional_vocoder,HUB,N11,MM,-,1,517184,67,67,test-00067-of-00080.parquet
VCC2TF2,DF_E_2975627,high_ogg,vcc2018,HUB-N13,spoof,notrim,eval,traditional_vocoder,HUB,N13,FF,-,1,199174,26,26,test-00026-of-00080.parquet
LA_0046,DF_E_4848935,high_m4a,asvspoof,-,bonafide,notrim,eval,bonafide,-,-,-,-,0,580958,75,75,test-00075-of-00080.parquet
VCC2TF2,DF_E_2976543,high_ogg,vcc2018,SPO-N10,spoof,notrim,eval,neural_vocoder_autoregressive,SPO,N10,MF,-,1,199347,26,26,test-00026-of-00080.parquet
LA_0047,DF_E_4846693,mp3m4a,asvspoof,A08,spoof,notrim,eval,neural_vocoder_nonautoregressive,-,-,-,-,1,580502,75,75,test-00075-of-00080.parquet
LA_0028,DF_E_4723699,mp3m4a,asvspoof,-,bonafide,notrim,eval,bonafide,-,-,-,-,0,555535,72,72,test-00072-of-00080.parquet
VCC2TF1,DF_E_4717971,high_mp3,vcc2018,-,bonafide,notrim,eval,bonafide,-,-,-,-,0,554349,72,72,test-00072-of-00080.parquet
TEM1,DF_E_4522072,low_m4a,vcc2020,Task1-team26,spoof,notrim,eval,traditional_vocoder,Task1,team26,MM,E,1,514452,67,67,test-00067-of-00080.parquet
VCC2TF1,DF_E_4689294,low_m4a,vcc2018,SPO-B01,spoof,notrim,eval,traditional_vocoder,SPO,B01,MF,-,1,548499,71,71,test-00071-of-00080.parquet
TMM1,DF_E_3072864,high_m4a,vcc2020,Task2-team11,spoof,notrim,eval,neural_vocoder_autoregressive,Task2,team11,MM,M,1,219214,28,28,test-00028-of-00080.parquet
TEM1,DF_E_4723079,mp3m4a,vcc2020,-,bonafide,notrim,eval,bonafide,-,-,-,-,0,555417,72,72,test-00072-of-00080.parquet
LA_0031,DF_E_4846867,low_ogg,asvspoof,-,bonafide,notrim,eval,bonafide,-,-,-,-,0,580535,75,75,test-00075-of-00080.parquet
LA_0036,DF_E_4528791,oggm4a,asvspoof,A11,spoof,notrim,eval,traditional_vocoder,-,-,-,-,1,515869,67,67,test-00067-of-00080.parquet
VCC2TM2,DF_E_4676687,nocodec,vcc2018,HUB-D02,spoof,notrim,eval,traditional_vocoder,HUB,D02,MM,-,1,545935,71,71,test-00071-of-00080.parquet
TGF1,DF_E_4512176,high_m4a,vcc2020,Task2-team07,spoof,notrim,eval,neural_vocoder_autoregressive,Task2,team07,FF,G,1,512468,67,67,test-00067-of-00080.parquet
TEM1,DF_E_4826211,high_mp3,vcc2020,Task1-team12,spoof,notrim,eval,traditional_vocoder,Task1,team12,MM,E,1,576324,75,75,test-00075-of-00080.parquet
LA_0021,DF_E_3062205,high_ogg,asvspoof,A07,spoof,notrim,eval,traditional_vocoder,-,-,-,-,1,217017,28,28,test-00028-of-00080.parquet
LA_0033,DF_E_4706815,high_mp3,asvspoof,A13,spoof,notrim,eval,traditional_vocoder,-,-,-,-,1,552050,72,72,test-00072-of-00080.parquet
LA_0037,DF_E_3065362,high_ogg,asvspoof,A14,spoof,notrim,eval,traditional_vocoder,-,-,-,-,1,217681,28,28,test-00028-of-00080.parquet
VCC2TM1,DF_E_3007660,high_mp3,vcc2018,-,bonafide,notrim,eval,bonafide,-,-,-,-,0,205806,26,26,test-00026-of-00080.parquet
TGF1,DF_E_4664960,low_ogg,vcc2020,Task2-team08,spoof,notrim,eval,traditional_vocoder,Task2,team08,MF,G,1,543524,71,71,test-00071-of-00080.parquet
TEF2,DF_E_4706346,low_m4a,vcc2020,Task1-team06,spoof,notrim,eval,traditional_vocoder,Task1,team06,FF,E,1,551961,72,72,test-00072-of-00080.parquet
LA_0029,DF_E_4699070,high_ogg,asvspoof,-,bonafide,notrim,eval,bonafide,-,-,-,-,0,550482,71,71,test-00071-of-00080.parquet
LA_0064,DF_E_4715992,mp3m4a,asvspoof,-,bonafide,notrim,eval,bonafide,-,-,-,-,0,553933,72,72,test-00072-of-00080.parquet
LA_0021,DF_E_3048736,mp3m4a,asvspoof,-,bonafide,notrim,eval,bonafide,-,-,-,-,0,214196,28,28,test-00028-of-00080.parquet
LA_0048,DF_E_2986371,low_ogg,asvspoof,-,bonafide,notrim,eval,bonafide,-,-,-,-,0,201343,26,26,test-00026-of-00080.parquet
TGF1,DF_E_2989198,low_m4a,vcc2020,Task2-team23,spoof,notrim,eval,neural_vocoder_autoregressive,Task2,team23,FF,G,1,201918,26,26,test-00026-of-00080.parquet
LA_0016,DF_E_4828753,high_m4a,asvspoof,-,bonafide,notrim,eval,bonafide,-,-,-,-,0,576854,75,75,test-00075-of-00080.parquet
TGF1,DF_E_4514623,low_ogg,vcc2020,Task2-team26,spoof,notrim,eval,traditional_vocoder,Task2,team26,MF,G,1,512996,67,67,test-00067-of-00080.parquet
TEM1,DF_E_4819758,mp3m4a,vcc2020,Task1-team10,spoof,notrim,eval,neural_vocoder_autoregressive,Task1,team10,MM,E,1,574957,75,75,test-00075-of-00080.parquet
LA_0004,DF_E_4710087,low_ogg,asvspoof,-,bonafide,notrim,eval,bonafide,-,-,-,-,0,552711,72,72,test-00072-of-00080.parquet
TGF1,DF_E_4722959,mp3m4a,vcc2020,Task2-team03,spoof,notrim,eval,neural_vocoder_autoregressive,Task2,team03,MF,G,1,555393,72,72,test-00072-of-00080.parquet
TFF1,DF_E_4826554,oggm4a,vcc2020,-,bonafide,notrim,eval,bonafide,-,-,-,-,0,576401,75,75,test-00075-of-00080.parquet
LA_0018,DF_E_3054860,nocodec,asvspoof,-,bonafide,notrim,eval,bonafide,-,-,-,-,0,215447,28,28,test-00028-of-00080.parquet
VCC2SM4,DF_E_4518164,high_ogg,vcc2018,-,bonafide,notrim,eval,bonafide,-,-,-,-,0,513695,67,67,test-00067-of-00080.parquet
VCC2TM2,DF_E_4717032,high_m4a,vcc2018,SPO-N06,spoof,notrim,eval,traditional_vocoder,SPO,N06,FM,-,1,554141,72,72,test-00072-of-00080.parquet
LA_0006,DF_E_4722280,low_ogg,asvspoof,-,bonafide,notrim,eval,bonafide,-,-,-,-,0,555249,72,72,test-00072-of-00080.parquet
LA_0021,DF_E_4539983,high_mp3,asvspoof,-,bonafide,notrim,eval,bonafide,-,-,-,-,0,518122,67,67,test-00067-of-00080.parquet
VCC2SF1,DF_E_2974889,nocodec,vcc2018,-,bonafide,notrim,eval,bonafide,-,-,-,-,0,199023,26,26,test-00026-of-00080.parquet
LA_0022,DF_E_2990006,high_ogg,asvspoof,-,bonafide,notrim,eval,bonafide,-,-,-,-,0,202087,26,26,test-00026-of-00080.parquet
TMM1,DF_E_4833739,oggm4a,vcc2020,Task2-team11,spoof,notrim,eval,neural_vocoder_autoregressive,Task2,team11,MM,M,1,577904,75,75,test-00075-of-00080.parquet
LA_0023,DF_E_4814762,low_ogg,asvspoof,-,bonafide,notrim,eval,bonafide,-,-,-,-,0,573949,75,75,test-00075-of-00080.parquet
LA_0043,DF_E_4697646,high_mp3,asvspoof,-,bonafide,notrim,eval,bonafide,-,-,-,-,0,550192,71,71,test-00071-of-00080.parquet
VCC2TM2,DF_E_4523447,high_ogg,vcc2018,SPO-B01,spoof,notrim,eval,traditional_vocoder,SPO,B01,MM,-,1,514748,67,67,test-00067-of-00080.parquet
TEF1,DF_E_4846279,high_m4a,vcc2020,Task1-team06,spoof,notrim,eval,traditional_vocoder,Task1,team06,MF,E,1,580428,75,75,test-00075-of-00080.parquet
VCC2TM2,DF_E_3000557,nocodec,vcc2018,HUB-B01,spoof,notrim,eval,traditional_vocoder,HUB,B01,MM,-,1,204363,26,26,test-00026-of-00080.parquet
VCC2SF1,DF_E_4723765,high_m4a,vcc2018,-,bonafide,notrim,eval,bonafide,-,-,-,-,0,555551,72,72,test-00072-of-00080.parquet
LA_0001,DF_E_4715990,mp3m4a,asvspoof,A10,spoof,notrim,eval,neural_vocoder_autoregressive,-,-,-,-,1,553931,72,72,test-00072-of-00080.parquet
VCC2TM2,DF_E_4830101,high_mp3,vcc2018,HUB-N07,spoof,notrim,eval,traditional_vocoder,HUB,N07,MM,-,1,577152,75,75,test-00075-of-00080.parquet
TMM1,DF_E_4713931,high_mp3,vcc2020,Task2-team08,spoof,notrim,eval,traditional_vocoder,Task2,team08,MM,M,1,553502,72,72,test-00072-of-00080.parquet
VCC2TF1,DF_E_4676186,high_m4a,vcc2018,SPO-N17,spoof,notrim,eval,neural_vocoder_autoregressive,SPO,N17,FF,-,1,545835,71,71,test-00071-of-00080.parquet
VCC2TM1,DF_E_2987643,high_mp3,vcc2018,HUB-N17,spoof,notrim,eval,neural_vocoder_autoregressive,HUB,N17,MM,-,1,201617,26,26,test-00026-of-00080.parquet
TEM2,DF_E_3063041,low_m4a,vcc2020,Task1-team16,spoof,notrim,eval,neural_vocoder_nonautoregressive,Task1,team16,FM,E,1,217179,28,28,test-00028-of-00080.parquet
VCC2TF2,DF_E_4513813,mp3m4a,vcc2018,SPO-N05,spoof,notrim,eval,traditional_vocoder,SPO,N05,FF,-,1,512811,67,67,test-00067-of-00080.parquet
TGM1,DF_E_4514155,oggm4a,vcc2020,-,bonafide,notrim,eval,bonafide,-,-,-,-,0,512884,67,67,test-00067-of-00080.parquet
LA_0036,DF_E_4518145,oggm4a,asvspoof,-,bonafide,notrim,eval,bonafide,-,-,-,-,0,513691,67,67,test-00067-of-00080.parquet
LA_0013,DF_E_4672960,low_ogg,asvspoof,-,bonafide,notrim,eval,bonafide,-,-,-,-,0,545145,71,71,test-00071-of-00080.parquet
LA_0002,DF_E_4712895,high_ogg,asvspoof,A10,spoof,notrim,eval,neural_vocoder_autoregressive,-,-,-,-,1,553286,72,72,test-00072-of-00080.parquet
VCC2TF2,DF_E_4543838,low_ogg,vcc2018,HUB-N19,spoof,notrim,eval,traditional_vocoder,HUB,N19,MF,-,1,518890,67,67,test-00067-of-00080.parquet
TFM1,DF_E_4546539,low_mp3,vcc2020,Task2-team18,spoof,notrim,eval,unknown,Task2,team18,MM,F,1,519410,67,67,test-00067-of-00080.parquet
LA_0043,DF_E_4736567,mp3m4a,asvspoof,-,bonafide,notrim,eval,bonafide,-,-,-,-,0,558104,72,72,test-00072-of-00080.parquet
VCC2TM2,DF_E_2980032,mp3m4a,vcc2018,HUB-N12,spoof,notrim,eval,traditional_vocoder,HUB,N12,MM,-,1,200070,26,26,test-00026-of-00080.parquet
LA_0011,DF_E_3005341,mp3m4a,asvspoof,-,bonafide,notrim,eval,bonafide,-,-,-,-,0,205320,26,26,test-00026-of-00080.parquet
LA_0020,DF_E_4847583,low_m4a,asvspoof,-,bonafide,notrim,eval,bonafide,-,-,-,-,0,580684,75,75,test-00075-of-00080.parquet
TGF1,DF_E_4710558,low_ogg,vcc2020,Task2-team13,spoof,notrim,eval,neural_vocoder_autoregressive,Task2,team13,FF,G,1,552792,72,72,test-00072-of-00080.parquet
TMF1,DF_E_4539157,oggm4a,vcc2020,Task2-team12,spoof,notrim,eval,traditional_vocoder,Task2,team12,FF,M,1,517967,67,67,test-00067-of-00080.parquet
SEF1,DF_E_4839975,low_m4a,vcc2020,-,bonafide,notrim,eval,bonafide,-,-,-,-,0,579165,75,75,test-00075-of-00080.parquet
LA_0005,DF_E_4722030,high_mp3,asvspoof,A11,spoof,notrim,eval,traditional_vocoder,-,-,-,-,1,555188,72,72,test-00072-of-00080.parquet
LA_0011,DF_E_2997202,low_ogg,asvspoof,-,bonafide,notrim,eval,bonafide,-,-,-,-,0,203674,26,26,test-00026-of-00080.parquet
LA_0013,DF_E_3065023,high_ogg,asvspoof,A13,spoof,notrim,eval,traditional_vocoder,-,-,-,-,1,217618,28,28,test-00028-of-00080.parquet
VCC2TF2,DF_E_4515241,nocodec,vcc2018,-,bonafide,notrim,eval,bonafide,-,-,-,-,0,513120,67,67,test-00067-of-00080.parquet
LA_0030,DF_E_4531114,mp3m4a,asvspoof,-,bonafide,notrim,eval,bonafide,-,-,-,-,0,516301,67,67,test-00067-of-00080.parquet
LA_0026,DF_E_3048586,low_ogg,asvspoof,-,bonafide,notrim,eval,bonafide,-,-,-,-,0,214170,28,28,test-00028-of-00080.parquet
LA_0014,DF_E_4689670,oggm4a,asvspoof,-,bonafide,notrim,eval,bonafide,-,-,-,-,0,548572,71,71,test-00071-of-00080.parquet
VCC2SM4,DF_E_4689244,nocodec,vcc2018,-,bonafide,notrim,eval,bonafide,-,-,-,-,0,548486,71,71,test-00071-of-00080.parquet
TEM1,DF_E_4839394,high_mp3,vcc2020,Task1-team28,spoof,notrim,eval,neural_vocoder_autoregressive,Task1,team28,FM,E,1,579058,75,75,test-00075-of-00080.parquet
TFM1,DF_E_4681222,mp3m4a,vcc2020,-,bonafide,notrim,eval,bonafide,-,-,-,-,0,546846,71,71,test-00071-of-00080.parquet
LA_0013,DF_E_4539994,mp3m4a,asvspoof,-,bonafide,notrim,eval,bonafide,-,-,-,-,0,518125,67,67,test-00067-of-00080.parquet
LA_0049,DF_E_4847130,low_mp3,asvspoof,-,bonafide,notrim,eval,bonafide,-,-,-,-,0,580590,75,75,test-00075-of-00080.parquet
VCC2TM2,DF_E_4695008,low_m4a,vcc2018,-,bonafide,notrim,eval,bonafide,-,-,-,-,0,549661,71,71,test-00071-of-00080.parquet
TEF2,DF_E_4528164,high_ogg,vcc2020,Task1-team26,spoof,notrim,eval,traditional_vocoder,Task1,team26,FF,E,1,515742,67,67,test-00067-of-00080.parquet
LA_0010,DF_E_4533556,oggm4a,asvspoof,-,bonafide,notrim,eval,bonafide,-,-,-,-,0,516823,67,67,test-00067-of-00080.parquet
VCC2SF1,DF_E_2988830,low_ogg,vcc2018,-,bonafide,notrim,eval,bonafide,-,-,-,-,0,201847,26,26,test-00026-of-00080.parquet
VCC2TM1,DF_E_4736885,low_m4a,vcc2018,SPO-N04,spoof,notrim,eval,traditional_vocoder,SPO,N04,MM,-,1,558171,72,72,test-00072-of-00080.parquet
TGF1,DF_E_4521096,mp3m4a,vcc2020,-,bonafide,notrim,eval,bonafide,-,-,-,-,0,514270,67,67,test-00067-of-00080.parquet
TGF1,DF_E_3070229,low_m4a,vcc2020,Task2-team23,spoof,notrim,eval,neural_vocoder_autoregressive,Task2,team23,FF,G,1,218716,28,28,test-00028-of-00080.parquet
LA_0026,DF_E_2976431,oggm4a,asvspoof,-,bonafide,notrim,eval,bonafide,-,-,-,-,0,199320,26,26,test-00026-of-00080.parquet
LA_0022,DF_E_4832424,low_ogg,asvspoof,A18,spoof,notrim,eval,traditional_vocoder,-,-,-,-,1,577629,75,75,test-00075-of-00080.parquet
TMF1,DF_E_4817977,low_m4a,vcc2020,Task2-team06,spoof,notrim,eval,traditional_vocoder,Task2,team06,FF,M,1,574608,75,75,test-00075-of-00080.parquet
LA_0036,DF_E_4706584,high_m4a,asvspoof,-,bonafide,notrim,eval,bonafide,-,-,-,-,0,552007,72,72,test-00072-of-00080.parquet
TEM2,DF_E_4676931,low_mp3,vcc2020,-,bonafide,notrim,eval,bonafide,-,-,-,-,0,545992,71,71,test-00071-of-00080.parquet
LA_0013,DF_E_4824374,mp3m4a,asvspoof,-,bonafide,notrim,eval,bonafide,-,-,-,-,0,575914,75,75,test-00075-of-00080.parquet
VCC2SM1,DF_E_4735579,high_mp3,vcc2018,-,bonafide,notrim,eval,bonafide,-,-,-,-,0,557886,72,72,test-00072-of-00080.parquet
LA_0018,DF_E_4671726,low_ogg,asvspoof,-,bonafide,notrim,eval,bonafide,-,-,-,-,0,544891,71,71,test-00071-of-00080.parquet
LA_0039,DF_E_4843691,high_ogg,asvspoof,-,bonafide,notrim,eval,bonafide,-,-,-,-,0,579930,75,75,test-00075-of-00080.parquet
VCC2SF4,DF_E_3058064,oggm4a,vcc2018,-,bonafide,notrim,eval,bonafide,-,-,-,-,0,216131,28,28,test-00028-of-00080.parquet
LA_0014,DF_E_4683041,high_ogg,asvspoof,-,bonafide,notrim,eval,bonafide,-,-,-,-,0,547210,71,71,test-00071-of-00080.parquet
SEF1,DF_E_4694098,high_mp3,vcc2020,-,bonafide,notrim,eval,bonafide,-,-,-,-,0,549463,71,71,test-00071-of-00080.parquet
TEF2,DF_E_2981657,low_m4a,vcc2020,Task1-team03,spoof,notrim,eval,neural_vocoder_autoregressive,Task1,team03,MF,E,1,200399,26,26,test-00026-of-00080.parquet
TFM1,DF_E_4528746,high_ogg,vcc2020,-,bonafide,notrim,eval,bonafide,-,-,-,-,0,515856,67,67,test-00067-of-00080.parquet
TEM1,DF_E_2983125,high_ogg,vcc2020,Task1-team03,spoof,notrim,eval,neural_vocoder_autoregressive,Task1,team03,FM,E,1,200701,26,26,test-00026-of-00080.parquet
VCC2TM2,DF_E_4678725,low_mp3,vcc2018,SPO-N18,spoof,notrim,eval,traditional_vocoder,SPO,N18,FM,-,1,546351,71,71,test-00071-of-00080.parquet
VCC2SF2,DF_E_4824234,nocodec,vcc2018,-,bonafide,notrim,eval,bonafide,-,-,-,-,0,575875,75,75,test-00075-of-00080.parquet
VCC2SM1,DF_E_3068906,high_mp3,vcc2018,-,bonafide,notrim,eval,bonafide,-,-,-,-,0,218443,28,28,test-00028-of-00080.parquet
TFM1,DF_E_4721579,high_ogg,vcc2020,-,bonafide,notrim,eval,bonafide,-,-,-,-,0,555101,72,72,test-00072-of-00080.parquet
LA_0001,DF_E_4530852,mp3m4a,asvspoof,A08,spoof,notrim,eval,neural_vocoder_nonautoregressive,-,-,-,-,1,516257,67,67,test-00067-of-00080.parquet
LA_0019,DF_E_4547858,high_ogg,asvspoof,-,bonafide,notrim,eval,bonafide,-,-,-,-,0,519675,67,67,test-00067-of-00080.parquet
LA_0053,DF_E_4706924,low_mp3,asvspoof,-,bonafide,notrim,eval,bonafide,-,-,-,-,0,552075,72,72,test-00072-of-00080.parquet
LA_0068,DF_E_4664715,mp3m4a,asvspoof,-,bonafide,notrim,eval,bonafide,-,-,-,-,0,543486,71,71,test-00071-of-00080.parquet
VCC2TM2,DF_E_4535861,low_mp3,vcc2018,-,bonafide,notrim,eval,bonafide,-,-,-,-,0,517286,67,67,test-00067-of-00080.parquet
VCC2SM2,DF_E_4720275,nocodec,vcc2018,-,bonafide,notrim,eval,bonafide,-,-,-,-,0,554839,72,72,test-00072-of-00080.parquet
VCC2SF2,DF_E_4534189,nocodec,vcc2018,-,bonafide,notrim,eval,bonafide,-,-,-,-,0,516952,67,67,test-00067-of-00080.parquet
TEF2,DF_E_4735480,oggm4a,vcc2020,Task1-team30,spoof,notrim,eval,unknown,Task1,team30,MF,E,1,557864,72,72,test-00072-of-00080.parquet
VCC2TM2,DF_E_4848961,high_mp3,vcc2018,HUB-D02,spoof,notrim,eval,traditional_vocoder,HUB,D02,FM,-,1,580963,75,75,test-00075-of-00080.parquet
LA_0047,DF_E_4826410,oggm4a,asvspoof,A18,spoof,notrim,eval,traditional_vocoder,-,-,-,-,1,576365,75,75,test-00075-of-00080.parquet
TEF2,DF_E_3002631,high_mp3,vcc2020,Task1-team17,spoof,notrim,eval,neural_vocoder_nonautoregressive,Task1,team17,MF,E,1,204780,26,26,test-00026-of-00080.parquet
TMM1,DF_E_4543310,high_ogg,vcc2020,Task2-team18,spoof,notrim,eval,unknown,Task2,team18,FM,M,1,518789,67,67,test-00067-of-00080.parquet
LA_0040,DF_E_4706595,low_mp3,asvspoof,-,bonafide,notrim,eval,bonafide,-,-,-,-,0,552010,72,72,test-00072-of-00080.parquet
TEF1,DF_E_4690791,nocodec,vcc2020,Task1-team13,spoof,notrim,eval,neural_vocoder_autoregressive,Task1,team13,FF,E,1,548807,71,71,test-00071-of-00080.parquet
LA_0034,DF_E_3005646,low_ogg,asvspoof,-,bonafide,notrim,eval,bonafide,-,-,-,-,0,205386,26,26,test-00026-of-00080.parquet
TFF1,DF_E_4548693,low_mp3,vcc2020,Task2-team33,spoof,notrim,eval,neural_vocoder_nonautoregressive,Task2,team33,MF,F,1,519859,67,67,test-00067-of-00080.parquet
LA_0030,DF_E_4696531,low_ogg,asvspoof,A15,spoof,notrim,eval,neural_vocoder_autoregressive,-,-,-,-,1,549957,71,71,test-00071-of-00080.parquet
LA_0013,DF_E_4842274,mp3m4a,asvspoof,-,bonafide,notrim,eval,bonafide,-,-,-,-,0,579633,75,75,test-00075-of-00080.parquet
VCC2TM1,DF_E_2993601,high_mp3,vcc2018,SPO-N05,spoof,notrim,eval,traditional_vocoder,SPO,N05,FM,-,1,202864,26,26,test-00026-of-00080.parquet
TEF1,DF_E_3068440,oggm4a,vcc2020,Task1-team18,spoof,notrim,eval,unknown,Task1,team18,FF,E,1,218345,28,28,test-00028-of-00080.parquet
VCC2SM3,DF_E_4717656,high_mp3,vcc2018,-,bonafide,notrim,eval,bonafide,-,-,-,-,0,554280,72,72,test-00072-of-00080.parquet
VCC2SM2,DF_E_3082682,high_mp3,vcc2018,-,bonafide,notrim,eval,bonafide,-,-,-,-,0,221128,28,28,test-00028-of-00080.parquet
TEM1,DF_E_2990114,high_m4a,vcc2020,Task1-team03,spoof,notrim,eval,neural_vocoder_autoregressive,Task1,team03,MM,E,1,202113,26,26,test-00026-of-00080.parquet
LA_0036,DF_E_4539250,mp3m4a,asvspoof,A14,spoof,notrim,eval,traditional_vocoder,-,-,-,-,1,517983,67,67,test-00067-of-00080.parquet
VCC2TM2,DF_E_4844667,low_m4a,vcc2018,HUB-N12,spoof,notrim,eval,traditional_vocoder,HUB,N12,MM,-,1,580127,75,75,test-00075-of-00080.parquet
TFM1,DF_E_4694866,low_m4a,vcc2020,Task2-team02,spoof,notrim,eval,neural_vocoder_nonautoregressive,Task2,team02,MM,F,1,549625,71,71,test-00071-of-00080.parquet
VCC2TF2,DF_E_4536391,oggm4a,vcc2018,HUB-N19,spoof,notrim,eval,traditional_vocoder,HUB,N19,MF,-,1,517400,67,67,test-00067-of-00080.parquet
SEF1,DF_E_3076746,low_mp3,vcc2020,-,bonafide,notrim,eval,bonafide,-,-,-,-,0,219953,28,28,test-00028-of-00080.parquet
VCC2TM2,DF_E_2975484,low_m4a,vcc2018,HUB-D03,spoof,notrim,eval,traditional_vocoder,HUB,D03,MM,-,1,199146,26,26,test-00026-of-00080.parquet
LA_0045,DF_E_4694639,high_ogg,asvspoof,-,bonafide,notrim,eval,bonafide,-,-,-,-,0,549579,71,71,test-00071-of-00080.parquet
VCC2TM2,DF_E_4672990,low_mp3,vcc2018,HUB-N07,spoof,notrim,eval,traditional_vocoder,HUB,N07,FM,-,1,545156,71,71,test-00071-of-00080.parquet
TEF1,DF_E_4842821,low_mp3,vcc2020,Task1-team11,spoof,notrim,eval,neural_vocoder_autoregressive,Task1,team11,FF,E,1,579740,75,75,test-00075-of-00080.parquet
TEM1,DF_E_4717064,low_ogg,vcc2020,Task1-team22,spoof,notrim,eval,neural_vocoder_nonautoregressive,Task1,team22,FM,E,1,554150,72,72,test-00072-of-00080.parquet
LA_0017,DF_E_3057830,oggm4a,asvspoof,-,bonafide,notrim,eval,bonafide,-,-,-,-,0,216075,28,28,test-00028-of-00080.parquet
TMM1,DF_E_4688486,nocodec,vcc2020,-,bonafide,notrim,eval,bonafide,-,-,-,-,0,548330,71,71,test-00071-of-00080.parquet
TMM1,DF_E_4813282,oggm4a,vcc2020,Task2-team06,spoof,notrim,eval,traditional_vocoder,Task2,team06,MM,M,1,573620,75,75,test-00075-of-00080.parquet
LA_0030,DF_E_2976778,low_ogg,asvspoof,A19,spoof,notrim,eval,traditional_vocoder,-,-,-,-,1,199398,26,26,test-00026-of-00080.parquet
LA_0057,DF_E_3061888,high_m4a,asvspoof,-,bonafide,notrim,eval,bonafide,-,-,-,-,0,216944,28,28,test-00028-of-00080.parquet
LA_0040,DF_E_4681873,high_mp3,asvspoof,-,bonafide,notrim,eval,bonafide,-,-,-,-,0,546985,71,71,test-00071-of-00080.parquet
SEM2,DF_E_4526533,low_m4a,vcc2020,-,bonafide,notrim,eval,bonafide,-,-,-,-,0,515382,67,67,test-00067-of-00080.parquet
VCC2SF4,DF_E_4734476,low_mp3,vcc2018,-,bonafide,notrim,eval,bonafide,-,-,-,-,0,557664,72,72,test-00072-of-00080.parquet
VCC2SF4,DF_E_4700015,nocodec,vcc2018,-,bonafide,notrim,eval,bonafide,-,-,-,-,0,550671,72,72,test-00072-of-00080.parquet
LA_0024,DF_E_4828054,high_ogg,asvspoof,-,bonafide,notrim,eval,bonafide,-,-,-,-,0,576717,75,75,test-00075-of-00080.parquet
LA_0025,DF_E_4842081,high_m4a,asvspoof,-,bonafide,notrim,eval,bonafide,-,-,-,-,0,579599,75,75,test-00075-of-00080.parquet
TMM1,DF_E_4822850,oggm4a,vcc2020,Task2-team27,spoof,notrim,eval,neural_vocoder_nonautoregressive,Task2,team27,MM,M,1,575562,75,75,test-00075-of-00080.parquet
LA_0031,DF_E_4843038,high_ogg,asvspoof,-,bonafide,notrim,eval,bonafide,-,-,-,-,0,579786,75,75,test-00075-of-00080.parquet
TEF1,DF_E_4836956,high_ogg,vcc2020,-,bonafide,notrim,eval,bonafide,-,-,-,-,0,578528,75,75,test-00075-of-00080.parquet
VCC2TM2,DF_E_3063600,low_ogg,vcc2018,HUB-D05,spoof,notrim,eval,traditional_vocoder,HUB,D05,FM,-,1,217295,28,28,test-00028-of-00080.parquet
LA_0042,DF_E_4521045,high_ogg,asvspoof,-,bonafide,notrim,eval,bonafide,-,-,-,-,0,514260,67,67,test-00067-of-00080.parquet
LA_0045,DF_E_4736045,low_mp3,asvspoof,A11,spoof,notrim,eval,traditional_vocoder,-,-,-,-,1,557978,72,72,test-00072-of-00080.parquet
TFM1,DF_E_4518700,high_m4a,vcc2020,Task2-team19,spoof,notrim,eval,neural_vocoder_nonautoregressive,Task2,team19,FM,F,1,513809,67,67,test-00067-of-00080.parquet
LA_0044,DF_E_2975682,high_mp3,asvspoof,-,bonafide,notrim,eval,bonafide,-,-,-,-,0,199190,26,26,test-00026-of-00080.parquet
LA_0003,DF_E_3083145,low_ogg,asvspoof,A12,spoof,notrim,eval,neural_vocoder_autoregressive,-,-,-,-,1,221229,28,28,test-00028-of-00080.parquet
TFM1,DF_E_3062858,nocodec,vcc2020,-,bonafide,notrim,eval,bonafide,-,-,-,-,0,217136,28,28,test-00028-of-00080.parquet
LA_0043,DF_E_4826307,high_ogg,asvspoof,-,bonafide,notrim,eval,bonafide,-,-,-,-,0,576345,75,75,test-00075-of-00080.parquet
LA_0007,DF_E_4524866,high_mp3,asvspoof,-,bonafide,notrim,eval,bonafide,-,-,-,-,0,515036,67,67,test-00067-of-00080.parquet
VCC2TF2,DF_E_4532899,low_mp3,vcc2018,SPO-N10,spoof,notrim,eval,neural_vocoder_autoregressive,SPO,N10,FF,-,1,516686,67,67,test-00067-of-00080.parquet
VCC2TF1,DF_E_4712144,low_ogg,vcc2018,HUB-N17,spoof,notrim,eval,neural_vocoder_autoregressive,HUB,N17,MF,-,1,553130,72,72,test-00072-of-00080.parquet
LA_0026,DF_E_4694561,low_m4a,asvspoof,-,bonafide,notrim,eval,bonafide,-,-,-,-,0,549559,71,71,test-00071-of-00080.parquet
LA_0019,DF_E_4716775,low_ogg,asvspoof,-,bonafide,notrim,eval,bonafide,-,-,-,-,0,554096,72,72,test-00072-of-00080.parquet
VCC2TM1,DF_E_3083304,mp3m4a,vcc2018,HUB-B01,spoof,notrim,eval,traditional_vocoder,HUB,B01,MM,-,1,221258,28,28,test-00028-of-00080.parquet
LA_0044,DF_E_4729059,oggm4a,asvspoof,-,bonafide,notrim,eval,bonafide,-,-,-,-,0,556628,72,72,test-00072-of-00080.parquet
LA_0008,DF_E_4843919,nocodec,asvspoof,-,bonafide,notrim,eval,bonafide,-,-,-,-,0,579979,75,75,test-00075-of-00080.parquet
LA_0022,DF_E_2983786,high_ogg,asvspoof,A07,spoof,notrim,eval,traditional_vocoder,-,-,-,-,1,200842,26,26,test-00026-of-00080.parquet
VCC2SF4,DF_E_3006597,oggm4a,vcc2018,-,bonafide,notrim,eval,bonafide,-,-,-,-,0,205593,26,26,test-00026-of-00080.parquet
TEF1,DF_E_4512854,low_m4a,vcc2020,-,bonafide,notrim,eval,bonafide,-,-,-,-,0,512620,67,67,test-00067-of-00080.parquet
TEM2,DF_E_2981804,low_mp3,vcc2020,Task1-team30,spoof,notrim,eval,unknown,Task1,team30,MM,E,1,200424,26,26,test-00026-of-00080.parquet
LA_0002,DF_E_3085412,high_ogg,asvspoof,-,bonafide,notrim,eval,bonafide,-,-,-,-,0,221674,28,28,test-00028-of-00080.parquet
LA_0059,DF_E_4539192,high_ogg,asvspoof,-,bonafide,notrim,eval,bonafide,-,-,-,-,0,517973,67,67,test-00067-of-00080.parquet
VCC2TF1,DF_E_2989194,high_ogg,vcc2018,SPO-N03,spoof,notrim,eval,unknown,SPO,N03,MF,-,1,201916,26,26,test-00026-of-00080.parquet
LA_0018,DF_E_4537649,oggm4a,asvspoof,-,bonafide,notrim,eval,bonafide,-,-,-,-,0,517659,67,67,test-00067-of-00080.parquet
TFM1,DF_E_4733747,high_ogg,vcc2020,Task2-team18,spoof,notrim,eval,unknown,Task2,team18,FM,F,1,557535,72,72,test-00072-of-00080.parquet
LA_0030,DF_E_4837034,high_mp3,asvspoof,-,bonafide,notrim,eval,bonafide,-,-,-,-,0,578541,75,75,test-00075-of-00080.parquet
TMM1,DF_E_4512639,low_m4a,vcc2020,Task2-team33,spoof,notrim,eval,neural_vocoder_nonautoregressive,Task2,team33,FM,M,1,512573,67,67,test-00067-of-00080.parquet
VCC2TM2,DF_E_3068407,high_ogg,vcc2018,SPO-B01,spoof,notrim,eval,traditional_vocoder,SPO,B01,FM,-,1,218338,28,28,test-00028-of-00080.parquet
TGM1,DF_E_4842280,high_mp3,vcc2020,Task2-team26,spoof,notrim,eval,traditional_vocoder,Task2,team26,MM,G,1,579635,75,75,test-00075-of-00080.parquet
TEM2,DF_E_4522550,mp3m4a,vcc2020,Task1-team30,spoof,notrim,eval,unknown,Task1,team30,FM,E,1,514545,67,67,test-00067-of-00080.parquet
TFF1,DF_E_4711931,oggm4a,vcc2020,Task2-team26,spoof,notrim,eval,traditional_vocoder,Task2,team26,MF,F,1,553091,72,72,test-00072-of-00080.parquet
TFF1,DF_E_3053418,high_m4a,vcc2020,Task2-team12,spoof,notrim,eval,traditional_vocoder,Task2,team12,MF,F,1,215153,28,28,test-00028-of-00080.parquet
VCC2TM1,DF_E_2981539,oggm4a,vcc2018,HUB-N19,spoof,notrim,eval,traditional_vocoder,HUB,N19,FM,-,1,200377,26,26,test-00026-of-00080.parquet
LA_0010,DF_E_4524410,high_ogg,asvspoof,-,bonafide,notrim,eval,bonafide,-,-,-,-,0,514952,67,67,test-00067-of-00080.parquet
TEM2,DF_E_4832229,low_m4a,vcc2020,Task1-team09,spoof,notrim,eval,neural_vocoder_nonautoregressive,Task1,team09,MM,E,1,577580,75,75,test-00075-of-00080.parquet
LA_0039,DF_E_2997656,low_ogg,asvspoof,-,bonafide,notrim,eval,bonafide,-,-,-,-,0,203772,26,26,test-00026-of-00080.parquet
VCC2SM1,DF_E_2992563,high_mp3,vcc2018,-,bonafide,notrim,eval,bonafide,-,-,-,-,0,202646,26,26,test-00026-of-00080.parquet
LA_0030,DF_E_4817468,high_mp3,asvspoof,-,bonafide,notrim,eval,bonafide,-,-,-,-,0,574486,75,75,test-00075-of-00080.parquet
TFF1,DF_E_3008870,low_m4a,vcc2020,Task2-team24,spoof,notrim,eval,neural_vocoder_autoregressive,Task2,team24,FF,F,1,206049,26,26,test-00026-of-00080.parquet
TMM1,DF_E_4830462,oggm4a,vcc2020,Task2-team22,spoof,notrim,eval,neural_vocoder_nonautoregressive,Task2,team22,FM,M,1,577218,75,75,test-00075-of-00080.parquet
TMM1,DF_E_4540771,high_mp3,vcc2020,-,bonafide,notrim,eval,bonafide,-,-,-,-,0,518275,67,67,test-00067-of-00080.parquet
LA_0040,DF_E_3005020,mp3m4a,asvspoof,-,bonafide,notrim,eval,bonafide,-,-,-,-,0,205254,26,26,test-00026-of-00080.parquet
TFF1,DF_E_3061863,low_ogg,vcc2020,Task2-team09,spoof,notrim,eval,neural_vocoder_nonautoregressive,Task2,team09,MF,F,1,216937,28,28,test-00028-of-00080.parquet
LA_0032,DF_E_4715156,nocodec,asvspoof,-,bonafide,notrim,eval,bonafide,-,-,-,-,0,553752,72,72,test-00072-of-00080.parquet
LA_0021,DF_E_4848489,mp3m4a,asvspoof,-,bonafide,notrim,eval,bonafide,-,-,-,-,0,580844,75,75,test-00075-of-00080.parquet
TEF1,DF_E_4662705,low_mp3,vcc2020,-,bonafide,notrim,eval,bonafide,-,-,-,-,0,543076,71,71,test-00071-of-00080.parquet
VCC2TF2,DF_E_4667340,nocodec,vcc2018,-,bonafide,notrim,eval,bonafide,-,-,-,-,0,543984,71,71,test-00071-of-00080.parquet
LA_0013,DF_E_2989093,nocodec,asvspoof,-,bonafide,notrim,eval,bonafide,-,-,-,-,0,201896,26,26,test-00026-of-00080.parquet
VCC2SM1,DF_E_3057176,oggm4a,vcc2018,-,bonafide,notrim,eval,bonafide,-,-,-,-,0,215955,28,28,test-00028-of-00080.parquet
TGM1,DF_E_3049185,low_ogg,vcc2020,Task2-team15,spoof,notrim,eval,neural_vocoder_nonautoregressive,Task2,team15,FM,G,1,214294,28,28,test-00028-of-00080.parquet
TMM1,DF_E_4547450,nocodec,vcc2020,-,bonafide,notrim,eval,bonafide,-,-,-,-,0,519598,67,67,test-00067-of-00080.parquet
VCC2TF1,DF_E_4676842,high_mp3,vcc2018,SPO-N18,spoof,notrim,eval,traditional_vocoder,SPO,N18,MF,-,1,545967,71,71,test-00071-of-00080.parquet
LA_0016,DF_E_4529528,oggm4a,asvspoof,-,bonafide,notrim,eval,bonafide,-,-,-,-,0,516016,67,67,test-00067-of-00080.parquet
TFM1,DF_E_4708598,low_mp3,vcc2020,-,bonafide,notrim,eval,bonafide,-,-,-,-,0,552400,72,72,test-00072-of-00080.parquet
VCC2TM1,DF_E_4701464,low_ogg,vcc2018,SPO-N05,spoof,notrim,eval,traditional_vocoder,SPO,N05,FM,-,1,550976,72,72,test-00072-of-00080.parquet
LA_0026,DF_E_2991815,mp3m4a,asvspoof,-,bonafide,notrim,eval,bonafide,-,-,-,-,0,202499,26,26,test-00026-of-00080.parquet
TFF1,DF_E_2994593,oggm4a,vcc2020,-,bonafide,notrim,eval,bonafide,-,-,-,-,0,203077,26,26,test-00026-of-00080.parquet
TMM1,DF_E_4835746,low_ogg,vcc2020,-,bonafide,notrim,eval,bonafide,-,-,-,-,0,578275,75,75,test-00075-of-00080.parquet
LA_0013,DF_E_4846497,low_ogg,asvspoof,-,bonafide,notrim,eval,bonafide,-,-,-,-,0,580472,75,75,test-00075-of-00080.parquet
LA_0001,DF_E_4533182,low_ogg,asvspoof,A11,spoof,notrim,eval,traditional_vocoder,-,-,-,-,1,516739,67,67,test-00067-of-00080.parquet
VCC2TM2,DF_E_3070531,nocodec,vcc2018,HUB-D02,spoof,notrim,eval,traditional_vocoder,HUB,D02,FM,-,1,218772,28,28,test-00028-of-00080.parquet
VCC2SF3,DF_E_3050470,nocodec,vcc2018,-,bonafide,notrim,eval,bonafide,-,-,-,-,0,214568,28,28,test-00028-of-00080.parquet
TGM1,DF_E_4515666,high_ogg,vcc2020,Task2-team06,spoof,notrim,eval,traditional_vocoder,Task2,team06,FM,G,1,513210,67,67,test-00067-of-00080.parquet
LA_0036,DF_E_4666921,mp3m4a,asvspoof,-,bonafide,notrim,eval,bonafide,-,-,-,-,0,543909,71,71,test-00071-of-00080.parquet
TGF1,DF_E_4697796,high_mp3,vcc2020,-,bonafide,notrim,eval,bonafide,-,-,-,-,0,550224,71,71,test-00071-of-00080.parquet
VCC2SF1,DF_E_3076712,low_ogg,vcc2018,-,bonafide,notrim,eval,bonafide,-,-,-,-,0,219947,28,28,test-00028-of-00080.parquet
TMF1,DF_E_4737481,high_m4a,vcc2020,-,bonafide,notrim,eval,bonafide,-,-,-,-,0,558287,72,72,test-00072-of-00080.parquet
VCC2TM2,DF_E_4526821,high_ogg,vcc2018,HUB-D02,spoof,notrim,eval,traditional_vocoder,HUB,D02,FM,-,1,515444,67,67,test-00067-of-00080.parquet
TGM1,DF_E_3080481,nocodec,vcc2020,Task2-team07,spoof,notrim,eval,neural_vocoder_autoregressive,Task2,team07,FM,G,1,220704,28,28,test-00028-of-00080.parquet
LA_0060,DF_E_3054564,low_ogg,asvspoof,-,bonafide,notrim,eval,bonafide,-,-,-,-,0,215393,28,28,test-00028-of-00080.parquet
LA_0030,DF_E_4682612,low_ogg,asvspoof,-,bonafide,notrim,eval,bonafide,-,-,-,-,0,547127,71,71,test-00071-of-00080.parquet
TMF1,DF_E_4833006,low_ogg,vcc2020,Task2-team15,spoof,notrim,eval,neural_vocoder_nonautoregressive,Task2,team15,MF,M,1,577743,75,75,test-00075-of-00080.parquet
LA_0015,DF_E_2990122,low_ogg,asvspoof,-,bonafide,notrim,eval,bonafide,-,-,-,-,0,202118,26,26,test-00026-of-00080.parquet
TEF1,DF_E_4679949,low_m4a,vcc2020,-,bonafide,notrim,eval,bonafide,-,-,-,-,0,546589,71,71,test-00071-of-00080.parquet
LA_0024,DF_E_4534967,oggm4a,asvspoof,-,bonafide,notrim,eval,bonafide,-,-,-,-,0,517118,67,67,test-00067-of-00080.parquet
TEM1,DF_E_2996800,high_m4a,vcc2020,Task1-team26,spoof,notrim,eval,traditional_vocoder,Task1,team26,FM,E,1,203583,26,26,test-00026-of-00080.parquet
VCC2TF1,DF_E_3073258,low_mp3,vcc2018,HUB-N04,spoof,notrim,eval,traditional_vocoder,HUB,N04,FF,-,1,219309,28,28,test-00028-of-00080.parquet
VCC2SF2,DF_E_4681757,nocodec,vcc2018,-,bonafide,notrim,eval,bonafide,-,-,-,-,0,546958,71,71,test-00071-of-00080.parquet
LA_0046,DF_E_4710838,high_ogg,asvspoof,-,bonafide,notrim,eval,bonafide,-,-,-,-,0,552848,72,72,test-00072-of-00080.parquet
VCC2TM2,DF_E_4815931,oggm4a,vcc2018,HUB-D01,spoof,notrim,eval,traditional_vocoder,HUB,D01,MM,-,1,574185,75,75,test-00075-of-00080.parquet
LA_0008,DF_E_3069972,high_ogg,asvspoof,-,bonafide,notrim,eval,bonafide,-,-,-,-,0,218659,28,28,test-00028-of-00080.parquet
TMF1,DF_E_4671087,low_mp3,vcc2020,Task2-team33,spoof,notrim,eval,neural_vocoder_nonautoregressive,Task2,team33,FF,M,1,544766,71,71,test-00071-of-00080.parquet
LA_0033,DF_E_4817931,mp3m4a,asvspoof,-,bonafide,notrim,eval,bonafide,-,-,-,-,0,574595,75,75,test-00075-of-00080.parquet
VCC2TM2,DF_E_2978371,oggm4a,vcc2018,HUB-N11,spoof,notrim,eval,traditional_vocoder,HUB,N11,FM,-,1,199732,26,26,test-00026-of-00080.parquet
VCC2TM1,DF_E_4838468,mp3m4a,vcc2018,HUB-D02,spoof,notrim,eval,traditional_vocoder,HUB,D02,MM,-,1,578824,75,75,test-00075-of-00080.parquet
LA_0003,DF_E_4847828,high_mp3,asvspoof,A14,spoof,notrim,eval,traditional_vocoder,-,-,-,-,1,580725,75,75,test-00075-of-00080.parquet
LA_0046,DF_E_3075050,low_ogg,asvspoof,-,bonafide,notrim,eval,bonafide,-,-,-,-,0,219636,28,28,test-00028-of-00080.parquet
TEM2,DF_E_4843864,high_m4a,vcc2020,-,bonafide,notrim,eval,bonafide,-,-,-,-,0,579963,75,75,test-00075-of-00080.parquet
VCC2SF4,DF_E_4531090,high_m4a,vcc2018,-,bonafide,notrim,eval,bonafide,-,-,-,-,0,516298,67,67,test-00067-of-00080.parquet
VCC2SF1,DF_E_4850205,low_m4a,vcc2018,-,bonafide,notrim,eval,bonafide,-,-,-,-,0,581206,75,75,test-00075-of-00080.parquet
TFF1,DF_E_2991802,high_ogg,vcc2020,-,bonafide,notrim,eval,bonafide,-,-,-,-,0,202495,26,26,test-00026-of-00080.parquet
TEM2,DF_E_4736807,oggm4a,vcc2020,Task1-team33,spoof,notrim,eval,neural_vocoder_nonautoregressive,Task1,team33,FM,E,1,558155,72,72,test-00072-of-00080.parquet
TMM1,DF_E_4701152,low_mp3,vcc2020,Task2-team31,spoof,notrim,eval,neural_vocoder_nonautoregressive,Task2,team31,FM,M,1,550905,72,72,test-00072-of-00080.parquet
TMM1,DF_E_4668622,low_m4a,vcc2020,Task2-team15,spoof,notrim,eval,neural_vocoder_nonautoregressive,Task2,team15,MM,M,1,544249,71,71,test-00071-of-00080.parquet
TFM1,DF_E_4828531,oggm4a,vcc2020,Task2-team10,spoof,notrim,eval,neural_vocoder_autoregressive,Task2,team10,FM,F,1,576815,75,75,test-00075-of-00080.parquet
TEM2,DF_E_2977303,high_ogg,vcc2020,Task1-team24,spoof,notrim,eval,neural_vocoder_autoregressive,Task1,team24,MM,E,1,199505,26,26,test-00026-of-00080.parquet
LA_0051,DF_E_4673090,low_ogg,asvspoof,-,bonafide,notrim,eval,bonafide,-,-,-,-,0,545175,71,71,test-00071-of-00080.parquet
TMM1,DF_E_4675385,mp3m4a,vcc2020,Task2-team18,spoof,notrim,eval,unknown,Task2,team18,FM,M,1,545673,71,71,test-00071-of-00080.parquet
TGM1,DF_E_4524335,nocodec,vcc2020,-,bonafide,notrim,eval,bonafide,-,-,-,-,0,514935,67,67,test-00067-of-00080.parquet
TEM2,DF_E_4535497,low_ogg,vcc2020,Task1-team26,spoof,notrim,eval,traditional_vocoder,Task1,team26,FM,E,1,517222,67,67,test-00067-of-00080.parquet
LA_0003,DF_E_2974032,low_ogg,asvspoof,-,bonafide,notrim,eval,bonafide,-,-,-,-,0,198866,26,26,test-00026-of-00080.parquet
LA_0048,DF_E_4695770,high_ogg,asvspoof,-,bonafide,notrim,eval,bonafide,-,-,-,-,0,549796,71,71,test-00071-of-00080.parquet
TMF1,DF_E_2999820,high_mp3,vcc2020,Task2-team32,spoof,notrim,eval,neural_vocoder_autoregressive,Task2,team32,FF,M,1,204224,26,26,test-00026-of-00080.parquet
TGF1,DF_E_4736978,oggm4a,vcc2020,Task2-team26,spoof,notrim,eval,traditional_vocoder,Task2,team26,MF,G,1,558199,72,72,test-00072-of-00080.parquet
TGF1,DF_E_4674823,oggm4a,vcc2020,-,bonafide,notrim,eval,bonafide,-,-,-,-,0,545553,71,71,test-00071-of-00080.parquet
SEF2,DF_E_4691145,low_ogg,vcc2020,-,bonafide,notrim,eval,bonafide,-,-,-,-,0,548882,71,71,test-00071-of-00080.parquet
LA_0028,DF_E_4670983,high_mp3,asvspoof,-,bonafide,notrim,eval,bonafide,-,-,-,-,0,544751,71,71,test-00071-of-00080.parquet
VCC2TM1,DF_E_3066438,oggm4a,vcc2018,HUB-N17,spoof,notrim,eval,neural_vocoder_autoregressive,HUB,N17,FM,-,1,217898,28,28,test-00028-of-00080.parquet
LA_0040,DF_E_4840953,low_ogg,asvspoof,-,bonafide,notrim,eval,bonafide,-,-,-,-,0,579357,75,75,test-00075-of-00080.parquet
TGF1,DF_E_3055816,oggm4a,vcc2020,Task2-team06,spoof,notrim,eval,traditional_vocoder,Task2,team06,MF,G,1,215652,28,28,test-00028-of-00080.parquet
LA_0004,DF_E_4831694,mp3m4a,asvspoof,-,bonafide,notrim,eval,bonafide,-,-,-,-,0,577480,75,75,test-00075-of-00080.parquet
LA_0067,DF_E_4693987,low_ogg,asvspoof,-,bonafide,notrim,eval,bonafide,-,-,-,-,0,549440,71,71,test-00071-of-00080.parquet
LA_0023,DF_E_4547982,oggm4a,asvspoof,-,bonafide,notrim,eval,bonafide,-,-,-,-,0,519691,67,67,test-00067-of-00080.parquet
VCC2TF1,DF_E_3050057,high_ogg,vcc2018,HUB-N11,spoof,notrim,eval,traditional_vocoder,HUB,N11,FF,-,1,214467,28,28,test-00028-of-00080.parquet
VCC2TM1,DF_E_4524373,low_m4a,vcc2018,HUB-N11,spoof,notrim,eval,traditional_vocoder,HUB,N11,MM,-,1,514944,67,67,test-00067-of-00080.parquet
LA_0007,DF_E_4825045,low_ogg,asvspoof,-,bonafide,notrim,eval,bonafide,-,-,-,-,0,576055,75,75,test-00075-of-00080.parquet
LA_0008,DF_E_4670491,low_m4a,asvspoof,-,bonafide,notrim,eval,bonafide,-,-,-,-,0,544643,71,71,test-00071-of-00080.parquet
TMM1,DF_E_4692713,high_mp3,vcc2020,Task2-team12,spoof,notrim,eval,traditional_vocoder,Task2,team12,MM,M,1,549187,71,71,test-00071-of-00080.parquet
VCC2TM2,DF_E_3080316,nocodec,vcc2018,HUB-N08,spoof,notrim,eval,traditional_vocoder,HUB,N08,MM,-,1,220664,28,28,test-00028-of-00080.parquet
LA_0044,DF_E_3065436,oggm4a,asvspoof,-,bonafide,notrim,eval,bonafide,-,-,-,-,0,217693,28,28,test-00028-of-00080.parquet
TEF1,DF_E_2995996,low_ogg,vcc2020,Task1-team21,spoof,notrim,eval,neural_vocoder_nonautoregressive,Task1,team21,MF,E,1,203402,26,26,test-00026-of-00080.parquet
TFM1,DF_E_3009030,nocodec,vcc2020,Task2-team20,spoof,notrim,eval,neural_vocoder_nonautoregressive,Task2,team20,MM,F,1,206080,26,26,test-00026-of-00080.parquet
VCC2TF1,DF_E_4693620,low_m4a,vcc2018,HUB-N12,spoof,notrim,eval,traditional_vocoder,HUB,N12,FF,-,1,549364,71,71,test-00071-of-00080.parquet
VCC2TF1,DF_E_4718336,nocodec,vcc2018,HUB-N06,spoof,notrim,eval,traditional_vocoder,HUB,N06,FF,-,1,554421,72,72,test-00072-of-00080.parquet
TEF1,DF_E_4823365,nocodec,vcc2020,Task1-team03,spoof,notrim,eval,neural_vocoder_autoregressive,Task1,team03,MF,E,1,575661,75,75,test-00075-of-00080.parquet
LA_0040,DF_E_4548100,mp3m4a,asvspoof,A17,spoof,notrim,eval,traditional_vocoder,-,-,-,-,1,519724,67,67,test-00067-of-00080.parquet
VCC2TM2,DF_E_4839312,oggm4a,vcc2018,-,bonafide,notrim,eval,bonafide,-,-,-,-,0,579034,75,75,test-00075-of-00080.parquet
VCC2SM3,DF_E_2984942,low_mp3,vcc2018,-,bonafide,notrim,eval,bonafide,-,-,-,-,0,201071,26,26,test-00026-of-00080.parquet
TMM1,DF_E_4540588,nocodec,vcc2020,-,bonafide,notrim,eval,bonafide,-,-,-,-,0,518247,67,67,test-00067-of-00080.parquet
TEF2,DF_E_4814563,high_ogg,vcc2020,Task1-team30,spoof,notrim,eval,unknown,Task1,team30,FF,E,1,573898,75,75,test-00075-of-00080.parquet
TEM2,DF_E_4706396,high_mp3,vcc2020,Task1-team17,spoof,notrim,eval,neural_vocoder_nonautoregressive,Task1,team17,MM,E,1,551966,72,72,test-00072-of-00080.parquet
VCC2TM1,DF_E_2985758,low_ogg,vcc2018,SPO-N06,spoof,notrim,eval,traditional_vocoder,SPO,N06,MM,-,1,201226,26,26,test-00026-of-00080.parquet
VCC2TM1,DF_E_4725893,low_mp3,vcc2018,HUB-D02,spoof,notrim,eval,traditional_vocoder,HUB,D02,FM,-,1,555966,72,72,test-00072-of-00080.parquet
TEM1,DF_E_2995283,low_m4a,vcc2020,Task1-team27,spoof,notrim,eval,neural_vocoder_nonautoregressive,Task1,team27,MM,E,1,203233,26,26,test-00026-of-00080.parquet
LA_0026,DF_E_3080577,high_mp3,asvspoof,-,bonafide,notrim,eval,bonafide,-,-,-,-,0,220726,28,28,test-00028-of-00080.parquet
VCC2SF4,DF_E_4705769,high_ogg,vcc2018,-,bonafide,notrim,eval,bonafide,-,-,-,-,0,551851,72,72,test-00072-of-00080.parquet
LA_0028,DF_E_4548446,oggm4a,asvspoof,-,bonafide,notrim,eval,bonafide,-,-,-,-,0,519804,67,67,test-00067-of-00080.parquet
TMF1,DF_E_4711059,low_m4a,vcc2020,Task2-team32,spoof,notrim,eval,neural_vocoder_autoregressive,Task2,team32,FF,M,1,552891,72,72,test-00072-of-00080.parquet
VCC2TM2,DF_E_4704406,mp3m4a,vcc2018,-,bonafide,notrim,eval,bonafide,-,-,-,-,0,551570,72,72,test-00072-of-00080.parquet
LA_0020,DF_E_4819499,oggm4a,asvspoof,-,bonafide,notrim,eval,bonafide,-,-,-,-,0,574906,75,75,test-00075-of-00080.parquet
LA_0046,DF_E_3005778,low_ogg,asvspoof,-,bonafide,notrim,eval,bonafide,-,-,-,-,0,205409,26,26,test-00026-of-00080.parquet
LA_0048,DF_E_4673975,oggm4a,asvspoof,A15,spoof,notrim,eval,neural_vocoder_autoregressive,-,-,-,-,1,545362,71,71,test-00071-of-00080.parquet
VCC2TF1,DF_E_4523782,nocodec,vcc2018,HUB-N11,spoof,notrim,eval,traditional_vocoder,HUB,N11,FF,-,1,514821,67,67,test-00067-of-00080.parquet
TMM1,DF_E_3085603,nocodec,vcc2020,Task2-team30,spoof,notrim,eval,unknown,Task2,team30,MM,M,1,221708,28,28,test-00028-of-00080.parquet
VCC2TF2,DF_E_4678807,oggm4a,vcc2018,HUB-D01,spoof,notrim,eval,traditional_vocoder,HUB,D01,FF,-,1,546368,71,71,test-00071-of-00080.parquet
TEF1,DF_E_4699249,low_ogg,vcc2020,Task1-team20,spoof,notrim,eval,neural_vocoder_nonautoregressive,Task1,team20,FF,E,1,550521,71,71,test-00071-of-00080.parquet
VCC2TM2,DF_E_3056649,mp3m4a,vcc2018,-,bonafide,notrim,eval,bonafide,-,-,-,-,0,215832,28,28,test-00028-of-00080.parquet
LA_0001,DF_E_4674321,nocodec,asvspoof,-,bonafide,notrim,eval,bonafide,-,-,-,-,0,545449,71,71,test-00071-of-00080.parquet
VCC2SM2,DF_E_4668959,low_mp3,vcc2018,-,bonafide,notrim,eval,bonafide,-,-,-,-,0,544322,71,71,test-00071-of-00080.parquet
TMF1,DF_E_4676869,high_mp3,vcc2020,Task2-team09,spoof,notrim,eval,neural_vocoder_nonautoregressive,Task2,team09,MF,M,1,545975,71,71,test-00071-of-00080.parquet
LA_0028,DF_E_4676429,high_m4a,asvspoof,-,bonafide,notrim,eval,bonafide,-,-,-,-,0,545888,71,71,test-00071-of-00080.parquet
TMF1,DF_E_2998164,mp3m4a,vcc2020,Task2-team05,spoof,notrim,eval,neural_vocoder_nonautoregressive,Task2,team05,FF,M,1,203878,26,26,test-00026-of-00080.parquet
LA_0043,DF_E_4664526,nocodec,asvspoof,A07,spoof,notrim,eval,traditional_vocoder,-,-,-,-,1,543443,71,71,test-00071-of-00080.parquet
TMF1,DF_E_4829224,mp3m4a,vcc2020,Task2-team02,spoof,notrim,eval,neural_vocoder_nonautoregressive,Task2,team02,MF,M,1,576967,75,75,test-00075-of-00080.parquet
TGF1,DF_E_4673959,high_ogg,vcc2020,-,bonafide,notrim,eval,bonafide,-,-,-,-,0,545361,71,71,test-00071-of-00080.parquet
LA_0010,DF_E_4815914,oggm4a,asvspoof,A18,spoof,notrim,eval,traditional_vocoder,-,-,-,-,1,574181,75,75,test-00075-of-00080.parquet
TEM2,DF_E_4518172,high_ogg,vcc2020,Task1-team24,spoof,notrim,eval,neural_vocoder_autoregressive,Task1,team24,FM,E,1,513697,67,67,test-00067-of-00080.parquet
VCC2TM1,DF_E_4831902,high_ogg,vcc2018,HUB-N05,spoof,notrim,eval,traditional_vocoder,HUB,N05,FM,-,1,577524,75,75,test-00075-of-00080.parquet
VCC2TM1,DF_E_3051963,oggm4a,vcc2018,HUB-N06,spoof,notrim,eval,traditional_vocoder,HUB,N06,FM,-,1,214849,28,28,test-00028-of-00080.parquet
TEF2,DF_E_4538339,oggm4a,vcc2020,Task1-team04,spoof,notrim,eval,neural_vocoder_autoregressive,Task1,team04,FF,E,1,517812,67,67,test-00067-of-00080.parquet
LA_0045,DF_E_3058065,high_ogg,asvspoof,-,bonafide,notrim,eval,bonafide,-,-,-,-,0,216132,28,28,test-00028-of-00080.parquet
TFM1,DF_E_4533514,low_mp3,vcc2020,Task2-team31,spoof,notrim,eval,neural_vocoder_nonautoregressive,Task2,team31,FM,F,1,516813,67,67,test-00067-of-00080.parquet
TGF1,DF_E_4829293,low_ogg,vcc2020,Task2-team31,spoof,notrim,eval,neural_vocoder_nonautoregressive,Task2,team31,FF,G,1,576983,75,75,test-00075-of-00080.parquet
LA_0039,DF_E_3083405,oggm4a,asvspoof,-,bonafide,notrim,eval,bonafide,-,-,-,-,0,221280,28,28,test-00028-of-00080.parquet
TEF2,DF_E_4827723,mp3m4a,vcc2020,Task1-team01,spoof,notrim,eval,neural_vocoder_nonautoregressive,Task1,team01,FF,E,1,576637,75,75,test-00075-of-00080.parquet
LA_0020,DF_E_4735424,mp3m4a,asvspoof,-,bonafide,notrim,eval,bonafide,-,-,-,-,0,557854,72,72,test-00072-of-00080.parquet
TGF1,DF_E_3082048,oggm4a,vcc2020,Task2-team10,spoof,notrim,eval,neural_vocoder_autoregressive,Task2,team10,MF,G,1,221018,28,28,test-00028-of-00080.parquet
TEF2,DF_E_4836006,low_ogg,vcc2020,Task1-team19,spoof,notrim,eval,neural_vocoder_nonautoregressive,Task1,team19,FF,E,1,578324,75,75,test-00075-of-00080.parquet
TEM2,DF_E_4543261,oggm4a,vcc2020,Task1-team29,spoof,notrim,eval,neural_vocoder_autoregressive,Task1,team29,MM,E,1,518775,67,67,test-00067-of-00080.parquet
TGM1,DF_E_4678572,mp3m4a,vcc2020,-,bonafide,notrim,eval,bonafide,-,-,-,-,0,546319,71,71,test-00071-of-00080.parquet
LA_0041,DF_E_2988756,mp3m4a,asvspoof,-,bonafide,notrim,eval,bonafide,-,-,-,-,0,201835,26,26,test-00026-of-00080.parquet
VCC2TM2,DF_E_3078108,high_m4a,vcc2018,SPO-N17,spoof,notrim,eval,neural_vocoder_autoregressive,SPO,N17,MM,-,1,220212,28,28,test-00028-of-00080.parquet
LA_0026,DF_E_4667972,high_mp3,asvspoof,-,bonafide,notrim,eval,bonafide,-,-,-,-,0,544113,71,71,test-00071-of-00080.parquet
VCC2TF2,DF_E_2990955,high_mp3,vcc2018,-,bonafide,notrim,eval,bonafide,-,-,-,-,0,202296,26,26,test-00026-of-00080.parquet
TGM1,DF_E_4546734,high_ogg,vcc2020,Task2-team28,spoof,notrim,eval,neural_vocoder_autoregressive,Task2,team28,FM,G,1,519444,67,67,test-00067-of-00080.parquet
LA_0028,DF_E_4834423,mp3m4a,asvspoof,-,bonafide,notrim,eval,bonafide,-,-,-,-,0,578033,75,75,test-00075-of-00080.parquet
TGF1,DF_E_4722713,nocodec,vcc2020,Task2-team31,spoof,notrim,eval,neural_vocoder_nonautoregressive,Task2,team31,MF,G,1,555344,72,72,test-00072-of-00080.parquet
VCC2TF1,DF_E_3056647,nocodec,vcc2018,HUB-D05,spoof,notrim,eval,traditional_vocoder,HUB,D05,FF,-,1,215830,28,28,test-00028-of-00080.parquet
LA_0022,DF_E_4689415,high_m4a,asvspoof,-,bonafide,notrim,eval,bonafide,-,-,-,-,0,548522,71,71,test-00071-of-00080.parquet
SEM2,DF_E_4676491,low_mp3,vcc2020,-,bonafide,notrim,eval,bonafide,-,-,-,-,0,545902,71,71,test-00071-of-00080.parquet
LA_0036,DF_E_4679809,nocodec,asvspoof,-,bonafide,notrim,eval,bonafide,-,-,-,-,0,546560,71,71,test-00071-of-00080.parquet
VCC2TF2,DF_E_4685893,low_m4a,vcc2018,-,bonafide,notrim,eval,bonafide,-,-,-,-,0,547806,71,71,test-00071-of-00080.parquet
LA_0008,DF_E_4710792,low_ogg,asvspoof,-,bonafide,notrim,eval,bonafide,-,-,-,-,0,552837,72,72,test-00072-of-00080.parquet
TEF1,DF_E_4718380,high_ogg,vcc2020,Task1-team09,spoof,notrim,eval,neural_vocoder_nonautoregressive,Task1,team09,FF,E,1,554430,72,72,test-00072-of-00080.parquet
TEM2,DF_E_3064487,high_mp3,vcc2020,-,bonafide,notrim,eval,bonafide,-,-,-,-,0,217489,28,28,test-00028-of-00080.parquet
LA_0011,DF_E_4689905,mp3m4a,asvspoof,-,bonafide,notrim,eval,bonafide,-,-,-,-,0,548617,71,71,test-00071-of-00080.parquet
LA_0032,DF_E_4715811,oggm4a,asvspoof,A15,spoof,notrim,eval,neural_vocoder_autoregressive,-,-,-,-,1,553895,72,72,test-00072-of-00080.parquet
LA_0041,DF_E_4725324,low_ogg,asvspoof,-,bonafide,notrim,eval,bonafide,-,-,-,-,0,555851,72,72,test-00072-of-00080.parquet
SEF2,DF_E_4689328,high_mp3,vcc2020,-,bonafide,notrim,eval,bonafide,-,-,-,-,0,548507,71,71,test-00071-of-00080.parquet
TMF1,DF_E_2994756,high_mp3,vcc2020,Task2-team05,spoof,notrim,eval,neural_vocoder_nonautoregressive,Task2,team05,MF,M,1,203108,26,26,test-00026-of-00080.parquet
VCC2TF2,DF_E_4844120,low_m4a,vcc2018,HUB-N05,spoof,notrim,eval,traditional_vocoder,HUB,N05,FF,-,1,580012,75,75,test-00075-of-00080.parquet
VCC2TM1,DF_E_3055496,oggm4a,vcc2018,HUB-N09,spoof,notrim,eval,traditional_vocoder,HUB,N09,MM,-,1,215575,28,28,test-00028-of-00080.parquet
LA_0027,DF_E_3053742,oggm4a,asvspoof,-,bonafide,notrim,eval,bonafide,-,-,-,-,0,215214,28,28,test-00028-of-00080.parquet
TGF1,DF_E_4687627,oggm4a,vcc2020,-,bonafide,notrim,eval,bonafide,-,-,-,-,0,548147,71,71,test-00071-of-00080.parquet
TEM1,DF_E_4705959,low_m4a,vcc2020,Task1-team13,spoof,notrim,eval,neural_vocoder_autoregressive,Task1,team13,MM,E,1,551892,72,72,test-00072-of-00080.parquet
VCC2SF2,DF_E_4820407,high_m4a,vcc2018,-,bonafide,notrim,eval,bonafide,-,-,-,-,0,575084,75,75,test-00075-of-00080.parquet
VCC2SF4,DF_E_2999012,low_m4a,vcc2018,-,bonafide,notrim,eval,bonafide,-,-,-,-,0,204066,26,26,test-00026-of-00080.parquet
VCC2SM1,DF_E_3007782,high_mp3,vcc2018,-,bonafide,notrim,eval,bonafide,-,-,-,-,0,205830,26,26,test-00026-of-00080.parquet
LA_0007,DF_E_2990109,high_mp3,asvspoof,-,bonafide,notrim,eval,bonafide,-,-,-,-,0,202111,26,26,test-00026-of-00080.parquet
TMM1,DF_E_3066076,nocodec,vcc2020,Task2-team33,spoof,notrim,eval,neural_vocoder_nonautoregressive,Task2,team33,MM,M,1,217831,28,28,test-00028-of-00080.parquet
TEM2,DF_E_4532502,oggm4a,vcc2020,Task1-team17,spoof,notrim,eval,neural_vocoder_nonautoregressive,Task1,team17,FM,E,1,516591,67,67,test-00067-of-00080.parquet
TEF1,DF_E_2994230,high_m4a,vcc2020,-,bonafide,notrim,eval,bonafide,-,-,-,-,0,203001,26,26,test-00026-of-00080.parquet
TGF1,DF_E_4698462,oggm4a,vcc2020,-,bonafide,notrim,eval,bonafide,-,-,-,-,0,550348,71,71,test-00071-of-00080.parquet
TEF1,DF_E_4546803,high_m4a,vcc2020,Task1-team06,spoof,notrim,eval,traditional_vocoder,Task1,team06,MF,E,1,519460,67,67,test-00067-of-00080.parquet
TEM1,DF_E_4678159,low_ogg,vcc2020,-,bonafide,notrim,eval,bonafide,-,-,-,-,0,546234,71,71,test-00071-of-00080.parquet
VCC2TM2,DF_E_3004810,mp3m4a,vcc2018,HUB-N18,spoof,notrim,eval,traditional_vocoder,HUB,N18,FM,-,1,205199,26,26,test-00026-of-00080.parquet
TFF1,DF_E_4512749,high_m4a,vcc2020,Task2-team31,spoof,notrim,eval,neural_vocoder_nonautoregressive,Task2,team31,FF,F,1,512600,67,67,test-00067-of-00080.parquet
LA_0028,DF_E_4728582,mp3m4a,asvspoof,-,bonafide,notrim,eval,bonafide,-,-,-,-,0,556534,72,72,test-00072-of-00080.parquet
TGM1,DF_E_4542018,low_mp3,vcc2020,Task2-team19,spoof,notrim,eval,neural_vocoder_nonautoregressive,Task2,team19,FM,G,1,518515,67,67,test-00067-of-00080.parquet
LA_0049,DF_E_4541393,mp3m4a,asvspoof,-,bonafide,notrim,eval,bonafide,-,-,-,-,0,518390,67,67,test-00067-of-00080.parquet
VCC2TF1,DF_E_4701726,low_m4a,vcc2018,HUB-N08,spoof,notrim,eval,traditional_vocoder,HUB,N08,FF,-,1,551024,72,72,test-00072-of-00080.parquet
VCC2SF2,DF_E_4665425,low_mp3,vcc2018,-,bonafide,notrim,eval,bonafide,-,-,-,-,0,543603,71,71,test-00071-of-00080.parquet
SEM2,DF_E_4842562,mp3m4a,vcc2020,-,bonafide,notrim,eval,bonafide,-,-,-,-,0,579694,75,75,test-00075-of-00080.parquet
VCC2TM1,DF_E_4517115,low_ogg,vcc2018,-,bonafide,notrim,eval,bonafide,-,-,-,-,0,513498,67,67,test-00067-of-00080.parquet
LA_0026,DF_E_4680024,oggm4a,asvspoof,-,bonafide,notrim,eval,bonafide,-,-,-,-,0,546603,71,71,test-00071-of-00080.parquet
LA_0023,DF_E_4537676,high_ogg,asvspoof,-,bonafide,notrim,eval,bonafide,-,-,-,-,0,517667,67,67,test-00067-of-00080.parquet
VCC2TM1,DF_E_3068121,high_m4a,vcc2018,-,bonafide,notrim,eval,bonafide,-,-,-,-,0,218270,28,28,test-00028-of-00080.parquet
LA_0019,DF_E_4842656,low_ogg,asvspoof,-,bonafide,notrim,eval,bonafide,-,-,-,-,0,579714,75,75,test-00075-of-00080.parquet
LA_0048,DF_E_3068642,low_ogg,asvspoof,A13,spoof,notrim,eval,traditional_vocoder,-,-,-,-,1,218390,28,28,test-00028-of-00080.parquet
TMM1,DF_E_4713323,mp3m4a,vcc2020,Task2-team07,spoof,notrim,eval,neural_vocoder_autoregressive,Task2,team07,FM,M,1,553379,72,72,test-00072-of-00080.parquet
LA_0027,DF_E_4546297,oggm4a,asvspoof,A18,spoof,notrim,eval,traditional_vocoder,-,-,-,-,1,519368,67,67,test-00067-of-00080.parquet
LA_0022,DF_E_3074046,low_ogg,asvspoof,-,bonafide,notrim,eval,bonafide,-,-,-,-,0,219452,28,28,test-00028-of-00080.parquet
LA_0023,DF_E_4687449,low_ogg,asvspoof,-,bonafide,notrim,eval,bonafide,-,-,-,-,0,548114,71,71,test-00071-of-00080.parquet
TEM2,DF_E_4832436,low_ogg,vcc2020,Task1-team03,spoof,notrim,eval,neural_vocoder_autoregressive,Task1,team03,MM,E,1,577631,75,75,test-00075-of-00080.parquet
TMM1,DF_E_3073342,high_ogg,vcc2020,Task2-team24,spoof,notrim,eval,neural_vocoder_autoregressive,Task2,team24,FM,M,1,219329,28,28,test-00028-of-00080.parquet
LA_0026,DF_E_4669019,high_mp3,asvspoof,-,bonafide,notrim,eval,bonafide,-,-,-,-,0,544338,71,71,test-00071-of-00080.parquet
SEM2,DF_E_4669755,oggm4a,vcc2020,-,bonafide,notrim,eval,bonafide,-,-,-,-,0,544496,71,71,test-00071-of-00080.parquet
LA_0020,DF_E_4714898,nocodec,asvspoof,-,bonafide,notrim,eval,bonafide,-,-,-,-,0,553704,72,72,test-00072-of-00080.parquet
SEM2,DF_E_4666916,high_mp3,vcc2020,-,bonafide,notrim,eval,bonafide,-,-,-,-,0,543908,71,71,test-00071-of-00080.parquet
VCC2TF2,DF_E_4708101,low_mp3,vcc2018,HUB-N12,spoof,notrim,eval,traditional_vocoder,HUB,N12,MF,-,1,552303,72,72,test-00072-of-00080.parquet
TEF2,DF_E_2993614,oggm4a,vcc2020,-,bonafide,notrim,eval,bonafide,-,-,-,-,0,202868,26,26,test-00026-of-00080.parquet
VCC2SM3,DF_E_4525171,high_mp3,vcc2018,-,bonafide,notrim,eval,bonafide,-,-,-,-,0,515107,67,67,test-00067-of-00080.parquet
TEM1,DF_E_4735370,high_mp3,vcc2020,-,bonafide,notrim,eval,bonafide,-,-,-,-,0,557844,72,72,test-00072-of-00080.parquet
LA_0040,DF_E_3055888,low_ogg,asvspoof,-,bonafide,notrim,eval,bonafide,-,-,-,-,0,215660,28,28,test-00028-of-00080.parquet
LA_0051,DF_E_3075111,mp3m4a,asvspoof,-,bonafide,notrim,eval,bonafide,-,-,-,-,0,219645,28,28,test-00028-of-00080.parquet
LA_0011,DF_E_4845986,low_m4a,asvspoof,-,bonafide,notrim,eval,bonafide,-,-,-,-,0,580384,75,75,test-00075-of-00080.parquet
LA_0018,DF_E_4542716,low_ogg,asvspoof,A13,spoof,notrim,eval,traditional_vocoder,-,-,-,-,1,518661,67,67,test-00067-of-00080.parquet
TEF1,DF_E_4721683,nocodec,vcc2020,Task1-team09,spoof,notrim,eval,neural_vocoder_nonautoregressive,Task1,team09,MF,E,1,555116,72,72,test-00072-of-00080.parquet
VCC2TM1,DF_E_3056677,high_m4a,vcc2018,SPO-N06,spoof,notrim,eval,traditional_vocoder,SPO,N06,MM,-,1,215837,28,28,test-00028-of-00080.parquet
TEF1,DF_E_4685311,nocodec,vcc2020,-,bonafide,notrim,eval,bonafide,-,-,-,-,0,547693,71,71,test-00071-of-00080.parquet
TEM1,DF_E_4699853,nocodec,vcc2020,Task1-team29,spoof,notrim,eval,neural_vocoder_autoregressive,Task1,team29,FM,E,1,550638,71,71,test-00071-of-00080.parquet
TFM1,DF_E_3083226,high_mp3,vcc2020,Task2-team03,spoof,notrim,eval,neural_vocoder_autoregressive,Task2,team03,MM,F,1,221244,28,28,test-00028-of-00080.parquet
LA_0024,DF_E_4536088,high_ogg,asvspoof,A09,spoof,notrim,eval,traditional_vocoder,-,-,-,-,1,517334,67,67,test-00067-of-00080.parquet
LA_0029,DF_E_4697401,oggm4a,asvspoof,-,bonafide,notrim,eval,bonafide,-,-,-,-,0,550137,71,71,test-00071-of-00080.parquet
VCC2TM1,DF_E_3069077,high_ogg,vcc2018,SPO-N10,spoof,notrim,eval,neural_vocoder_autoregressive,SPO,N10,MM,-,1,218482,28,28,test-00028-of-00080.parquet
VCC2SM4,DF_E_4838808,high_mp3,vcc2018,-,bonafide,notrim,eval,bonafide,-,-,-,-,0,578912,75,75,test-00075-of-00080.parquet
TGF1,DF_E_4525277,low_ogg,vcc2020,-,bonafide,notrim,eval,bonafide,-,-,-,-,0,515136,67,67,test-00067-of-00080.parquet
TEF1,DF_E_2980876,oggm4a,vcc2020,Task1-team09,spoof,notrim,eval,neural_vocoder_nonautoregressive,Task1,team09,MF,E,1,200232,26,26,test-00026-of-00080.parquet
TMM1,DF_E_4688242,oggm4a,vcc2020,-,bonafide,notrim,eval,bonafide,-,-,-,-,0,548282,71,71,test-00071-of-00080.parquet
TFM1,DF_E_2988414,low_ogg,vcc2020,-,bonafide,notrim,eval,bonafide,-,-,-,-,0,201769,26,26,test-00026-of-00080.parquet
TMF1,DF_E_2995772,low_ogg,vcc2020,Task2-team27,spoof,notrim,eval,neural_vocoder_nonautoregressive,Task2,team27,MF,M,1,203345,26,26,test-00026-of-00080.parquet
LA_0021,DF_E_4733779,mp3m4a,asvspoof,-,bonafide,notrim,eval,bonafide,-,-,-,-,0,557542,72,72,test-00072-of-00080.parquet
TFM1,DF_E_3082179,nocodec,vcc2020,Task2-team22,spoof,notrim,eval,neural_vocoder_nonautoregressive,Task2,team22,FM,F,1,221040,28,28,test-00028-of-00080.parquet
VCC2TF1,DF_E_3049584,nocodec,vcc2018,HUB-N18,spoof,notrim,eval,traditional_vocoder,HUB,N18,MF,-,1,214372,28,28,test-00028-of-00080.parquet
VCC2SM3,DF_E_4523159,nocodec,vcc2018,-,bonafide,notrim,eval,bonafide,-,-,-,-,0,514682,67,67,test-00067-of-00080.parquet
TGF1,DF_E_2980968,oggm4a,vcc2020,Task2-team30,spoof,notrim,eval,unknown,Task2,team30,FF,G,1,200250,26,26,test-00026-of-00080.parquet
TFM1,DF_E_4683049,low_ogg,vcc2020,Task2-team33,spoof,notrim,eval,neural_vocoder_nonautoregressive,Task2,team33,FM,F,1,547214,71,71,test-00071-of-00080.parquet
TEM1,DF_E_4727256,low_mp3,vcc2020,Task1-team03,spoof,notrim,eval,neural_vocoder_autoregressive,Task1,team03,MM,E,1,556253,72,72,test-00072-of-00080.parquet
TMM1,DF_E_4815221,high_ogg,vcc2020,-,bonafide,notrim,eval,bonafide,-,-,-,-,0,574036,75,75,test-00075-of-00080.parquet
LA_0008,DF_E_3075705,oggm4a,asvspoof,-,bonafide,notrim,eval,bonafide,-,-,-,-,0,219759,28,28,test-00028-of-00080.parquet
VCC2SM4,DF_E_3002390,high_m4a,vcc2018,-,bonafide,notrim,eval,bonafide,-,-,-,-,0,204726,26,26,test-00026-of-00080.parquet
VCC2SF1,DF_E_4838648,nocodec,vcc2018,-,bonafide,notrim,eval,bonafide,-,-,-,-,0,578875,75,75,test-00075-of-00080.parquet
LA_0005,DF_E_3085609,low_ogg,asvspoof,-,bonafide,notrim,eval,bonafide,-,-,-,-,0,221710,28,28,test-00028-of-00080.parquet
TFF1,DF_E_2975566,mp3m4a,vcc2020,Task2-team22,spoof,notrim,eval,neural_vocoder_nonautoregressive,Task2,team22,FF,F,1,199157,26,26,test-00026-of-00080.parquet
TEM1,DF_E_4813700,mp3m4a,vcc2020,-,bonafide,notrim,eval,bonafide,-,-,-,-,0,573706,75,75,test-00075-of-00080.parquet
TEM1,DF_E_4709354,high_ogg,vcc2020,Task1-team03,spoof,notrim,eval,neural_vocoder_autoregressive,Task1,team03,MM,E,1,552560,72,72,test-00072-of-00080.parquet
VCC2TF1,DF_E_2983722,low_m4a,vcc2018,SPO-N10,spoof,notrim,eval,neural_vocoder_autoregressive,SPO,N10,MF,-,1,200827,26,26,test-00026-of-00080.parquet
VCC2TF1,DF_E_4544141,oggm4a,vcc2018,SPO-N04,spoof,notrim,eval,traditional_vocoder,SPO,N04,MF,-,1,518944,67,67,test-00067-of-00080.parquet
VCC2TM1,DF_E_4730279,high_mp3,vcc2018,HUB-N04,spoof,notrim,eval,traditional_vocoder,HUB,N04,FM,-,1,556877,72,72,test-00072-of-00080.parquet
VCC2TM1,DF_E_4814611,oggm4a,vcc2018,HUB-N08,spoof,notrim,eval,traditional_vocoder,HUB,N08,MM,-,1,573909,75,75,test-00075-of-00080.parquet
LA_0046,DF_E_4708543,mp3m4a,asvspoof,A15,spoof,notrim,eval,neural_vocoder_autoregressive,-,-,-,-,1,552392,72,72,test-00072-of-00080.parquet
VCC2TF2,DF_E_4665751,high_ogg,vcc2018,-,bonafide,notrim,eval,bonafide,-,-,-,-,0,543671,71,71,test-00071-of-00080.parquet
VCC2TF2,DF_E_4662599,high_ogg,vcc2018,HUB-D05,spoof,notrim,eval,traditional_vocoder,HUB,D05,MF,-,1,543053,71,71,test-00071-of-00080.parquet
VCC2TM2,DF_E_4536281,oggm4a,vcc2018,SPO-N11,spoof,notrim,eval,traditional_vocoder,SPO,N11,FM,-,1,517376,67,67,test-00067-of-00080.parquet
TEM1,DF_E_4734737,oggm4a,vcc2020,Task1-team01,spoof,notrim,eval,neural_vocoder_nonautoregressive,Task1,team01,FM,E,1,557728,72,72,test-00072-of-00080.parquet
VCC2TF1,DF_E_3054571,mp3m4a,vcc2018,HUB-D03,spoof,notrim,eval,traditional_vocoder,HUB,D03,FF,-,1,215394,28,28,test-00028-of-00080.parquet
TFF1,DF_E_3064875,mp3m4a,vcc2020,Task2-team12,spoof,notrim,eval,traditional_vocoder,Task2,team12,MF,F,1,217580,28,28,test-00028-of-00080.parquet
LA_0004,DF_E_4840086,oggm4a,asvspoof,A14,spoof,notrim,eval,traditional_vocoder,-,-,-,-,1,579194,75,75,test-00075-of-00080.parquet
VCC2TF2,DF_E_4693758,high_m4a,vcc2018,SPO-N04,spoof,notrim,eval,traditional_vocoder,SPO,N04,MF,-,1,549395,71,71,test-00071-of-00080.parquet
LA_0044,DF_E_3074766,oggm4a,asvspoof,-,bonafide,notrim,eval,bonafide,-,-,-,-,0,219579,28,28,test-00028-of-00080.parquet
VCC2SF4,DF_E_4674376,low_m4a,vcc2018,-,bonafide,notrim,eval,bonafide,-,-,-,-,0,545458,71,71,test-00071-of-00080.parquet
TEF1,DF_E_4522964,oggm4a,vcc2020,-,bonafide,notrim,eval,bonafide,-,-,-,-,0,514644,67,67,test-00067-of-00080.parquet
VCC2TM2,DF_E_4847489,oggm4a,vcc2018,-,bonafide,notrim,eval,bonafide,-,-,-,-,0,580662,75,75,test-00075-of-00080.parquet
TEF1,DF_E_4849296,high_mp3,vcc2020,Task1-team14,spoof,notrim,eval,neural_vocoder_nonautoregressive,Task1,team14,FF,E,1,581037,75,75,test-00075-of-00080.parquet
VCC2TF1,DF_E_4693210,low_ogg,vcc2018,-,bonafide,notrim,eval,bonafide,-,-,-,-,0,549290,71,71,test-00071-of-00080.parquet
TGF1,DF_E_3048985,low_ogg,vcc2020,Task2-team08,spoof,notrim,eval,traditional_vocoder,Task2,team08,FF,G,1,214247,28,28,test-00028-of-00080.parquet
TGM1,DF_E_4714431,high_mp3,vcc2020,-,bonafide,notrim,eval,bonafide,-,-,-,-,0,553600,72,72,test-00072-of-00080.parquet
LA_0039,DF_E_4530086,oggm4a,asvspoof,-,bonafide,notrim,eval,bonafide,-,-,-,-,0,516103,67,67,test-00067-of-00080.parquet
LA_0027,DF_E_4726036,mp3m4a,asvspoof,-,bonafide,notrim,eval,bonafide,-,-,-,-,0,555997,72,72,test-00072-of-00080.parquet
LA_0032,DF_E_3003211,oggm4a,asvspoof,-,bonafide,notrim,eval,bonafide,-,-,-,-,0,204894,26,26,test-00026-of-00080.parquet
VCC2SM3,DF_E_4849514,low_ogg,vcc2018,-,bonafide,notrim,eval,bonafide,-,-,-,-,0,581082,75,75,test-00075-of-00080.parquet
SEM1,DF_E_4736896,low_ogg,vcc2020,-,bonafide,notrim,eval,bonafide,-,-,-,-,0,558175,72,72,test-00072-of-00080.parquet
TEF2,DF_E_4832992,high_ogg,vcc2020,-,bonafide,notrim,eval,bonafide,-,-,-,-,0,577736,75,75,test-00075-of-00080.parquet
VCC2TF1,DF_E_4831625,high_m4a,vcc2018,SPO-B01,spoof,notrim,eval,traditional_vocoder,SPO,B01,FF,-,1,577461,75,75,test-00075-of-00080.parquet
LA_0013,DF_E_4532137,oggm4a,asvspoof,-,bonafide,notrim,eval,bonafide,-,-,-,-,0,516515,67,67,test-00067-of-00080.parquet
LA_0015,DF_E_2985688,low_ogg,asvspoof,-,bonafide,notrim,eval,bonafide,-,-,-,-,0,201213,26,26,test-00026-of-00080.parquet
TGF1,DF_E_4528644,low_mp3,vcc2020,Task2-team27,spoof,notrim,eval,neural_vocoder_nonautoregressive,Task2,team27,FF,G,1,515836,67,67,test-00067-of-00080.parquet
TEM2,DF_E_4699595,mp3m4a,vcc2020,-,bonafide,notrim,eval,bonafide,-,-,-,-,0,550587,71,71,test-00071-of-00080.parquet
TGM1,DF_E_4828593,oggm4a,vcc2020,-,bonafide,notrim,eval,bonafide,-,-,-,-,0,576825,75,75,test-00075-of-00080.parquet
VCC2TM1,DF_E_3006152,oggm4a,vcc2018,SPO-N18,spoof,notrim,eval,traditional_vocoder,SPO,N18,FM,-,1,205501,26,26,test-00026-of-00080.parquet
LA_0044,DF_E_3000851,low_ogg,asvspoof,-,bonafide,notrim,eval,bonafide,-,-,-,-,0,204413,26,26,test-00026-of-00080.parquet
VCC2SF2,DF_E_4549494,high_m4a,vcc2018,-,bonafide,notrim,eval,bonafide,-,-,-,-,0,520017,67,67,test-00067-of-00080.parquet
VCC2TM2,DF_E_4514192,low_ogg,vcc2018,HUB-D02,spoof,notrim,eval,traditional_vocoder,HUB,D02,FM,-,1,512894,67,67,test-00067-of-00080.parquet
VCC2TM2,DF_E_4817257,low_mp3,vcc2018,HUB-D01,spoof,notrim,eval,traditional_vocoder,HUB,D01,FM,-,1,574443,75,75,test-00075-of-00080.parquet
LA_0014,DF_E_3085623,oggm4a,asvspoof,-,bonafide,notrim,eval,bonafide,-,-,-,-,0,221716,28,28,test-00028-of-00080.parquet
VCC2TM2,DF_E_3082617,low_ogg,vcc2018,HUB-N03,spoof,notrim,eval,unknown,HUB,N03,FM,-,1,221115,28,28,test-00028-of-00080.parquet
TFF1,DF_E_4836740,high_ogg,vcc2020,Task2-team12,spoof,notrim,eval,traditional_vocoder,Task2,team12,MF,F,1,578485,75,75,test-00075-of-00080.parquet
TMF1,DF_E_4843194,low_ogg,vcc2020,Task2-team03,spoof,notrim,eval,neural_vocoder_autoregressive,Task2,team03,MF,M,1,579826,75,75,test-00075-of-00080.parquet
LA_0044,DF_E_3007072,oggm4a,asvspoof,-,bonafide,notrim,eval,bonafide,-,-,-,-,0,205680,26,26,test-00026-of-00080.parquet
VCC2SF2,DF_E_3009546,nocodec,vcc2018,-,bonafide,notrim,eval,bonafide,-,-,-,-,0,206181,26,26,test-00026-of-00080.parquet
TGM1,DF_E_4531607,low_m4a,vcc2020,-,bonafide,notrim,eval,bonafide,-,-,-,-,0,516407,67,67,test-00067-of-00080.parquet
VCC2TM2,DF_E_4704942,high_m4a,vcc2018,HUB-D03,spoof,notrim,eval,traditional_vocoder,HUB,D03,FM,-,1,551683,72,72,test-00072-of-00080.parquet
VCC2SM1,DF_E_4825953,high_m4a,vcc2018,-,bonafide,notrim,eval,bonafide,-,-,-,-,0,576269,75,75,test-00075-of-00080.parquet
VCC2TF2,DF_E_3005484,high_ogg,vcc2018,HUB-N10,spoof,notrim,eval,neural_vocoder_autoregressive,HUB,N10,FF,-,1,205354,26,26,test-00026-of-00080.parquet
TGM1,DF_E_4712920,low_ogg,vcc2020,-,bonafide,notrim,eval,bonafide,-,-,-,-,0,553291,72,72,test-00072-of-00080.parquet
LA_0043,DF_E_3000341,low_ogg,asvspoof,A19,spoof,notrim,eval,traditional_vocoder,-,-,-,-,1,204319,26,26,test-00026-of-00080.parquet
VCC2TF2,DF_E_4535960,mp3m4a,vcc2018,HUB-D03,spoof,notrim,eval,traditional_vocoder,HUB,D03,MF,-,1,517309,67,67,test-00067-of-00080.parquet
LA_0012,DF_E_2980989,oggm4a,asvspoof,A08,spoof,notrim,eval,neural_vocoder_nonautoregressive,-,-,-,-,1,200256,26,26,test-00026-of-00080.parquet
LA_0030,DF_E_3059905,high_ogg,asvspoof,-,bonafide,notrim,eval,bonafide,-,-,-,-,0,216520,28,28,test-00028-of-00080.parquet
TFM1,DF_E_2981148,mp3m4a,vcc2020,Task2-team25,spoof,notrim,eval,neural_vocoder_autoregressive,Task2,team25,FM,F,1,200292,26,26,test-00026-of-00080.parquet
VCC2SM1,DF_E_4541579,high_ogg,vcc2018,-,bonafide,notrim,eval,bonafide,-,-,-,-,0,518432,67,67,test-00067-of-00080.parquet
VCC2SM1,DF_E_4838910,low_m4a,vcc2018,-,bonafide,notrim,eval,bonafide,-,-,-,-,0,578942,75,75,test-00075-of-00080.parquet
LA_0011,DF_E_3076486,nocodec,asvspoof,-,bonafide,notrim,eval,bonafide,-,-,-,-,0,219908,28,28,test-00028-of-00080.parquet
TFM1,DF_E_4844270,oggm4a,vcc2020,Task2-team25,spoof,notrim,eval,neural_vocoder_autoregressive,Task2,team25,FM,F,1,580052,75,75,test-00075-of-00080.parquet
VCC2TM2,DF_E_4526504,low_m4a,vcc2018,-,bonafide,notrim,eval,bonafide,-,-,-,-,0,515373,67,67,test-00067-of-00080.parquet
TFF1,DF_E_3059659,high_mp3,vcc2020,Task2-team16,spoof,notrim,eval,neural_vocoder_nonautoregressive,Task2,team16,FF,F,1,216474,28,28,test-00028-of-00080.parquet
TEM1,DF_E_4689255,high_ogg,vcc2020,Task1-team16,spoof,notrim,eval,neural_vocoder_nonautoregressive,Task1,team16,MM,E,1,548488,71,71,test-00071-of-00080.parquet
VCC2SM2,DF_E_4681101,oggm4a,vcc2018,-,bonafide,notrim,eval,bonafide,-,-,-,-,0,546824,71,71,test-00071-of-00080.parquet
VCC2TM2,DF_E_4534511,low_mp3,vcc2018,SPO-N13,spoof,notrim,eval,traditional_vocoder,SPO,N13,FM,-,1,517024,67,67,test-00067-of-00080.parquet
LA_0037,DF_E_4693753,oggm4a,asvspoof,-,bonafide,notrim,eval,bonafide,-,-,-,-,0,549393,71,71,test-00071-of-00080.parquet
LA_0020,DF_E_4679086,low_mp3,asvspoof,-,bonafide,notrim,eval,bonafide,-,-,-,-,0,546418,71,71,test-00071-of-00080.parquet
LA_0029,DF_E_4529834,oggm4a,asvspoof,-,bonafide,notrim,eval,bonafide,-,-,-,-,0,516057,67,67,test-00067-of-00080.parquet
TEM1,DF_E_4548697,nocodec,vcc2020,-,bonafide,notrim,eval,bonafide,-,-,-,-,0,519861,67,67,test-00067-of-00080.parquet
VCC2SF1,DF_E_2991123,high_ogg,vcc2018,-,bonafide,notrim,eval,bonafide,-,-,-,-,0,202339,26,26,test-00026-of-00080.parquet
VCC2TM1,DF_E_4535535,low_m4a,vcc2018,-,bonafide,notrim,eval,bonafide,-,-,-,-,0,517230,67,67,test-00067-of-00080.parquet
TMF1,DF_E_3073894,mp3m4a,vcc2020,-,bonafide,notrim,eval,bonafide,-,-,-,-,0,219427,28,28,test-00028-of-00080.parquet
LA_0018,DF_E_4543745,low_ogg,asvspoof,A10,spoof,notrim,eval,neural_vocoder_autoregressive,-,-,-,-,1,518874,67,67,test-00067-of-00080.parquet
LA_0023,DF_E_3066599,high_m4a,asvspoof,A07,spoof,notrim,eval,traditional_vocoder,-,-,-,-,1,217923,28,28,test-00028-of-00080.parquet
LA_0038,DF_E_4541434,high_ogg,asvspoof,-,bonafide,notrim,eval,bonafide,-,-,-,-,0,518400,67,67,test-00067-of-00080.parquet
LA_0058,DF_E_2979878,high_ogg,asvspoof,-,bonafide,notrim,eval,bonafide,-,-,-,-,0,200036,26,26,test-00026-of-00080.parquet
LA_0018,DF_E_2987454,low_ogg,asvspoof,-,bonafide,notrim,eval,bonafide,-,-,-,-,0,201576,26,26,test-00026-of-00080.parquet
TEM1,DF_E_4844310,high_mp3,vcc2020,-,bonafide,notrim,eval,bonafide,-,-,-,-,0,580059,75,75,test-00075-of-00080.parquet
VCC2TF1,DF_E_4726925,high_ogg,vcc2018,-,bonafide,notrim,eval,bonafide,-,-,-,-,0,556193,72,72,test-00072-of-00080.parquet
LA_0026,DF_E_3048575,high_m4a,asvspoof,-,bonafide,notrim,eval,bonafide,-,-,-,-,0,214166,28,28,test-00028-of-00080.parquet
LA_0032,DF_E_2987467,low_ogg,asvspoof,A18,spoof,notrim,eval,traditional_vocoder,-,-,-,-,1,201582,26,26,test-00026-of-00080.parquet
VCC2TM1,DF_E_4525102,high_mp3,vcc2018,HUB-N08,spoof,notrim,eval,traditional_vocoder,HUB,N08,FM,-,1,515092,67,67,test-00067-of-00080.parquet
LA_0019,DF_E_3004735,mp3m4a,asvspoof,-,bonafide,notrim,eval,bonafide,-,-,-,-,0,205189,26,26,test-00026-of-00080.parquet
VCC2TM2,DF_E_4535662,low_mp3,vcc2018,HUB-D04,spoof,notrim,eval,traditional_vocoder,HUB,D04,FM,-,1,517252,67,67,test-00067-of-00080.parquet
LA_0023,DF_E_4847338,high_ogg,asvspoof,-,bonafide,notrim,eval,bonafide,-,-,-,-,0,580637,75,75,test-00075-of-00080.parquet
TMF1,DF_E_4836487,mp3m4a,vcc2020,-,bonafide,notrim,eval,bonafide,-,-,-,-,0,578436,75,75,test-00075-of-00080.parquet
VCC2SF4,DF_E_4724832,high_ogg,vcc2018,-,bonafide,notrim,eval,bonafide,-,-,-,-,0,555742,72,72,test-00072-of-00080.parquet
LA_0040,DF_E_4827123,high_ogg,asvspoof,-,bonafide,notrim,eval,bonafide,-,-,-,-,0,576525,75,75,test-00075-of-00080.parquet
TEF2,DF_E_3054380,oggm4a,vcc2020,Task1-team27,spoof,notrim,eval,neural_vocoder_nonautoregressive,Task1,team27,FF,E,1,215348,28,28,test-00028-of-00080.parquet
LA_0021,DF_E_4849685,high_ogg,asvspoof,-,bonafide,notrim,eval,bonafide,-,-,-,-,0,581116,75,75,test-00075-of-00080.parquet
TMM1,DF_E_4716989,high_m4a,vcc2020,Task2-team20,spoof,notrim,eval,neural_vocoder_nonautoregressive,Task2,team20,FM,M,1,554128,72,72,test-00072-of-00080.parquet
VCC2SM3,DF_E_4731355,high_ogg,vcc2018,-,bonafide,notrim,eval,bonafide,-,-,-,-,0,557075,72,72,test-00072-of-00080.parquet
VCC2TM2,DF_E_4543099,low_ogg,vcc2018,SPO-N10,spoof,notrim,eval,neural_vocoder_autoregressive,SPO,N10,FM,-,1,518744,67,67,test-00067-of-00080.parquet
LA_0004,DF_E_4702029,low_ogg,asvspoof,-,bonafide,notrim,eval,bonafide,-,-,-,-,0,551089,72,72,test-00072-of-00080.parquet
LA_0041,DF_E_4850020,high_ogg,asvspoof,A13,spoof,notrim,eval,traditional_vocoder,-,-,-,-,1,581173,75,75,test-00075-of-00080.parquet
TMF1,DF_E_4720052,high_m4a,vcc2020,-,bonafide,notrim,eval,bonafide,-,-,-,-,0,554783,72,72,test-00072-of-00080.parquet
LA_0029,DF_E_4827085,low_ogg,asvspoof,-,bonafide,notrim,eval,bonafide,-,-,-,-,0,576519,75,75,test-00075-of-00080.parquet
VCC2SM3,DF_E_2990134,low_m4a,vcc2018,-,bonafide,notrim,eval,bonafide,-,-,-,-,0,202121,26,26,test-00026-of-00080.parquet
TEF1,DF_E_4530674,high_mp3,vcc2020,Task1-team19,spoof,notrim,eval,neural_vocoder_nonautoregressive,Task1,team19,MF,E,1,516221,67,67,test-00067-of-00080.parquet
TGM1,DF_E_3079899,oggm4a,vcc2020,Task2-team05,spoof,notrim,eval,neural_vocoder_nonautoregressive,Task2,team05,FM,G,1,220587,28,28,test-00028-of-00080.parquet
TEM2,DF_E_4704077,low_mp3,vcc2020,-,bonafide,notrim,eval,bonafide,-,-,-,-,0,551503,72,72,test-00072-of-00080.parquet
TGM1,DF_E_4736384,nocodec,vcc2020,Task2-team10,spoof,notrim,eval,neural_vocoder_autoregressive,Task2,team10,FM,G,1,558060,72,72,test-00072-of-00080.parquet
LA_0033,DF_E_4832182,low_ogg,asvspoof,A18,spoof,notrim,eval,traditional_vocoder,-,-,-,-,1,577570,75,75,test-00075-of-00080.parquet
VCC2TM1,DF_E_3009038,high_mp3,vcc2018,SPO-N10,spoof,notrim,eval,neural_vocoder_autoregressive,SPO,N10,MM,-,1,206083,26,26,test-00026-of-00080.parquet
LA_0051,DF_E_3059972,mp3m4a,asvspoof,-,bonafide,notrim,eval,bonafide,-,-,-,-,0,216529,28,28,test-00028-of-00080.parquet
LA_0018,DF_E_4700338,mp3m4a,asvspoof,-,bonafide,notrim,eval,bonafide,-,-,-,-,0,550740,72,72,test-00072-of-00080.parquet
VCC2SF2,DF_E_4529579,high_mp3,vcc2018,-,bonafide,notrim,eval,bonafide,-,-,-,-,0,516023,67,67,test-00067-of-00080.parquet
LA_0027,DF_E_4733503,high_m4a,asvspoof,-,bonafide,notrim,eval,bonafide,-,-,-,-,0,557488,72,72,test-00072-of-00080.parquet
VCC2TM1,DF_E_4700068,nocodec,vcc2018,HUB-N17,spoof,notrim,eval,neural_vocoder_autoregressive,HUB,N17,MM,-,1,550681,72,72,test-00072-of-00080.parquet
LA_0048,DF_E_4514135,mp3m4a,asvspoof,-,bonafide,notrim,eval,bonafide,-,-,-,-,0,512876,67,67,test-00067-of-00080.parquet
VCC2TM1,DF_E_4521805,low_mp3,vcc2018,HUB-N11,spoof,notrim,eval,traditional_vocoder,HUB,N11,MM,-,1,514399,67,67,test-00067-of-00080.parquet
TEM1,DF_E_4537586,low_m4a,vcc2020,-,bonafide,notrim,eval,bonafide,-,-,-,-,0,517644,67,67,test-00067-of-00080.parquet
TMF1,DF_E_4848570,high_m4a,vcc2020,Task2-team19,spoof,notrim,eval,neural_vocoder_nonautoregressive,Task2,team19,FF,M,1,580865,75,75,test-00075-of-00080.parquet
TEF1,DF_E_3005583,low_mp3,vcc2020,-,bonafide,notrim,eval,bonafide,-,-,-,-,0,205374,26,26,test-00026-of-00080.parquet
LA_0039,DF_E_3071480,low_ogg,asvspoof,-,bonafide,notrim,eval,bonafide,-,-,-,-,0,218955,28,28,test-00028-of-00080.parquet
VCC2TF1,DF_E_4539197,oggm4a,vcc2018,HUB-N15,spoof,notrim,eval,traditional_vocoder,HUB,N15,FF,-,1,517975,67,67,test-00067-of-00080.parquet
TEM2,DF_E_4512861,low_m4a,vcc2020,Task1-team23,spoof,notrim,eval,neural_vocoder_nonautoregressive,Task1,team23,FM,E,1,512621,67,67,test-00067-of-00080.parquet
LA_0002,DF_E_3050537,oggm4a,asvspoof,-,bonafide,notrim,eval,bonafide,-,-,-,-,0,214577,28,28,test-00028-of-00080.parquet
LA_0028,DF_E_2997758,high_ogg,asvspoof,-,bonafide,notrim,eval,bonafide,-,-,-,-,0,203789,26,26,test-00026-of-00080.parquet
VCC2TF1,DF_E_3075147,low_m4a,vcc2018,SPO-N05,spoof,notrim,eval,traditional_vocoder,SPO,N05,FF,-,1,219653,28,28,test-00028-of-00080.parquet
TGF1,DF_E_4532525,high_ogg,vcc2020,Task2-team25,spoof,notrim,eval,neural_vocoder_autoregressive,Task2,team25,FF,G,1,516595,67,67,test-00067-of-00080.parquet
VCC2TM1,DF_E_3054138,high_mp3,vcc2018,-,bonafide,notrim,eval,bonafide,-,-,-,-,0,215296,28,28,test-00028-of-00080.parquet
VCC2SF4,DF_E_3053347,low_ogg,vcc2018,-,bonafide,notrim,eval,bonafide,-,-,-,-,0,215142,28,28,test-00028-of-00080.parquet
VCC2TF2,DF_E_3059885,high_ogg,vcc2018,SPO-B01,spoof,notrim,eval,traditional_vocoder,SPO,B01,MF,-,1,216514,28,28,test-00028-of-00080.parquet
LA_0004,DF_E_4540211,high_m4a,asvspoof,A07,spoof,notrim,eval,traditional_vocoder,-,-,-,-,1,518170,67,67,test-00067-of-00080.parquet
LA_0015,DF_E_4843764,high_mp3,asvspoof,-,bonafide,notrim,eval,bonafide,-,-,-,-,0,579943,75,75,test-00075-of-00080.parquet
VCC2TM1,DF_E_3065744,low_m4a,vcc2018,SPO-N18,spoof,notrim,eval,traditional_vocoder,SPO,N18,MM,-,1,217763,28,28,test-00028-of-00080.parquet
TEM2,DF_E_3080366,low_mp3,vcc2020,Task1-team10,spoof,notrim,eval,neural_vocoder_autoregressive,Task1,team10,FM,E,1,220677,28,28,test-00028-of-00080.parquet
VCC2TF2,DF_E_4529283,mp3m4a,vcc2018,SPO-N17,spoof,notrim,eval,neural_vocoder_autoregressive,SPO,N17,FF,-,1,515975,67,67,test-00067-of-00080.parquet
VCC2TM1,DF_E_3055988,high_mp3,vcc2018,SPO-N18,spoof,notrim,eval,traditional_vocoder,SPO,N18,MM,-,1,215677,28,28,test-00028-of-00080.parquet
VCC2SM1,DF_E_4519795,high_mp3,vcc2018,-,bonafide,notrim,eval,bonafide,-,-,-,-,0,514012,67,67,test-00067-of-00080.parquet
VCC2TF1,DF_E_4662739,oggm4a,vcc2018,HUB-N10,spoof,notrim,eval,neural_vocoder_autoregressive,HUB,N10,MF,-,1,543086,71,71,test-00071-of-00080.parquet
VCC2SF3,DF_E_4680080,low_ogg,vcc2018,-,bonafide,notrim,eval,bonafide,-,-,-,-,0,546613,71,71,test-00071-of-00080.parquet
TEF1,DF_E_4690853,high_mp3,vcc2020,Task1-team21,spoof,notrim,eval,neural_vocoder_nonautoregressive,Task1,team21,FF,E,1,548826,71,71,test-00071-of-00080.parquet
LA_0044,DF_E_3084620,mp3m4a,asvspoof,A12,spoof,notrim,eval,neural_vocoder_autoregressive,-,-,-,-,1,221511,28,28,test-00028-of-00080.parquet
TGF1,DF_E_4830974,low_ogg,vcc2020,-,bonafide,notrim,eval,bonafide,-,-,-,-,0,577319,75,75,test-00075-of-00080.parquet
VCC2TM2,DF_E_4844657,mp3m4a,vcc2018,HUB-N08,spoof,notrim,eval,traditional_vocoder,HUB,N08,FM,-,1,580125,75,75,test-00075-of-00080.parquet
VCC2TM2,DF_E_3064233,oggm4a,vcc2018,HUB-D04,spoof,notrim,eval,traditional_vocoder,HUB,D04,MM,-,1,217440,28,28,test-00028-of-00080.parquet
TMF1,DF_E_3078217,mp3m4a,vcc2020,Task2-team18,spoof,notrim,eval,unknown,Task2,team18,FF,M,1,220232,28,28,test-00028-of-00080.parquet
VCC2TM2,DF_E_4840614,high_mp3,vcc2018,HUB-N14,spoof,notrim,eval,traditional_vocoder,HUB,N14,MM,-,1,579288,75,75,test-00075-of-00080.parquet
VCC2SM1,DF_E_4827979,high_m4a,vcc2018,-,bonafide,notrim,eval,bonafide,-,-,-,-,0,576697,75,75,test-00075-of-00080.parquet
TGF1,DF_E_4519684,low_ogg,vcc2020,Task2-team15,spoof,notrim,eval,neural_vocoder_nonautoregressive,Task2,team15,MF,G,1,513987,67,67,test-00067-of-00080.parquet
TEF2,DF_E_4840060,high_ogg,vcc2020,Task1-team07,spoof,notrim,eval,neural_vocoder_autoregressive,Task1,team07,MF,E,1,579186,75,75,test-00075-of-00080.parquet
VCC2TF1,DF_E_4544609,high_ogg,vcc2018,SPO-N10,spoof,notrim,eval,neural_vocoder_autoregressive,SPO,N10,MF,-,1,519036,67,67,test-00067-of-00080.parquet
LA_0017,DF_E_2986659,low_ogg,asvspoof,-,bonafide,notrim,eval,bonafide,-,-,-,-,0,201397,26,26,test-00026-of-00080.parquet
VCC2TM2,DF_E_3068136,nocodec,vcc2018,-,bonafide,notrim,eval,bonafide,-,-,-,-,0,218273,28,28,test-00028-of-00080.parquet
TEF1,DF_E_4832907,high_ogg,vcc2020,Task1-team33,spoof,notrim,eval,neural_vocoder_nonautoregressive,Task1,team33,MF,E,1,577720,75,75,test-00075-of-00080.parquet
VCC2TM1,DF_E_4823600,high_m4a,vcc2018,-,bonafide,notrim,eval,bonafide,-,-,-,-,0,575721,75,75,test-00075-of-00080.parquet
VCC2SF2,DF_E_4717658,high_ogg,vcc2018,-,bonafide,notrim,eval,bonafide,-,-,-,-,0,554281,72,72,test-00072-of-00080.parquet
LA_0040,DF_E_3071347,mp3m4a,asvspoof,-,bonafide,notrim,eval,bonafide,-,-,-,-,0,218928,28,28,test-00028-of-00080.parquet
LA_0009,DF_E_4694208,oggm4a,asvspoof,A07,spoof,notrim,eval,traditional_vocoder,-,-,-,-,1,549483,71,71,test-00071-of-00080.parquet
VCC2SF1,DF_E_3072280,high_m4a,vcc2018,-,bonafide,notrim,eval,bonafide,-,-,-,-,0,219102,28,28,test-00028-of-00080.parquet
LA_0041,DF_E_4536971,oggm4a,asvspoof,-,bonafide,notrim,eval,bonafide,-,-,-,-,0,517518,67,67,test-00067-of-00080.parquet
TGM1,DF_E_4684260,high_ogg,vcc2020,Task2-team29,spoof,notrim,eval,neural_vocoder_autoregressive,Task2,team29,FM,G,1,547452,71,71,test-00071-of-00080.parquet
LA_0022,DF_E_4512525,high_ogg,asvspoof,-,bonafide,notrim,eval,bonafide,-,-,-,-,0,512548,67,67,test-00067-of-00080.parquet
TMF1,DF_E_4734158,low_ogg,vcc2020,Task2-team22,spoof,notrim,eval,neural_vocoder_nonautoregressive,Task2,team22,MF,M,1,557607,72,72,test-00072-of-00080.parquet
TMF1,DF_E_4686034,nocodec,vcc2020,Task2-team22,spoof,notrim,eval,neural_vocoder_nonautoregressive,Task2,team22,FF,M,1,547835,71,71,test-00071-of-00080.parquet
TGF1,DF_E_4538152,low_m4a,vcc2020,Task2-team12,spoof,notrim,eval,traditional_vocoder,Task2,team12,FF,G,1,517768,67,67,test-00067-of-00080.parquet
TMF1,DF_E_4831471,low_ogg,vcc2020,Task2-team07,spoof,notrim,eval,neural_vocoder_autoregressive,Task2,team07,FF,M,1,577428,75,75,test-00075-of-00080.parquet
VCC2TM1,DF_E_4675682,mp3m4a,vcc2018,SPO-N06,spoof,notrim,eval,traditional_vocoder,SPO,N06,MM,-,1,545725,71,71,test-00071-of-00080.parquet
LA_0017,DF_E_3069532,mp3m4a,asvspoof,A10,spoof,notrim,eval,neural_vocoder_autoregressive,-,-,-,-,1,218565,28,28,test-00028-of-00080.parquet
LA_0010,DF_E_4829175,high_ogg,asvspoof,-,bonafide,notrim,eval,bonafide,-,-,-,-,0,576949,75,75,test-00075-of-00080.parquet
TEF2,DF_E_4830135,nocodec,vcc2020,-,bonafide,notrim,eval,bonafide,-,-,-,-,0,577160,75,75,test-00075-of-00080.parquet
LA_0021,DF_E_4528866,oggm4a,asvspoof,-,bonafide,notrim,eval,bonafide,-,-,-,-,0,515881,67,67,test-00067-of-00080.parquet
LA_0033,DF_E_3057779,high_mp3,asvspoof,-,bonafide,notrim,eval,bonafide,-,-,-,-,0,216066,28,28,test-00028-of-00080.parquet
LA_0033,DF_E_2996499,high_ogg,asvspoof,-,bonafide,notrim,eval,bonafide,-,-,-,-,0,203522,26,26,test-00026-of-00080.parquet
LA_0032,DF_E_4703931,high_ogg,asvspoof,-,bonafide,notrim,eval,bonafide,-,-,-,-,0,551482,72,72,test-00072-of-00080.parquet
TGM1,DF_E_4663457,mp3m4a,vcc2020,-,bonafide,notrim,eval,bonafide,-,-,-,-,0,543218,71,71,test-00071-of-00080.parquet
LA_0008,DF_E_4538795,mp3m4a,asvspoof,-,bonafide,notrim,eval,bonafide,-,-,-,-,0,517898,67,67,test-00067-of-00080.parquet
TEM2,DF_E_4846302,mp3m4a,vcc2020,Task1-team33,spoof,notrim,eval,neural_vocoder_nonautoregressive,Task1,team33,MM,E,1,580431,75,75,test-00075-of-00080.parquet
TEM2,DF_E_4663366,mp3m4a,vcc2020,Task1-team12,spoof,notrim,eval,traditional_vocoder,Task1,team12,FM,E,1,543202,71,71,test-00071-of-00080.parquet
LA_0036,DF_E_3049341,low_mp3,asvspoof,-,bonafide,notrim,eval,bonafide,-,-,-,-,0,214324,28,28,test-00028-of-00080.parquet
LA_0003,DF_E_3048726,high_ogg,asvspoof,A13,spoof,notrim,eval,traditional_vocoder,-,-,-,-,1,214195,28,28,test-00028-of-00080.parquet
LA_0032,DF_E_4544232,nocodec,asvspoof,A17,spoof,notrim,eval,traditional_vocoder,-,-,-,-,1,518958,67,67,test-00067-of-00080.parquet
TGM1,DF_E_4719097,nocodec,vcc2020,Task2-team30,spoof,notrim,eval,unknown,Task2,team30,FM,G,1,554595,72,72,test-00072-of-00080.parquet
LA_0042,DF_E_3067288,oggm4a,asvspoof,-,bonafide,notrim,eval,bonafide,-,-,-,-,0,218068,28,28,test-00028-of-00080.parquet
TFM1,DF_E_4532456,low_m4a,vcc2020,-,bonafide,notrim,eval,bonafide,-,-,-,-,0,516584,67,67,test-00067-of-00080.parquet
LA_0044,DF_E_3075781,high_mp3,asvspoof,-,bonafide,notrim,eval,bonafide,-,-,-,-,0,219773,28,28,test-00028-of-00080.parquet
LA_0039,DF_E_2986976,high_ogg,asvspoof,A18,spoof,notrim,eval,traditional_vocoder,-,-,-,-,1,201464,26,26,test-00026-of-00080.parquet
VCC2TM1,DF_E_3001968,high_m4a,vcc2018,-,bonafide,notrim,eval,bonafide,-,-,-,-,0,204645,26,26,test-00026-of-00080.parquet
LA_0005,DF_E_4842522,mp3m4a,asvspoof,-,bonafide,notrim,eval,bonafide,-,-,-,-,0,579686,75,75,test-00075-of-00080.parquet
LA_0036,DF_E_4694270,mp3m4a,asvspoof,-,bonafide,notrim,eval,bonafide,-,-,-,-,0,549494,71,71,test-00071-of-00080.parquet
TFM1,DF_E_4529150,oggm4a,vcc2020,Task2-team02,spoof,notrim,eval,neural_vocoder_nonautoregressive,Task2,team02,FM,F,1,515945,67,67,test-00067-of-00080.parquet
TGM1,DF_E_3085964,oggm4a,vcc2020,-,bonafide,notrim,eval,bonafide,-,-,-,-,0,221790,28,28,test-00028-of-00080.parquet
TFF1,DF_E_4845229,oggm4a,vcc2020,Task2-team26,spoof,notrim,eval,traditional_vocoder,Task2,team26,FF,F,1,580236,75,75,test-00075-of-00080.parquet
TEM1,DF_E_3053135,low_m4a,vcc2020,Task1-team22,spoof,notrim,eval,neural_vocoder_nonautoregressive,Task1,team22,MM,E,1,215100,28,28,test-00028-of-00080.parquet
TMF1,DF_E_4707286,low_m4a,vcc2020,Task2-team12,spoof,notrim,eval,traditional_vocoder,Task2,team12,FF,M,1,552143,72,72,test-00072-of-00080.parquet
TGM1,DF_E_4715253,nocodec,vcc2020,Task2-team09,spoof,notrim,eval,neural_vocoder_nonautoregressive,Task2,team09,FM,G,1,553777,72,72,test-00072-of-00080.parquet
LA_0019,DF_E_4713003,mp3m4a,asvspoof,-,bonafide,notrim,eval,bonafide,-,-,-,-,0,553308,72,72,test-00072-of-00080.parquet
LA_0029,DF_E_4522288,low_ogg,asvspoof,-,bonafide,notrim,eval,bonafide,-,-,-,-,0,514494,67,67,test-00067-of-00080.parquet
VCC2TF2,DF_E_2990285,high_ogg,vcc2018,HUB-N07,spoof,notrim,eval,traditional_vocoder,HUB,N07,MF,-,1,202160,26,26,test-00026-of-00080.parquet
VCC2SM4,DF_E_3067791,low_mp3,vcc2018,-,bonafide,notrim,eval,bonafide,-,-,-,-,0,218188,28,28,test-00028-of-00080.parquet
VCC2SM1,DF_E_3083260,high_m4a,vcc2018,-,bonafide,notrim,eval,bonafide,-,-,-,-,0,221250,28,28,test-00028-of-00080.parquet
LA_0013,DF_E_3085828,mp3m4a,asvspoof,-,bonafide,notrim,eval,bonafide,-,-,-,-,0,221763,28,28,test-00028-of-00080.parquet
LA_0005,DF_E_4705840,low_ogg,asvspoof,-,bonafide,notrim,eval,bonafide,-,-,-,-,0,551869,72,72,test-00072-of-00080.parquet
VCC2TF2,DF_E_4838488,high_m4a,vcc2018,HUB-N18,spoof,notrim,eval,traditional_vocoder,HUB,N18,MF,-,1,578829,75,75,test-00075-of-00080.parquet
LA_0036,DF_E_4702429,mp3m4a,asvspoof,-,bonafide,notrim,eval,bonafide,-,-,-,-,0,551169,72,72,test-00072-of-00080.parquet
TMM1,DF_E_2998089,oggm4a,vcc2020,Task2-team28,spoof,notrim,eval,neural_vocoder_autoregressive,Task2,team28,MM,M,1,203865,26,26,test-00026-of-00080.parquet
VCC2TF1,DF_E_4545735,high_ogg,vcc2018,SPO-N10,spoof,notrim,eval,neural_vocoder_autoregressive,SPO,N10,FF,-,1,519252,67,67,test-00067-of-00080.parquet
TEF2,DF_E_4814804,low_ogg,vcc2020,Task1-team31,spoof,notrim,eval,neural_vocoder_nonautoregressive,Task1,team31,FF,E,1,573955,75,75,test-00075-of-00080.parquet
VCC2TM2,DF_E_4517035,high_m4a,vcc2018,SPO-N11,spoof,notrim,eval,traditional_vocoder,SPO,N11,MM,-,1,513480,67,67,test-00067-of-00080.parquet
TEM1,DF_E_4836185,nocodec,vcc2020,Task1-team22,spoof,notrim,eval,neural_vocoder_nonautoregressive,Task1,team22,FM,E,1,578366,75,75,test-00075-of-00080.parquet
TMM1,DF_E_3083540,high_m4a,vcc2020,Task2-team07,spoof,notrim,eval,neural_vocoder_autoregressive,Task2,team07,FM,M,1,221309,28,28,test-00028-of-00080.parquet
TMF1,DF_E_2992130,low_m4a,vcc2020,Task2-team16,spoof,notrim,eval,neural_vocoder_nonautoregressive,Task2,team16,FF,M,1,202560,26,26,test-00026-of-00080.parquet
VCC2TF1,DF_E_4720405,low_m4a,vcc2018,HUB-N10,spoof,notrim,eval,neural_vocoder_autoregressive,HUB,N10,MF,-,1,554872,72,72,test-00072-of-00080.parquet
VCC2TM1,DF_E_4724417,high_mp3,vcc2018,HUB-D02,spoof,notrim,eval,traditional_vocoder,HUB,D02,FM,-,1,555660,72,72,test-00072-of-00080.parquet
VCC2TF2,DF_E_4691432,low_ogg,vcc2018,-,bonafide,notrim,eval,bonafide,-,-,-,-,0,548941,71,71,test-00071-of-00080.parquet
TEM2,DF_E_3063256,high_ogg,vcc2020,-,bonafide,notrim,eval,bonafide,-,-,-,-,0,217227,28,28,test-00028-of-00080.parquet
VCC2TF2,DF_E_3055348,high_m4a,vcc2018,HUB-N04,spoof,notrim,eval,traditional_vocoder,HUB,N04,MF,-,1,215551,28,28,test-00028-of-00080.parquet
LA_0017,DF_E_4728142,oggm4a,asvspoof,-,bonafide,notrim,eval,bonafide,-,-,-,-,0,556444,72,72,test-00072-of-00080.parquet
TMF1,DF_E_4540548,nocodec,vcc2020,Task2-team03,spoof,notrim,eval,neural_vocoder_autoregressive,Task2,team03,FF,M,1,518239,67,67,test-00067-of-00080.parquet
LA_0014,DF_E_4702094,high_ogg,asvspoof,-,bonafide,notrim,eval,bonafide,-,-,-,-,0,551104,72,72,test-00072-of-00080.parquet
VCC2TF1,DF_E_4713139,oggm4a,vcc2018,HUB-N06,spoof,notrim,eval,traditional_vocoder,HUB,N06,MF,-,1,553336,72,72,test-00072-of-00080.parquet
VCC2SF2,DF_E_4524375,high_mp3,vcc2018,-,bonafide,notrim,eval,bonafide,-,-,-,-,0,514945,67,67,test-00067-of-00080.parquet
LA_0026,DF_E_4735910,low_ogg,asvspoof,-,bonafide,notrim,eval,bonafide,-,-,-,-,0,557953,72,72,test-00072-of-00080.parquet
TEF1,DF_E_4524652,oggm4a,vcc2020,Task1-team06,spoof,notrim,eval,traditional_vocoder,Task1,team06,FF,E,1,514997,67,67,test-00067-of-00080.parquet
LA_0029,DF_E_4673979,nocodec,asvspoof,-,bonafide,notrim,eval,bonafide,-,-,-,-,0,545364,71,71,test-00071-of-00080.parquet
VCC2TF2,DF_E_2982751,low_ogg,vcc2018,HUB-N11,spoof,notrim,eval,traditional_vocoder,HUB,N11,MF,-,1,200614,26,26,test-00026-of-00080.parquet
VCC2SF3,DF_E_3003096,high_ogg,vcc2018,-,bonafide,notrim,eval,bonafide,-,-,-,-,0,204869,26,26,test-00026-of-00080.parquet
VCC2TM2,DF_E_4700291,low_mp3,vcc2018,HUB-N17,spoof,notrim,eval,neural_vocoder_autoregressive,HUB,N17,MM,-,1,550730,72,72,test-00072-of-00080.parquet
TGF1,DF_E_4678270,low_mp3,vcc2020,-,bonafide,notrim,eval,bonafide,-,-,-,-,0,546257,71,71,test-00071-of-00080.parquet
VCC2TM1,DF_E_4828982,high_mp3,vcc2018,SPO-N11,spoof,notrim,eval,traditional_vocoder,SPO,N11,FM,-,1,576910,75,75,test-00075-of-00080.parquet
LA_0009,DF_E_2999144,high_ogg,asvspoof,-,bonafide,notrim,eval,bonafide,-,-,-,-,0,204093,26,26,test-00026-of-00080.parquet
LA_0023,DF_E_3065704,mp3m4a,asvspoof,-,bonafide,notrim,eval,bonafide,-,-,-,-,0,217755,28,28,test-00028-of-00080.parquet
VCC2TM1,DF_E_2975868,low_m4a,vcc2018,HUB-N04,spoof,notrim,eval,traditional_vocoder,HUB,N04,MM,-,1,199224,26,26,test-00026-of-00080.parquet
LA_0043,DF_E_4696749,oggm4a,asvspoof,-,bonafide,notrim,eval,bonafide,-,-,-,-,0,550011,71,71,test-00071-of-00080.parquet
LA_0027,DF_E_4725666,low_ogg,asvspoof,-,bonafide,notrim,eval,bonafide,-,-,-,-,0,555917,72,72,test-00072-of-00080.parquet
VCC2TM1,DF_E_4731155,mp3m4a,vcc2018,HUB-N11,spoof,notrim,eval,traditional_vocoder,HUB,N11,MM,-,1,557029,72,72,test-00072-of-00080.parquet
LA_0039,DF_E_3062188,low_mp3,asvspoof,-,bonafide,notrim,eval,bonafide,-,-,-,-,0,217012,28,28,test-00028-of-00080.parquet
TMM1,DF_E_4542399,high_ogg,vcc2020,Task2-team16,spoof,notrim,eval,neural_vocoder_nonautoregressive,Task2,team16,FM,M,1,518591,67,67,test-00067-of-00080.parquet
TEF2,DF_E_4707274,high_m4a,vcc2020,Task1-team02,spoof,notrim,eval,neural_vocoder_nonautoregressive,Task1,team02,MF,E,1,552140,72,72,test-00072-of-00080.parquet
VCC2TF2,DF_E_4834451,low_m4a,vcc2018,HUB-N06,spoof,notrim,eval,traditional_vocoder,HUB,N06,FF,-,1,578037,75,75,test-00075-of-00080.parquet
TGM1,DF_E_4693126,high_ogg,vcc2020,-,bonafide,notrim,eval,bonafide,-,-,-,-,0,549273,71,71,test-00071-of-00080.parquet
LA_0028,DF_E_4526773,high_ogg,asvspoof,-,bonafide,notrim,eval,bonafide,-,-,-,-,0,515433,67,67,test-00067-of-00080.parquet
VCC2TF2,DF_E_4708868,high_ogg,vcc2018,HUB-N08,spoof,notrim,eval,traditional_vocoder,HUB,N08,MF,-,1,552454,72,72,test-00072-of-00080.parquet
LA_0043,DF_E_3085869,low_ogg,asvspoof,-,bonafide,notrim,eval,bonafide,-,-,-,-,0,221772,28,28,test-00028-of-00080.parquet
VCC2SM2,DF_E_4814646,high_m4a,vcc2018,-,bonafide,notrim,eval,bonafide,-,-,-,-,0,573917,75,75,test-00075-of-00080.parquet
LA_0028,DF_E_2994372,low_ogg,asvspoof,-,bonafide,notrim,eval,bonafide,-,-,-,-,0,203030,26,26,test-00026-of-00080.parquet
TMF1,DF_E_4701282,nocodec,vcc2020,Task2-team20,spoof,notrim,eval,neural_vocoder_nonautoregressive,Task2,team20,FF,M,1,550938,72,72,test-00072-of-00080.parquet
TGF1,DF_E_4835677,nocodec,vcc2020,Task2-team33,spoof,notrim,eval,neural_vocoder_nonautoregressive,Task2,team33,FF,G,1,578264,75,75,test-00075-of-00080.parquet
TEF2,DF_E_4676344,mp3m4a,vcc2020,-,bonafide,notrim,eval,bonafide,-,-,-,-,0,545870,71,71,test-00071-of-00080.parquet
TMF1,DF_E_4722643,low_mp3,vcc2020,Task2-team32,spoof,notrim,eval,neural_vocoder_autoregressive,Task2,team32,MF,M,1,555325,72,72,test-00072-of-00080.parquet
VCC2TF1,DF_E_3052774,mp3m4a,vcc2018,SPO-N17,spoof,notrim,eval,neural_vocoder_autoregressive,SPO,N17,FF,-,1,215026,28,28,test-00028-of-00080.parquet
TEM2,DF_E_4725313,low_m4a,vcc2020,Task1-team10,spoof,notrim,eval,neural_vocoder_autoregressive,Task1,team10,FM,E,1,555848,72,72,test-00072-of-00080.parquet
TEF2,DF_E_4823942,high_mp3,vcc2020,Task1-team02,spoof,notrim,eval,neural_vocoder_nonautoregressive,Task1,team02,FF,E,1,575800,75,75,test-00075-of-00080.parquet
TEF2,DF_E_4710226,low_ogg,vcc2020,Task1-team24,spoof,notrim,eval,neural_vocoder_autoregressive,Task1,team24,MF,E,1,552737,72,72,test-00072-of-00080.parquet
VCC2TM2,DF_E_3083171,high_m4a,vcc2018,SPO-N17,spoof,notrim,eval,neural_vocoder_autoregressive,SPO,N17,MM,-,1,221234,28,28,test-00028-of-00080.parquet
VCC2SF2,DF_E_4549399,low_mp3,vcc2018,-,bonafide,notrim,eval,bonafide,-,-,-,-,0,520002,67,67,test-00067-of-00080.parquet
LA_0047,DF_E_4829903,mp3m4a,asvspoof,-,bonafide,notrim,eval,bonafide,-,-,-,-,0,577109,75,75,test-00075-of-00080.parquet
TEM2,DF_E_4721938,low_mp3,vcc2020,Task1-team23,spoof,notrim,eval,neural_vocoder_nonautoregressive,Task1,team23,FM,E,1,555168,72,72,test-00072-of-00080.parquet
VCC2SF1,DF_E_4512246,high_mp3,vcc2018,-,bonafide,notrim,eval,bonafide,-,-,-,-,0,512485,67,67,test-00067-of-00080.parquet
TFM1,DF_E_2991468,high_mp3,vcc2020,Task2-team31,spoof,notrim,eval,neural_vocoder_nonautoregressive,Task2,team31,FM,F,1,202419,26,26,test-00026-of-00080.parquet
TGF1,DF_E_3061922,high_ogg,vcc2020,Task2-team32,spoof,notrim,eval,neural_vocoder_autoregressive,Task2,team32,MF,G,1,216952,28,28,test-00028-of-00080.parquet
TGF1,DF_E_4840197,low_m4a,vcc2020,Task2-team29,spoof,notrim,eval,neural_vocoder_autoregressive,Task2,team29,MF,G,1,579215,75,75,test-00075-of-00080.parquet
TGF1,DF_E_4725320,nocodec,vcc2020,-,bonafide,notrim,eval,bonafide,-,-,-,-,0,555850,72,72,test-00072-of-00080.parquet
LA_0030,DF_E_3009066,high_ogg,asvspoof,-,bonafide,notrim,eval,bonafide,-,-,-,-,0,206086,26,26,test-00026-of-00080.parquet
TEF1,DF_E_4519872,nocodec,vcc2020,Task1-team06,spoof,notrim,eval,traditional_vocoder,Task1,team06,FF,E,1,514037,67,67,test-00067-of-00080.parquet
VCC2TM2,DF_E_4516789,low_mp3,vcc2018,HUB-N15,spoof,notrim,eval,traditional_vocoder,HUB,N15,FM,-,1,513434,67,67,test-00067-of-00080.parquet
VCC2TM1,DF_E_4714686,low_m4a,vcc2018,HUB-N12,spoof,notrim,eval,traditional_vocoder,HUB,N12,MM,-,1,553644,72,72,test-00072-of-00080.parquet
VCC2TF2,DF_E_2993654,mp3m4a,vcc2018,HUB-N06,spoof,notrim,eval,traditional_vocoder,HUB,N06,FF,-,1,202875,26,26,test-00026-of-00080.parquet
VCC2SF1,DF_E_4694717,high_ogg,vcc2018,-,bonafide,notrim,eval,bonafide,-,-,-,-,0,549590,71,71,test-00071-of-00080.parquet
LA_0059,DF_E_3083761,low_ogg,asvspoof,-,bonafide,notrim,eval,bonafide,-,-,-,-,0,221344,28,28,test-00028-of-00080.parquet
LA_0033,DF_E_4705038,low_ogg,asvspoof,-,bonafide,notrim,eval,bonafide,-,-,-,-,0,551702,72,72,test-00072-of-00080.parquet
TEF2,DF_E_4668436,oggm4a,vcc2020,Task1-team31,spoof,notrim,eval,neural_vocoder_nonautoregressive,Task1,team31,MF,E,1,544210,71,71,test-00071-of-00080.parquet
TEF1,DF_E_4813423,low_ogg,vcc2020,Task1-team26,spoof,notrim,eval,traditional_vocoder,Task1,team26,FF,E,1,573650,75,75,test-00075-of-00080.parquet
LA_0018,DF_E_3082582,low_ogg,asvspoof,-,bonafide,notrim,eval,bonafide,-,-,-,-,0,221113,28,28,test-00028-of-00080.parquet
TGM1,DF_E_3080826,low_m4a,vcc2020,-,bonafide,notrim,eval,bonafide,-,-,-,-,0,220780,28,28,test-00028-of-00080.parquet
VCC2SM1,DF_E_4686263,high_ogg,vcc2018,-,bonafide,notrim,eval,bonafide,-,-,-,-,0,547877,71,71,test-00071-of-00080.parquet
VCC2TF1,DF_E_4736627,oggm4a,vcc2018,-,bonafide,notrim,eval,bonafide,-,-,-,-,0,558115,72,72,test-00072-of-00080.parquet
LA_0047,DF_E_4523388,low_mp3,asvspoof,-,bonafide,notrim,eval,bonafide,-,-,-,-,0,514737,67,67,test-00067-of-00080.parquet
TEF1,DF_E_3085041,low_ogg,vcc2020,Task1-team17,spoof,notrim,eval,neural_vocoder_nonautoregressive,Task1,team17,FF,E,1,221593,28,28,test-00028-of-00080.parquet
TEF2,DF_E_4815986,oggm4a,vcc2020,Task1-team31,spoof,notrim,eval,neural_vocoder_nonautoregressive,Task1,team31,FF,E,1,574192,75,75,test-00075-of-00080.parquet
TEM2,DF_E_4726596,oggm4a,vcc2020,Task1-team20,spoof,notrim,eval,neural_vocoder_nonautoregressive,Task1,team20,MM,E,1,556108,72,72,test-00072-of-00080.parquet
VCC2TM2,DF_E_2975612,nocodec,vcc2018,SPO-N18,spoof,notrim,eval,traditional_vocoder,SPO,N18,MM,-,1,199169,26,26,test-00026-of-00080.parquet
TGM1,DF_E_3051717,high_ogg,vcc2020,Task2-team24,spoof,notrim,eval,neural_vocoder_autoregressive,Task2,team24,FM,G,1,214798,28,28,test-00028-of-00080.parquet
TGF1,DF_E_3057074,high_m4a,vcc2020,Task2-team25,spoof,notrim,eval,neural_vocoder_autoregressive,Task2,team25,MF,G,1,215928,28,28,test-00028-of-00080.parquet
VCC2SM4,DF_E_3064639,low_ogg,vcc2018,-,bonafide,notrim,eval,bonafide,-,-,-,-,0,217525,28,28,test-00028-of-00080.parquet
TFF1,DF_E_4546232,low_mp3,vcc2020,Task2-team23,spoof,notrim,eval,neural_vocoder_autoregressive,Task2,team23,MF,F,1,519359,67,67,test-00067-of-00080.parquet
VCC2TF1,DF_E_3065318,high_mp3,vcc2018,HUB-N06,spoof,notrim,eval,traditional_vocoder,HUB,N06,FF,-,1,217669,28,28,test-00028-of-00080.parquet
VCC2SF1,DF_E_2992003,low_ogg,vcc2018,-,bonafide,notrim,eval,bonafide,-,-,-,-,0,202534,26,26,test-00026-of-00080.parquet
TFM1,DF_E_4526793,mp3m4a,vcc2020,Task2-team20,spoof,notrim,eval,neural_vocoder_nonautoregressive,Task2,team20,MM,F,1,515438,67,67,test-00067-of-00080.parquet
LA_0026,DF_E_2992897,low_ogg,asvspoof,-,bonafide,notrim,eval,bonafide,-,-,-,-,0,202712,26,26,test-00026-of-00080.parquet
VCC2TM2,DF_E_3077931,oggm4a,vcc2018,SPO-N17,spoof,notrim,eval,neural_vocoder_autoregressive,SPO,N17,MM,-,1,220172,28,28,test-00028-of-00080.parquet
VCC2TF1,DF_E_4702916,high_ogg,vcc2018,HUB-N12,spoof,notrim,eval,traditional_vocoder,HUB,N12,FF,-,1,551264,72,72,test-00072-of-00080.parquet
LA_0019,DF_E_4816539,low_mp3,asvspoof,-,bonafide,notrim,eval,bonafide,-,-,-,-,0,574306,75,75,test-00075-of-00080.parquet
LA_0028,DF_E_4691288,high_mp3,asvspoof,-,bonafide,notrim,eval,bonafide,-,-,-,-,0,548909,71,71,test-00071-of-00080.parquet
LA_0039,DF_E_4663290,low_mp3,asvspoof,A17,spoof,notrim,eval,traditional_vocoder,-,-,-,-,1,543187,71,71,test-00071-of-00080.parquet
LA_0026,DF_E_3082816,low_ogg,asvspoof,A17,spoof,notrim,eval,traditional_vocoder,-,-,-,-,1,221154,28,28,test-00028-of-00080.parquet
VCC2TM2,DF_E_2977190,low_mp3,vcc2018,SPO-N17,spoof,notrim,eval,neural_vocoder_autoregressive,SPO,N17,FM,-,1,199482,26,26,test-00026-of-00080.parquet
VCC2TF1,DF_E_3000888,mp3m4a,vcc2018,HUB-N13,spoof,notrim,eval,traditional_vocoder,HUB,N13,FF,-,1,204425,26,26,test-00026-of-00080.parquet
TFM1,DF_E_4827358,low_ogg,vcc2020,-,bonafide,notrim,eval,bonafide,-,-,-,-,0,576577,75,75,test-00075-of-00080.parquet
VCC2TM2,DF_E_4538255,oggm4a,vcc2018,HUB-D04,spoof,notrim,eval,traditional_vocoder,HUB,D04,MM,-,1,517793,67,67,test-00067-of-00080.parquet
LA_0019,DF_E_4547319,mp3m4a,asvspoof,-,bonafide,notrim,eval,bonafide,-,-,-,-,0,519572,67,67,test-00067-of-00080.parquet
LA_0013,DF_E_2978158,low_m4a,asvspoof,-,bonafide,notrim,eval,bonafide,-,-,-,-,0,199687,26,26,test-00026-of-00080.parquet
VCC2TF1,DF_E_3049242,low_ogg,vcc2018,-,bonafide,notrim,eval,bonafide,-,-,-,-,0,214310,28,28,test-00028-of-00080.parquet
LA_0011,DF_E_3065796,oggm4a,asvspoof,-,bonafide,notrim,eval,bonafide,-,-,-,-,0,217776,28,28,test-00028-of-00080.parquet
LA_0044,DF_E_4820328,high_m4a,asvspoof,-,bonafide,notrim,eval,bonafide,-,-,-,-,0,575072,75,75,test-00075-of-00080.parquet
VCC2TM1,DF_E_3064985,low_mp3,vcc2018,-,bonafide,notrim,eval,bonafide,-,-,-,-,0,217609,28,28,test-00028-of-00080.parquet
LA_0043,DF_E_4731293,high_ogg,asvspoof,A12,spoof,notrim,eval,neural_vocoder_autoregressive,-,-,-,-,1,557063,72,72,test-00072-of-00080.parquet
LA_0055,DF_E_4820141,high_mp3,asvspoof,-,bonafide,notrim,eval,bonafide,-,-,-,-,0,575027,75,75,test-00075-of-00080.parquet
VCC2SM1,DF_E_4829053,high_m4a,vcc2018,-,bonafide,notrim,eval,bonafide,-,-,-,-,0,576925,75,75,test-00075-of-00080.parquet
LA_0014,DF_E_4712172,high_m4a,asvspoof,-,bonafide,notrim,eval,bonafide,-,-,-,-,0,553136,72,72,test-00072-of-00080.parquet
LA_0039,DF_E_4669164,mp3m4a,asvspoof,A15,spoof,notrim,eval,neural_vocoder_autoregressive,-,-,-,-,1,544364,71,71,test-00071-of-00080.parquet
VCC2TF2,DF_E_3066336,nocodec,vcc2018,HUB-D03,spoof,notrim,eval,traditional_vocoder,HUB,D03,FF,-,1,217880,28,28,test-00028-of-00080.parquet
LA_0044,DF_E_4699776,oggm4a,asvspoof,A10,spoof,notrim,eval,neural_vocoder_autoregressive,-,-,-,-,1,550624,71,71,test-00071-of-00080.parquet
TFF1,DF_E_4688146,mp3m4a,vcc2020,Task2-team18,spoof,notrim,eval,unknown,Task2,team18,FF,F,1,548259,71,71,test-00071-of-00080.parquet
LA_0040,DF_E_3060224,oggm4a,asvspoof,-,bonafide,notrim,eval,bonafide,-,-,-,-,0,216581,28,28,test-00028-of-00080.parquet
LA_0039,DF_E_3009436,low_ogg,asvspoof,-,bonafide,notrim,eval,bonafide,-,-,-,-,0,206160,26,26,test-00026-of-00080.parquet
VCC2TF2,DF_E_4543599,high_mp3,vcc2018,HUB-N07,spoof,notrim,eval,traditional_vocoder,HUB,N07,FF,-,1,518840,67,67,test-00067-of-00080.parquet
VCC2SM4,DF_E_4689885,low_m4a,vcc2018,-,bonafide,notrim,eval,bonafide,-,-,-,-,0,548615,71,71,test-00071-of-00080.parquet
TFM1,DF_E_4515659,nocodec,vcc2020,Task2-team28,spoof,notrim,eval,neural_vocoder_autoregressive,Task2,team28,MM,F,1,513208,67,67,test-00067-of-00080.parquet
VCC2TM1,DF_E_3050692,mp3m4a,vcc2018,SPO-N18,spoof,notrim,eval,traditional_vocoder,SPO,N18,FM,-,1,214606,28,28,test-00028-of-00080.parquet
VCC2TF2,DF_E_3071781,low_ogg,vcc2018,-,bonafide,notrim,eval,bonafide,-,-,-,-,0,219013,28,28,test-00028-of-00080.parquet
LA_0002,DF_E_2986957,high_ogg,asvspoof,-,bonafide,notrim,eval,bonafide,-,-,-,-,0,201459,26,26,test-00026-of-00080.parquet
VCC2TM1,DF_E_4694695,high_mp3,vcc2018,HUB-N04,spoof,notrim,eval,traditional_vocoder,HUB,N04,MM,-,1,549586,71,71,test-00071-of-00080.parquet
LA_0037,DF_E_3072620,high_ogg,asvspoof,-,bonafide,notrim,eval,bonafide,-,-,-,-,0,219157,28,28,test-00028-of-00080.parquet
VCC2TF1,DF_E_3059702,mp3m4a,vcc2018,SPO-N13,spoof,notrim,eval,traditional_vocoder,SPO,N13,MF,-,1,216484,28,28,test-00028-of-00080.parquet
VCC2TM1,DF_E_4514831,low_mp3,vcc2018,SPO-N17,spoof,notrim,eval,neural_vocoder_autoregressive,SPO,N17,MM,-,1,513048,67,67,test-00067-of-00080.parquet
LA_0014,DF_E_3055731,mp3m4a,asvspoof,-,bonafide,notrim,eval,bonafide,-,-,-,-,0,215633,28,28,test-00028-of-00080.parquet
TEF2,DF_E_4848985,high_m4a,vcc2020,Task1-team08,spoof,notrim,eval,traditional_vocoder,Task1,team08,FF,E,1,580968,75,75,test-00075-of-00080.parquet
LA_0030,DF_E_4815837,mp3m4a,asvspoof,-,bonafide,notrim,eval,bonafide,-,-,-,-,0,574165,75,75,test-00075-of-00080.parquet
LA_0021,DF_E_2995316,low_ogg,asvspoof,-,bonafide,notrim,eval,bonafide,-,-,-,-,0,203243,26,26,test-00026-of-00080.parquet
TMF1,DF_E_4687547,low_ogg,vcc2020,-,bonafide,notrim,eval,bonafide,-,-,-,-,0,548132,71,71,test-00071-of-00080.parquet
LA_0003,DF_E_4818087,low_ogg,asvspoof,-,bonafide,notrim,eval,bonafide,-,-,-,-,0,574630,75,75,test-00075-of-00080.parquet
LA_0023,DF_E_2997613,oggm4a,asvspoof,-,bonafide,notrim,eval,bonafide,-,-,-,-,0,203758,26,26,test-00026-of-00080.parquet
LA_0040,DF_E_3059442,oggm4a,asvspoof,-,bonafide,notrim,eval,bonafide,-,-,-,-,0,216430,28,28,test-00028-of-00080.parquet
VCC2TM2,DF_E_4842049,high_ogg,vcc2018,HUB-N07,spoof,notrim,eval,traditional_vocoder,HUB,N07,MM,-,1,579587,75,75,test-00075-of-00080.parquet
TGM1,DF_E_4728747,low_mp3,vcc2020,Task2-team20,spoof,notrim,eval,neural_vocoder_nonautoregressive,Task2,team20,MM,G,1,556564,72,72,test-00072-of-00080.parquet
VCC2SM4,DF_E_4537665,low_mp3,vcc2018,-,bonafide,notrim,eval,bonafide,-,-,-,-,0,517664,67,67,test-00067-of-00080.parquet
VCC2SM2,DF_E_4536554,mp3m4a,vcc2018,-,bonafide,notrim,eval,bonafide,-,-,-,-,0,517433,67,67,test-00067-of-00080.parquet
LA_0046,DF_E_3083336,mp3m4a,asvspoof,A11,spoof,notrim,eval,traditional_vocoder,-,-,-,-,1,221262,28,28,test-00028-of-00080.parquet
LA_0043,DF_E_3057077,oggm4a,asvspoof,-,bonafide,notrim,eval,bonafide,-,-,-,-,0,215930,28,28,test-00028-of-00080.parquet
TGM1,DF_E_4709677,nocodec,vcc2020,Task2-team29,spoof,notrim,eval,neural_vocoder_autoregressive,Task2,team29,FM,G,1,552636,72,72,test-00072-of-00080.parquet
LA_0018,DF_E_2999789,mp3m4a,asvspoof,-,bonafide,notrim,eval,bonafide,-,-,-,-,0,204219,26,26,test-00026-of-00080.parquet
LA_0028,DF_E_3066166,high_ogg,asvspoof,-,bonafide,notrim,eval,bonafide,-,-,-,-,0,217846,28,28,test-00028-of-00080.parquet
LA_0040,DF_E_4689182,high_m4a,asvspoof,-,bonafide,notrim,eval,bonafide,-,-,-,-,0,548474,71,71,test-00071-of-00080.parquet
TMF1,DF_E_4547188,low_ogg,vcc2020,Task2-team18,spoof,notrim,eval,unknown,Task2,team18,FF,M,1,519546,67,67,test-00067-of-00080.parquet
VCC2SF2,DF_E_4694599,high_m4a,vcc2018,-,bonafide,notrim,eval,bonafide,-,-,-,-,0,549571,71,71,test-00071-of-00080.parquet
LA_0065,DF_E_3056098,high_ogg,asvspoof,-,bonafide,notrim,eval,bonafide,-,-,-,-,0,215697,28,28,test-00028-of-00080.parquet
LA_0032,DF_E_3070318,high_ogg,asvspoof,A16,spoof,notrim,eval,waveform_concatenation,-,-,-,-,1,218734,28,28,test-00028-of-00080.parquet
VCC2SM1,DF_E_4728100,low_mp3,vcc2018,-,bonafide,notrim,eval,bonafide,-,-,-,-,0,556437,72,72,test-00072-of-00080.parquet
LA_0013,DF_E_4737085,low_ogg,asvspoof,-,bonafide,notrim,eval,bonafide,-,-,-,-,0,558218,72,72,test-00072-of-00080.parquet
VCC2TF2,DF_E_4702414,high_m4a,vcc2018,HUB-N03,spoof,notrim,eval,unknown,HUB,N03,MF,-,1,551166,72,72,test-00072-of-00080.parquet
LA_0003,DF_E_4727310,high_ogg,asvspoof,A12,spoof,notrim,eval,neural_vocoder_autoregressive,-,-,-,-,1,556267,72,72,test-00072-of-00080.parquet
LA_0022,DF_E_2977427,low_mp3,asvspoof,-,bonafide,notrim,eval,bonafide,-,-,-,-,0,199534,26,26,test-00026-of-00080.parquet
LA_0014,DF_E_4707909,high_m4a,asvspoof,-,bonafide,notrim,eval,bonafide,-,-,-,-,0,552266,72,72,test-00072-of-00080.parquet
LA_0032,DF_E_4528284,oggm4a,asvspoof,A17,spoof,notrim,eval,traditional_vocoder,-,-,-,-,1,515762,67,67,test-00067-of-00080.parquet
VCC2TF1,DF_E_3073200,high_mp3,vcc2018,SPO-N11,spoof,notrim,eval,traditional_vocoder,SPO,N11,FF,-,1,219290,28,28,test-00028-of-00080.parquet
LA_0021,DF_E_3054834,low_mp3,asvspoof,-,bonafide,notrim,eval,bonafide,-,-,-,-,0,215440,28,28,test-00028-of-00080.parquet
LA_0026,DF_E_4819172,low_ogg,asvspoof,-,bonafide,notrim,eval,bonafide,-,-,-,-,0,574844,75,75,test-00075-of-00080.parquet
LA_0056,DF_E_3063264,high_mp3,asvspoof,-,bonafide,notrim,eval,bonafide,-,-,-,-,0,217230,28,28,test-00028-of-00080.parquet
TGF1,DF_E_4530201,high_mp3,vcc2020,Task2-team06,spoof,notrim,eval,traditional_vocoder,Task2,team06,MF,G,1,516123,67,67,test-00067-of-00080.parquet
LA_0018,DF_E_4737239,low_ogg,asvspoof,A13,spoof,notrim,eval,traditional_vocoder,-,-,-,-,1,558243,72,72,test-00072-of-00080.parquet
VCC2TM1,DF_E_4844076,oggm4a,vcc2018,HUB-D01,spoof,notrim,eval,traditional_vocoder,HUB,D01,MM,-,1,580006,75,75,test-00075-of-00080.parquet
LA_0021,DF_E_4709050,high_ogg,asvspoof,-,bonafide,notrim,eval,bonafide,-,-,-,-,0,552495,72,72,test-00072-of-00080.parquet
VCC2TM1,DF_E_2999431,high_mp3,vcc2018,HUB-N18,spoof,notrim,eval,traditional_vocoder,HUB,N18,FM,-,1,204152,26,26,test-00026-of-00080.parquet
TEF2,DF_E_3084933,high_ogg,vcc2020,Task1-team18,spoof,notrim,eval,unknown,Task1,team18,FF,E,1,221570,28,28,test-00028-of-00080.parquet
LA_0001,DF_E_4845777,low_ogg,asvspoof,-,bonafide,notrim,eval,bonafide,-,-,-,-,0,580344,75,75,test-00075-of-00080.parquet
LA_0010,DF_E_4816935,low_ogg,asvspoof,-,bonafide,notrim,eval,bonafide,-,-,-,-,0,574390,75,75,test-00075-of-00080.parquet
LA_0016,DF_E_4848879,high_ogg,asvspoof,-,bonafide,notrim,eval,bonafide,-,-,-,-,0,580938,75,75,test-00075-of-00080.parquet
LA_0023,DF_E_2996373,low_ogg,asvspoof,-,bonafide,notrim,eval,bonafide,-,-,-,-,0,203484,26,26,test-00026-of-00080.parquet
TFM1,DF_E_2979076,high_mp3,vcc2020,Task2-team12,spoof,notrim,eval,traditional_vocoder,Task2,team12,FM,F,1,199864,26,26,test-00026-of-00080.parquet
SEF2,DF_E_3068163,low_mp3,vcc2020,-,bonafide,notrim,eval,bonafide,-,-,-,-,0,218276,28,28,test-00028-of-00080.parquet
SEF2,DF_E_3005454,oggm4a,vcc2020,-,bonafide,notrim,eval,bonafide,-,-,-,-,0,205346,26,26,test-00026-of-00080.parquet
TFF1,DF_E_3071753,high_ogg,vcc2020,Task2-team32,spoof,notrim,eval,neural_vocoder_autoregressive,Task2,team32,MF,F,1,219006,28,28,test-00028-of-00080.parquet
LA_0008,DF_E_4835798,oggm4a,asvspoof,A11,spoof,notrim,eval,traditional_vocoder,-,-,-,-,1,578282,75,75,test-00075-of-00080.parquet
VCC2SF3,DF_E_2992519,oggm4a,vcc2018,-,bonafide,notrim,eval,bonafide,-,-,-,-,0,202636,26,26,test-00026-of-00080.parquet
TFM1,DF_E_4845836,low_ogg,vcc2020,Task2-team24,spoof,notrim,eval,neural_vocoder_autoregressive,Task2,team24,MM,F,1,580358,75,75,test-00075-of-00080.parquet
TFF1,DF_E_3065874,nocodec,vcc2020,Task2-team29,spoof,notrim,eval,neural_vocoder_autoregressive,Task2,team29,FF,F,1,217790,28,28,test-00028-of-00080.parquet
VCC2TF2,DF_E_4715524,oggm4a,vcc2018,-,bonafide,notrim,eval,bonafide,-,-,-,-,0,553835,72,72,test-00072-of-00080.parquet
TEM1,DF_E_3061310,mp3m4a,vcc2020,Task1-team02,spoof,notrim,eval,neural_vocoder_nonautoregressive,Task1,team02,FM,E,1,216812,28,28,test-00028-of-00080.parquet
LA_0021,DF_E_4837650,mp3m4a,asvspoof,-,bonafide,notrim,eval,bonafide,-,-,-,-,0,578654,75,75,test-00075-of-00080.parquet
VCC2TM1,DF_E_4817162,oggm4a,vcc2018,HUB-N04,spoof,notrim,eval,traditional_vocoder,HUB,N04,FM,-,1,574428,75,75,test-00075-of-00080.parquet
VCC2TM1,DF_E_3082226,high_mp3,vcc2018,SPO-N06,spoof,notrim,eval,traditional_vocoder,SPO,N06,FM,-,1,221048,28,28,test-00028-of-00080.parquet
TEF2,DF_E_4713001,low_ogg,vcc2020,Task1-team23,spoof,notrim,eval,neural_vocoder_nonautoregressive,Task1,team23,FF,E,1,553307,72,72,test-00072-of-00080.parquet
TGM1,DF_E_4693806,low_ogg,vcc2020,Task2-team07,spoof,notrim,eval,neural_vocoder_autoregressive,Task2,team07,FM,G,1,549404,71,71,test-00071-of-00080.parquet
SEF1,DF_E_4828264,mp3m4a,vcc2020,-,bonafide,notrim,eval,bonafide,-,-,-,-,0,576757,75,75,test-00075-of-00080.parquet
LA_0003,DF_E_4547623,high_ogg,asvspoof,-,bonafide,notrim,eval,bonafide,-,-,-,-,0,519628,67,67,test-00067-of-00080.parquet
LA_0043,DF_E_3059534,high_ogg,asvspoof,-,bonafide,notrim,eval,bonafide,-,-,-,-,0,216450,28,28,test-00028-of-00080.parquet
VCC2TF1,DF_E_4814922,high_m4a,vcc2018,HUB-N20,spoof,notrim,eval,traditional_vocoder,HUB,N20,FF,-,1,573979,75,75,test-00075-of-00080.parquet
TEF2,DF_E_3001104,mp3m4a,vcc2020,Task1-team25,spoof,notrim,eval,neural_vocoder_autoregressive,Task1,team25,MF,E,1,204463,26,26,test-00026-of-00080.parquet
VCC2TM2,DF_E_4735986,low_ogg,vcc2018,HUB-D01,spoof,notrim,eval,traditional_vocoder,HUB,D01,MM,-,1,557969,72,72,test-00072-of-00080.parquet
LA_0020,DF_E_4728006,high_ogg,asvspoof,-,bonafide,notrim,eval,bonafide,-,-,-,-,0,556411,72,72,test-00072-of-00080.parquet
TEM2,DF_E_3063468,nocodec,vcc2020,-,bonafide,notrim,eval,bonafide,-,-,-,-,0,217273,28,28,test-00028-of-00080.parquet
VCC2SM3,DF_E_4689696,mp3m4a,vcc2018,-,bonafide,notrim,eval,bonafide,-,-,-,-,0,548579,71,71,test-00071-of-00080.parquet
TGM1,DF_E_4715016,high_m4a,vcc2020,-,bonafide,notrim,eval,bonafide,-,-,-,-,0,553725,72,72,test-00072-of-00080.parquet
VCC2SF1,DF_E_4666349,mp3m4a,vcc2018,-,bonafide,notrim,eval,bonafide,-,-,-,-,0,543794,71,71,test-00071-of-00080.parquet
VCC2TM2,DF_E_2978315,mp3m4a,vcc2018,HUB-N05,spoof,notrim,eval,traditional_vocoder,HUB,N05,MM,-,1,199721,26,26,test-00026-of-00080.parquet
TEM2,DF_E_4515803,high_ogg,vcc2020,Task1-team16,spoof,notrim,eval,neural_vocoder_nonautoregressive,Task1,team16,MM,E,1,513235,67,67,test-00067-of-00080.parquet
TFM1,DF_E_3076602,mp3m4a,vcc2020,Task2-team09,spoof,notrim,eval,neural_vocoder_nonautoregressive,Task2,team09,MM,F,1,219928,28,28,test-00028-of-00080.parquet
VCC2TF1,DF_E_4681545,low_m4a,vcc2018,HUB-N09,spoof,notrim,eval,traditional_vocoder,HUB,N09,FF,-,1,546906,71,71,test-00071-of-00080.parquet
VCC2SM1,DF_E_4704447,mp3m4a,vcc2018,-,bonafide,notrim,eval,bonafide,-,-,-,-,0,551582,72,72,test-00072-of-00080.parquet
TEF2,DF_E_4848714,low_ogg,vcc2020,Task1-team11,spoof,notrim,eval,neural_vocoder_autoregressive,Task1,team11,FF,E,1,580896,75,75,test-00075-of-00080.parquet
TFF1,DF_E_2988743,low_ogg,vcc2020,Task2-team32,spoof,notrim,eval,neural_vocoder_autoregressive,Task2,team32,FF,F,1,201832,26,26,test-00026-of-00080.parquet
VCC2TF1,DF_E_4535465,low_ogg,vcc2018,SPO-B01,spoof,notrim,eval,traditional_vocoder,SPO,B01,FF,-,1,517218,67,67,test-00067-of-00080.parquet
TMM1,DF_E_4688590,high_mp3,vcc2020,Task2-team32,spoof,notrim,eval,neural_vocoder_autoregressive,Task2,team32,MM,M,1,548350,71,71,test-00071-of-00080.parquet
VCC2TF1,DF_E_4832856,high_m4a,vcc2018,HUB-D02,spoof,notrim,eval,traditional_vocoder,HUB,D02,FF,-,1,577712,75,75,test-00075-of-00080.parquet
VCC2SF4,DF_E_3070700,high_mp3,vcc2018,-,bonafide,notrim,eval,bonafide,-,-,-,-,0,218798,28,28,test-00028-of-00080.parquet
TGM1,DF_E_4708318,oggm4a,vcc2020,Task2-team10,spoof,notrim,eval,neural_vocoder_autoregressive,Task2,team10,FM,G,1,552347,72,72,test-00072-of-00080.parquet
TFM1,DF_E_4727525,low_mp3,vcc2020,-,bonafide,notrim,eval,bonafide,-,-,-,-,0,556309,72,72,test-00072-of-00080.parquet
LA_0021,DF_E_4813214,mp3m4a,asvspoof,-,bonafide,notrim,eval,bonafide,-,-,-,-,0,573608,75,75,test-00075-of-00080.parquet
TFM1,DF_E_3001019,low_m4a,vcc2020,Task2-team30,spoof,notrim,eval,unknown,Task2,team30,MM,F,1,204443,26,26,test-00026-of-00080.parquet
LA_0029,DF_E_3062117,high_ogg,asvspoof,A14,spoof,notrim,eval,traditional_vocoder,-,-,-,-,1,216996,28,28,test-00028-of-00080.parquet
LA_0023,DF_E_3063060,oggm4a,asvspoof,A17,spoof,notrim,eval,traditional_vocoder,-,-,-,-,1,217184,28,28,test-00028-of-00080.parquet
VCC2SM4,DF_E_4525505,nocodec,vcc2018,-,bonafide,notrim,eval,bonafide,-,-,-,-,0,515182,67,67,test-00067-of-00080.parquet
TEM2,DF_E_2991211,low_ogg,vcc2020,-,bonafide,notrim,eval,bonafide,-,-,-,-,0,202360,26,26,test-00026-of-00080.parquet
LA_0013,DF_E_4730847,oggm4a,asvspoof,-,bonafide,notrim,eval,bonafide,-,-,-,-,0,556975,72,72,test-00072-of-00080.parquet
TEF1,DF_E_3063606,nocodec,vcc2020,Task1-team26,spoof,notrim,eval,traditional_vocoder,Task1,team26,MF,E,1,217296,28,28,test-00028-of-00080.parquet
TEM2,DF_E_4520441,low_mp3,vcc2020,Task1-team17,spoof,notrim,eval,neural_vocoder_nonautoregressive,Task1,team17,MM,E,1,514145,67,67,test-00067-of-00080.parquet
TEM1,DF_E_4695144,oggm4a,vcc2020,Task1-team13,spoof,notrim,eval,neural_vocoder_autoregressive,Task1,team13,MM,E,1,549691,71,71,test-00071-of-00080.parquet
TGM1,DF_E_4834786,high_m4a,vcc2020,Task2-team13,spoof,notrim,eval,neural_vocoder_autoregressive,Task2,team13,MM,G,1,578091,75,75,test-00075-of-00080.parquet
LA_0003,DF_E_4821268,oggm4a,asvspoof,-,bonafide,notrim,eval,bonafide,-,-,-,-,0,575260,75,75,test-00075-of-00080.parquet
LA_0010,DF_E_4831429,nocodec,asvspoof,-,bonafide,notrim,eval,bonafide,-,-,-,-,0,577417,75,75,test-00075-of-00080.parquet
VCC2TM2,DF_E_4830192,high_m4a,vcc2018,HUB-N07,spoof,notrim,eval,traditional_vocoder,HUB,N07,FM,-,1,577170,75,75,test-00075-of-00080.parquet
VCC2TF2,DF_E_3049003,high_mp3,vcc2018,HUB-N20,spoof,notrim,eval,traditional_vocoder,HUB,N20,MF,-,1,214255,28,28,test-00028-of-00080.parquet
TEM1,DF_E_4525214,low_ogg,vcc2020,-,bonafide,notrim,eval,bonafide,-,-,-,-,0,515122,67,67,test-00067-of-00080.parquet
LA_0038,DF_E_4850160,high_ogg,asvspoof,-,bonafide,notrim,eval,bonafide,-,-,-,-,0,581198,75,75,test-00075-of-00080.parquet
LA_0015,DF_E_4726644,high_ogg,asvspoof,-,bonafide,notrim,eval,bonafide,-,-,-,-,0,556117,72,72,test-00072-of-00080.parquet
TEF2,DF_E_4517460,low_mp3,vcc2020,Task1-team24,spoof,notrim,eval,neural_vocoder_autoregressive,Task1,team24,MF,E,1,513569,67,67,test-00067-of-00080.parquet
TGF1,DF_E_4521774,oggm4a,vcc2020,Task2-team28,spoof,notrim,eval,neural_vocoder_autoregressive,Task2,team28,FF,G,1,514393,67,67,test-00067-of-00080.parquet
LA_0003,DF_E_3009209,mp3m4a,asvspoof,A16,spoof,notrim,eval,waveform_concatenation,-,-,-,-,1,206114,26,26,test-00026-of-00080.parquet
VCC2TF1,DF_E_3068040,high_mp3,vcc2018,HUB-N03,spoof,notrim,eval,unknown,HUB,N03,FF,-,1,218249,28,28,test-00028-of-00080.parquet
TGM1,DF_E_4720579,nocodec,vcc2020,-,bonafide,notrim,eval,bonafide,-,-,-,-,0,554912,72,72,test-00072-of-00080.parquet
LA_0027,DF_E_4517954,mp3m4a,asvspoof,-,bonafide,notrim,eval,bonafide,-,-,-,-,0,513658,67,67,test-00067-of-00080.parquet
LA_0018,DF_E_4720224,mp3m4a,asvspoof,-,bonafide,notrim,eval,bonafide,-,-,-,-,0,554825,72,72,test-00072-of-00080.parquet
VCC2TF1,DF_E_4666168,oggm4a,vcc2018,SPO-N04,spoof,notrim,eval,traditional_vocoder,SPO,N04,FF,-,1,543758,71,71,test-00071-of-00080.parquet
LA_0018,DF_E_3085749,oggm4a,asvspoof,A14,spoof,notrim,eval,traditional_vocoder,-,-,-,-,1,221743,28,28,test-00028-of-00080.parquet
VCC2SM3,DF_E_4528539,low_m4a,vcc2018,-,bonafide,notrim,eval,bonafide,-,-,-,-,0,515810,67,67,test-00067-of-00080.parquet
LA_0032,DF_E_3070788,high_ogg,asvspoof,-,bonafide,notrim,eval,bonafide,-,-,-,-,0,218821,28,28,test-00028-of-00080.parquet
VCC2SM4,DF_E_3083343,mp3m4a,vcc2018,-,bonafide,notrim,eval,bonafide,-,-,-,-,0,221264,28,28,test-00028-of-00080.parquet
TEF2,DF_E_4705726,high_m4a,vcc2020,Task1-team04,spoof,notrim,eval,neural_vocoder_autoregressive,Task1,team04,FF,E,1,551843,72,72,test-00072-of-00080.parquet
LA_0053,DF_E_4706499,low_ogg,asvspoof,-,bonafide,notrim,eval,bonafide,-,-,-,-,0,551994,72,72,test-00072-of-00080.parquet
LA_0041,DF_E_3085389,mp3m4a,asvspoof,-,bonafide,notrim,eval,bonafide,-,-,-,-,0,221671,28,28,test-00028-of-00080.parquet
VCC2SM4,DF_E_4706906,mp3m4a,vcc2018,-,bonafide,notrim,eval,bonafide,-,-,-,-,0,552071,72,72,test-00072-of-00080.parquet
VCC2SM3,DF_E_4706986,nocodec,vcc2018,-,bonafide,notrim,eval,bonafide,-,-,-,-,0,552085,72,72,test-00072-of-00080.parquet
SEF2,DF_E_3071466,low_mp3,vcc2020,-,bonafide,notrim,eval,bonafide,-,-,-,-,0,218951,28,28,test-00028-of-00080.parquet
VCC2SM4,DF_E_4846049,low_mp3,vcc2018,-,bonafide,notrim,eval,bonafide,-,-,-,-,0,580396,75,75,test-00075-of-00080.parquet
LA_0066,DF_E_4514152,oggm4a,asvspoof,-,bonafide,notrim,eval,bonafide,-,-,-,-,0,512882,67,67,test-00067-of-00080.parquet
TEF2,DF_E_3063408,low_m4a,vcc2020,-,bonafide,notrim,eval,bonafide,-,-,-,-,0,217259,28,28,test-00028-of-00080.parquet
VCC2TF2,DF_E_4732808,low_ogg,vcc2018,HUB-N04,spoof,notrim,eval,traditional_vocoder,HUB,N04,FF,-,1,557350,72,72,test-00072-of-00080.parquet
VCC2TM2,DF_E_4838865,high_ogg,vcc2018,HUB-N15,spoof,notrim,eval,traditional_vocoder,HUB,N15,MM,-,1,578927,75,75,test-00075-of-00080.parquet
TFF1,DF_E_3061502,low_mp3,vcc2020,-,bonafide,notrim,eval,bonafide,-,-,-,-,0,216853,28,28,test-00028-of-00080.parquet
TEF2,DF_E_3008652,high_mp3,vcc2020,-,bonafide,notrim,eval,bonafide,-,-,-,-,0,206016,26,26,test-00026-of-00080.parquet
VCC2SF2,DF_E_4814758,low_mp3,vcc2018,-,bonafide,notrim,eval,bonafide,-,-,-,-,0,573947,75,75,test-00075-of-00080.parquet
TGF1,DF_E_4546420,high_mp3,vcc2020,Task2-team09,spoof,notrim,eval,neural_vocoder_nonautoregressive,Task2,team09,FF,G,1,519391,67,67,test-00067-of-00080.parquet
LA_0037,DF_E_2993977,mp3m4a,asvspoof,A14,spoof,notrim,eval,traditional_vocoder,-,-,-,-,1,202945,26,26,test-00026-of-00080.parquet
LA_0018,DF_E_4668589,low_ogg,asvspoof,-,bonafide,notrim,eval,bonafide,-,-,-,-,0,544244,71,71,test-00071-of-00080.parquet
TEF1,DF_E_4823516,nocodec,vcc2020,Task1-team24,spoof,notrim,eval,neural_vocoder_autoregressive,Task1,team24,FF,E,1,575695,75,75,test-00075-of-00080.parquet
TEM1,DF_E_2998527,low_mp3,vcc2020,Task1-team23,spoof,notrim,eval,neural_vocoder_nonautoregressive,Task1,team23,MM,E,1,203947,26,26,test-00026-of-00080.parquet
LA_0040,DF_E_3074343,low_ogg,asvspoof,-,bonafide,notrim,eval,bonafide,-,-,-,-,0,219497,28,28,test-00028-of-00080.parquet
VCC2TM1,DF_E_4833603,high_ogg,vcc2018,SPO-N16,spoof,notrim,eval,traditional_vocoder,SPO,N16,FM,-,1,577874,75,75,test-00075-of-00080.parquet
VCC2TF2,DF_E_4826321,high_m4a,vcc2018,HUB-N16,spoof,notrim,eval,traditional_vocoder,HUB,N16,FF,-,1,576349,75,75,test-00075-of-00080.parquet
LA_0004,DF_E_4825587,high_ogg,asvspoof,-,bonafide,notrim,eval,bonafide,-,-,-,-,0,576189,75,75,test-00075-of-00080.parquet
VCC2TF2,DF_E_4529408,low_ogg,vcc2018,HUB-N16,spoof,notrim,eval,traditional_vocoder,HUB,N16,MF,-,1,515999,67,67,test-00067-of-00080.parquet
TEM2,DF_E_3059369,nocodec,vcc2020,Task1-team01,spoof,notrim,eval,neural_vocoder_nonautoregressive,Task1,team01,FM,E,1,216406,28,28,test-00028-of-00080.parquet
LA_0045,DF_E_3051035,low_ogg,asvspoof,-,bonafide,notrim,eval,bonafide,-,-,-,-,0,214673,28,28,test-00028-of-00080.parquet
VCC2TM2,DF_E_4548561,low_m4a,vcc2018,HUB-N20,spoof,notrim,eval,traditional_vocoder,HUB,N20,FM,-,1,519825,67,67,test-00067-of-00080.parquet
SEM2,DF_E_4519254,mp3m4a,vcc2020,-,bonafide,notrim,eval,bonafide,-,-,-,-,0,513913,67,67,test-00067-of-00080.parquet
TEM2,DF_E_4829138,high_m4a,vcc2020,Task1-team01,spoof,notrim,eval,neural_vocoder_nonautoregressive,Task1,team01,FM,E,1,576943,75,75,test-00075-of-00080.parquet
TFM1,DF_E_4833578,low_ogg,vcc2020,Task2-team23,spoof,notrim,eval,neural_vocoder_autoregressive,Task2,team23,FM,F,1,577868,75,75,test-00075-of-00080.parquet
LA_0017,DF_E_2988069,low_ogg,asvspoof,-,bonafide,notrim,eval,bonafide,-,-,-,-,0,201699,26,26,test-00026-of-00080.parquet
LA_0038,DF_E_3068933,high_ogg,asvspoof,-,bonafide,notrim,eval,bonafide,-,-,-,-,0,218451,28,28,test-00028-of-00080.parquet
TEM2,DF_E_4700396,low_mp3,vcc2020,Task1-team19,spoof,notrim,eval,neural_vocoder_nonautoregressive,Task1,team19,MM,E,1,550748,72,72,test-00072-of-00080.parquet
TMF1,DF_E_4684263,nocodec,vcc2020,Task2-team27,spoof,notrim,eval,neural_vocoder_nonautoregressive,Task2,team27,FF,M,1,547453,71,71,test-00071-of-00080.parquet
LA_0013,DF_E_4716119,mp3m4a,asvspoof,-,bonafide,notrim,eval,bonafide,-,-,-,-,0,553953,72,72,test-00072-of-00080.parquet
VCC2SM2,DF_E_4533220,high_m4a,vcc2018,-,bonafide,notrim,eval,bonafide,-,-,-,-,0,516745,67,67,test-00067-of-00080.parquet
TMM1,DF_E_4735915,mp3m4a,vcc2020,Task2-team09,spoof,notrim,eval,neural_vocoder_nonautoregressive,Task2,team09,FM,M,1,557954,72,72,test-00072-of-00080.parquet
TEF1,DF_E_2995310,mp3m4a,vcc2020,-,bonafide,notrim,eval,bonafide,-,-,-,-,0,203241,26,26,test-00026-of-00080.parquet
LA_0013,DF_E_4546651,low_ogg,asvspoof,-,bonafide,notrim,eval,bonafide,-,-,-,-,0,519426,67,67,test-00067-of-00080.parquet
LA_0024,DF_E_3010567,nocodec,asvspoof,A12,spoof,notrim,eval,neural_vocoder_autoregressive,-,-,-,-,1,206378,26,26,test-00026-of-00080.parquet
LA_0002,DF_E_4828650,high_m4a,asvspoof,A15,spoof,notrim,eval,neural_vocoder_autoregressive,-,-,-,-,1,576835,75,75,test-00075-of-00080.parquet
TGM1,DF_E_4841275,high_mp3,vcc2020,Task2-team26,spoof,notrim,eval,traditional_vocoder,Task2,team26,MM,G,1,579430,75,75,test-00075-of-00080.parquet
LA_0007,DF_E_4818955,oggm4a,asvspoof,-,bonafide,notrim,eval,bonafide,-,-,-,-,0,574798,75,75,test-00075-of-00080.parquet
LA_0001,DF_E_4532520,high_m4a,asvspoof,-,bonafide,notrim,eval,bonafide,-,-,-,-,0,516594,67,67,test-00067-of-00080.parquet
LA_0048,DF_E_4709390,mp3m4a,asvspoof,-,bonafide,notrim,eval,bonafide,-,-,-,-,0,552566,72,72,test-00072-of-00080.parquet
SEM2,DF_E_4699767,high_m4a,vcc2020,-,bonafide,notrim,eval,bonafide,-,-,-,-,0,550621,71,71,test-00071-of-00080.parquet
LA_0038,DF_E_4688563,high_ogg,asvspoof,-,bonafide,notrim,eval,bonafide,-,-,-,-,0,548345,71,71,test-00071-of-00080.parquet
LA_0031,DF_E_3079830,mp3m4a,asvspoof,-,bonafide,notrim,eval,bonafide,-,-,-,-,0,220573,28,28,test-00028-of-00080.parquet
VCC2TM1,DF_E_3077990,mp3m4a,vcc2018,-,bonafide,notrim,eval,bonafide,-,-,-,-,0,220187,28,28,test-00028-of-00080.parquet
LA_0024,DF_E_2989131,oggm4a,asvspoof,-,bonafide,notrim,eval,bonafide,-,-,-,-,0,201906,26,26,test-00026-of-00080.parquet
LA_0039,DF_E_4665281,mp3m4a,asvspoof,-,bonafide,notrim,eval,bonafide,-,-,-,-,0,543580,71,71,test-00071-of-00080.parquet
VCC2SF1,DF_E_4697147,high_mp3,vcc2018,-,bonafide,notrim,eval,bonafide,-,-,-,-,0,550093,71,71,test-00071-of-00080.parquet
VCC2TF1,DF_E_4519619,mp3m4a,vcc2018,SPO-N13,spoof,notrim,eval,traditional_vocoder,SPO,N13,FF,-,1,513978,67,67,test-00067-of-00080.parquet
LA_0002,DF_E_3069910,high_ogg,asvspoof,-,bonafide,notrim,eval,bonafide,-,-,-,-,0,218644,28,28,test-00028-of-00080.parquet
LA_0011,DF_E_2980391,low_ogg,asvspoof,A11,spoof,notrim,eval,traditional_vocoder,-,-,-,-,1,200132,26,26,test-00026-of-00080.parquet
VCC2SM3,DF_E_4735329,low_ogg,vcc2018,-,bonafide,notrim,eval,bonafide,-,-,-,-,0,557838,72,72,test-00072-of-00080.parquet
VCC2SM2,DF_E_3009279,low_mp3,vcc2018,-,bonafide,notrim,eval,bonafide,-,-,-,-,0,206131,26,26,test-00026-of-00080.parquet
SEM1,DF_E_2990959,high_ogg,vcc2020,-,bonafide,notrim,eval,bonafide,-,-,-,-,0,202298,26,26,test-00026-of-00080.parquet
LA_0002,DF_E_4542505,mp3m4a,asvspoof,-,bonafide,notrim,eval,bonafide,-,-,-,-,0,518623,67,67,test-00067-of-00080.parquet
TFM1,DF_E_4728644,low_ogg,vcc2020,Task2-team16,spoof,notrim,eval,neural_vocoder_nonautoregressive,Task2,team16,MM,F,1,556547,72,72,test-00072-of-00080.parquet
TEF1,DF_E_3079549,high_m4a,vcc2020,Task1-team01,spoof,notrim,eval,neural_vocoder_nonautoregressive,Task1,team01,FF,E,1,220518,28,28,test-00028-of-00080.parquet
TEF1,DF_E_4729084,high_mp3,vcc2020,Task1-team08,spoof,notrim,eval,traditional_vocoder,Task1,team08,MF,E,1,556634,72,72,test-00072-of-00080.parquet
LA_0028,DF_E_4843900,mp3m4a,asvspoof,-,bonafide,notrim,eval,bonafide,-,-,-,-,0,579973,75,75,test-00075-of-00080.parquet
VCC2TM2,DF_E_3010348,low_m4a,vcc2018,HUB-D02,spoof,notrim,eval,traditional_vocoder,HUB,D02,MM,-,1,206334,26,26,test-00026-of-00080.parquet
VCC2TF1,DF_E_4547074,low_m4a,vcc2018,SPO-B01,spoof,notrim,eval,traditional_vocoder,SPO,B01,MF,-,1,519517,67,67,test-00067-of-00080.parquet
TEM2,DF_E_3076958,oggm4a,vcc2020,-,bonafide,notrim,eval,bonafide,-,-,-,-,0,220000,28,28,test-00028-of-00080.parquet
LA_0028,DF_E_2975859,high_m4a,asvspoof,A08,spoof,notrim,eval,neural_vocoder_nonautoregressive,-,-,-,-,1,199223,26,26,test-00026-of-00080.parquet
LA_0040,DF_E_4696535,oggm4a,asvspoof,-,bonafide,notrim,eval,bonafide,-,-,-,-,0,549958,71,71,test-00071-of-00080.parquet
TEM1,DF_E_3081571,nocodec,vcc2020,-,bonafide,notrim,eval,bonafide,-,-,-,-,0,220914,28,28,test-00028-of-00080.parquet
TGF1,DF_E_2981200,low_ogg,vcc2020,-,bonafide,notrim,eval,bonafide,-,-,-,-,0,200310,26,26,test-00026-of-00080.parquet
LA_0045,DF_E_4513572,oggm4a,asvspoof,-,bonafide,notrim,eval,bonafide,-,-,-,-,0,512758,67,67,test-00067-of-00080.parquet
TMM1,DF_E_4705113,high_m4a,vcc2020,Task2-team10,spoof,notrim,eval,neural_vocoder_autoregressive,Task2,team10,FM,M,1,551717,72,72,test-00072-of-00080.parquet
SEF1,DF_E_2976061,high_mp3,vcc2020,-,bonafide,notrim,eval,bonafide,-,-,-,-,0,199257,26,26,test-00026-of-00080.parquet
VCC2SM1,DF_E_2998259,nocodec,vcc2018,-,bonafide,notrim,eval,bonafide,-,-,-,-,0,203894,26,26,test-00026-of-00080.parquet
TEF1,DF_E_4825363,low_mp3,vcc2020,Task1-team09,spoof,notrim,eval,neural_vocoder_nonautoregressive,Task1,team09,MF,E,1,576133,75,75,test-00075-of-00080.parquet
LA_0006,DF_E_4815506,low_mp3,asvspoof,-,bonafide,notrim,eval,bonafide,-,-,-,-,0,574091,75,75,test-00075-of-00080.parquet
VCC2TM1,DF_E_2996291,nocodec,vcc2018,SPO-N13,spoof,notrim,eval,traditional_vocoder,SPO,N13,MM,-,1,203463,26,26,test-00026-of-00080.parquet
LA_0032,DF_E_4522911,low_mp3,asvspoof,-,bonafide,notrim,eval,bonafide,-,-,-,-,0,514631,67,67,test-00067-of-00080.parquet
LA_0031,DF_E_4714275,high_ogg,asvspoof,-,bonafide,notrim,eval,bonafide,-,-,-,-,0,553567,72,72,test-00072-of-00080.parquet
VCC2TF1,DF_E_4847558,high_m4a,vcc2018,HUB-N20,spoof,notrim,eval,traditional_vocoder,HUB,N20,MF,-,1,580679,75,75,test-00075-of-00080.parquet
VCC2TF1,DF_E_4837359,low_mp3,vcc2018,HUB-N03,spoof,notrim,eval,unknown,HUB,N03,FF,-,1,578599,75,75,test-00075-of-00080.parquet
LA_0008,DF_E_2989284,low_ogg,asvspoof,A13,spoof,notrim,eval,traditional_vocoder,-,-,-,-,1,201931,26,26,test-00026-of-00080.parquet
LA_0020,DF_E_4829041,oggm4a,asvspoof,-,bonafide,notrim,eval,bonafide,-,-,-,-,0,576922,75,75,test-00075-of-00080.parquet
LA_0040,DF_E_4817373,nocodec,asvspoof,-,bonafide,notrim,eval,bonafide,-,-,-,-,0,574469,75,75,test-00075-of-00080.parquet
TEM1,DF_E_4714768,high_m4a,vcc2020,Task1-team04,spoof,notrim,eval,neural_vocoder_autoregressive,Task1,team04,MM,E,1,553667,72,72,test-00072-of-00080.parquet
TFF1,DF_E_3055635,nocodec,vcc2020,-,bonafide,notrim,eval,bonafide,-,-,-,-,0,215612,28,28,test-00028-of-00080.parquet
VCC2TF1,DF_E_4850181,high_mp3,vcc2018,SPO-N06,spoof,notrim,eval,traditional_vocoder,SPO,N06,MF,-,1,581203,75,75,test-00075-of-00080.parquet
VCC2SM4,DF_E_4548815,high_mp3,vcc2018,-,bonafide,notrim,eval,bonafide,-,-,-,-,0,519889,67,67,test-00067-of-00080.parquet
TEF1,DF_E_4523187,nocodec,vcc2020,Task1-team20,spoof,notrim,eval,neural_vocoder_nonautoregressive,Task1,team20,MF,E,1,514685,67,67,test-00067-of-00080.parquet
VCC2TF2,DF_E_4543328,low_mp3,vcc2018,HUB-N11,spoof,notrim,eval,traditional_vocoder,HUB,N11,FF,-,1,518794,67,67,test-00067-of-00080.parquet
LA_0049,DF_E_2976186,oggm4a,asvspoof,-,bonafide,notrim,eval,bonafide,-,-,-,-,0,199279,26,26,test-00026-of-00080.parquet
VCC2SM1,DF_E_4681642,low_m4a,vcc2018,-,bonafide,notrim,eval,bonafide,-,-,-,-,0,546933,71,71,test-00071-of-00080.parquet
TFM1,DF_E_2992067,low_ogg,vcc2020,-,bonafide,notrim,eval,bonafide,-,-,-,-,0,202545,26,26,test-00026-of-00080.parquet
LA_0042,DF_E_4538044,low_m4a,asvspoof,-,bonafide,notrim,eval,bonafide,-,-,-,-,0,517754,67,67,test-00067-of-00080.parquet
TFF1,DF_E_4721736,mp3m4a,vcc2020,Task2-team33,spoof,notrim,eval,neural_vocoder_nonautoregressive,Task2,team33,FF,F,1,555125,72,72,test-00072-of-00080.parquet
TGM1,DF_E_2998118,low_ogg,vcc2020,Task2-team15,spoof,notrim,eval,neural_vocoder_nonautoregressive,Task2,team15,FM,G,1,203869,26,26,test-00026-of-00080.parquet
VCC2TM1,DF_E_3062020,low_ogg,vcc2018,HUB-N14,spoof,notrim,eval,traditional_vocoder,HUB,N14,MM,-,1,216976,28,28,test-00028-of-00080.parquet
TGM1,DF_E_4718226,low_m4a,vcc2020,Task2-team19,spoof,notrim,eval,neural_vocoder_nonautoregressive,Task2,team19,MM,G,1,554404,72,72,test-00072-of-00080.parquet
TMM1,DF_E_3009278,low_ogg,vcc2020,-,bonafide,notrim,eval,bonafide,-,-,-,-,0,206130,26,26,test-00026-of-00080.parquet
TMM1,DF_E_4733705,mp3m4a,vcc2020,Task2-team28,spoof,notrim,eval,neural_vocoder_autoregressive,Task2,team28,FM,M,1,557521,72,72,test-00072-of-00080.parquet
TFF1,DF_E_4728365,high_m4a,vcc2020,Task2-team15,spoof,notrim,eval,neural_vocoder_nonautoregressive,Task2,team15,MF,F,1,556490,72,72,test-00072-of-00080.parquet
LA_0013,DF_E_2978163,mp3m4a,asvspoof,-,bonafide,notrim,eval,bonafide,-,-,-,-,0,199689,26,26,test-00026-of-00080.parquet
LA_0011,DF_E_4848753,mp3m4a,asvspoof,-,bonafide,notrim,eval,bonafide,-,-,-,-,0,580905,75,75,test-00075-of-00080.parquet
TFM1,DF_E_4710007,low_ogg,vcc2020,Task2-team22,spoof,notrim,eval,neural_vocoder_nonautoregressive,Task2,team22,MM,F,1,552695,72,72,test-00072-of-00080.parquet
TMM1,DF_E_4688055,mp3m4a,vcc2020,Task2-team29,spoof,notrim,eval,neural_vocoder_autoregressive,Task2,team29,MM,M,1,548238,71,71,test-00071-of-00080.parquet
LA_0009,DF_E_4723740,low_ogg,asvspoof,-,bonafide,notrim,eval,bonafide,-,-,-,-,0,555546,72,72,test-00072-of-00080.parquet
LA_0046,DF_E_4684724,low_ogg,asvspoof,A15,spoof,notrim,eval,neural_vocoder_autoregressive,-,-,-,-,1,547555,71,71,test-00071-of-00080.parquet
VCC2TF1,DF_E_4813730,low_ogg,vcc2018,SPO-N05,spoof,notrim,eval,traditional_vocoder,SPO,N05,MF,-,1,573716,75,75,test-00075-of-00080.parquet
VCC2TF2,DF_E_4815428,oggm4a,vcc2018,HUB-N15,spoof,notrim,eval,traditional_vocoder,HUB,N15,MF,-,1,574076,75,75,test-00075-of-00080.parquet
LA_0059,DF_E_3069736,oggm4a,asvspoof,-,bonafide,notrim,eval,bonafide,-,-,-,-,0,218614,28,28,test-00028-of-00080.parquet
TEF1,DF_E_3009586,high_mp3,vcc2020,Task1-team21,spoof,notrim,eval,neural_vocoder_nonautoregressive,Task1,team21,MF,E,1,206186,26,26,test-00026-of-00080.parquet
LA_0014,DF_E_4527185,mp3m4a,asvspoof,-,bonafide,notrim,eval,bonafide,-,-,-,-,0,515523,67,67,test-00067-of-00080.parquet
TFM1,DF_E_4821678,oggm4a,vcc2020,Task2-team08,spoof,notrim,eval,traditional_vocoder,Task2,team08,FM,F,1,575335,75,75,test-00075-of-00080.parquet
TEM2,DF_E_4821247,high_ogg,vcc2020,Task1-team19,spoof,notrim,eval,neural_vocoder_nonautoregressive,Task1,team19,FM,E,1,575253,75,75,test-00075-of-00080.parquet
TEF2,DF_E_3010672,mp3m4a,vcc2020,Task1-team24,spoof,notrim,eval,neural_vocoder_autoregressive,Task1,team24,MF,E,1,206405,26,26,test-00026-of-00080.parquet
TFM1,DF_E_4725477,nocodec,vcc2020,Task2-team31,spoof,notrim,eval,neural_vocoder_nonautoregressive,Task2,team31,MM,F,1,555880,72,72,test-00072-of-00080.parquet
LA_0036,DF_E_2977700,high_ogg,asvspoof,-,bonafide,notrim,eval,bonafide,-,-,-,-,0,199588,26,26,test-00026-of-00080.parquet
VCC2TF2,DF_E_4726330,mp3m4a,vcc2018,HUB-N16,spoof,notrim,eval,traditional_vocoder,HUB,N16,MF,-,1,556046,72,72,test-00072-of-00080.parquet
TEF2,DF_E_4693012,oggm4a,vcc2020,-,bonafide,notrim,eval,bonafide,-,-,-,-,0,549243,71,71,test-00071-of-00080.parquet
VCC2SM3,DF_E_2992140,low_m4a,vcc2018,-,bonafide,notrim,eval,bonafide,-,-,-,-,0,202561,26,26,test-00026-of-00080.parquet
VCC2TM2,DF_E_2986709,low_mp3,vcc2018,HUB-N15,spoof,notrim,eval,traditional_vocoder,HUB,N15,MM,-,1,201406,26,26,test-00026-of-00080.parquet
LA_0040,DF_E_4524656,high_m4a,asvspoof,-,bonafide,notrim,eval,bonafide,-,-,-,-,0,514998,67,67,test-00067-of-00080.parquet
TMF1,DF_E_4686726,high_m4a,vcc2020,-,bonafide,notrim,eval,bonafide,-,-,-,-,0,547976,71,71,test-00071-of-00080.parquet
VCC2TF1,DF_E_4735746,high_m4a,vcc2018,HUB-N17,spoof,notrim,eval,neural_vocoder_autoregressive,HUB,N17,FF,-,1,557917,72,72,test-00072-of-00080.parquet
LA_0007,DF_E_4847305,low_ogg,asvspoof,-,bonafide,notrim,eval,bonafide,-,-,-,-,0,580632,75,75,test-00075-of-00080.parquet
VCC2TM2,DF_E_3073169,high_mp3,vcc2018,HUB-N18,spoof,notrim,eval,traditional_vocoder,HUB,N18,MM,-,1,219284,28,28,test-00028-of-00080.parquet
TMF1,DF_E_2987234,low_m4a,vcc2020,Task2-team10,spoof,notrim,eval,neural_vocoder_autoregressive,Task2,team10,MF,M,1,201522,26,26,test-00026-of-00080.parquet
LA_0021,DF_E_4732403,high_m4a,asvspoof,-,bonafide,notrim,eval,bonafide,-,-,-,-,0,557271,72,72,test-00072-of-00080.parquet
VCC2TF2,DF_E_4546453,mp3m4a,vcc2018,-,bonafide,notrim,eval,bonafide,-,-,-,-,0,519395,67,67,test-00067-of-00080.parquet
LA_0041,DF_E_4516839,high_ogg,asvspoof,-,bonafide,notrim,eval,bonafide,-,-,-,-,0,513446,67,67,test-00067-of-00080.parquet
TEM2,DF_E_4717902,high_mp3,vcc2020,Task1-team32,spoof,notrim,eval,neural_vocoder_autoregressive,Task1,team32,FM,E,1,554335,72,72,test-00072-of-00080.parquet
TMM1,DF_E_4717726,nocodec,vcc2020,Task2-team31,spoof,notrim,eval,neural_vocoder_nonautoregressive,Task2,team31,MM,M,1,554295,72,72,test-00072-of-00080.parquet
LA_0044,DF_E_4697921,mp3m4a,asvspoof,-,bonafide,notrim,eval,bonafide,-,-,-,-,0,550248,71,71,test-00071-of-00080.parquet
VCC2TM2,DF_E_4662607,oggm4a,vcc2018,HUB-N05,spoof,notrim,eval,traditional_vocoder,HUB,N05,FM,-,1,543055,71,71,test-00071-of-00080.parquet
VCC2TM1,DF_E_3005286,high_m4a,vcc2018,SPO-N18,spoof,notrim,eval,traditional_vocoder,SPO,N18,MM,-,1,205311,26,26,test-00026-of-00080.parquet
LA_0045,DF_E_4698656,low_ogg,asvspoof,-,bonafide,notrim,eval,bonafide,-,-,-,-,0,550396,71,71,test-00071-of-00080.parquet
VCC2TF2,DF_E_4512543,mp3m4a,vcc2018,HUB-D05,spoof,notrim,eval,traditional_vocoder,HUB,D05,MF,-,1,512552,67,67,test-00067-of-00080.parquet
LA_0033,DF_E_4714743,low_ogg,asvspoof,-,bonafide,notrim,eval,bonafide,-,-,-,-,0,553660,72,72,test-00072-of-00080.parquet
VCC2TM2,DF_E_4835490,low_m4a,vcc2018,HUB-N05,spoof,notrim,eval,traditional_vocoder,HUB,N05,MM,-,1,578234,75,75,test-00075-of-00080.parquet
VCC2TM1,DF_E_4819314,low_ogg,vcc2018,HUB-N20,spoof,notrim,eval,traditional_vocoder,HUB,N20,FM,-,1,574875,75,75,test-00075-of-00080.parquet
VCC2TF2,DF_E_3002138,low_ogg,vcc2018,HUB-N16,spoof,notrim,eval,traditional_vocoder,HUB,N16,MF,-,1,204680,26,26,test-00026-of-00080.parquet
VCC2TM2,DF_E_4533813,mp3m4a,vcc2018,SPO-N12,spoof,notrim,eval,traditional_vocoder,SPO,N12,MM,-,1,516879,67,67,test-00067-of-00080.parquet
LA_0044,DF_E_4710215,mp3m4a,asvspoof,A15,spoof,notrim,eval,neural_vocoder_autoregressive,-,-,-,-,1,552735,72,72,test-00072-of-00080.parquet
TEM2,DF_E_4696278,high_mp3,vcc2020,Task1-team30,spoof,notrim,eval,unknown,Task1,team30,MM,E,1,549903,71,71,test-00071-of-00080.parquet
VCC2TM2,DF_E_3007099,high_m4a,vcc2018,SPO-N13,spoof,notrim,eval,traditional_vocoder,SPO,N13,MM,-,1,205686,26,26,test-00026-of-00080.parquet
VCC2TM1,DF_E_4831555,high_ogg,vcc2018,HUB-D02,spoof,notrim,eval,traditional_vocoder,HUB,D02,MM,-,1,577447,75,75,test-00075-of-00080.parquet
TEM2,DF_E_4684180,low_ogg,vcc2020,-,bonafide,notrim,eval,bonafide,-,-,-,-,0,547433,71,71,test-00071-of-00080.parquet
VCC2TM2,DF_E_4848108,oggm4a,vcc2018,HUB-N06,spoof,notrim,eval,traditional_vocoder,HUB,N06,MM,-,1,580780,75,75,test-00075-of-00080.parquet
VCC2TF1,DF_E_2995170,oggm4a,vcc2018,-,bonafide,notrim,eval,bonafide,-,-,-,-,0,203202,26,26,test-00026-of-00080.parquet
LA_0001,DF_E_4527726,mp3m4a,asvspoof,-,bonafide,notrim,eval,bonafide,-,-,-,-,0,515649,67,67,test-00067-of-00080.parquet
VCC2TM2,DF_E_3079279,high_ogg,vcc2018,HUB-N04,spoof,notrim,eval,traditional_vocoder,HUB,N04,MM,-,1,220454,28,28,test-00028-of-00080.parquet
LA_0029,DF_E_4822518,high_ogg,asvspoof,-,bonafide,notrim,eval,bonafide,-,-,-,-,0,575508,75,75,test-00075-of-00080.parquet
VCC2TF2,DF_E_2987309,nocodec,vcc2018,SPO-N18,spoof,notrim,eval,traditional_vocoder,SPO,N18,FF,-,1,201540,26,26,test-00026-of-00080.parquet
LA_0023,DF_E_3059358,oggm4a,asvspoof,-,bonafide,notrim,eval,bonafide,-,-,-,-,0,216403,28,28,test-00028-of-00080.parquet
LA_0043,DF_E_4695339,high_ogg,asvspoof,-,bonafide,notrim,eval,bonafide,-,-,-,-,0,549719,71,71,test-00071-of-00080.parquet
LA_0050,DF_E_2995922,low_mp3,asvspoof,-,bonafide,notrim,eval,bonafide,-,-,-,-,0,203383,26,26,test-00026-of-00080.parquet
VCC2TM1,DF_E_4828152,low_m4a,vcc2018,SPO-N04,spoof,notrim,eval,traditional_vocoder,SPO,N04,FM,-,1,576735,75,75,test-00075-of-00080.parquet
VCC2TF2,DF_E_3054341,mp3m4a,vcc2018,HUB-N12,spoof,notrim,eval,traditional_vocoder,HUB,N12,FF,-,1,215337,28,28,test-00028-of-00080.parquet
VCC2SF1,DF_E_4520059,high_m4a,vcc2018,-,bonafide,notrim,eval,bonafide,-,-,-,-,0,514069,67,67,test-00067-of-00080.parquet
TEM2,DF_E_4714706,mp3m4a,vcc2020,Task1-team14,spoof,notrim,eval,neural_vocoder_nonautoregressive,Task1,team14,FM,E,1,553649,72,72,test-00072-of-00080.parquet
TFF1,DF_E_4545505,high_mp3,vcc2020,Task2-team09,spoof,notrim,eval,neural_vocoder_nonautoregressive,Task2,team09,MF,F,1,519204,67,67,test-00067-of-00080.parquet
TEM1,DF_E_3069835,nocodec,vcc2020,Task1-team19,spoof,notrim,eval,neural_vocoder_nonautoregressive,Task1,team19,MM,E,1,218632,28,28,test-00028-of-00080.parquet
LA_0001,DF_E_4700566,oggm4a,asvspoof,-,bonafide,notrim,eval,bonafide,-,-,-,-,0,550788,72,72,test-00072-of-00080.parquet
TGM1,DF_E_4712291,nocodec,vcc2020,Task2-team20,spoof,notrim,eval,neural_vocoder_nonautoregressive,Task2,team20,FM,G,1,553155,72,72,test-00072-of-00080.parquet
TEM2,DF_E_3085348,high_ogg,vcc2020,Task1-team14,spoof,notrim,eval,neural_vocoder_nonautoregressive,Task1,team14,FM,E,1,221661,28,28,test-00028-of-00080.parquet
LA_0025,DF_E_4840470,low_ogg,asvspoof,-,bonafide,notrim,eval,bonafide,-,-,-,-,0,579260,75,75,test-00075-of-00080.parquet
TFM1,DF_E_4529320,high_mp3,vcc2020,Task2-team15,spoof,notrim,eval,neural_vocoder_nonautoregressive,Task2,team15,FM,F,1,515983,67,67,test-00067-of-00080.parquet
TEF1,DF_E_4818071,low_ogg,vcc2020,Task1-team32,spoof,notrim,eval,neural_vocoder_autoregressive,Task1,team32,MF,E,1,574626,75,75,test-00075-of-00080.parquet
TEF1,DF_E_2988535,oggm4a,vcc2020,-,bonafide,notrim,eval,bonafide,-,-,-,-,0,201789,26,26,test-00026-of-00080.parquet
LA_0048,DF_E_2986545,nocodec,asvspoof,-,bonafide,notrim,eval,bonafide,-,-,-,-,0,201376,26,26,test-00026-of-00080.parquet
TEF1,DF_E_3066424,high_m4a,vcc2020,-,bonafide,notrim,eval,bonafide,-,-,-,-,0,217897,28,28,test-00028-of-00080.parquet
VCC2TF2,DF_E_4817228,mp3m4a,vcc2018,HUB-N11,spoof,notrim,eval,traditional_vocoder,HUB,N11,FF,-,1,574439,75,75,test-00075-of-00080.parquet
VCC2TF2,DF_E_4532612,high_ogg,vcc2018,-,bonafide,notrim,eval,bonafide,-,-,-,-,0,516616,67,67,test-00067-of-00080.parquet
VCC2TM1,DF_E_4707334,oggm4a,vcc2018,HUB-N14,spoof,notrim,eval,traditional_vocoder,HUB,N14,FM,-,1,552154,72,72,test-00072-of-00080.parquet
TEF2,DF_E_4687457,nocodec,vcc2020,Task1-team33,spoof,notrim,eval,neural_vocoder_nonautoregressive,Task1,team33,FF,E,1,548116,71,71,test-00071-of-00080.parquet
VCC2TM2,DF_E_3063637,high_m4a,vcc2018,HUB-N18,spoof,notrim,eval,traditional_vocoder,HUB,N18,FM,-,1,217303,28,28,test-00028-of-00080.parquet
SEM2,DF_E_3060463,high_m4a,vcc2020,-,bonafide,notrim,eval,bonafide,-,-,-,-,0,216635,28,28,test-00028-of-00080.parquet
TFM1,DF_E_2995800,high_ogg,vcc2020,Task2-team33,spoof,notrim,eval,neural_vocoder_nonautoregressive,Task2,team33,MM,F,1,203352,26,26,test-00026-of-00080.parquet
LA_0028,DF_E_3078317,low_ogg,asvspoof,A07,spoof,notrim,eval,traditional_vocoder,-,-,-,-,1,220259,28,28,test-00028-of-00080.parquet
TEF2,DF_E_3004626,mp3m4a,vcc2020,Task1-team01,spoof,notrim,eval,neural_vocoder_nonautoregressive,Task1,team01,MF,E,1,205168,26,26,test-00026-of-00080.parquet
VCC2SM3,DF_E_2976000,mp3m4a,vcc2018,-,bonafide,notrim,eval,bonafide,-,-,-,-,0,199250,26,26,test-00026-of-00080.parquet
LA_0011,DF_E_3072917,high_mp3,asvspoof,-,bonafide,notrim,eval,bonafide,-,-,-,-,0,219232,28,28,test-00028-of-00080.parquet
TMM1,DF_E_4846801,low_mp3,vcc2020,Task2-team22,spoof,notrim,eval,neural_vocoder_nonautoregressive,Task2,team22,FM,M,1,580526,75,75,test-00075-of-00080.parquet
LA_0016,DF_E_4521697,high_ogg,asvspoof,-,bonafide,notrim,eval,bonafide,-,-,-,-,0,514380,67,67,test-00067-of-00080.parquet
VCC2TM2,DF_E_4840994,low_ogg,vcc2018,HUB-D03,spoof,notrim,eval,traditional_vocoder,HUB,D03,FM,-,1,579363,75,75,test-00075-of-00080.parquet
LA_0022,DF_E_4843543,low_ogg,asvspoof,-,bonafide,notrim,eval,bonafide,-,-,-,-,0,579894,75,75,test-00075-of-00080.parquet
TFM1,DF_E_4514947,nocodec,vcc2020,Task2-team31,spoof,notrim,eval,neural_vocoder_nonautoregressive,Task2,team31,FM,F,1,513072,67,67,test-00067-of-00080.parquet
VCC2TF2,DF_E_4688601,low_m4a,vcc2018,SPO-N03,spoof,notrim,eval,unknown,SPO,N03,FF,-,1,548352,71,71,test-00071-of-00080.parquet
VCC2SF2,DF_E_4847529,low_m4a,vcc2018,-,bonafide,notrim,eval,bonafide,-,-,-,-,0,580670,75,75,test-00075-of-00080.parquet
LA_0046,DF_E_4735033,low_ogg,asvspoof,-,bonafide,notrim,eval,bonafide,-,-,-,-,0,557787,72,72,test-00072-of-00080.parquet
VCC2TF1,DF_E_4722103,low_ogg,vcc2018,SPO-B01,spoof,notrim,eval,traditional_vocoder,SPO,B01,MF,-,1,555212,72,72,test-00072-of-00080.parquet
LA_0021,DF_E_3002702,low_ogg,asvspoof,-,bonafide,notrim,eval,bonafide,-,-,-,-,0,204797,26,26,test-00026-of-00080.parquet
LA_0047,DF_E_4719860,oggm4a,asvspoof,A18,spoof,notrim,eval,traditional_vocoder,-,-,-,-,1,554740,72,72,test-00072-of-00080.parquet
VCC2TM1,DF_E_4837234,nocodec,vcc2018,HUB-N17,spoof,notrim,eval,neural_vocoder_autoregressive,HUB,N17,MM,-,1,578579,75,75,test-00075-of-00080.parquet
TEF2,DF_E_3062518,oggm4a,vcc2020,Task1-team04,spoof,notrim,eval,neural_vocoder_autoregressive,Task1,team04,FF,E,1,217070,28,28,test-00028-of-00080.parquet
LA_0014,DF_E_4722738,low_ogg,asvspoof,-,bonafide,notrim,eval,bonafide,-,-,-,-,0,555348,72,72,test-00072-of-00080.parquet
LA_0021,DF_E_4821796,high_ogg,asvspoof,-,bonafide,notrim,eval,bonafide,-,-,-,-,0,575361,75,75,test-00075-of-00080.parquet
VCC2SM3,DF_E_4826651,high_m4a,vcc2018,-,bonafide,notrim,eval,bonafide,-,-,-,-,0,576428,75,75,test-00075-of-00080.parquet
TFF1,DF_E_2985531,low_ogg,vcc2020,Task2-team29,spoof,notrim,eval,neural_vocoder_autoregressive,Task2,team29,FF,F,1,201180,26,26,test-00026-of-00080.parquet
TEM1,DF_E_2997424,low_m4a,vcc2020,Task1-team27,spoof,notrim,eval,neural_vocoder_nonautoregressive,Task1,team27,FM,E,1,203719,26,26,test-00026-of-00080.parquet
SEF2,DF_E_4712602,low_ogg,vcc2020,-,bonafide,notrim,eval,bonafide,-,-,-,-,0,553225,72,72,test-00072-of-00080.parquet
TMM1,DF_E_4830951,high_ogg,vcc2020,Task2-team24,spoof,notrim,eval,neural_vocoder_autoregressive,Task2,team24,MM,M,1,577313,75,75,test-00075-of-00080.parquet
SEM2,DF_E_4516289,low_ogg,vcc2020,-,bonafide,notrim,eval,bonafide,-,-,-,-,0,513336,67,67,test-00067-of-00080.parquet
VCC2TM2,DF_E_4533340,low_mp3,vcc2018,-,bonafide,notrim,eval,bonafide,-,-,-,-,0,516772,67,67,test-00067-of-00080.parquet
TEF1,DF_E_4532996,low_m4a,vcc2020,Task1-team14,spoof,notrim,eval,neural_vocoder_nonautoregressive,Task1,team14,FF,E,1,516705,67,67,test-00067-of-00080.parquet
VCC2TM1,DF_E_4519378,high_m4a,vcc2018,SPO-N18,spoof,notrim,eval,traditional_vocoder,SPO,N18,FM,-,1,513935,67,67,test-00067-of-00080.parquet
VCC2SF1,DF_E_4663469,low_mp3,vcc2018,-,bonafide,notrim,eval,bonafide,-,-,-,-,0,543221,71,71,test-00071-of-00080.parquet
TFF1,DF_E_4678826,low_ogg,vcc2020,Task2-team31,spoof,notrim,eval,neural_vocoder_nonautoregressive,Task2,team31,MF,F,1,546373,71,71,test-00071-of-00080.parquet
VCC2TM1,DF_E_3002088,high_m4a,vcc2018,SPO-N03,spoof,notrim,eval,unknown,SPO,N03,FM,-,1,204667,26,26,test-00026-of-00080.parquet
LA_0002,DF_E_4518702,mp3m4a,asvspoof,-,bonafide,notrim,eval,bonafide,-,-,-,-,0,513810,67,67,test-00067-of-00080.parquet
LA_0040,DF_E_4665830,high_ogg,asvspoof,-,bonafide,notrim,eval,bonafide,-,-,-,-,0,543682,71,71,test-00071-of-00080.parquet
VCC2TM2,DF_E_4733023,mp3m4a,vcc2018,HUB-N04,spoof,notrim,eval,traditional_vocoder,HUB,N04,MM,-,1,557392,72,72,test-00072-of-00080.parquet
TGF1,DF_E_4729034,oggm4a,vcc2020,-,bonafide,notrim,eval,bonafide,-,-,-,-,0,556621,72,72,test-00072-of-00080.parquet
VCC2TM2,DF_E_4514202,low_m4a,vcc2018,SPO-N13,spoof,notrim,eval,traditional_vocoder,SPO,N13,FM,-,1,512898,67,67,test-00067-of-00080.parquet
TFF1,DF_E_4842719,low_mp3,vcc2020,-,bonafide,notrim,eval,bonafide,-,-,-,-,0,579722,75,75,test-00075-of-00080.parquet
LA_0010,DF_E_4670608,high_ogg,asvspoof,A14,spoof,notrim,eval,traditional_vocoder,-,-,-,-,1,544672,71,71,test-00071-of-00080.parquet
TEM1,DF_E_3061857,low_mp3,vcc2020,-,bonafide,notrim,eval,bonafide,-,-,-,-,0,216934,28,28,test-00028-of-00080.parquet
VCC2TM2,DF_E_4688776,high_ogg,vcc2018,HUB-N16,spoof,notrim,eval,traditional_vocoder,HUB,N16,MM,-,1,548388,71,71,test-00071-of-00080.parquet
TFM1,DF_E_4675359,low_ogg,vcc2020,Task2-team25,spoof,notrim,eval,neural_vocoder_autoregressive,Task2,team25,FM,F,1,545668,71,71,test-00071-of-00080.parquet
VCC2SF2,DF_E_4727924,oggm4a,vcc2018,-,bonafide,notrim,eval,bonafide,-,-,-,-,0,556391,72,72,test-00072-of-00080.parquet
LA_0024,DF_E_3050305,oggm4a,asvspoof,-,bonafide,notrim,eval,bonafide,-,-,-,-,0,214531,28,28,test-00028-of-00080.parquet
TEM2,DF_E_4699993,low_mp3,vcc2020,-,bonafide,notrim,eval,bonafide,-,-,-,-,0,550666,72,72,test-00072-of-00080.parquet
VCC2TF2,DF_E_4662834,low_mp3,vcc2018,HUB-B01,spoof,notrim,eval,traditional_vocoder,HUB,B01,MF,-,1,543101,71,71,test-00071-of-00080.parquet
VCC2SM4,DF_E_4836685,low_ogg,vcc2018,-,bonafide,notrim,eval,bonafide,-,-,-,-,0,578473,75,75,test-00075-of-00080.parquet
LA_0041,DF_E_4680426,high_ogg,asvspoof,-,bonafide,notrim,eval,bonafide,-,-,-,-,0,546681,71,71,test-00071-of-00080.parquet
VCC2TF1,DF_E_2992024,oggm4a,vcc2018,HUB-N12,spoof,notrim,eval,traditional_vocoder,HUB,N12,FF,-,1,202538,26,26,test-00026-of-00080.parquet
VCC2SM4,DF_E_4663868,low_mp3,vcc2018,-,bonafide,notrim,eval,bonafide,-,-,-,-,0,543296,71,71,test-00071-of-00080.parquet
VCC2SM3,DF_E_4512433,high_ogg,vcc2018,-,bonafide,notrim,eval,bonafide,-,-,-,-,0,512529,67,67,test-00067-of-00080.parquet
SEF1,DF_E_4725338,high_ogg,vcc2020,-,bonafide,notrim,eval,bonafide,-,-,-,-,0,555853,72,72,test-00072-of-00080.parquet
TMF1,DF_E_2976219,mp3m4a,vcc2020,Task2-team19,spoof,notrim,eval,neural_vocoder_nonautoregressive,Task2,team19,FF,M,1,199287,26,26,test-00026-of-00080.parquet
VCC2TM1,DF_E_3077436,high_m4a,vcc2018,-,bonafide,notrim,eval,bonafide,-,-,-,-,0,220087,28,28,test-00028-of-00080.parquet
VCC2SM3,DF_E_4699140,nocodec,vcc2018,-,bonafide,notrim,eval,bonafide,-,-,-,-,0,550494,71,71,test-00071-of-00080.parquet
TEF2,DF_E_4702824,oggm4a,vcc2020,Task1-team01,spoof,notrim,eval,neural_vocoder_nonautoregressive,Task1,team01,MF,E,1,551249,72,72,test-00072-of-00080.parquet
LA_0043,DF_E_4528058,high_ogg,asvspoof,-,bonafide,notrim,eval,bonafide,-,-,-,-,0,515714,67,67,test-00067-of-00080.parquet
VCC2TF1,DF_E_4690379,oggm4a,vcc2018,HUB-D05,spoof,notrim,eval,traditional_vocoder,HUB,D05,MF,-,1,548722,71,71,test-00071-of-00080.parquet
LA_0001,DF_E_4709067,oggm4a,asvspoof,-,bonafide,notrim,eval,bonafide,-,-,-,-,0,552498,72,72,test-00072-of-00080.parquet
LA_0022,DF_E_4726921,low_ogg,asvspoof,-,bonafide,notrim,eval,bonafide,-,-,-,-,0,556190,72,72,test-00072-of-00080.parquet
TFF1,DF_E_4535828,high_mp3,vcc2020,Task2-team03,spoof,notrim,eval,neural_vocoder_autoregressive,Task2,team03,MF,F,1,517280,67,67,test-00067-of-00080.parquet
TEM2,DF_E_3048954,low_m4a,vcc2020,Task1-team25,spoof,notrim,eval,neural_vocoder_autoregressive,Task1,team25,FM,E,1,214239,28,28,test-00028-of-00080.parquet
TEM1,DF_E_3002291,high_mp3,vcc2020,Task1-team26,spoof,notrim,eval,traditional_vocoder,Task1,team26,MM,E,1,204710,26,26,test-00026-of-00080.parquet
VCC2TF2,DF_E_3079161,high_mp3,vcc2018,SPO-N17,spoof,notrim,eval,neural_vocoder_autoregressive,SPO,N17,MF,-,1,220436,28,28,test-00028-of-00080.parquet
VCC2TF2,DF_E_2985115,low_mp3,vcc2018,HUB-N05,spoof,notrim,eval,traditional_vocoder,HUB,N05,MF,-,1,201095,26,26,test-00026-of-00080.parquet
TEM2,DF_E_3057419,oggm4a,vcc2020,Task1-team13,spoof,notrim,eval,neural_vocoder_autoregressive,Task1,team13,MM,E,1,216008,28,28,test-00028-of-00080.parquet
VCC2TF2,DF_E_4534201,low_ogg,vcc2018,HUB-B01,spoof,notrim,eval,traditional_vocoder,HUB,B01,FF,-,1,516956,67,67,test-00067-of-00080.parquet
VCC2TF2,DF_E_3011011,nocodec,vcc2018,HUB-N08,spoof,notrim,eval,traditional_vocoder,HUB,N08,FF,-,1,206462,26,26,test-00026-of-00080.parquet
LA_0020,DF_E_4828270,mp3m4a,asvspoof,-,bonafide,notrim,eval,bonafide,-,-,-,-,0,576758,75,75,test-00075-of-00080.parquet
LA_0019,DF_E_4663227,low_ogg,asvspoof,A07,spoof,notrim,eval,traditional_vocoder,-,-,-,-,1,543173,71,71,test-00071-of-00080.parquet
TEF1,DF_E_4815002,nocodec,vcc2020,-,bonafide,notrim,eval,bonafide,-,-,-,-,0,573993,75,75,test-00075-of-00080.parquet
VCC2TF2,DF_E_2995627,nocodec,vcc2018,HUB-N18,spoof,notrim,eval,traditional_vocoder,HUB,N18,MF,-,1,203309,26,26,test-00026-of-00080.parquet
SEM2,DF_E_3059591,low_mp3,vcc2020,-,bonafide,notrim,eval,bonafide,-,-,-,-,0,216460,28,28,test-00028-of-00080.parquet
VCC2SM1,DF_E_4839196,mp3m4a,vcc2018,-,bonafide,notrim,eval,bonafide,-,-,-,-,0,579010,75,75,test-00075-of-00080.parquet
LA_0025,DF_E_4685924,oggm4a,asvspoof,-,bonafide,notrim,eval,bonafide,-,-,-,-,0,547811,71,71,test-00071-of-00080.parquet
TMM1,DF_E_3084673,nocodec,vcc2020,-,bonafide,notrim,eval,bonafide,-,-,-,-,0,221527,28,28,test-00028-of-00080.parquet
TEF1,DF_E_3003937,high_mp3,vcc2020,-,bonafide,notrim,eval,bonafide,-,-,-,-,0,205026,26,26,test-00026-of-00080.parquet
TFM1,DF_E_4688957,oggm4a,vcc2020,Task2-team25,spoof,notrim,eval,neural_vocoder_autoregressive,Task2,team25,FM,F,1,548425,71,71,test-00071-of-00080.parquet
LA_0004,DF_E_2999258,low_ogg,asvspoof,-,bonafide,notrim,eval,bonafide,-,-,-,-,0,204114,26,26,test-00026-of-00080.parquet
VCC2TF2,DF_E_4673778,low_mp3,vcc2018,SPO-N18,spoof,notrim,eval,traditional_vocoder,SPO,N18,MF,-,1,545321,71,71,test-00071-of-00080.parquet
VCC2TM2,DF_E_4728324,high_ogg,vcc2018,HUB-D03,spoof,notrim,eval,traditional_vocoder,HUB,D03,MM,-,1,556480,72,72,test-00072-of-00080.parquet
VCC2TM2,DF_E_4731961,mp3m4a,vcc2018,HUB-N11,spoof,notrim,eval,traditional_vocoder,HUB,N11,FM,-,1,557184,72,72,test-00072-of-00080.parquet
TFM1,DF_E_4543610,nocodec,vcc2020,Task2-team15,spoof,notrim,eval,neural_vocoder_nonautoregressive,Task2,team15,FM,F,1,518843,67,67,test-00067-of-00080.parquet
VCC2TM1,DF_E_4722026,low_ogg,vcc2018,HUB-N09,spoof,notrim,eval,traditional_vocoder,HUB,N09,FM,-,1,555186,72,72,test-00072-of-00080.parquet
VCC2TM2,DF_E_4674052,high_mp3,vcc2018,SPO-N10,spoof,notrim,eval,neural_vocoder_autoregressive,SPO,N10,FM,-,1,545386,71,71,test-00071-of-00080.parquet
TMF1,DF_E_4815509,mp3m4a,vcc2020,Task2-team30,spoof,notrim,eval,unknown,Task2,team30,FF,M,1,574093,75,75,test-00075-of-00080.parquet
VCC2TF2,DF_E_4726747,high_mp3,vcc2018,SPO-N12,spoof,notrim,eval,traditional_vocoder,SPO,N12,FF,-,1,556148,72,72,test-00072-of-00080.parquet
LA_0010,DF_E_4836247,high_ogg,asvspoof,-,bonafide,notrim,eval,bonafide,-,-,-,-,0,578381,75,75,test-00075-of-00080.parquet
LA_0041,DF_E_4848212,oggm4a,asvspoof,A17,spoof,notrim,eval,traditional_vocoder,-,-,-,-,1,580798,75,75,test-00075-of-00080.parquet
TGM1,DF_E_2976655,low_mp3,vcc2020,Task2-team09,spoof,notrim,eval,neural_vocoder_nonautoregressive,Task2,team09,FM,G,1,199368,26,26,test-00026-of-00080.parquet
TGF1,DF_E_3085505,high_ogg,vcc2020,Task2-team02,spoof,notrim,eval,neural_vocoder_nonautoregressive,Task2,team02,MF,G,1,221695,28,28,test-00028-of-00080.parquet
VCC2TF2,DF_E_4690992,mp3m4a,vcc2018,HUB-N08,spoof,notrim,eval,traditional_vocoder,HUB,N08,MF,-,1,548850,71,71,test-00071-of-00080.parquet
TGM1,DF_E_4664219,high_ogg,vcc2020,Task2-team12,spoof,notrim,eval,traditional_vocoder,Task2,team12,FM,G,1,543371,71,71,test-00071-of-00080.parquet
TEM2,DF_E_3077027,high_mp3,vcc2020,Task1-team19,spoof,notrim,eval,neural_vocoder_nonautoregressive,Task1,team19,MM,E,1,220013,28,28,test-00028-of-00080.parquet
TEF1,DF_E_4531571,high_mp3,vcc2020,Task1-team07,spoof,notrim,eval,neural_vocoder_autoregressive,Task1,team07,MF,E,1,516399,67,67,test-00067-of-00080.parquet
TMF1,DF_E_4547613,oggm4a,vcc2020,Task2-team25,spoof,notrim,eval,neural_vocoder_autoregressive,Task2,team25,FF,M,1,519626,67,67,test-00067-of-00080.parquet
TFF1,DF_E_3079286,low_ogg,vcc2020,-,bonafide,notrim,eval,bonafide,-,-,-,-,0,220456,28,28,test-00028-of-00080.parquet
VCC2TF2,DF_E_4530684,oggm4a,vcc2018,SPO-N18,spoof,notrim,eval,traditional_vocoder,SPO,N18,MF,-,1,516223,67,67,test-00067-of-00080.parquet
VCC2TM2,DF_E_3006242,oggm4a,vcc2018,HUB-N10,spoof,notrim,eval,neural_vocoder_autoregressive,HUB,N10,MM,-,1,205524,26,26,test-00026-of-00080.parquet
TEM1,DF_E_4824086,low_m4a,vcc2020,Task1-team32,spoof,notrim,eval,neural_vocoder_autoregressive,Task1,team32,MM,E,1,575843,75,75,test-00075-of-00080.parquet
LA_0026,DF_E_3073839,mp3m4a,asvspoof,A18,spoof,notrim,eval,traditional_vocoder,-,-,-,-,1,219413,28,28,test-00028-of-00080.parquet
LA_0055,DF_E_4846799,high_ogg,asvspoof,-,bonafide,notrim,eval,bonafide,-,-,-,-,0,580525,75,75,test-00075-of-00080.parquet
VCC2TF2,DF_E_3048948,oggm4a,vcc2018,-,bonafide,notrim,eval,bonafide,-,-,-,-,0,214237,28,28,test-00028-of-00080.parquet
TGF1,DF_E_3010583,low_mp3,vcc2020,Task2-team23,spoof,notrim,eval,neural_vocoder_autoregressive,Task2,team23,FF,G,1,206385,26,26,test-00026-of-00080.parquet
TFF1,DF_E_4730114,high_mp3,vcc2020,Task2-team27,spoof,notrim,eval,neural_vocoder_nonautoregressive,Task2,team27,FF,F,1,556844,72,72,test-00072-of-00080.parquet
LA_0018,DF_E_4734972,high_ogg,asvspoof,-,bonafide,notrim,eval,bonafide,-,-,-,-,0,557775,72,72,test-00072-of-00080.parquet
TEM1,DF_E_4735157,high_mp3,vcc2020,Task1-team32,spoof,notrim,eval,neural_vocoder_autoregressive,Task1,team32,FM,E,1,557803,72,72,test-00072-of-00080.parquet
TMM1,DF_E_4676889,nocodec,vcc2020,Task2-team07,spoof,notrim,eval,neural_vocoder_autoregressive,Task2,team07,FM,M,1,545977,71,71,test-00071-of-00080.parquet
LA_0016,DF_E_4685398,low_ogg,asvspoof,-,bonafide,notrim,eval,bonafide,-,-,-,-,0,547711,71,71,test-00071-of-00080.parquet
VCC2TM1,DF_E_4720475,low_ogg,vcc2018,-,bonafide,notrim,eval,bonafide,-,-,-,-,0,554885,72,72,test-00072-of-00080.parquet
LA_0065,DF_E_3057161,low_ogg,asvspoof,-,bonafide,notrim,eval,bonafide,-,-,-,-,0,215949,28,28,test-00028-of-00080.parquet
VCC2TF2,DF_E_4522104,oggm4a,vcc2018,HUB-N07,spoof,notrim,eval,traditional_vocoder,HUB,N07,MF,-,1,514456,67,67,test-00067-of-00080.parquet
TFF1,DF_E_2994387,low_m4a,vcc2020,Task2-team10,spoof,notrim,eval,neural_vocoder_autoregressive,Task2,team10,FF,F,1,203034,26,26,test-00026-of-00080.parquet
LA_0009,DF_E_3000393,mp3m4a,asvspoof,A12,spoof,notrim,eval,neural_vocoder_autoregressive,-,-,-,-,1,204328,26,26,test-00026-of-00080.parquet
TFF1,DF_E_2982392,high_ogg,vcc2020,Task2-team16,spoof,notrim,eval,neural_vocoder_nonautoregressive,Task2,team16,FF,F,1,200536,26,26,test-00026-of-00080.parquet
TEF1,DF_E_4835847,mp3m4a,vcc2020,Task1-team31,spoof,notrim,eval,neural_vocoder_nonautoregressive,Task1,team31,FF,E,1,578293,75,75,test-00075-of-00080.parquet
TEF2,DF_E_3063902,low_mp3,vcc2020,Task1-team14,spoof,notrim,eval,neural_vocoder_nonautoregressive,Task1,team14,FF,E,1,217361,28,28,test-00028-of-00080.parquet
LA_0001,DF_E_4541815,mp3m4a,asvspoof,A11,spoof,notrim,eval,traditional_vocoder,-,-,-,-,1,518472,67,67,test-00067-of-00080.parquet
TGM1,DF_E_4521553,high_m4a,vcc2020,Task2-team15,spoof,notrim,eval,neural_vocoder_nonautoregressive,Task2,team15,MM,G,1,514351,67,67,test-00067-of-00080.parquet
TEF1,DF_E_4529649,low_m4a,vcc2020,Task1-team10,spoof,notrim,eval,neural_vocoder_autoregressive,Task1,team10,FF,E,1,516036,67,67,test-00067-of-00080.parquet
LA_0044,DF_E_3072994,oggm4a,asvspoof,A18,spoof,notrim,eval,traditional_vocoder,-,-,-,-,1,219253,28,28,test-00028-of-00080.parquet
LA_0016,DF_E_2994528,oggm4a,asvspoof,A15,spoof,notrim,eval,neural_vocoder_autoregressive,-,-,-,-,1,203067,26,26,test-00026-of-00080.parquet
TEM1,DF_E_4709778,high_ogg,vcc2020,Task1-team27,spoof,notrim,eval,neural_vocoder_nonautoregressive,Task1,team27,MM,E,1,552650,72,72,test-00072-of-00080.parquet
TFF1,DF_E_4725227,mp3m4a,vcc2020,Task2-team32,spoof,notrim,eval,neural_vocoder_autoregressive,Task2,team32,FF,F,1,555834,72,72,test-00072-of-00080.parquet
TGF1,DF_E_4723132,low_ogg,vcc2020,Task2-team27,spoof,notrim,eval,neural_vocoder_nonautoregressive,Task2,team27,FF,G,1,555433,72,72,test-00072-of-00080.parquet
TGM1,DF_E_3064364,low_m4a,vcc2020,Task2-team09,spoof,notrim,eval,neural_vocoder_nonautoregressive,Task2,team09,FM,G,1,217468,28,28,test-00028-of-00080.parquet
LA_0045,DF_E_4546307,low_ogg,asvspoof,-,bonafide,notrim,eval,bonafide,-,-,-,-,0,519370,67,67,test-00067-of-00080.parquet
LA_0019,DF_E_3052002,low_ogg,asvspoof,-,bonafide,notrim,eval,bonafide,-,-,-,-,0,214861,28,28,test-00028-of-00080.parquet
TMF1,DF_E_4722648,low_ogg,vcc2020,Task2-team32,spoof,notrim,eval,neural_vocoder_autoregressive,Task2,team32,MF,M,1,555327,72,72,test-00072-of-00080.parquet
TFM1,DF_E_4839762,high_m4a,vcc2020,Task2-team19,spoof,notrim,eval,neural_vocoder_nonautoregressive,Task2,team19,FM,F,1,579120,75,75,test-00075-of-00080.parquet
SEM1,DF_E_4735511,nocodec,vcc2020,-,bonafide,notrim,eval,bonafide,-,-,-,-,0,557870,72,72,test-00072-of-00080.parquet
TFM1,DF_E_4700836,low_m4a,vcc2020,-,bonafide,notrim,eval,bonafide,-,-,-,-,0,550835,72,72,test-00072-of-00080.parquet
VCC2SM3,DF_E_2990282,nocodec,vcc2018,-,bonafide,notrim,eval,bonafide,-,-,-,-,0,202159,26,26,test-00026-of-00080.parquet
VCC2TF1,DF_E_3081568,low_mp3,vcc2018,HUB-N07,spoof,notrim,eval,traditional_vocoder,HUB,N07,FF,-,1,220912,28,28,test-00028-of-00080.parquet
LA_0005,DF_E_4533976,low_mp3,asvspoof,A10,spoof,notrim,eval,neural_vocoder_autoregressive,-,-,-,-,1,516913,67,67,test-00067-of-00080.parquet
TEM1,DF_E_4819234,nocodec,vcc2020,Task1-team24,spoof,notrim,eval,neural_vocoder_autoregressive,Task1,team24,MM,E,1,574863,75,75,test-00075-of-00080.parquet
LA_0008,DF_E_4818471,low_mp3,asvspoof,A08,spoof,notrim,eval,neural_vocoder_nonautoregressive,-,-,-,-,1,574707,75,75,test-00075-of-00080.parquet
LA_0015,DF_E_2995855,oggm4a,asvspoof,-,bonafide,notrim,eval,bonafide,-,-,-,-,0,203366,26,26,test-00026-of-00080.parquet
TEM2,DF_E_4665026,nocodec,vcc2020,Task1-team32,spoof,notrim,eval,neural_vocoder_autoregressive,Task1,team32,FM,E,1,543535,71,71,test-00071-of-00080.parquet
LA_0024,DF_E_4523145,oggm4a,asvspoof,-,bonafide,notrim,eval,bonafide,-,-,-,-,0,514678,67,67,test-00067-of-00080.parquet
VCC2TF2,DF_E_4539914,mp3m4a,vcc2018,HUB-N18,spoof,notrim,eval,traditional_vocoder,HUB,N18,MF,-,1,518106,67,67,test-00067-of-00080.parquet
TEM1,DF_E_4530897,low_m4a,vcc2020,Task1-team12,spoof,notrim,eval,traditional_vocoder,Task1,team12,MM,E,1,516264,67,67,test-00067-of-00080.parquet
TGM1,DF_E_3053242,oggm4a,vcc2020,-,bonafide,notrim,eval,bonafide,-,-,-,-,0,215121,28,28,test-00028-of-00080.parquet
LA_0032,DF_E_3062870,mp3m4a,asvspoof,A19,spoof,notrim,eval,traditional_vocoder,-,-,-,-,1,217141,28,28,test-00028-of-00080.parquet
LA_0028,DF_E_4847356,high_ogg,asvspoof,A15,spoof,notrim,eval,neural_vocoder_autoregressive,-,-,-,-,1,580640,75,75,test-00075-of-00080.parquet
LA_0036,DF_E_4542933,high_ogg,asvspoof,-,bonafide,notrim,eval,bonafide,-,-,-,-,0,518712,67,67,test-00067-of-00080.parquet
TMM1,DF_E_3055649,low_m4a,vcc2020,Task2-team27,spoof,notrim,eval,neural_vocoder_nonautoregressive,Task2,team27,FM,M,1,215614,28,28,test-00028-of-00080.parquet
LA_0042,DF_E_2987901,high_ogg,asvspoof,-,bonafide,notrim,eval,bonafide,-,-,-,-,0,201664,26,26,test-00026-of-00080.parquet
VCC2TM2,DF_E_4527632,low_m4a,vcc2018,HUB-N10,spoof,notrim,eval,neural_vocoder_autoregressive,HUB,N10,MM,-,1,515621,67,67,test-00067-of-00080.parquet
LA_0001,DF_E_4734391,mp3m4a,asvspoof,-,bonafide,notrim,eval,bonafide,-,-,-,-,0,557652,72,72,test-00072-of-00080.parquet
VCC2TF1,DF_E_4521069,high_mp3,vcc2018,SPO-N11,spoof,notrim,eval,traditional_vocoder,SPO,N11,MF,-,1,514263,67,67,test-00067-of-00080.parquet
LA_0008,DF_E_3078923,nocodec,asvspoof,-,bonafide,notrim,eval,bonafide,-,-,-,-,0,220378,28,28,test-00028-of-00080.parquet
LA_0016,DF_E_3060775,oggm4a,asvspoof,-,bonafide,notrim,eval,bonafide,-,-,-,-,0,216703,28,28,test-00028-of-00080.parquet
TEM2,DF_E_3067763,nocodec,vcc2020,Task1-team13,spoof,notrim,eval,neural_vocoder_autoregressive,Task1,team13,MM,E,1,218182,28,28,test-00028-of-00080.parquet
VCC2TF2,DF_E_3064918,low_mp3,vcc2018,SPO-N16,spoof,notrim,eval,traditional_vocoder,SPO,N16,MF,-,1,217589,28,28,test-00028-of-00080.parquet
TGF1,DF_E_4818028,high_m4a,vcc2020,Task2-team07,spoof,notrim,eval,neural_vocoder_autoregressive,Task2,team07,FF,G,1,574617,75,75,test-00075-of-00080.parquet
TMM1,DF_E_4723864,high_ogg,vcc2020,-,bonafide,notrim,eval,bonafide,-,-,-,-,0,555569,72,72,test-00072-of-00080.parquet
TGF1,DF_E_4733101,high_ogg,vcc2020,Task2-team19,spoof,notrim,eval,neural_vocoder_nonautoregressive,Task2,team19,MF,G,1,557410,72,72,test-00072-of-00080.parquet
LA_0027,DF_E_4730401,mp3m4a,asvspoof,A13,spoof,notrim,eval,traditional_vocoder,-,-,-,-,1,556901,72,72,test-00072-of-00080.parquet
VCC2TM2,DF_E_4842070,mp3m4a,vcc2018,-,bonafide,notrim,eval,bonafide,-,-,-,-,0,579596,75,75,test-00075-of-00080.parquet
LA_0002,DF_E_4523228,low_ogg,asvspoof,-,bonafide,notrim,eval,bonafide,-,-,-,-,0,514697,67,67,test-00067-of-00080.parquet
TEF2,DF_E_4545039,low_ogg,vcc2020,-,bonafide,notrim,eval,bonafide,-,-,-,-,0,519119,67,67,test-00067-of-00080.parquet
VCC2SM1,DF_E_4820447,high_mp3,vcc2018,-,bonafide,notrim,eval,bonafide,-,-,-,-,0,575089,75,75,test-00075-of-00080.parquet
LA_0009,DF_E_4736493,high_mp3,asvspoof,-,bonafide,notrim,eval,bonafide,-,-,-,-,0,558085,72,72,test-00072-of-00080.parquet
VCC2SF4,DF_E_4840285,high_m4a,vcc2018,-,bonafide,notrim,eval,bonafide,-,-,-,-,0,579225,75,75,test-00075-of-00080.parquet
VCC2TF2,DF_E_4828701,low_mp3,vcc2018,HUB-N16,spoof,notrim,eval,traditional_vocoder,HUB,N16,MF,-,1,576844,75,75,test-00075-of-00080.parquet
VCC2TM1,DF_E_4677356,oggm4a,vcc2018,HUB-N10,spoof,notrim,eval,neural_vocoder_autoregressive,HUB,N10,MM,-,1,546075,71,71,test-00071-of-00080.parquet
VCC2TF2,DF_E_4692691,nocodec,vcc2018,HUB-N04,spoof,notrim,eval,traditional_vocoder,HUB,N04,MF,-,1,549183,71,71,test-00071-of-00080.parquet
TFM1,DF_E_3048574,low_mp3,vcc2020,Task2-team28,spoof,notrim,eval,neural_vocoder_autoregressive,Task2,team28,MM,F,1,214165,28,28,test-00028-of-00080.parquet
VCC2SM3,DF_E_4839905,high_m4a,vcc2018,-,bonafide,notrim,eval,bonafide,-,-,-,-,0,579156,75,75,test-00075-of-00080.parquet
TEF2,DF_E_3057835,nocodec,vcc2020,Task1-team17,spoof,notrim,eval,neural_vocoder_nonautoregressive,Task1,team17,FF,E,1,216078,28,28,test-00028-of-00080.parquet
VCC2SF2,DF_E_4731698,low_ogg,vcc2018,-,bonafide,notrim,eval,bonafide,-,-,-,-,0,557144,72,72,test-00072-of-00080.parquet
LA_0002,DF_E_4532445,high_ogg,asvspoof,A09,spoof,notrim,eval,traditional_vocoder,-,-,-,-,1,516581,67,67,test-00067-of-00080.parquet
TEF1,DF_E_4671487,low_m4a,vcc2020,-,bonafide,notrim,eval,bonafide,-,-,-,-,0,544856,71,71,test-00071-of-00080.parquet
TMF1,DF_E_3007277,nocodec,vcc2020,Task2-team28,spoof,notrim,eval,neural_vocoder_autoregressive,Task2,team28,FF,M,1,205729,26,26,test-00026-of-00080.parquet
LA_0008,DF_E_4674312,low_ogg,asvspoof,-,bonafide,notrim,eval,bonafide,-,-,-,-,0,545446,71,71,test-00071-of-00080.parquet
LA_0036,DF_E_3056105,mp3m4a,asvspoof,-,bonafide,notrim,eval,bonafide,-,-,-,-,0,215698,28,28,test-00028-of-00080.parquet
SEF2,DF_E_4836010,oggm4a,vcc2020,-,bonafide,notrim,eval,bonafide,-,-,-,-,0,578326,75,75,test-00075-of-00080.parquet
LA_0036,DF_E_4729629,high_ogg,asvspoof,-,bonafide,notrim,eval,bonafide,-,-,-,-,0,556736,72,72,test-00072-of-00080.parquet
VCC2TM2,DF_E_3057485,nocodec,vcc2018,HUB-N10,spoof,notrim,eval,neural_vocoder_autoregressive,HUB,N10,FM,-,1,216021,28,28,test-00028-of-00080.parquet
VCC2TM2,DF_E_4690345,low_ogg,vcc2018,SPO-N11,spoof,notrim,eval,traditional_vocoder,SPO,N11,MM,-,1,548710,71,71,test-00071-of-00080.parquet
VCC2SM3,DF_E_4724790,low_ogg,vcc2018,-,bonafide,notrim,eval,bonafide,-,-,-,-,0,555731,72,72,test-00072-of-00080.parquet
LA_0011,DF_E_4539110,low_ogg,asvspoof,-,bonafide,notrim,eval,bonafide,-,-,-,-,0,517958,67,67,test-00067-of-00080.parquet
TEM2,DF_E_4728784,oggm4a,vcc2020,Task1-team30,spoof,notrim,eval,unknown,Task1,team30,FM,E,1,556575,72,72,test-00072-of-00080.parquet
VCC2TF2,DF_E_4686229,low_ogg,vcc2018,SPO-N10,spoof,notrim,eval,neural_vocoder_autoregressive,SPO,N10,MF,-,1,547871,71,71,test-00071-of-00080.parquet
LA_0017,DF_E_4813356,oggm4a,asvspoof,-,bonafide,notrim,eval,bonafide,-,-,-,-,0,573638,75,75,test-00075-of-00080.parquet
VCC2TF1,DF_E_4669286,nocodec,vcc2018,-,bonafide,notrim,eval,bonafide,-,-,-,-,0,544393,71,71,test-00071-of-00080.parquet
LA_0035,DF_E_3078702,nocodec,asvspoof,-,bonafide,notrim,eval,bonafide,-,-,-,-,0,220333,28,28,test-00028-of-00080.parquet
VCC2TM1,DF_E_2979613,high_ogg,vcc2018,-,bonafide,notrim,eval,bonafide,-,-,-,-,0,199981,26,26,test-00026-of-00080.parquet
TMM1,DF_E_3072093,oggm4a,vcc2020,Task2-team19,spoof,notrim,eval,neural_vocoder_nonautoregressive,Task2,team19,FM,M,1,219064,28,28,test-00028-of-00080.parquet
LA_0026,DF_E_3057405,high_ogg,asvspoof,-,bonafide,notrim,eval,bonafide,-,-,-,-,0,216006,28,28,test-00028-of-00080.parquet
TFF1,DF_E_3055403,oggm4a,vcc2020,Task2-team20,spoof,notrim,eval,neural_vocoder_nonautoregressive,Task2,team20,FF,F,1,215557,28,28,test-00028-of-00080.parquet
LA_0068,DF_E_4687293,mp3m4a,asvspoof,-,bonafide,notrim,eval,bonafide,-,-,-,-,0,548081,71,71,test-00071-of-00080.parquet
VCC2TF2,DF_E_3076735,low_m4a,vcc2018,HUB-N15,spoof,notrim,eval,traditional_vocoder,HUB,N15,MF,-,1,219951,28,28,test-00028-of-00080.parquet
LA_0002,DF_E_4847969,high_m4a,asvspoof,A15,spoof,notrim,eval,neural_vocoder_autoregressive,-,-,-,-,1,580746,75,75,test-00075-of-00080.parquet
LA_0009,DF_E_4679699,mp3m4a,asvspoof,-,bonafide,notrim,eval,bonafide,-,-,-,-,0,546543,71,71,test-00071-of-00080.parquet
TEF2,DF_E_4668803,low_mp3,vcc2020,-,bonafide,notrim,eval,bonafide,-,-,-,-,0,544290,71,71,test-00071-of-00080.parquet
LA_0011,DF_E_3052037,oggm4a,asvspoof,-,bonafide,notrim,eval,bonafide,-,-,-,-,0,214868,28,28,test-00028-of-00080.parquet
TGM1,DF_E_4713089,nocodec,vcc2020,Task2-team24,spoof,notrim,eval,neural_vocoder_autoregressive,Task2,team24,MM,G,1,553327,72,72,test-00072-of-00080.parquet
TFM1,DF_E_4848826,oggm4a,vcc2020,-,bonafide,notrim,eval,bonafide,-,-,-,-,0,580921,75,75,test-00075-of-00080.parquet
LA_0013,DF_E_4547547,low_ogg,asvspoof,-,bonafide,notrim,eval,bonafide,-,-,-,-,0,519613,67,67,test-00067-of-00080.parquet
LA_0021,DF_E_4702524,mp3m4a,asvspoof,A19,spoof,notrim,eval,traditional_vocoder,-,-,-,-,1,551189,72,72,test-00072-of-00080.parquet
TEF2,DF_E_3054554,high_ogg,vcc2020,Task1-team33,spoof,notrim,eval,neural_vocoder_nonautoregressive,Task1,team33,MF,E,1,215390,28,28,test-00028-of-00080.parquet
TEF2,DF_E_3052134,low_m4a,vcc2020,Task1-team06,spoof,notrim,eval,traditional_vocoder,Task1,team06,MF,E,1,214893,28,28,test-00028-of-00080.parquet
TFM1,DF_E_4669608,high_mp3,vcc2020,Task2-team12,spoof,notrim,eval,traditional_vocoder,Task2,team12,MM,F,1,544461,71,71,test-00071-of-00080.parquet
TGM1,DF_E_4820398,nocodec,vcc2020,-,bonafide,notrim,eval,bonafide,-,-,-,-,0,575083,75,75,test-00075-of-00080.parquet
TFM1,DF_E_4736010,oggm4a,vcc2020,Task2-team26,spoof,notrim,eval,traditional_vocoder,Task2,team26,MM,F,1,557973,72,72,test-00072-of-00080.parquet
TMF1,DF_E_3073890,high_m4a,vcc2020,Task2-team33,spoof,notrim,eval,neural_vocoder_nonautoregressive,Task2,team33,MF,M,1,219425,28,28,test-00028-of-00080.parquet
VCC2SM4,DF_E_4529220,nocodec,vcc2018,-,bonafide,notrim,eval,bonafide,-,-,-,-,0,515961,67,67,test-00067-of-00080.parquet
TEF1,DF_E_3002414,low_m4a,vcc2020,Task1-team02,spoof,notrim,eval,neural_vocoder_nonautoregressive,Task1,team02,MF,E,1,204733,26,26,test-00026-of-00080.parquet
VCC2TM2,DF_E_4539014,high_mp3,vcc2018,-,bonafide,notrim,eval,bonafide,-,-,-,-,0,517944,67,67,test-00067-of-00080.parquet
TEM2,DF_E_4726560,low_mp3,vcc2020,Task1-team27,spoof,notrim,eval,neural_vocoder_nonautoregressive,Task1,team27,FM,E,1,556096,72,72,test-00072-of-00080.parquet
TEF2,DF_E_4730747,nocodec,vcc2020,-,bonafide,notrim,eval,bonafide,-,-,-,-,0,556955,72,72,test-00072-of-00080.parquet
TEF2,DF_E_4734510,high_mp3,vcc2020,Task1-team10,spoof,notrim,eval,neural_vocoder_autoregressive,Task1,team10,FF,E,1,557668,72,72,test-00072-of-00080.parquet
TGM1,DF_E_4733876,high_mp3,vcc2020,Task2-team33,spoof,notrim,eval,neural_vocoder_nonautoregressive,Task2,team33,FM,G,1,557560,72,72,test-00072-of-00080.parquet
VCC2SF1,DF_E_4844497,nocodec,vcc2018,-,bonafide,notrim,eval,bonafide,-,-,-,-,0,580095,75,75,test-00075-of-00080.parquet
LA_0003,DF_E_4725183,low_ogg,asvspoof,-,bonafide,notrim,eval,bonafide,-,-,-,-,0,555820,72,72,test-00072-of-00080.parquet
LA_0005,DF_E_3009284,oggm4a,asvspoof,-,bonafide,notrim,eval,bonafide,-,-,-,-,0,206132,26,26,test-00026-of-00080.parquet
TGM1,DF_E_4720391,oggm4a,vcc2020,-,bonafide,notrim,eval,bonafide,-,-,-,-,0,554867,72,72,test-00072-of-00080.parquet
VCC2SF1,DF_E_3005360,nocodec,vcc2018,-,bonafide,notrim,eval,bonafide,-,-,-,-,0,205326,26,26,test-00026-of-00080.parquet
LA_0018,DF_E_4547849,low_mp3,asvspoof,-,bonafide,notrim,eval,bonafide,-,-,-,-,0,519672,67,67,test-00067-of-00080.parquet
TGF1,DF_E_4534480,high_mp3,vcc2020,Task2-team26,spoof,notrim,eval,traditional_vocoder,Task2,team26,MF,G,1,517017,67,67,test-00067-of-00080.parquet
VCC2TF2,DF_E_3054137,high_ogg,vcc2018,-,bonafide,notrim,eval,bonafide,-,-,-,-,0,215295,28,28,test-00028-of-00080.parquet
LA_0003,DF_E_3057210,mp3m4a,asvspoof,-,bonafide,notrim,eval,bonafide,-,-,-,-,0,215962,28,28,test-00028-of-00080.parquet
VCC2TF1,DF_E_4847112,low_mp3,vcc2018,HUB-N09,spoof,notrim,eval,traditional_vocoder,HUB,N09,FF,-,1,580585,75,75,test-00075-of-00080.parquet
TGM1,DF_E_2998426,high_mp3,vcc2020,-,bonafide,notrim,eval,bonafide,-,-,-,-,0,203918,26,26,test-00026-of-00080.parquet
TFF1,DF_E_4697762,low_mp3,vcc2020,Task2-team25,spoof,notrim,eval,neural_vocoder_autoregressive,Task2,team25,MF,F,1,550217,71,71,test-00071-of-00080.parquet
TFM1,DF_E_4822000,low_m4a,vcc2020,-,bonafide,notrim,eval,bonafide,-,-,-,-,0,575405,75,75,test-00075-of-00080.parquet
TGM1,DF_E_4700103,mp3m4a,vcc2020,Task2-team07,spoof,notrim,eval,neural_vocoder_autoregressive,Task2,team07,MM,G,1,550693,72,72,test-00072-of-00080.parquet
VCC2TF2,DF_E_4836129,nocodec,vcc2018,HUB-D05,spoof,notrim,eval,traditional_vocoder,HUB,D05,FF,-,1,578356,75,75,test-00075-of-00080.parquet
VCC2TF1,DF_E_4519942,nocodec,vcc2018,SPO-N17,spoof,notrim,eval,neural_vocoder_autoregressive,SPO,N17,FF,-,1,514046,67,67,test-00067-of-00080.parquet
TFM1,DF_E_4514333,low_m4a,vcc2020,Task2-team18,spoof,notrim,eval,unknown,Task2,team18,MM,F,1,512928,67,67,test-00067-of-00080.parquet
TFF1,DF_E_4512605,low_mp3,vcc2020,Task2-team33,spoof,notrim,eval,neural_vocoder_nonautoregressive,Task2,team33,MF,F,1,512564,67,67,test-00067-of-00080.parquet
LA_0005,DF_E_4818328,high_ogg,asvspoof,-,bonafide,notrim,eval,bonafide,-,-,-,-,0,574677,75,75,test-00075-of-00080.parquet
LA_0018,DF_E_2991206,mp3m4a,asvspoof,A09,spoof,notrim,eval,traditional_vocoder,-,-,-,-,1,202358,26,26,test-00026-of-00080.parquet
LA_0023,DF_E_4512729,high_ogg,asvspoof,-,bonafide,notrim,eval,bonafide,-,-,-,-,0,512597,67,67,test-00067-of-00080.parquet
LA_0016,DF_E_3080877,oggm4a,asvspoof,A12,spoof,notrim,eval,neural_vocoder_autoregressive,-,-,-,-,1,220788,28,28,test-00028-of-00080.parquet
LA_0023,DF_E_4699627,nocodec,asvspoof,-,bonafide,notrim,eval,bonafide,-,-,-,-,0,550592,71,71,test-00071-of-00080.parquet
LA_0022,DF_E_4816544,low_ogg,asvspoof,-,bonafide,notrim,eval,bonafide,-,-,-,-,0,574307,75,75,test-00075-of-00080.parquet
VCC2SF3,DF_E_4729136,high_ogg,vcc2018,-,bonafide,notrim,eval,bonafide,-,-,-,-,0,556642,72,72,test-00072-of-00080.parquet
LA_0003,DF_E_4727331,high_ogg,asvspoof,-,bonafide,notrim,eval,bonafide,-,-,-,-,0,556271,72,72,test-00072-of-00080.parquet
VCC2TM2,DF_E_4512216,high_ogg,vcc2018,HUB-N12,spoof,notrim,eval,traditional_vocoder,HUB,N12,MM,-,1,512476,67,67,test-00067-of-00080.parquet
LA_0026,DF_E_4690550,low_m4a,asvspoof,-,bonafide,notrim,eval,bonafide,-,-,-,-,0,548762,71,71,test-00071-of-00080.parquet
LA_0023,DF_E_4535682,low_ogg,asvspoof,-,bonafide,notrim,eval,bonafide,-,-,-,-,0,517257,67,67,test-00067-of-00080.parquet
LA_0024,DF_E_4679319,low_ogg,asvspoof,-,bonafide,notrim,eval,bonafide,-,-,-,-,0,546467,71,71,test-00071-of-00080.parquet
VCC2TF1,DF_E_3079068,low_ogg,vcc2018,HUB-N19,spoof,notrim,eval,traditional_vocoder,HUB,N19,FF,-,1,220413,28,28,test-00028-of-00080.parquet
LA_0040,DF_E_4542044,oggm4a,asvspoof,A11,spoof,notrim,eval,traditional_vocoder,-,-,-,-,1,518522,67,67,test-00067-of-00080.parquet
TFM1,DF_E_2995143,high_ogg,vcc2020,Task2-team26,spoof,notrim,eval,traditional_vocoder,Task2,team26,MM,F,1,203196,26,26,test-00026-of-00080.parquet
TGF1,DF_E_4526512,low_m4a,vcc2020,Task2-team02,spoof,notrim,eval,neural_vocoder_nonautoregressive,Task2,team02,MF,G,1,515378,67,67,test-00067-of-00080.parquet
LA_0053,DF_E_4702672,low_ogg,asvspoof,-,bonafide,notrim,eval,bonafide,-,-,-,-,0,551215,72,72,test-00072-of-00080.parquet
VCC2TM2,DF_E_4675922,high_m4a,vcc2018,HUB-N05,spoof,notrim,eval,traditional_vocoder,HUB,N05,MM,-,1,545776,71,71,test-00071-of-00080.parquet
TFM1,DF_E_3070898,low_mp3,vcc2020,Task2-team18,spoof,notrim,eval,unknown,Task2,team18,MM,F,1,218841,28,28,test-00028-of-00080.parquet
VCC2TM1,DF_E_3048627,mp3m4a,vcc2018,HUB-N15,spoof,notrim,eval,traditional_vocoder,HUB,N15,MM,-,1,214179,28,28,test-00028-of-00080.parquet
TEF2,DF_E_4735374,high_mp3,vcc2020,Task1-team30,spoof,notrim,eval,unknown,Task1,team30,FF,E,1,557845,72,72,test-00072-of-00080.parquet
TMM1,DF_E_3053677,mp3m4a,vcc2020,Task2-team02,spoof,notrim,eval,neural_vocoder_nonautoregressive,Task2,team02,FM,M,1,215203,28,28,test-00028-of-00080.parquet
TGF1,DF_E_4830992,nocodec,vcc2020,Task2-team05,spoof,notrim,eval,neural_vocoder_nonautoregressive,Task2,team05,FF,G,1,577324,75,75,test-00075-of-00080.parquet
VCC2TF1,DF_E_2980087,oggm4a,vcc2018,SPO-N03,spoof,notrim,eval,unknown,SPO,N03,FF,-,1,200081,26,26,test-00026-of-00080.parquet
VCC2SF2,DF_E_3078855,high_m4a,vcc2018,-,bonafide,notrim,eval,bonafide,-,-,-,-,0,220369,28,28,test-00028-of-00080.parquet
VCC2SF2,DF_E_4815406,high_m4a,vcc2018,-,bonafide,notrim,eval,bonafide,-,-,-,-,0,574071,75,75,test-00075-of-00080.parquet
TEF2,DF_E_4681413,high_mp3,vcc2020,-,bonafide,notrim,eval,bonafide,-,-,-,-,0,546881,71,71,test-00071-of-00080.parquet
VCC2SF4,DF_E_4717675,high_ogg,vcc2018,-,bonafide,notrim,eval,bonafide,-,-,-,-,0,554284,72,72,test-00072-of-00080.parquet
TEM2,DF_E_3057889,nocodec,vcc2020,Task1-team16,spoof,notrim,eval,neural_vocoder_nonautoregressive,Task1,team16,MM,E,1,216094,28,28,test-00028-of-00080.parquet
LA_0046,DF_E_2989919,high_m4a,asvspoof,A18,spoof,notrim,eval,traditional_vocoder,-,-,-,-,1,202073,26,26,test-00026-of-00080.parquet
VCC2TM2,DF_E_4838035,low_ogg,vcc2018,HUB-N04,spoof,notrim,eval,traditional_vocoder,HUB,N04,MM,-,1,578720,75,75,test-00075-of-00080.parquet
TEM1,DF_E_4831698,oggm4a,vcc2020,Task1-team01,spoof,notrim,eval,neural_vocoder_nonautoregressive,Task1,team01,MM,E,1,577481,75,75,test-00075-of-00080.parquet
LA_0014,DF_E_4541049,high_mp3,asvspoof,-,bonafide,notrim,eval,bonafide,-,-,-,-,0,518321,67,67,test-00067-of-00080.parquet
VCC2TM1,DF_E_3079361,oggm4a,vcc2018,HUB-D05,spoof,notrim,eval,traditional_vocoder,HUB,D05,MM,-,1,220478,28,28,test-00028-of-00080.parquet
LA_0045,DF_E_4681720,low_ogg,asvspoof,-,bonafide,notrim,eval,bonafide,-,-,-,-,0,546950,71,71,test-00071-of-00080.parquet
LA_0044,DF_E_3055944,mp3m4a,asvspoof,-,bonafide,notrim,eval,bonafide,-,-,-,-,0,215670,28,28,test-00028-of-00080.parquet
VCC2TF2,DF_E_3073230,oggm4a,vcc2018,SPO-N13,spoof,notrim,eval,traditional_vocoder,SPO,N13,FF,-,1,219302,28,28,test-00028-of-00080.parquet
TEF1,DF_E_3009058,high_m4a,vcc2020,-,bonafide,notrim,eval,bonafide,-,-,-,-,0,206085,26,26,test-00026-of-00080.parquet
LA_0032,DF_E_4724864,low_ogg,asvspoof,-,bonafide,notrim,eval,bonafide,-,-,-,-,0,555748,72,72,test-00072-of-00080.parquet
LA_0021,DF_E_2985689,low_ogg,asvspoof,-,bonafide,notrim,eval,bonafide,-,-,-,-,0,201214,26,26,test-00026-of-00080.parquet
TGM1,DF_E_4547140,low_m4a,vcc2020,-,bonafide,notrim,eval,bonafide,-,-,-,-,0,519535,67,67,test-00067-of-00080.parquet
TEM2,DF_E_4836246,high_m4a,vcc2020,-,bonafide,notrim,eval,bonafide,-,-,-,-,0,578380,75,75,test-00075-of-00080.parquet
VCC2SF2,DF_E_4813561,high_m4a,vcc2018,-,bonafide,notrim,eval,bonafide,-,-,-,-,0,573677,75,75,test-00075-of-00080.parquet
VCC2TM1,DF_E_2995490,mp3m4a,vcc2018,SPO-N06,spoof,notrim,eval,traditional_vocoder,SPO,N06,MM,-,1,203281,26,26,test-00026-of-00080.parquet
VCC2SF1,DF_E_4540098,high_ogg,vcc2018,-,bonafide,notrim,eval,bonafide,-,-,-,-,0,518147,67,67,test-00067-of-00080.parquet
LA_0034,DF_E_2993913,mp3m4a,asvspoof,-,bonafide,notrim,eval,bonafide,-,-,-,-,0,202933,26,26,test-00026-of-00080.parquet
VCC2TF1,DF_E_4514938,high_mp3,vcc2018,-,bonafide,notrim,eval,bonafide,-,-,-,-,0,513071,67,67,test-00067-of-00080.parquet
LA_0008,DF_E_3052323,mp3m4a,asvspoof,-,bonafide,notrim,eval,bonafide,-,-,-,-,0,214923,28,28,test-00028-of-00080.parquet
LA_0023,DF_E_4834334,oggm4a,asvspoof,A09,spoof,notrim,eval,traditional_vocoder,-,-,-,-,1,578019,75,75,test-00075-of-00080.parquet
LA_0032,DF_E_3002466,low_ogg,asvspoof,A17,spoof,notrim,eval,traditional_vocoder,-,-,-,-,1,204748,26,26,test-00026-of-00080.parquet
TMF1,DF_E_4539408,low_m4a,vcc2020,Task2-team30,spoof,notrim,eval,unknown,Task2,team30,FF,M,1,518012,67,67,test-00067-of-00080.parquet
TMF1,DF_E_3074942,low_ogg,vcc2020,Task2-team30,spoof,notrim,eval,unknown,Task2,team30,FF,M,1,219613,28,28,test-00028-of-00080.parquet
VCC2SF3,DF_E_3067818,high_m4a,vcc2018,-,bonafide,notrim,eval,bonafide,-,-,-,-,0,218194,28,28,test-00028-of-00080.parquet
VCC2TM1,DF_E_4668140,oggm4a,vcc2018,HUB-N12,spoof,notrim,eval,traditional_vocoder,HUB,N12,MM,-,1,544150,71,71,test-00071-of-00080.parquet
LA_0013,DF_E_4521910,high_mp3,asvspoof,A09,spoof,notrim,eval,traditional_vocoder,-,-,-,-,1,514420,67,67,test-00067-of-00080.parquet
TGF1,DF_E_4529310,low_mp3,vcc2020,Task2-team23,spoof,notrim,eval,neural_vocoder_autoregressive,Task2,team23,MF,G,1,515982,67,67,test-00067-of-00080.parquet
LA_0033,DF_E_4718267,mp3m4a,asvspoof,-,bonafide,notrim,eval,bonafide,-,-,-,-,0,554410,72,72,test-00072-of-00080.parquet
VCC2TF2,DF_E_4713941,high_mp3,vcc2018,HUB-D04,spoof,notrim,eval,traditional_vocoder,HUB,D04,MF,-,1,553505,72,72,test-00072-of-00080.parquet
LA_0059,DF_E_3063967,high_ogg,asvspoof,-,bonafide,notrim,eval,bonafide,-,-,-,-,0,217382,28,28,test-00028-of-00080.parquet
LA_0032,DF_E_4842024,oggm4a,asvspoof,-,bonafide,notrim,eval,bonafide,-,-,-,-,0,579582,75,75,test-00075-of-00080.parquet
LA_0033,DF_E_4670537,high_ogg,asvspoof,-,bonafide,notrim,eval,bonafide,-,-,-,-,0,544653,71,71,test-00071-of-00080.parquet
VCC2TF2,DF_E_4697002,low_ogg,vcc2018,HUB-N07,spoof,notrim,eval,traditional_vocoder,HUB,N07,FF,-,1,550064,71,71,test-00071-of-00080.parquet
VCC2SF4,DF_E_2983344,low_ogg,vcc2018,-,bonafide,notrim,eval,bonafide,-,-,-,-,0,200747,26,26,test-00026-of-00080.parquet
LA_0044,DF_E_2978985,high_ogg,asvspoof,-,bonafide,notrim,eval,bonafide,-,-,-,-,0,199847,26,26,test-00026-of-00080.parquet
VCC2TM1,DF_E_2975165,nocodec,vcc2018,HUB-D02,spoof,notrim,eval,traditional_vocoder,HUB,D02,FM,-,1,199079,26,26,test-00026-of-00080.parquet
TMF1,DF_E_3072585,high_m4a,vcc2020,Task2-team13,spoof,notrim,eval,neural_vocoder_autoregressive,Task2,team13,FF,M,1,219151,28,28,test-00028-of-00080.parquet
LA_0033,DF_E_4707951,mp3m4a,asvspoof,-,bonafide,notrim,eval,bonafide,-,-,-,-,0,552275,72,72,test-00072-of-00080.parquet
LA_0001,DF_E_2975266,low_ogg,asvspoof,A16,spoof,notrim,eval,waveform_concatenation,-,-,-,-,1,199105,26,26,test-00026-of-00080.parquet
TGF1,DF_E_3057007,low_mp3,vcc2020,-,bonafide,notrim,eval,bonafide,-,-,-,-,0,215910,28,28,test-00028-of-00080.parquet
TEF2,DF_E_2982758,nocodec,vcc2020,Task1-team21,spoof,notrim,eval,neural_vocoder_nonautoregressive,Task1,team21,MF,E,1,200618,26,26,test-00026-of-00080.parquet
VCC2TM2,DF_E_3010816,high_mp3,vcc2018,-,bonafide,notrim,eval,bonafide,-,-,-,-,0,206427,26,26,test-00026-of-00080.parquet
VCC2SF1,DF_E_4703001,low_m4a,vcc2018,-,bonafide,notrim,eval,bonafide,-,-,-,-,0,551282,72,72,test-00072-of-00080.parquet
TEM1,DF_E_4512658,oggm4a,vcc2020,-,bonafide,notrim,eval,bonafide,-,-,-,-,0,512580,67,67,test-00067-of-00080.parquet
LA_0043,DF_E_4530452,low_ogg,asvspoof,-,bonafide,notrim,eval,bonafide,-,-,-,-,0,516168,67,67,test-00067-of-00080.parquet
VCC2TM2,DF_E_4544692,mp3m4a,vcc2018,HUB-D01,spoof,notrim,eval,traditional_vocoder,HUB,D01,FM,-,1,519056,67,67,test-00067-of-00080.parquet
VCC2SM2,DF_E_4724736,high_ogg,vcc2018,-,bonafide,notrim,eval,bonafide,-,-,-,-,0,555721,72,72,test-00072-of-00080.parquet
TEF2,DF_E_2984419,low_mp3,vcc2020,Task1-team19,spoof,notrim,eval,neural_vocoder_nonautoregressive,Task1,team19,MF,E,1,200957,26,26,test-00026-of-00080.parquet
VCC2TF2,DF_E_4697665,low_mp3,vcc2018,-,bonafide,notrim,eval,bonafide,-,-,-,-,0,550196,71,71,test-00071-of-00080.parquet
LA_0039,DF_E_3081753,high_ogg,asvspoof,-,bonafide,notrim,eval,bonafide,-,-,-,-,0,220957,28,28,test-00028-of-00080.parquet
TEF2,DF_E_2983707,nocodec,vcc2020,Task1-team30,spoof,notrim,eval,unknown,Task1,team30,MF,E,1,200822,26,26,test-00026-of-00080.parquet
LA_0036,DF_E_2998595,low_ogg,asvspoof,-,bonafide,notrim,eval,bonafide,-,-,-,-,0,203967,26,26,test-00026-of-00080.parquet
VCC2SM1,DF_E_2976414,low_ogg,vcc2018,-,bonafide,notrim,eval,bonafide,-,-,-,-,0,199316,26,26,test-00026-of-00080.parquet
TEF1,DF_E_4688864,nocodec,vcc2020,Task1-team14,spoof,notrim,eval,neural_vocoder_nonautoregressive,Task1,team14,MF,E,1,548406,71,71,test-00071-of-00080.parquet
LA_0034,DF_E_4518641,low_ogg,asvspoof,A09,spoof,notrim,eval,traditional_vocoder,-,-,-,-,1,513797,67,67,test-00067-of-00080.parquet
TFM1,DF_E_2998828,low_mp3,vcc2020,-,bonafide,notrim,eval,bonafide,-,-,-,-,0,204018,26,26,test-00026-of-00080.parquet
LA_0046,DF_E_4725252,oggm4a,asvspoof,-,bonafide,notrim,eval,bonafide,-,-,-,-,0,555839,72,72,test-00072-of-00080.parquet
LA_0009,DF_E_2995727,high_ogg,asvspoof,A13,spoof,notrim,eval,traditional_vocoder,-,-,-,-,1,203336,26,26,test-00026-of-00080.parquet
TFM1,DF_E_4827467,high_m4a,vcc2020,Task2-team02,spoof,notrim,eval,neural_vocoder_nonautoregressive,Task2,team02,FM,F,1,576596,75,75,test-00075-of-00080.parquet
LA_0028,DF_E_4726534,oggm4a,asvspoof,-,bonafide,notrim,eval,bonafide,-,-,-,-,0,556089,72,72,test-00072-of-00080.parquet
VCC2TF2,DF_E_4537812,high_ogg,vcc2018,SPO-N04,spoof,notrim,eval,traditional_vocoder,SPO,N04,MF,-,1,517698,67,67,test-00067-of-00080.parquet
SEM2,DF_E_4850272,high_ogg,vcc2020,-,bonafide,notrim,eval,bonafide,-,-,-,-,0,581218,75,75,test-00075-of-00080.parquet
LA_0010,DF_E_4822011,oggm4a,asvspoof,A11,spoof,notrim,eval,traditional_vocoder,-,-,-,-,1,575409,75,75,test-00075-of-00080.parquet
VCC2TF2,DF_E_2987438,low_ogg,vcc2018,HUB-N16,spoof,notrim,eval,traditional_vocoder,HUB,N16,MF,-,1,201574,26,26,test-00026-of-00080.parquet
LA_0046,DF_E_4687465,high_ogg,asvspoof,-,bonafide,notrim,eval,bonafide,-,-,-,-,0,548118,71,71,test-00071-of-00080.parquet
TEM2,DF_E_3004129,high_mp3,vcc2020,Task1-team13,spoof,notrim,eval,neural_vocoder_autoregressive,Task1,team13,MM,E,1,205070,26,26,test-00026-of-00080.parquet
TEM2,DF_E_4719159,high_ogg,vcc2020,-,bonafide,notrim,eval,bonafide,-,-,-,-,0,554615,72,72,test-00072-of-00080.parquet
VCC2TF1,DF_E_2986422,nocodec,vcc2018,SPO-N10,spoof,notrim,eval,neural_vocoder_autoregressive,SPO,N10,MF,-,1,201351,26,26,test-00026-of-00080.parquet
VCC2SF3,DF_E_4706840,high_ogg,vcc2018,-,bonafide,notrim,eval,bonafide,-,-,-,-,0,552053,72,72,test-00072-of-00080.parquet
SEM1,DF_E_4520235,low_m4a,vcc2020,-,bonafide,notrim,eval,bonafide,-,-,-,-,0,514102,67,67,test-00067-of-00080.parquet
LA_0032,DF_E_3066506,low_mp3,asvspoof,A15,spoof,notrim,eval,neural_vocoder_autoregressive,-,-,-,-,1,217907,28,28,test-00028-of-00080.parquet
VCC2TF2,DF_E_4674815,high_m4a,vcc2018,HUB-N20,spoof,notrim,eval,traditional_vocoder,HUB,N20,MF,-,1,545549,71,71,test-00071-of-00080.parquet
VCC2TF2,DF_E_2988621,low_ogg,vcc2018,SPO-N18,spoof,notrim,eval,traditional_vocoder,SPO,N18,MF,-,1,201808,26,26,test-00026-of-00080.parquet
TEM1,DF_E_4828574,high_m4a,vcc2020,Task1-team26,spoof,notrim,eval,traditional_vocoder,Task1,team26,FM,E,1,576819,75,75,test-00075-of-00080.parquet
VCC2TF1,DF_E_3081827,high_mp3,vcc2018,HUB-D02,spoof,notrim,eval,traditional_vocoder,HUB,D02,MF,-,1,220973,28,28,test-00028-of-00080.parquet
LA_0018,DF_E_4813961,oggm4a,asvspoof,A19,spoof,notrim,eval,traditional_vocoder,-,-,-,-,1,573767,75,75,test-00075-of-00080.parquet
SEF2,DF_E_4711285,high_ogg,vcc2020,-,bonafide,notrim,eval,bonafide,-,-,-,-,0,552943,72,72,test-00072-of-00080.parquet
TGM1,DF_E_3063714,high_m4a,vcc2020,Task2-team22,spoof,notrim,eval,neural_vocoder_nonautoregressive,Task2,team22,MM,G,1,217319,28,28,test-00028-of-00080.parquet
LA_0023,DF_E_2977703,low_ogg,asvspoof,A17,spoof,notrim,eval,traditional_vocoder,-,-,-,-,1,199589,26,26,test-00026-of-00080.parquet
