sample_id,trial_id,speaker_id,audio_path,label,label_name,codec,source,attack,trim,subset,vocoder,language,transaction_amount,transaction_currency,transaction_type,recipient_new,prior_transactions,time_since_last_transaction,speaker_baseline_available,source_dataset,source_distribution,consent_status
asvspoof2021_df_DF_E_4737185,DF_E_4737185,VCC2TF1,data/raw/audio/asvspoof2021_df/audio/DF_E_4737185.flac,1,spoof,low_mp3,vcc2018,HUB-N08,notrim,eval,traditional_vocoder,,,,,,,,,ASVspoof2021_DF,HuggingFace redistribution,dataset_license
asvspoof2021_df_DF_E_4732500,DF_E_4732500,LA_0032,data/raw/audio/asvspoof2021_df/audio/DF_E_4732500.flac,0,bonafide,low_ogg,asvspoof,-,notrim,eval,bonafide,,,,,,,,,ASVspoof2021_DF,HuggingFace redistribution,dataset_license
asvspoof2021_df_DF_E_3083299,DF_E_3083299,TEF2,data/raw/audio/asvspoof2021_df/audio/DF_E_3083299.flac,1,spoof,oggm4a,vcc2020,Task1-team14,notrim,eval,neural_vocoder_nonautoregressive,,,,,,,,,ASVspoof2021_DF,HuggingFace redistribution,dataset_license
asvspoof2021_df_DF_E_4731904,DF_E_4731904,SEF2,data/raw/audio/asvspoof2021_df/audio/DF_E_4731904.flac,0,bonafide,high_mp3,vcc2020,-,notrim,eval,bonafide,,,,,,,,,ASVspoof2021_DF,HuggingFace redistribution,dataset_license
asvspoof2021_df_DF_E_4548022,DF_E_4548022,TMM1,data/raw/audio/asvspoof2021_df/audio/DF_E_4548022.flac,1,spoof,low_m4a,vcc2020,Task2-team06,notrim,eval,traditional_vocoder,,,,,,,,,ASVspoof2021_DF,HuggingFace redistribution,dataset_license
asvspoof2021_df_DF_E_2976781,DF_E_2976781,TGM1,data/raw/audio/asvspoof2021_df/audio/DF_E_2976781.flac,1,spoof,low_ogg,vcc2020,Task2-team24,notrim,eval,neural_vocoder_autoregressive,,,,,,,,,ASVspoof2021_DF,HuggingFace redistribution,dataset_license
asvspoof2021_df_DF_E_3001420,DF_E_3001420,VCC2SF2,data/raw/audio/asvspoof2021_df/audio/DF_E_3001420.flac,0,bonafide,mp3m4a,vcc2018,-,notrim,eval,bonafide,,,,,,,,,ASVspoof2021_DF,HuggingFace redistribution,dataset_license
asvspoof2021_df_DF_E_4513669,DF_E_4513669,VCC2TF2,data/raw/audio/asvspoof2021_df/audio/DF_E_4513669.flac,1,spoof,high_m4a,vcc2018,HUB-N18,notrim,eval,traditional_vocoder,,,,,,,,,ASVspoof2021_DF,HuggingFace redistribution,dataset_license
asvspoof2021_df_DF_E_4530363,DF_E_4530363,VCC2SF2,data/raw/audio/asvspoof2021_df/audio/DF_E_4530363.flac,0,bonafide,low_ogg,vcc2018,-,notrim,eval,bonafide,,,,,,,,,ASVspoof2021_DF,HuggingFace redistribution,dataset_license
asvspoof2021_df_DF_E_4704966,DF_E_4704966,VCC2TF2,data/raw/audio/asvspoof2021_df/audio/DF_E_4704966.flac,1,spoof,mp3m4a,vcc2018,SPO-N12,notrim,eval,traditional_vocoder,,,,,,,,,ASVspoof2021_DF,HuggingFace redistribution,dataset_license
asvspoof2021_df_DF_E_2990561,DF_E_2990561,LA_0005,data/raw/audio/asvspoof2021_df/audio/DF_E_2990561.flac,0,bonafide,mp3m4a,asvspoof,-,notrim,eval,bonafide,,,,,,,,,ASVspoof2021_DF,HuggingFace redistribution,dataset_license
asvspoof2021_df_DF_E_4513063,DF_E_4513063,VCC2TM1,data/raw/audio/asvspoof2021_df/audio/DF_E_4513063.flac,1,spoof,high_ogg,vcc2018,HUB-N03,notrim,eval,unknown,,,,,,,,,ASVspoof2021_DF,HuggingFace redistribution,dataset_license
asvspoof2021_df_DF_E_4837050,DF_E_4837050,VCC2TF1,data/raw/audio/asvspoof2021_df/audio/DF_E_4837050.flac,1,spoof,nocodec,vcc2018,HUB-N08,notrim,eval,traditional_vocoder,,,,,,,,,ASVspoof2021_DF,HuggingFace redistribution,dataset_license
asvspoof2021_df_DF_E_4514657,DF_E_4514657,VCC2SM3,data/raw/audio/asvspoof2021_df/audio/DF_E_4514657.flac,0,bonafide,low_m4a,vcc2018,-,notrim,eval,bonafide,,,,,,,,,ASVspoof2021_DF,HuggingFace redistribution,dataset_license
asvspoof2021_df_DF_E_4535647,DF_E_4535647,VCC2SM1,data/raw/audio/asvspoof2021_df/audio/DF_E_4535647.flac,0,bonafide,low_mp3,vcc2018,-,notrim,eval,bonafide,,,,,,,,,ASVspoof2021_DF,HuggingFace redistribution,dataset_license
asvspoof2021_df_DF_E_3085538,DF_E_3085538,LA_0036,data/raw/audio/asvspoof2021_df/audio/DF_E_3085538.flac,0,bonafide,oggm4a,asvspoof,-,notrim,eval,bonafide,,,,,,,,,ASVspoof2021_DF,HuggingFace redistribution,dataset_license
asvspoof2021_df_DF_E_3057681,DF_E_3057681,LA_0013,data/raw/audio/asvspoof2021_df/audio/DF_E_3057681.flac,0,bonafide,mp3m4a,asvspoof,-,notrim,eval,bonafide,,,,,,,,,ASVspoof2021_DF,HuggingFace redistribution,dataset_license
asvspoof2021_df_DF_E_3072969,DF_E_3072969,LA_0047,data/raw/audio/asvspoof2021_df/audio/DF_E_3072969.flac,0,bonafide,low_ogg,asvspoof,-,notrim,eval,bonafide,,,,,,,,,ASVspoof2021_DF,HuggingFace redistribution,dataset_license
asvspoof2021_df_DF_E_3082374,DF_E_3082374,TGM1,data/raw/audio/asvspoof2021_df/audio/DF_E_3082374.flac,1,spoof,low_ogg,vcc2020,Task2-team08,notrim,eval,traditional_vocoder,,,,,,,,,ASVspoof2021_DF,HuggingFace redistribution,dataset_license
asvspoof2021_df_DF_E_2996347,DF_E_2996347,LA_0011,data/raw/audio/asvspoof2021_df/audio/DF_E_2996347.flac,1,spoof,high_ogg,asvspoof,A10,notrim,eval,neural_vocoder_autoregressive,,,,,,,,,ASVspoof2021_DF,HuggingFace redistribution,dataset_license
asvspoof2021_df_DF_E_4517912,DF_E_4517912,VCC2TF1,data/raw/audio/asvspoof2021_df/audio/DF_E_4517912.flac,0,bonafide,high_m4a,vcc2018,-,notrim,eval,bonafide,,,,,,,,,ASVspoof2021_DF,HuggingFace redistribution,dataset_license
asvspoof2021_df_DF_E_2990628,DF_E_2990628,TEM1,data/raw/audio/asvspoof2021_df/audio/DF_E_2990628.flac,1,spoof,high_m4a,vcc2020,Task1-team31,notrim,eval,neural_vocoder_nonautoregressive,,,,,,,,,ASVspoof2021_DF,HuggingFace redistribution,dataset_license
asvspoof2021_df_DF_E_4519595,DF_E_4519595,TMM1,data/raw/audio/asvspoof2021_df/audio/DF_E_4519595.flac,1,spoof,low_m4a,vcc2020,Task2-team31,notrim,eval,neural_vocoder_nonautoregressive,,,,,,,,,ASVspoof2021_DF,HuggingFace redistribution,dataset_license
asvspoof2021_df_DF_E_3048975,DF_E_3048975,TFM1,data/raw/audio/asvspoof2021_df/audio/DF_E_3048975.flac,1,spoof,high_ogg,vcc2020,Task2-team05,notrim,eval,neural_vocoder_nonautoregressive,,,,,,,,,ASVspoof2021_DF,HuggingFace redistribution,dataset_license
asvspoof2021_df_DF_E_4835792,DF_E_4835792,LA_0027,data/raw/audio/asvspoof2021_df/audio/DF_E_4835792.flac,1,spoof,high_mp3,asvspoof,A07,notrim,eval,traditional_vocoder,,,,,,,,,ASVspoof2021_DF,HuggingFace redistribution,dataset_license
asvspoof2021_df_DF_E_4542610,DF_E_4542610,VCC2SF4,data/raw/audio/asvspoof2021_df/audio/DF_E_4542610.flac,0,bonafide,high_mp3,vcc2018,-,notrim,eval,bonafide,,,,,,,,,ASVspoof2021_DF,HuggingFace redistribution,dataset_license
asvspoof2021_df_DF_E_2992842,DF_E_2992842,VCC2TF2,data/raw/audio/asvspoof2021_df/audio/DF_E_2992842.flac,1,spoof,low_m4a,vcc2018,SPO-N18,notrim,eval,traditional_vocoder,,,,,,,,,ASVspoof2021_DF,HuggingFace redistribution,dataset_license
asvspoof2021_df_DF_E_4526683,DF_E_4526683,VCC2TM1,data/raw/audio/asvspoof2021_df/audio/DF_E_4526683.flac,0,bonafide,low_ogg,vcc2018,-,notrim,eval,bonafide,,,,,,,,,ASVspoof2021_DF,HuggingFace redistribution,dataset_license
asvspoof2021_df_DF_E_2996047,DF_E_2996047,LA_0014,data/raw/audio/asvspoof2021_df/audio/DF_E_2996047.flac,0,bonafide,high_ogg,asvspoof,-,notrim,eval,bonafide,,,,,,,,,ASVspoof2021_DF,HuggingFace redistribution,dataset_license
asvspoof2021_df_DF_E_4539838,DF_E_4539838,LA_0019,data/raw/audio/asvspoof2021_df/audio/DF_E_4539838.flac,0,bonafide,nocodec,asvspoof,-,notrim,eval,bonafide,,,,,,,,,ASVspoof2021_DF,HuggingFace redistribution,dataset_license
asvspoof2021_df_DF_E_3074263,DF_E_3074263,LA_0013,data/raw/audio/asvspoof2021_df/audio/DF_E_3074263.flac,0,bonafide,low_mp3,asvspoof,-,notrim,eval,bonafide,,,,,,,,,ASVspoof2021_DF,HuggingFace redistribution,dataset_license
asvspoof2021_df_DF_E_2986753,DF_E_2986753,TFF1,data/raw/audio/asvspoof2021_df/audio/DF_E_2986753.flac,0,bonafide,high_m4a,vcc2020,-,notrim,eval,bonafide,,,,,,,,,ASVspoof2021_DF,HuggingFace redistribution,dataset_license
asvspoof2021_df_DF_E_4517779,DF_E_4517779,LA_0032,data/raw/audio/asvspoof2021_df/audio/DF_E_4517779.flac,0,bonafide,high_ogg,asvspoof,-,notrim,eval,bonafide,,,,,,,,,ASVspoof2021_DF,HuggingFace redistribution,dataset_license
asvspoof2021_df_DF_E_2994984,DF_E_2994984,VCC2TM1,data/raw/audio/asvspoof2021_df/audio/DF_E_2994984.flac,0,bonafide,high_ogg,vcc2018,-,notrim,eval,bonafide,,,,,,,,,ASVspoof2021_DF,HuggingFace redistribution,dataset_license
asvspoof2021_df_DF_E_4726672,DF_E_4726672,VCC2TF2,data/raw/audio/asvspoof2021_df/audio/DF_E_4726672.flac,1,spoof,mp3m4a,vcc2018,SPO-N06,notrim,eval,traditional_vocoder,,,,,,,,,ASVspoof2021_DF,HuggingFace redistribution,dataset_license
asvspoof2021_df_DF_E_4817707,DF_E_4817707,LA_0063,data/raw/audio/asvspoof2021_df/audio/DF_E_4817707.flac,0,bonafide,low_ogg,asvspoof,-,notrim,eval,bonafide,,,,,,,,,ASVspoof2021_DF,HuggingFace redistribution,dataset_license
asvspoof2021_df_DF_E_3079314,DF_E_3079314,TGF1,data/raw/audio/asvspoof2021_df/audio/DF_E_3079314.flac,1,spoof,high_mp3,vcc2020,Task2-team20,notrim,eval,neural_vocoder_nonautoregressive,,,,,,,,,ASVspoof2021_DF,HuggingFace redistribution,dataset_license
asvspoof2021_df_DF_E_4533522,DF_E_4533522,LA_0028,data/raw/audio/asvspoof2021_df/audio/DF_E_4533522.flac,1,spoof,mp3m4a,asvspoof,A12,notrim,eval,neural_vocoder_autoregressive,,,,,,,,,ASVspoof2021_DF,HuggingFace redistribution,dataset_license
asvspoof2021_df_DF_E_4697215,DF_E_4697215,TMM1,data/raw/audio/asvspoof2021_df/audio/DF_E_4697215.flac,1,spoof,low_ogg,vcc2020,Task2-team13,notrim,eval,neural_vocoder_autoregressive,,,,,,,,,ASVspoof2021_DF,HuggingFace redistribution,dataset_license
asvspoof2021_df_DF_E_4696378,DF_E_4696378,LA_0028,data/raw/audio/asvspoof2021_df/audio/DF_E_4696378.flac,0,bonafide,oggm4a,asvspoof,-,notrim,eval,bonafide,,,,,,,,,ASVspoof2021_DF,HuggingFace redistribution,dataset_license
asvspoof2021_df_DF_E_4709629,DF_E_4709629,TEM1,data/raw/audio/asvspoof2021_df/audio/DF_E_4709629.flac,0,bonafide,low_mp3,vcc2020,-,notrim,eval,bonafide,,,,,,,,,ASVspoof2021_DF,HuggingFace redistribution,dataset_license
asvspoof2021_df_DF_E_4824764,DF_E_4824764,VCC2TM1,data/raw/audio/asvspoof2021_df/audio/DF_E_4824764.flac,1,spoof,low_ogg,vcc2018,HUB-N17,notrim,eval,neural_vocoder_autoregressive,,,,,,,,,ASVspoof2021_DF,HuggingFace redistribution,dataset_license
asvspoof2021_df_DF_E_4834380,DF_E_4834380,VCC2SM2,data/raw/audio/asvspoof2021_df/audio/DF_E_4834380.flac,0,bonafide,mp3m4a,vcc2018,-,notrim,eval,bonafide,,,,,,,,,ASVspoof2021_DF,HuggingFace redistribution,dataset_license
asvspoof2021_df_DF_E_4668318,DF_E_4668318,LA_0005,data/raw/audio/asvspoof2021_df/audio/DF_E_4668318.flac,0,bonafide,low_m4a,asvspoof,-,notrim,eval,bonafide,,,,,,,,,ASVspoof2021_DF,HuggingFace redistribution,dataset_license
asvspoof2021_df_DF_E_4542427,DF_E_4542427,TEM2,data/raw/audio/asvspoof2021_df/audio/DF_E_4542427.flac,1,spoof,high_ogg,vcc2020,Task1-team24,notrim,eval,neural_vocoder_autoregressive,,,,,,,,,ASVspoof2021_DF,HuggingFace redistribution,dataset_license
asvspoof2021_df_DF_E_4730092,DF_E_4730092,LA_0001,data/raw/audio/asvspoof2021_df/audio/DF_E_4730092.flac,0,bonafide,oggm4a,asvspoof,-,notrim,eval,bonafide,,,,,,,,,ASVspoof2021_DF,HuggingFace redistribution,dataset_license
asvspoof2021_df_DF_E_4676367,DF_E_4676367,LA_0007,data/raw/audio/asvspoof2021_df/audio/DF_E_4676367.flac,0,bonafide,mp3m4a,asvspoof,-,notrim,eval,bonafide,,,,,,,,,ASVspoof2021_DF,HuggingFace redistribution,dataset_license
asvspoof2021_df_DF_E_4707935,DF_E_4707935,LA_0045,data/raw/audio/asvspoof2021_df/audio/DF_E_4707935.flac,0,bonafide,oggm4a,asvspoof,-,notrim,eval,bonafide,,,,,,,,,ASVspoof2021_DF,HuggingFace redistribution,dataset_license
asvspoof2021_df_DF_E_3055838,DF_E_3055838,LA_0002,data/raw/audio/asvspoof2021_df/audio/DF_E_3055838.flac,0,bonafide,low_m4a,asvspoof,-,notrim,eval,bonafide,,,,,,,,,ASVspoof2021_DF,HuggingFace redistribution,dataset_license
asvspoof2021_df_DF_E_3010000,DF_E_3010000,VCC2TM2,data/raw/audio/asvspoof2021_df/audio/DF_E_3010000.flac,1,spoof,low_mp3,vcc2018,HUB-N09,notrim,eval,traditional_vocoder,,,,,,,,,ASVspoof2021_DF,HuggingFace redistribution,dataset_license
asvspoof2021_df_DF_E_4514478,DF_E_4514478,TEF1,data/raw/audio/asvspoof2021_df/audio/DF_E_4514478.flac,1,spoof,low_ogg,vcc2020,Task1-team21,notrim,eval,neural_vocoder_nonautoregressive,,,,,,,,,ASVspoof2021_DF,HuggingFace redistribution,dataset_license
asvspoof2021_df_DF_E_4549163,DF_E_4549163,VCC2TF1,data/raw/audio/asvspoof2021_df/audio/DF_E_4549163.flac,0,bonafide,low_mp3,vcc2018,-,notrim,eval,bonafide,,,,,,,,,ASVspoof2021_DF,HuggingFace redistribution,dataset_license
asvspoof2021_df_DF_E_4688617,DF_E_4688617,LA_0026,data/raw/audio/asvspoof2021_df/audio/DF_E_4688617.flac,1,spoof,low_ogg,asvspoof,A07,notrim,eval,traditional_vocoder,,,,,,,,,ASVspoof2021_DF,HuggingFace redistribution,dataset_license
asvspoof2021_df_DF_E_4667844,DF_E_4667844,VCC2SM3,data/raw/audio/asvspoof2021_df/audio/DF_E_4667844.flac,0,bonafide,nocodec,vcc2018,-,notrim,eval,bonafide,,,,,,,,,ASVspoof2021_DF,HuggingFace redistribution,dataset_license
asvspoof2021_df_DF_E_3076416,DF_E_3076416,LA_0045,data/raw/audio/asvspoof2021_df/audio/DF_E_3076416.flac,0,bonafide,low_m4a,asvspoof,-,notrim,eval,bonafide,,,,,,,,,ASVspoof2021_DF,HuggingFace redistribution,dataset_license
asvspoof2021_df_DF_E_4847196,DF_E_4847196,VCC2TM1,data/raw/audio/asvspoof2021_df/audio/DF_E_4847196.flac,1,spoof,low_m4a,vcc2018,HUB-D05,notrim,eval,traditional_vocoder,,,,,,,,,ASVspoof2021_DF,HuggingFace redistribution,dataset_license
asvspoof2021_df_DF_E_4512979,DF_E_4512979,TEF1,data/raw/audio/asvspoof2021_df/audio/DF_E_4512979.flac,1,spoof,high_mp3,vcc2020,Task1-team07,notrim,eval,neural_vocoder_autoregressive,,,,,,,,,ASVspoof2021_DF,HuggingFace redistribution,dataset_license
asvspoof2021_df_DF_E_4720283,DF_E_4720283,LA_0030,data/raw/audio/asvspoof2021_df/audio/DF_E_4720283.flac,1,spoof,low_ogg,asvspoof,A08,notrim,eval,neural_vocoder_nonautoregressive,,,,,,,,,ASVspoof2021_DF,HuggingFace redistribution,dataset_license
asvspoof2021_df_DF_E_2988687,DF_E_2988687,VCC2TF1,data/raw/audio/asvspoof2021_df/audio/DF_E_2988687.flac,1,spoof,high_mp3,vcc2018,HUB-N19,notrim,eval,traditional_vocoder,,,,,,,,,ASVspoof2021_DF,HuggingFace redistribution,dataset_license
asvspoof2021_df_DF_E_4716506,DF_E_4716506,LA_0023,data/raw/audio/asvspoof2021_df/audio/DF_E_4716506.flac,0,bonafide,low_mp3,asvspoof,-,notrim,eval,bonafide,,,,,,,,,ASVspoof2021_DF,HuggingFace redistribution,dataset_license
asvspoof2021_df_DF_E_4674023,DF_E_4674023,LA_0028,data/raw/audio/asvspoof2021_df/audio/DF_E_4674023.flac,1,spoof,low_m4a,asvspoof,A07,notrim,eval,traditional_vocoder,,,,,,,,,ASVspoof2021_DF,HuggingFace redistribution,dataset_license
asvspoof2021_df_DF_E_2992361,DF_E_2992361,SEM1,data/raw/audio/asvspoof2021_df/audio/DF_E_2992361.flac,0,bonafide,oggm4a,vcc2020,-,notrim,eval,bonafide,,,,,,,,,ASVspoof2021_DF,HuggingFace redistribution,dataset_license
asvspoof2021_df_DF_E_2974031,DF_E_2974031,TEM1,data/raw/audio/asvspoof2021_df/audio/DF_E_2974031.flac,1,spoof,low_m4a,vcc2020,Task1-team31,notrim,eval,neural_vocoder_nonautoregressive,,,,,,,,,ASVspoof2021_DF,HuggingFace redistribution,dataset_license
asvspoof2021_df_DF_E_2982599,DF_E_2982599,VCC2TF2,data/raw/audio/asvspoof2021_df/audio/DF_E_2982599.flac,1,spoof,mp3m4a,vcc2018,SPO-N16,notrim,eval,traditional_vocoder,,,,,,,,,ASVspoof2021_DF,HuggingFace redistribution,dataset_license
asvspoof2021_df_DF_E_4681220,DF_E_4681220,LA_0003,data/raw/audio/asvspoof2021_df/audio/DF_E_4681220.flac,1,spoof,oggm4a,asvspoof,A12,notrim,eval,neural_vocoder_autoregressive,,,,,,,,,ASVspoof2021_DF,HuggingFace redistribution,dataset_license
asvspoof2021_df_DF_E_4680873,DF_E_4680873,VCC2TM1,data/raw/audio/asvspoof2021_df/audio/DF_E_4680873.flac,1,spoof,high_ogg,vcc2018,SPO-N06,notrim,eval,traditional_vocoder,,,,,,,,,ASVspoof2021_DF,HuggingFace redistribution,dataset_license
asvspoof2021_df_DF_E_4719648,DF_E_4719648,LA_0018,data/raw/audio/asvspoof2021_df/audio/DF_E_4719648.flac,0,bonafide,high_ogg,asvspoof,-,notrim,eval,bonafide,,,,,,,,,ASVspoof2021_DF,HuggingFace redistribution,dataset_license
asvspoof2021_df_DF_E_4664709,DF_E_4664709,TEF1,data/raw/audio/asvspoof2021_df/audio/DF_E_4664709.flac,1,spoof,high_m4a,vcc2020,Task1-team24,notrim,eval,neural_vocoder_autoregressive,,,,,,,,,ASVspoof2021_DF,HuggingFace redistribution,dataset_license
asvspoof2021_df_DF_E_4664647,DF_E_4664647,TFF1,data/raw/audio/asvspoof2021_df/audio/DF_E_4664647.flac,0,bonafide,nocodec,vcc2020,-,notrim,eval,bonafide,,,,,,,,,ASVspoof2021_DF,HuggingFace redistribution,dataset_license
asvspoof2021_df_DF_E_4814756,DF_E_4814756,VCC2TF2,data/raw/audio/asvspoof2021_df/audio/DF_E_4814756.flac,1,spoof,high_mp3,vcc2018,HUB-D05,notrim,eval,traditional_vocoder,,,,,,,,,ASVspoof2021_DF,HuggingFace redistribution,dataset_license
asvspoof2021_df_DF_E_3079353,DF_E_3079353,TEF2,data/raw/audio/asvspoof2021_df/audio/DF_E_3079353.flac,1,spoof,nocodec,vcc2020,Task1-team12,notrim,eval,traditional_vocoder,,,,,,,,,ASVspoof2021_DF,HuggingFace redistribution,dataset_license
asvspoof2021_df_DF_E_3055341,DF_E_3055341,VCC2SM1,data/raw/audio/asvspoof2021_df/audio/DF_E_3055341.flac,0,bonafide,low_mp3,vcc2018,-,notrim,eval,bonafide,,,,,,,,,ASVspoof2021_DF,HuggingFace redistribution,dataset_license
asvspoof2021_df_DF_E_4841588,DF_E_4841588,VCC2TF1,data/raw/audio/asvspoof2021_df/audio/DF_E_4841588.flac,1,spoof,high_m4a,vcc2018,SPO-N18,notrim,eval,traditional_vocoder,,,,,,,,,ASVspoof2021_DF,HuggingFace redistribution,dataset_license
asvspoof2021_df_DF_E_4703093,DF_E_4703093,TMF1,data/raw/audio/asvspoof2021_df/audio/DF_E_4703093.flac,1,spoof,high_mp3,vcc2020,Task2-team32,notrim,eval,neural_vocoder_autoregressive,,,,,,,,,ASVspoof2021_DF,HuggingFace redistribution,dataset_license
asvspoof2021_df_DF_E_4692413,DF_E_4692413,LA_0018,data/raw/audio/asvspoof2021_df/audio/DF_E_4692413.flac,0,bonafide,oggm4a,asvspoof,-,notrim,eval,bonafide,,,,,,,,,ASVspoof2021_DF,HuggingFace redistribution,dataset_license
asvspoof2021_df_DF_E_4710060,DF_E_4710060,LA_0018,data/raw/audio/asvspoof2021_df/audio/DF_E_4710060.flac,0,bonafide,low_ogg,asvspoof,-,notrim,eval,bonafide,,,,,,,,,ASVspoof2021_DF,HuggingFace redistribution,dataset_license
asvspoof2021_df_DF_E_3053273,DF_E_3053273,TGF1,data/raw/audio/asvspoof2021_df/audio/DF_E_3053273.flac,1,spoof,low_mp3,vcc2020,Task2-team31,notrim,eval,neural_vocoder_nonautoregressive,,,,,,,,,ASVspoof2021_DF,HuggingFace redistribution,dataset_license
asvspoof2021_df_DF_E_4836947,DF_E_4836947,LA_0023,data/raw/audio/asvspoof2021_df/audio/DF_E_4836947.flac,0,bonafide,oggm4a,asvspoof,-,notrim,eval,bonafide,,,,,,,,,ASVspoof2021_DF,HuggingFace redistribution,dataset_license
asvspoof2021_df_DF_E_4701378,DF_E_4701378,VCC2TM1,data/raw/audio/asvspoof2021_df/audio/DF_E_4701378.flac,0,bonafide,mp3m4a,vcc2018,-,notrim,eval,bonafide,,,,,,,,,ASVspoof2021_DF,HuggingFace redistribution,dataset_license
asvspoof2021_df_DF_E_4526508,DF_E_4526508,TEM1,data/raw/audio/asvspoof2021_df/audio/DF_E_4526508.flac,1,spoof,high_ogg,vcc2020,Task1-team19,notrim,eval,neural_vocoder_nonautoregressive,,,,,,,,,ASVspoof2021_DF,HuggingFace redistribution,dataset_license
asvspoof2021_df_DF_E_3055551,DF_E_3055551,TFM1,data/raw/audio/asvspoof2021_df/audio/DF_E_3055551.flac,0,bonafide,low_ogg,vcc2020,-,notrim,eval,bonafide,,,,,,,,,ASVspoof2021_DF,HuggingFace redistribution,dataset_license
asvspoof2021_df_DF_E_4732479,DF_E_4732479,TEM1,data/raw/audio/asvspoof2021_df/audio/DF_E_4732479.flac,0,bonafide,high_ogg,vcc2020,-,notrim,eval,bonafide,,,,,,,,,ASVspoof2021_DF,HuggingFace redistribution,dataset_license
asvspoof2021_df_DF_E_4547306,DF_E_4547306,LA_0028,data/raw/audio/asvspoof2021_df/audio/DF_E_4547306.flac,1,spoof,low_ogg,asvspoof,A17,notrim,eval,traditional_vocoder,,,,,,,,,ASVspoof2021_DF,HuggingFace redistribution,dataset_license
asvspoof2021_df_DF_E_4696858,DF_E_4696858,TGM1,data/raw/audio/asvspoof2021_df/audio/DF_E_4696858.flac,1,spoof,high_m4a,vcc2020,Task2-team28,notrim,eval,neural_vocoder_autoregressive,,,,,,,,,ASVspoof2021_DF,HuggingFace redistribution,dataset_license
asvspoof2021_df_DF_E_2994380,DF_E_2994380,TGF1,data/raw/audio/asvspoof2021_df/audio/DF_E_2994380.flac,1,spoof,high_ogg,vcc2020,Task2-team30,notrim,eval,unknown,,,,,,,,,ASVspoof2021_DF,HuggingFace redistribution,dataset_license
asvspoof2021_df_DF_E_4715605,DF_E_4715605,VCC2TM1,data/raw/audio/asvspoof2021_df/audio/DF_E_4715605.flac,1,spoof,high_m4a,vcc2018,HUB-N06,notrim,eval,traditional_vocoder,,,,,,,,,ASVspoof2021_DF,HuggingFace redistribution,dataset_license
asvspoof2021_df_DF_E_4831966,DF_E_4831966,VCC2TM2,data/raw/audio/asvspoof2021_df/audio/DF_E_4831966.flac,1,spoof,oggm4a,vcc2018,SPO-N17,notrim,eval,neural_vocoder_autoregressive,,,,,,,,,ASVspoof2021_DF,HuggingFace redistribution,dataset_license
asvspoof2021_df_DF_E_4528071,DF_E_4528071,LA_0027,data/raw/audio/asvspoof2021_df/audio/DF_E_4528071.flac,0,bonafide,oggm4a,asvspoof,-,notrim,eval,bonafide,,,,,,,,,ASVspoof2021_DF,HuggingFace redistribution,dataset_license
asvspoof2021_df_DF_E_4684466,DF_E_4684466,LA_0016,data/raw/audio/asvspoof2021_df/audio/DF_E_4684466.flac,0,bonafide,high_ogg,asvspoof,-,notrim,eval,bonafide,,,,,,,,,ASVspoof2021_DF,HuggingFace redistribution,dataset_license
asvspoof2021_df_DF_E_2986414,DF_E_2986414,VCC2TF2,data/raw/audio/asvspoof2021_df/audio/DF_E_2986414.flac,1,spoof,low_ogg,vcc2018,HUB-N11,notrim,eval,traditional_vocoder,,,,,,,,,ASVspoof2021_DF,HuggingFace redistribution,dataset_license
asvspoof2021_df_DF_E_4536739,DF_E_4536739,VCC2TM2,data/raw/audio/asvspoof2021_df/audio/DF_E_4536739.flac,1,spoof,low_mp3,vcc2018,HUB-N20,notrim,eval,traditional_vocoder,,,,,,,,,ASVspoof2021_DF,HuggingFace redistribution,dataset_license
asvspoof2021_df_DF_E_4817624,DF_E_4817624,VCC2TM1,data/raw/audio/asvspoof2021_df/audio/DF_E_4817624.flac,1,spoof,high_mp3,vcc2018,HUB-D01,notrim,eval,traditional_vocoder,,,,,,,,,ASVspoof2021_DF,HuggingFace redistribution,dataset_license
asvspoof2021_df_DF_E_4826210,DF_E_4826210,LA_0018,data/raw/audio/asvspoof2021_df/audio/DF_E_4826210.flac,0,bonafide,low_ogg,asvspoof,-,notrim,eval,bonafide,,,,,,,,,ASVspoof2021_DF,HuggingFace redistribution,dataset_license
asvspoof2021_df_DF_E_4813627,DF_E_4813627,VCC2SM4,data/raw/audio/asvspoof2021_df/audio/DF_E_4813627.flac,0,bonafide,nocodec,vcc2018,-,notrim,eval,bonafide,,,,,,,,,ASVspoof2021_DF,HuggingFace redistribution,dataset_license
asvspoof2021_df_DF_E_2999763,DF_E_2999763,TEF2,data/raw/audio/asvspoof2021_df/audio/DF_E_2999763.flac,1,spoof,low_m4a,vcc2020,Task1-team26,notrim,eval,traditional_vocoder,,,,,,,,,ASVspoof2021_DF,HuggingFace redistribution,dataset_license
asvspoof2021_df_DF_E_4723602,DF_E_4723602,LA_0031,data/raw/audio/asvspoof2021_df/audio/DF_E_4723602.flac,1,spoof,oggm4a,asvspoof,A10,notrim,eval,neural_vocoder_autoregressive,,,,,,,,,ASVspoof2021_DF,HuggingFace redistribution,dataset_license
asvspoof2021_df_DF_E_4669024,DF_E_4669024,VCC2SM2,data/raw/audio/asvspoof2021_df/audio/DF_E_4669024.flac,0,bonafide,low_m4a,vcc2018,-,notrim,eval,bonafide,,,,,,,,,ASVspoof2021_DF,HuggingFace redistribution,dataset_license
asvspoof2021_df_DF_E_4731761,DF_E_4731761,VCC2TM1,data/raw/audio/asvspoof2021_df/audio/DF_E_4731761.flac,1,spoof,high_m4a,vcc2018,HUB-N09,notrim,eval,traditional_vocoder,,,,,,,,,ASVspoof2021_DF,HuggingFace redistribution,dataset_license
asvspoof2021_df_DF_E_4691346,DF_E_4691346,VCC2TM2,data/raw/audio/asvspoof2021_df/audio/DF_E_4691346.flac,1,spoof,low_m4a,vcc2018,SPO-N17,notrim,eval,neural_vocoder_autoregressive,,,,,,,,,ASVspoof2021_DF,HuggingFace redistribution,dataset_license
asvspoof2021_df_DF_E_3050777,DF_E_3050777,VCC2TF1,data/raw/audio/asvspoof2021_df/audio/DF_E_3050777.flac,1,spoof,mp3m4a,vcc2018,HUB-N08,notrim,eval,traditional_vocoder,,,,,,,,,ASVspoof2021_DF,HuggingFace redistribution,dataset_license
asvspoof2021_df_DF_E_3072915,DF_E_3072915,LA_0003,data/raw/audio/asvspoof2021_df/audio/DF_E_3072915.flac,0,bonafide,high_ogg,asvspoof,-,notrim,eval,bonafide,,,,,,,,,ASVspoof2021_DF,HuggingFace redistribution,dataset_license
asvspoof2021_df_DF_E_4837700,DF_E_4837700,VCC2SM2,data/raw/audio/asvspoof2021_df/audio/DF_E_4837700.flac,0,bonafide,low_ogg,vcc2018,-,notrim,eval,bonafide,,,,,,,,,ASVspoof2021_DF,HuggingFace redistribution,dataset_license
asvspoof2021_df_DF_E_4539853,DF_E_4539853,SEF1,data/raw/audio/asvspoof2021_df/audio/DF_E_4539853.flac,0,bonafide,nocodec,vcc2020,-,notrim,eval,bonafide,,,,,,,,,ASVspoof2021_DF,HuggingFace redistribution,dataset_license
asvspoof2021_df_DF_E_2981579,DF_E_2981579,TEM2,data/raw/audio/asvspoof2021_df/audio/DF_E_2981579.flac,1,spoof,high_m4a,vcc2020,Task1-team10,notrim,eval,neural_vocoder_autoregressive,,,,,,,,,ASVspoof2021_DF,HuggingFace redistribution,dataset_license
asvspoof2021_df_DF_E_4531798,DF_E_4531798,LA_0044,data/raw/audio/asvspoof2021_df/audio/DF_E_4531798.flac,0,bonafide,high_ogg,asvspoof,-,notrim,eval,bonafide,,,,,,,,,ASVspoof2021_DF,HuggingFace redistribution,dataset_license
asvspoof2021_df_DF_E_4524178,DF_E_4524178,SEM1,data/raw/audio/asvspoof2021_df/audio/DF_E_4524178.flac,0,bonafide,oggm4a,vcc2020,-,notrim,eval,bonafide,,,,,,,,,ASVspoof2021_DF,HuggingFace redistribution,dataset_license
asvspoof2021_df_DF_E_3006038,DF_E_3006038,LA_0036,data/raw/audio/asvspoof2021_df/audio/DF_E_3006038.flac,0,bonafide,high_mp3,asvspoof,-,notrim,eval,bonafide,,,,,,,,,ASVspoof2021_DF,HuggingFace redistribution,dataset_license
asvspoof2021_df_DF_E_2998578,DF_E_2998578,LA_0036,data/raw/audio/asvspoof2021_df/audio/DF_E_2998578.flac,0,bonafide,high_ogg,asvspoof,-,notrim,eval,bonafide,,,,,,,,,ASVspoof2021_DF,HuggingFace redistribution,dataset_license
asvspoof2021_df_DF_E_4677791,DF_E_4677791,VCC2SM4,data/raw/audio/asvspoof2021_df/audio/DF_E_4677791.flac,0,bonafide,high_mp3,vcc2018,-,notrim,eval,bonafide,,,,,,,,,ASVspoof2021_DF,HuggingFace redistribution,dataset_license
asvspoof2021_df_DF_E_4703813,DF_E_4703813,SEF2,data/raw/audio/asvspoof2021_df/audio/DF_E_4703813.flac,0,bonafide,low_m4a,vcc2020,-,notrim,eval,bonafide,,,,,,,,,ASVspoof2021_DF,HuggingFace redistribution,dataset_license
asvspoof2021_df_DF_E_4705331,DF_E_4705331,TGF1,data/raw/audio/asvspoof2021_df/audio/DF_E_4705331.flac,0,bonafide,high_m4a,vcc2020,-,notrim,eval,bonafide,,,,,,,,,ASVspoof2021_DF,HuggingFace redistribution,dataset_license
asvspoof2021_df_DF_E_4545045,DF_E_4545045,TGF1,data/raw/audio/asvspoof2021_df/audio/DF_E_4545045.flac,1,spoof,low_mp3,vcc2020,Task2-team18,notrim,eval,unknown,,,,,,,,,ASVspoof2021_DF,HuggingFace redistribution,dataset_license
asvspoof2021_df_DF_E_4528698,DF_E_4528698,TEF1,data/raw/audio/asvspoof2021_df/audio/DF_E_4528698.flac,1,spoof,low_m4a,vcc2020,Task1-team11,notrim,eval,neural_vocoder_autoregressive,,,,,,,,,ASVspoof2021_DF,HuggingFace redistribution,dataset_license
asvspoof2021_df_DF_E_4696686,DF_E_4696686,TEM2,data/raw/audio/asvspoof2021_df/audio/DF_E_4696686.flac,1,spoof,low_m4a,vcc2020,Task1-team28,notrim,eval,neural_vocoder_autoregressive,,,,,,,,,ASVspoof2021_DF,HuggingFace redistribution,dataset_license
asvspoof2021_df_DF_E_2988317,DF_E_2988317,LA_0039,data/raw/audio/asvspoof2021_df/audio/DF_E_2988317.flac,0,bonafide,high_m4a,asvspoof,-,notrim,eval,bonafide,,,,,,,,,ASVspoof2021_DF,HuggingFace redistribution,dataset_license
asvspoof2021_df_DF_E_2979684,DF_E_2979684,VCC2TF1,data/raw/audio/asvspoof2021_df/audio/DF_E_2979684.flac,0,bonafide,high_mp3,vcc2018,-,notrim,eval,bonafide,,,,,,,,,ASVspoof2021_DF,HuggingFace redistribution,dataset_license
asvspoof2021_df_DF_E_2983713,DF_E_2983713,TEF2,data/raw/audio/asvspoof2021_df/audio/DF_E_2983713.flac,1,spoof,nocodec,vcc2020,Task1-team08,notrim,eval,traditional_vocoder,,,,,,,,,ASVspoof2021_DF,HuggingFace redistribution,dataset_license
asvspoof2021_df_DF_E_4826045,DF_E_4826045,VCC2SF1,data/raw/audio/asvspoof2021_df/audio/DF_E_4826045.flac,0,bonafide,nocodec,vcc2018,-,notrim,eval,bonafide,,,,,,,,,ASVspoof2021_DF,HuggingFace redistribution,dataset_license
asvspoof2021_df_DF_E_4835684,DF_E_4835684,LA_0046,data/raw/audio/asvspoof2021_df/audio/DF_E_4835684.flac,0,bonafide,oggm4a,asvspoof,-,notrim,eval,bonafide,,,,,,,,,ASVspoof2021_DF,HuggingFace redistribution,dataset_license
asvspoof2021_df_DF_E_4711224,DF_E_4711224,VCC2TF1,data/raw/audio/asvspoof2021_df/audio/DF_E_4711224.flac,1,spoof,low_ogg,vcc2018,HUB-N10,notrim,eval,neural_vocoder_autoregressive,,,,,,,,,ASVspoof2021_DF,HuggingFace redistribution,dataset_license
asvspoof2021_df_DF_E_4539706,DF_E_4539706,TGM1,data/raw/audio/asvspoof2021_df/audio/DF_E_4539706.flac,1,spoof,oggm4a,vcc2020,Task2-team20,notrim,eval,neural_vocoder_nonautoregressive,,,,,,,,,ASVspoof2021_DF,HuggingFace redistribution,dataset_license
asvspoof2021_df_DF_E_4842832,DF_E_4842832,VCC2TM1,data/raw/audio/asvspoof2021_df/audio/DF_E_4842832.flac,1,spoof,low_m4a,vcc2018,HUB-N14,notrim,eval,traditional_vocoder,,,,,,,,,ASVspoof2021_DF,HuggingFace redistribution,dataset_license
asvspoof2021_df_DF_E_4516558,DF_E_4516558,VCC2TF2,data/raw/audio/asvspoof2021_df/audio/DF_E_4516558.flac,1,spoof,high_ogg,vcc2018,HUB-D03,notrim,eval,traditional_vocoder,,,,,,,,,ASVspoof2021_DF,HuggingFace redistribution,dataset_license
asvspoof2021_df_DF_E_4826193,DF_E_4826193,VCC2TF2,data/raw/audio/asvspoof2021_df/audio/DF_E_4826193.flac,0,bonafide,low_mp3,vcc2018,-,notrim,eval,bonafide,,,,,,,,,ASVspoof2021_DF,HuggingFace redistribution,dataset_license
asvspoof2021_df_DF_E_2975421,DF_E_2975421,LA_0018,data/raw/audio/asvspoof2021_df/audio/DF_E_2975421.flac,0,bonafide,high_m4a,asvspoof,-,notrim,eval,bonafide,,,,,,,,,ASVspoof2021_DF,HuggingFace redistribution,dataset_license
asvspoof2021_df_DF_E_4733922,DF_E_4733922,TEF1,data/raw/audio/asvspoof2021_df/audio/DF_E_4733922.flac,1,spoof,low_ogg,vcc2020,Task1-team07,notrim,eval,neural_vocoder_autoregressive,,,,,,,,,ASVspoof2021_DF,HuggingFace redistribution,dataset_license
asvspoof2021_df_DF_E_4523724,DF_E_4523724,VCC2SF3,data/raw/audio/asvspoof2021_df/audio/DF_E_4523724.flac,0,bonafide,oggm4a,vcc2018,-,notrim,eval,bonafide,,,,,,,,,ASVspoof2021_DF,HuggingFace redistribution,dataset_license
asvspoof2021_df_DF_E_4683848,DF_E_4683848,LA_0030,data/raw/audio/asvspoof2021_df/audio/DF_E_4683848.flac,0,bonafide,oggm4a,asvspoof,-,notrim,eval,bonafide,,,,,,,,,ASVspoof2021_DF,HuggingFace redistribution,dataset_license
asvspoof2021_df_DF_E_4727230,DF_E_4727230,TEM1,data/raw/audio/asvspoof2021_df/audio/DF_E_4727230.flac,1,spoof,low_ogg,vcc2020,Task1-team28,notrim,eval,neural_vocoder_autoregressive,,,,,,,,,ASVspoof2021_DF,HuggingFace redistribution,dataset_license
asvspoof2021_df_DF_E_4675695,DF_E_4675695,LA_0011,data/raw/audio/asvspoof2021_df/audio/DF_E_4675695.flac,0,bonafide,mp3m4a,asvspoof,-,notrim,eval,bonafide,,,,,,,,,ASVspoof2021_DF,HuggingFace redistribution,dataset_license
asvspoof2021_df_DF_E_4723293,DF_E_4723293,VCC2TM2,data/raw/audio/asvspoof2021_df/audio/DF_E_4723293.flac,1,spoof,high_ogg,vcc2018,HUB-N11,notrim,eval,traditional_vocoder,,,,,,,,,ASVspoof2021_DF,HuggingFace redistribution,dataset_license
asvspoof2021_df_DF_E_2976372,DF_E_2976372,VCC2TM2,data/raw/audio/asvspoof2021_df/audio/DF_E_2976372.flac,1,spoof,high_m4a,vcc2018,HUB-N09,notrim,eval,traditional_vocoder,,,,,,,,,ASVspoof2021_DF,HuggingFace redistribution,dataset_license
asvspoof2021_df_DF_E_4678692,DF_E_4678692,LA_0010,data/raw/audio/asvspoof2021_df/audio/DF_E_4678692.flac,0,bonafide,low_ogg,asvspoof,-,notrim,eval,bonafide,,,,,,,,,ASVspoof2021_DF,HuggingFace redistribution,dataset_license
asvspoof2021_df_DF_E_4713061,DF_E_4713061,LA_0008,data/raw/audio/asvspoof2021_df/audio/DF_E_4713061.flac,0,bonafide,low_ogg,asvspoof,-,notrim,eval,bonafide,,,,,,,,,ASVspoof2021_DF,HuggingFace redistribution,dataset_license
asvspoof2021_df_DF_E_4729012,DF_E_4729012,VCC2SF3,data/raw/audio/asvspoof2021_df/audio/DF_E_4729012.flac,0,bonafide,low_m4a,vcc2018,-,notrim,eval,bonafide,,,,,,,,,ASVspoof2021_DF,HuggingFace redistribution,dataset_license
asvspoof2021_df_DF_E_3075576,DF_E_3075576,VCC2TM2,data/raw/audio/asvspoof2021_df/audio/DF_E_3075576.flac,1,spoof,high_m4a,vcc2018,SPO-N05,notrim,eval,traditional_vocoder,,,,,,,,,ASVspoof2021_DF,HuggingFace redistribution,dataset_license
asvspoof2021_df_DF_E_3009297,DF_E_3009297,VCC2TM2,data/raw/audio/asvspoof2021_df/audio/DF_E_3009297.flac,1,spoof,oggm4a,vcc2018,HUB-D02,notrim,eval,traditional_vocoder,,,,,,,,,ASVspoof2021_DF,HuggingFace redistribution,dataset_license
asvspoof2021_df_DF_E_2983562,DF_E_2983562,VCC2TM2,data/raw/audio/asvspoof2021_df/audio/DF_E_2983562.flac,1,spoof,high_ogg,vcc2018,SPO-N16,notrim,eval,traditional_vocoder,,,,,,,,,ASVspoof2021_DF,HuggingFace redistribution,dataset_license
asvspoof2021_df_DF_E_3008320,DF_E_3008320,VCC2TF2,data/raw/audio/asvspoof2021_df/audio/DF_E_3008320.flac,1,spoof,mp3m4a,vcc2018,SPO-N13,notrim,eval,traditional_vocoder,,,,,,,,,ASVspoof2021_DF,HuggingFace redistribution,dataset_license
asvspoof2021_df_DF_E_4835546,DF_E_4835546,TFF1,data/raw/audio/asvspoof2021_df/audio/DF_E_4835546.flac,1,spoof,high_mp3,vcc2020,Task2-team29,notrim,eval,neural_vocoder_autoregressive,,,,,,,,,ASVspoof2021_DF,HuggingFace redistribution,dataset_license
asvspoof2021_df_DF_E_4838250,DF_E_4838250,TFF1,data/raw/audio/asvspoof2021_df/audio/DF_E_4838250.flac,1,spoof,high_ogg,vcc2020,Task2-team20,notrim,eval,neural_vocoder_nonautoregressive,,,,,,,,,ASVspoof2021_DF,HuggingFace redistribution,dataset_license
asvspoof2021_df_DF_E_4684341,DF_E_4684341,SEM1,data/raw/audio/asvspoof2021_df/audio/DF_E_4684341.flac,0,bonafide,low_ogg,vcc2020,-,notrim,eval,bonafide,,,,,,,,,ASVspoof2021_DF,HuggingFace redistribution,dataset_license
asvspoof2021_df_DF_E_4545585,DF_E_4545585,TGF1,data/raw/audio/asvspoof2021_df/audio/DF_E_4545585.flac,1,spoof,nocodec,vcc2020,Task2-team33,notrim,eval,neural_vocoder_nonautoregressive,,,,,,,,,ASVspoof2021_DF,HuggingFace redistribution,dataset_license
asvspoof2021_df_DF_E_4820741,DF_E_4820741,TFM1,data/raw/audio/asvspoof2021_df/audio/DF_E_4820741.flac,0,bonafide,low_m4a,vcc2020,-,notrim,eval,bonafide,,,,,,,,,ASVspoof2021_DF,HuggingFace redistribution,dataset_license
asvspoof2021_df_DF_E_4725463,DF_E_4725463,TEF1,data/raw/audio/asvspoof2021_df/audio/DF_E_4725463.flac,1,spoof,oggm4a,vcc2020,Task1-team18,notrim,eval,unknown,,,,,,,,,ASVspoof2021_DF,HuggingFace redistribution,dataset_license
asvspoof2021_df_DF_E_4681321,DF_E_4681321,TEM1,data/raw/audio/asvspoof2021_df/audio/DF_E_4681321.flac,0,bonafide,oggm4a,vcc2020,-,notrim,eval,bonafide,,,,,,,,,ASVspoof2021_DF,HuggingFace redistribution,dataset_license
asvspoof2021_df_DF_E_2998431,DF_E_2998431,LA_0028,data/raw/audio/asvspoof2021_df/audio/DF_E_2998431.flac,0,bonafide,mp3m4a,asvspoof,-,notrim,eval,bonafide,,,,,,,,,ASVspoof2021_DF,HuggingFace redistribution,dataset_license
asvspoof2021_df_DF_E_4679937,DF_E_4679937,TEM2,data/raw/audio/asvspoof2021_df/audio/DF_E_4679937.flac,1,spoof,oggm4a,vcc2020,Task1-team20,notrim,eval,neural_vocoder_nonautoregressive,,,,,,,,,ASVspoof2021_DF,HuggingFace redistribution,dataset_license
asvspoof2021_df_DF_E_4677067,DF_E_4677067,LA_0048,data/raw/audio/asvspoof2021_df/audio/DF_E_4677067.flac,0,bonafide,high_ogg,asvspoof,-,notrim,eval,bonafide,,,,,,,,,ASVspoof2021_DF,HuggingFace redistribution,dataset_license
asvspoof2021_df_DF_E_4820670,DF_E_4820670,VCC2TF2,data/raw/audio/asvspoof2021_df/audio/DF_E_4820670.flac,0,bonafide,low_mp3,vcc2018,-,notrim,eval,bonafide,,,,,,,,,ASVspoof2021_DF,HuggingFace redistribution,dataset_license
asvspoof2021_df_DF_E_4699897,DF_E_4699897,VCC2TM2,data/raw/audio/asvspoof2021_df/audio/DF_E_4699897.flac,1,spoof,oggm4a,vcc2018,HUB-N04,notrim,eval,traditional_vocoder,,,,,,,,,ASVspoof2021_DF,HuggingFace redistribution,dataset_license
asvspoof2021_df_DF_E_3073418,DF_E_3073418,VCC2TF1,data/raw/audio/asvspoof2021_df/audio/DF_E_3073418.flac,0,bonafide,oggm4a,vcc2018,-,notrim,eval,bonafide,,,,,,,,,ASVspoof2021_DF,HuggingFace redistribution,dataset_license
asvspoof2021_df_DF_E_4525858,DF_E_4525858,LA_0066,data/raw/audio/asvspoof2021_df/audio/DF_E_4525858.flac,0,bonafide,mp3m4a,asvspoof,-,notrim,eval,bonafide,,,,,,,,,ASVspoof2021_DF,HuggingFace redistribution,dataset_license
asvspoof2021_df_DF_E_2974380,DF_E_2974380,VCC2TF2,data/raw/audio/asvspoof2021_df/audio/DF_E_2974380.flac,1,spoof,high_mp3,vcc2018,SPO-N17,notrim,eval,neural_vocoder_autoregressive,,,,,,,,,ASVspoof2021_DF,HuggingFace redistribution,dataset_license
asvspoof2021_df_DF_E_4823299,DF_E_4823299,LA_0001,data/raw/audio/asvspoof2021_df/audio/DF_E_4823299.flac,0,bonafide,oggm4a,asvspoof,-,notrim,eval,bonafide,,,,,,,,,ASVspoof2021_DF,HuggingFace redistribution,dataset_license
asvspoof2021_df_DF_E_4679868,DF_E_4679868,LA_0030,data/raw/audio/asvspoof2021_df/audio/DF_E_4679868.flac,0,bonafide,mp3m4a,asvspoof,-,notrim,eval,bonafide,,,,,,,,,ASVspoof2021_DF,HuggingFace redistribution,dataset_license
asvspoof2021_df_DF_E_4827987,DF_E_4827987,VCC2TM1,data/raw/audio/asvspoof2021_df/audio/DF_E_4827987.flac,0,bonafide,mp3m4a,vcc2018,-,notrim,eval,bonafide,,,,,,,,,ASVspoof2021_DF,HuggingFace redistribution,dataset_license
asvspoof2021_df_DF_E_4679057,DF_E_4679057,VCC2TF1,data/raw/audio/asvspoof2021_df/audio/DF_E_4679057.flac,1,spoof,high_mp3,vcc2018,SPO-N16,notrim,eval,traditional_vocoder,,,,,,,,,ASVspoof2021_DF,HuggingFace redistribution,dataset_license
asvspoof2021_df_DF_E_4699263,DF_E_4699263,VCC2SF1,data/raw/audio/asvspoof2021_df/audio/DF_E_4699263.flac,0,bonafide,oggm4a,vcc2018,-,notrim,eval,bonafide,,,,,,,,,ASVspoof2021_DF,HuggingFace redistribution,dataset_license
asvspoof2021_df_DF_E_4700087,DF_E_4700087,VCC2TF2,data/raw/audio/asvspoof2021_df/audio/DF_E_4700087.flac,1,spoof,nocodec,vcc2018,HUB-N14,notrim,eval,traditional_vocoder,,,,,,,,,ASVspoof2021_DF,HuggingFace redistribution,dataset_license
asvspoof2021_df_DF_E_4711926,DF_E_4711926,VCC2SF1,data/raw/audio/asvspoof2021_df/audio/DF_E_4711926.flac,0,bonafide,high_ogg,vcc2018,-,notrim,eval,bonafide,,,,,,,,,ASVspoof2021_DF,HuggingFace redistribution,dataset_license
asvspoof2021_df_DF_E_4822289,DF_E_4822289,TFF1,data/raw/audio/asvspoof2021_df/audio/DF_E_4822289.flac,0,bonafide,mp3m4a,vcc2020,-,notrim,eval,bonafide,,,,,,,,,ASVspoof2021_DF,HuggingFace redistribution,dataset_license
asvspoof2021_df_DF_E_3059090,DF_E_3059090,VCC2TM2,data/raw/audio/asvspoof2021_df/audio/DF_E_3059090.flac,0,bonafide,oggm4a,vcc2018,-,notrim,eval,bonafide,,,,,,,,,ASVspoof2021_DF,HuggingFace redistribution,dataset_license
asvspoof2021_df_DF_E_4683737,DF_E_4683737,VCC2TF1,data/raw/audio/asvspoof2021_df/audio/DF_E_4683737.flac,1,spoof,high_ogg,vcc2018,HUB-N07,notrim,eval,traditional_vocoder,,,,,,,,,ASVspoof2021_DF,HuggingFace redistribution,dataset_license
asvspoof2021_df_DF_E_4697100,DF_E_4697100,TGM1,data/raw/audio/asvspoof2021_df/audio/DF_E_4697100.flac,1,spoof,high_mp3,vcc2020,Task2-team33,notrim,eval,neural_vocoder_nonautoregressive,,,,,,,,,ASVspoof2021_DF,HuggingFace redistribution,dataset_license
asvspoof2021_df_DF_E_4848127,DF_E_4848127,LA_0043,data/raw/audio/asvspoof2021_df/audio/DF_E_4848127.flac,1,spoof,low_mp3,asvspoof,A18,notrim,eval,traditional_vocoder,,,,,,,,,ASVspoof2021_DF,HuggingFace redistribution,dataset_license
asvspoof2021_df_DF_E_3084872,DF_E_3084872,TGM1,data/raw/audio/asvspoof2021_df/audio/DF_E_3084872.flac,1,spoof,nocodec,vcc2020,Task2-team15,notrim,eval,neural_vocoder_nonautoregressive,,,,,,,,,ASVspoof2021_DF,HuggingFace redistribution,dataset_license
asvspoof2021_df_DF_E_4814272,DF_E_4814272,LA_0042,data/raw/audio/asvspoof2021_df/audio/DF_E_4814272.flac,1,spoof,high_ogg,asvspoof,A11,notrim,eval,traditional_vocoder,,,,,,,,,ASVspoof2021_DF,HuggingFace redistribution,dataset_license
asvspoof2021_df_DF_E_4708680,DF_E_4708680,LA_0013,data/raw/audio/asvspoof2021_df/audio/DF_E_4708680.flac,0,bonafide,nocodec,asvspoof,-,notrim,eval,bonafide,,,,,,,,,ASVspoof2021_DF,HuggingFace redistribution,dataset_license
asvspoof2021_df_DF_E_4698548,DF_E_4698548,VCC2TM2,data/raw/audio/asvspoof2021_df/audio/DF_E_4698548.flac,1,spoof,low_mp3,vcc2018,HUB-N19,notrim,eval,traditional_vocoder,,,,,,,,,ASVspoof2021_DF,HuggingFace redistribution,dataset_license
asvspoof2021_df_DF_E_4518320,DF_E_4518320,LA_0045,data/raw/audio/asvspoof2021_df/audio/DF_E_4518320.flac,1,spoof,low_m4a,asvspoof,A07,notrim,eval,traditional_vocoder,,,,,,,,,ASVspoof2021_DF,HuggingFace redistribution,dataset_license
asvspoof2021_df_DF_E_4843587,DF_E_4843587,LA_0038,data/raw/audio/asvspoof2021_df/audio/DF_E_4843587.flac,0,bonafide,high_m4a,asvspoof,-,notrim,eval,bonafide,,,,,,,,,ASVspoof2021_DF,HuggingFace redistribution,dataset_license
asvspoof2021_df_DF_E_2982615,DF_E_2982615,TGM1,data/raw/audio/asvspoof2021_df/audio/DF_E_2982615.flac,1,spoof,low_ogg,vcc2020,Task2-team24,notrim,eval,neural_vocoder_autoregressive,,,,,,,,,ASVspoof2021_DF,HuggingFace redistribution,dataset_license
asvspoof2021_df_DF_E_4523698,DF_E_4523698,VCC2TF1,data/raw/audio/asvspoof2021_df/audio/DF_E_4523698.flac,1,spoof,low_ogg,vcc2018,SPO-N05,notrim,eval,traditional_vocoder,,,,,,,,,ASVspoof2021_DF,HuggingFace redistribution,dataset_license
asvspoof2021_df_DF_E_4703783,DF_E_4703783,LA_0020,data/raw/audio/asvspoof2021_df/audio/DF_E_4703783.flac,0,bonafide,low_ogg,asvspoof,-,notrim,eval,bonafide,,,,,,,,,ASVspoof2021_DF,HuggingFace redistribution,dataset_license
asvspoof2021_df_DF_E_4827774,DF_E_4827774,TMM1,data/raw/audio/asvspoof2021_df/audio/DF_E_4827774.flac,1,spoof,nocodec,vcc2020,Task2-team26,notrim,eval,traditional_vocoder,,,,,,,,,ASVspoof2021_DF,HuggingFace redistribution,dataset_license
asvspoof2021_df_DF_E_4680319,DF_E_4680319,VCC2TM1,data/raw/audio/asvspoof2021_df/audio/DF_E_4680319.flac,0,bonafide,low_ogg,vcc2018,-,notrim,eval,bonafide,,,,,,,,,ASVspoof2021_DF,HuggingFace redistribution,dataset_license
asvspoof2021_df_DF_E_4722277,DF_E_4722277,TGM1,data/raw/audio/asvspoof2021_df/audio/DF_E_4722277.flac,1,spoof,mp3m4a,vcc2020,Task2-team08,notrim,eval,traditional_vocoder,,,,,,,,,ASVspoof2021_DF,HuggingFace redistribution,dataset_license
asvspoof2021_df_DF_E_4517467,DF_E_4517467,VCC2SM1,data/raw/audio/asvspoof2021_df/audio/DF_E_4517467.flac,0,bonafide,low_ogg,vcc2018,-,notrim,eval,bonafide,,,,,,,,,ASVspoof2021_DF,HuggingFace redistribution,dataset_license
asvspoof2021_df_DF_E_4831717,DF_E_4831717,VCC2TM1,data/raw/audio/asvspoof2021_df/audio/DF_E_4831717.flac,1,spoof,nocodec,vcc2018,HUB-N07,notrim,eval,traditional_vocoder,,,,,,,,,ASVspoof2021_DF,HuggingFace redistribution,dataset_license
asvspoof2021_df_DF_E_4838246,DF_E_4838246,TEM1,data/raw/audio/asvspoof2021_df/audio/DF_E_4838246.flac,1,spoof,low_mp3,vcc2020,Task1-team31,notrim,eval,neural_vocoder_nonautoregressive,,,,,,,,,ASVspoof2021_DF,HuggingFace redistribution,dataset_license
asvspoof2021_df_DF_E_3085116,DF_E_3085116,VCC2SM3,data/raw/audio/asvspoof2021_df/audio/DF_E_3085116.flac,0,bonafide,low_ogg,vcc2018,-,notrim,eval,bonafide,,,,,,,,,ASVspoof2021_DF,HuggingFace redistribution,dataset_license
asvspoof2021_df_DF_E_4673846,DF_E_4673846,VCC2TF2,data/raw/audio/asvspoof2021_df/audio/DF_E_4673846.flac,1,spoof,nocodec,vcc2018,SPO-N13,notrim,eval,traditional_vocoder,,,,,,,,,ASVspoof2021_DF,HuggingFace redistribution,dataset_license
asvspoof2021_df_DF_E_3064182,DF_E_3064182,VCC2TF2,data/raw/audio/asvspoof2021_df/audio/DF_E_3064182.flac,1,spoof,low_mp3,vcc2018,HUB-N13,notrim,eval,traditional_vocoder,,,,,,,,,ASVspoof2021_DF,HuggingFace redistribution,dataset_license
asvspoof2021_df_DF_E_4817556,DF_E_4817556,LA_0034,data/raw/audio/asvspoof2021_df/audio/DF_E_4817556.flac,0,bonafide,oggm4a,asvspoof,-,notrim,eval,bonafide,,,,,,,,,ASVspoof2021_DF,HuggingFace redistribution,dataset_license
asvspoof2021_df_DF_E_2990016,DF_E_2990016,LA_0010,data/raw/audio/asvspoof2021_df/audio/DF_E_2990016.flac,0,bonafide,low_ogg,asvspoof,-,notrim,eval,bonafide,,,,,,,,,ASVspoof2021_DF,HuggingFace redistribution,dataset_license
asvspoof2021_df_DF_E_4718578,DF_E_4718578,TEF1,data/raw/audio/asvspoof2021_df/audio/DF_E_4718578.flac,1,spoof,low_mp3,vcc2020,Task1-team30,notrim,eval,unknown,,,,,,,,,ASVspoof2021_DF,HuggingFace redistribution,dataset_license
asvspoof2021_df_DF_E_4817124,DF_E_4817124,VCC2TM2,data/raw/audio/asvspoof2021_df/audio/DF_E_4817124.flac,1,spoof,low_ogg,vcc2018,HUB-N13,notrim,eval,traditional_vocoder,,,,,,,,,ASVspoof2021_DF,HuggingFace redistribution,dataset_license
asvspoof2021_df_DF_E_4817818,DF_E_4817818,VCC2TF2,data/raw/audio/asvspoof2021_df/audio/DF_E_4817818.flac,1,spoof,oggm4a,vcc2018,HUB-N12,notrim,eval,traditional_vocoder,,,,,,,,,ASVspoof2021_DF,HuggingFace redistribution,dataset_license
asvspoof2021_df_DF_E_4701446,DF_E_4701446,VCC2TF1,data/raw/audio/asvspoof2021_df/audio/DF_E_4701446.flac,1,spoof,nocodec,vcc2018,SPO-N10,notrim,eval,neural_vocoder_autoregressive,,,,,,,,,ASVspoof2021_DF,HuggingFace redistribution,dataset_license
asvspoof2021_df_DF_E_2996567,DF_E_2996567,LA_0037,data/raw/audio/asvspoof2021_df/audio/DF_E_2996567.flac,0,bonafide,low_ogg,asvspoof,-,notrim,eval,bonafide,,,,,,,,,ASVspoof2021_DF,HuggingFace redistribution,dataset_license
asvspoof2021_df_DF_E_2993585,DF_E_2993585,LA_0036,data/raw/audio/asvspoof2021_df/audio/DF_E_2993585.flac,0,bonafide,high_ogg,asvspoof,-,notrim,eval,bonafide,,,,,,,,,ASVspoof2021_DF,HuggingFace redistribution,dataset_license
asvspoof2021_df_DF_E_4663933,DF_E_4663933,TEM1,data/raw/audio/asvspoof2021_df/audio/DF_E_4663933.flac,1,spoof,nocodec,vcc2020,Task1-team21,notrim,eval,neural_vocoder_nonautoregressive,,,,,,,,,ASVspoof2021_DF,HuggingFace redistribution,dataset_license
asvspoof2021_df_DF_E_3065323,DF_E_3065323,VCC2SF3,data/raw/audio/asvspoof2021_df/audio/DF_E_3065323.flac,0,bonafide,high_m4a,vcc2018,-,notrim,eval,bonafide,,,,,,,,,ASVspoof2021_DF,HuggingFace redistribution,dataset_license
asvspoof2021_df_DF_E_4678203,DF_E_4678203,TFF1,data/raw/audio/asvspoof2021_df/audio/DF_E_4678203.flac,0,bonafide,mp3m4a,vcc2020,-,notrim,eval,bonafide,,,,,,,,,ASVspoof2021_DF,HuggingFace redistribution,dataset_license
asvspoof2021_df_DF_E_2978695,DF_E_2978695,LA_0048,data/raw/audio/asvspoof2021_df/audio/DF_E_2978695.flac,0,bonafide,high_ogg,asvspoof,-,notrim,eval,bonafide,,,,,,,,,ASVspoof2021_DF,HuggingFace redistribution,dataset_license
asvspoof2021_df_DF_E_4534084,DF_E_4534084,LA_0026,data/raw/audio/asvspoof2021_df/audio/DF_E_4534084.flac,1,spoof,mp3m4a,asvspoof,A11,notrim,eval,traditional_vocoder,,,,,,,,,ASVspoof2021_DF,HuggingFace redistribution,dataset_license
asvspoof2021_df_DF_E_3050247,DF_E_3050247,LA_0018,data/raw/audio/asvspoof2021_df/audio/DF_E_3050247.flac,0,bonafide,high_ogg,asvspoof,-,notrim,eval,bonafide,,,,,,,,,ASVspoof2021_DF,HuggingFace redistribution,dataset_license
asvspoof2021_df_DF_E_3075645,DF_E_3075645,VCC2TM2,data/raw/audio/asvspoof2021_df/audio/DF_E_3075645.flac,0,bonafide,high_m4a,vcc2018,-,notrim,eval,bonafide,,,,,,,,,ASVspoof2021_DF,HuggingFace redistribution,dataset_license
asvspoof2021_df_DF_E_4533196,DF_E_4533196,VCC2TM2,data/raw/audio/asvspoof2021_df/audio/DF_E_4533196.flac,1,spoof,oggm4a,vcc2018,HUB-N12,notrim,eval,traditional_vocoder,,,,,,,,,ASVspoof2021_DF,HuggingFace redistribution,dataset_license
asvspoof2021_df_DF_E_2979209,DF_E_2979209,LA_0036,data/raw/audio/asvspoof2021_df/audio/DF_E_2979209.flac,1,spoof,high_m4a,asvspoof,A09,notrim,eval,traditional_vocoder,,,,,,,,,ASVspoof2021_DF,HuggingFace redistribution,dataset_license
asvspoof2021_df_DF_E_4831675,DF_E_4831675,TGF1,data/raw/audio/asvspoof2021_df/audio/DF_E_4831675.flac,0,bonafide,low_m4a,vcc2020,-,notrim,eval,bonafide,,,,,,,,,ASVspoof2021_DF,HuggingFace redistribution,dataset_license
asvspoof2021_df_DF_E_3005203,DF_E_3005203,VCC2SM3,data/raw/audio/asvspoof2021_df/audio/DF_E_3005203.flac,0,bonafide,high_ogg,vcc2018,-,notrim,eval,bonafide,,,,,,,,,ASVspoof2021_DF,HuggingFace redistribution,dataset_license
asvspoof2021_df_DF_E_4706567,DF_E_4706567,LA_0039,data/raw/audio/asvspoof2021_df/audio/DF_E_4706567.flac,0,bonafide,nocodec,asvspoof,-,notrim,eval,bonafide,,,,,,,,,ASVspoof2021_DF,HuggingFace redistribution,dataset_license
asvspoof2021_df_DF_E_4713098,DF_E_4713098,LA_0029,data/raw/audio/asvspoof2021_df/audio/DF_E_4713098.flac,0,bonafide,high_mp3,asvspoof,-,notrim,eval,bonafide,,,,,,,,,ASVspoof2021_DF,HuggingFace redistribution,dataset_license
asvspoof2021_df_DF_E_2976339,DF_E_2976339,TFF1,data/raw/audio/asvspoof2021_df/audio/DF_E_2976339.flac,0,bonafide,high_ogg,vcc2020,-,notrim,eval,bonafide,,,,,,,,,ASVspoof2021_DF,HuggingFace redistribution,dataset_license
asvspoof2021_df_DF_E_4524159,DF_E_4524159,VCC2TM1,data/raw/audio/asvspoof2021_df/audio/DF_E_4524159.flac,1,spoof,high_m4a,vcc2018,SPO-N06,notrim,eval,traditional_vocoder,,,,,,,,,ASVspoof2021_DF,HuggingFace redistribution,dataset_license
asvspoof2021_df_DF_E_4721169,DF_E_4721169,TEM1,data/raw/audio/asvspoof2021_df/audio/DF_E_4721169.flac,1,spoof,low_mp3,vcc2020,Task1-team06,notrim,eval,traditional_vocoder,,,,,,,,,ASVspoof2021_DF,HuggingFace redistribution,dataset_license
asvspoof2021_df_DF_E_4814402,DF_E_4814402,VCC2TM1,data/raw/audio/asvspoof2021_df/audio/DF_E_4814402.flac,1,spoof,nocodec,vcc2018,HUB-N16,notrim,eval,traditional_vocoder,,,,,,,,,ASVspoof2021_DF,HuggingFace redistribution,dataset_license
asvspoof2021_df_DF_E_4826477,DF_E_4826477,TEF2,data/raw/audio/asvspoof2021_df/audio/DF_E_4826477.flac,0,bonafide,nocodec,vcc2020,-,notrim,eval,bonafide,,,,,,,,,ASVspoof2021_DF,HuggingFace redistribution,dataset_license
asvspoof2021_df_DF_E_4675866,DF_E_4675866,VCC2TF2,data/raw/audio/asvspoof2021_df/audio/DF_E_4675866.flac,1,spoof,high_m4a,vcc2018,HUB-N19,notrim,eval,traditional_vocoder,,,,,,,,,ASVspoof2021_DF,HuggingFace redistribution,dataset_license
asvspoof2021_df_DF_E_4818427,DF_E_4818427,LA_0025,data/raw/audio/asvspoof2021_df/audio/DF_E_4818427.flac,0,bonafide,high_ogg,asvspoof,-,notrim,eval,bonafide,,,,,,,,,ASVspoof2021_DF,HuggingFace redistribution,dataset_license
asvspoof2021_df_DF_E_4542433,DF_E_4542433,VCC2TF2,data/raw/audio/asvspoof2021_df/audio/DF_E_4542433.flac,0,bonafide,low_m4a,vcc2018,-,notrim,eval,bonafide,,,,,,,,,ASVspoof2021_DF,HuggingFace redistribution,dataset_license
asvspoof2021_df_DF_E_2987330,DF_E_2987330,LA_0019,data/raw/audio/asvspoof2021_df/audio/DF_E_2987330.flac,0,bonafide,oggm4a,asvspoof,-,notrim,eval,bonafide,,,,,,,,,ASVspoof2021_DF,HuggingFace redistribution,dataset_license
asvspoof2021_df_DF_E_3009272,DF_E_3009272,VCC2SF2,data/raw/audio/asvspoof2021_df/audio/DF_E_3009272.flac,0,bonafide,high_m4a,vcc2018,-,notrim,eval,bonafide,,,,,,,,,ASVspoof2021_DF,HuggingFace redistribution,dataset_license
asvspoof2021_df_DF_E_4696095,DF_E_4696095,VCC2TF2,data/raw/audio/asvspoof2021_df/audio/DF_E_4696095.flac,1,spoof,nocodec,vcc2018,HUB-N07,notrim,eval,traditional_vocoder,,,,,,,,,ASVspoof2021_DF,HuggingFace redistribution,dataset_license
asvspoof2021_df_DF_E_3068676,DF_E_3068676,TGM1,data/raw/audio/asvspoof2021_df/audio/DF_E_3068676.flac,1,spoof,oggm4a,vcc2020,Task2-team29,notrim,eval,neural_vocoder_autoregressive,,,,,,,,,ASVspoof2021_DF,HuggingFace redistribution,dataset_license
asvspoof2021_df_DF_E_3051215,DF_E_3051215,LA_0039,data/raw/audio/asvspoof2021_df/audio/DF_E_3051215.flac,0,bonafide,mp3m4a,asvspoof,-,notrim,eval,bonafide,,,,,,,,,ASVspoof2021_DF,HuggingFace redistribution,dataset_license
asvspoof2021_df_DF_E_4719875,DF_E_4719875,LA_0028,data/raw/audio/asvspoof2021_df/audio/DF_E_4719875.flac,0,bonafide,high_ogg,asvspoof,-,notrim,eval,bonafide,,,,,,,,,ASVspoof2021_DF,HuggingFace redistribution,dataset_license
asvspoof2021_df_DF_E_4678749,DF_E_4678749,VCC2TM2,data/raw/audio/asvspoof2021_df/audio/DF_E_4678749.flac,1,spoof,nocodec,vcc2018,HUB-N08,notrim,eval,traditional_vocoder,,,,,,,,,ASVspoof2021_DF,HuggingFace redistribution,dataset_license
asvspoof2021_df_DF_E_4688765,DF_E_4688765,VCC2TF1,data/raw/audio/asvspoof2021_df/audio/DF_E_4688765.flac,0,bonafide,mp3m4a,vcc2018,-,notrim,eval,bonafide,,,,,,,,,ASVspoof2021_DF,HuggingFace redistribution,dataset_license
asvspoof2021_df_DF_E_4548198,DF_E_4548198,VCC2TF1,data/raw/audio/asvspoof2021_df/audio/DF_E_4548198.flac,0,bonafide,high_mp3,vcc2018,-,notrim,eval,bonafide,,,,,,,,,ASVspoof2021_DF,HuggingFace redistribution,dataset_license
asvspoof2021_df_DF_E_4696742,DF_E_4696742,LA_0018,data/raw/audio/asvspoof2021_df/audio/DF_E_4696742.flac,0,bonafide,high_ogg,asvspoof,-,notrim,eval,bonafide,,,,,,,,,ASVspoof2021_DF,HuggingFace redistribution,dataset_license
asvspoof2021_df_DF_E_3009175,DF_E_3009175,LA_0044,data/raw/audio/asvspoof2021_df/audio/DF_E_3009175.flac,1,spoof,high_ogg,asvspoof,A14,notrim,eval,traditional_vocoder,,,,,,,,,ASVspoof2021_DF,HuggingFace redistribution,dataset_license
asvspoof2021_df_DF_E_4529172,DF_E_4529172,VCC2TM1,data/raw/audio/asvspoof2021_df/audio/DF_E_4529172.flac,1,spoof,high_ogg,vcc2018,SPO-N11,notrim,eval,traditional_vocoder,,,,,,,,,ASVspoof2021_DF,HuggingFace redistribution,dataset_license
asvspoof2021_df_DF_E_4524301,DF_E_4524301,LA_0033,data/raw/audio/asvspoof2021_df/audio/DF_E_4524301.flac,1,spoof,low_mp3,asvspoof,A08,notrim,eval,neural_vocoder_nonautoregressive,,,,,,,,,ASVspoof2021_DF,HuggingFace redistribution,dataset_license
asvspoof2021_df_DF_E_4702285,DF_E_4702285,TEF1,data/raw/audio/asvspoof2021_df/audio/DF_E_4702285.flac,0,bonafide,high_mp3,vcc2020,-,notrim,eval,bonafide,,,,,,,,,ASVspoof2021_DF,HuggingFace redistribution,dataset_license
asvspoof2021_df_DF_E_4815323,DF_E_4815323,SEM1,data/raw/audio/asvspoof2021_df/audio/DF_E_4815323.flac,0,bonafide,low_mp3,vcc2020,-,notrim,eval,bonafide,,,,,,,,,ASVspoof2021_DF,HuggingFace redistribution,dataset_license
asvspoof2021_df_DF_E_4530465,DF_E_4530465,TEM1,data/raw/audio/asvspoof2021_df/audio/DF_E_4530465.flac,1,spoof,high_m4a,vcc2020,Task1-team01,notrim,eval,neural_vocoder_nonautoregressive,,,,,,,,,ASVspoof2021_DF,HuggingFace redistribution,dataset_license
asvspoof2021_df_DF_E_2995889,DF_E_2995889,LA_0037,data/raw/audio/asvspoof2021_df/audio/DF_E_2995889.flac,0,bonafide,high_mp3,asvspoof,-,notrim,eval,bonafide,,,,,,,,,ASVspoof2021_DF,HuggingFace redistribution,dataset_license
asvspoof2021_df_DF_E_4691384,DF_E_4691384,TEF2,data/raw/audio/asvspoof2021_df/audio/DF_E_4691384.flac,1,spoof,low_mp3,vcc2020,Task1-team14,notrim,eval,neural_vocoder_nonautoregressive,,,,,,,,,ASVspoof2021_DF,HuggingFace redistribution,dataset_license
asvspoof2021_df_DF_E_4546949,DF_E_4546949,TEF2,data/raw/audio/asvspoof2021_df/audio/DF_E_4546949.flac,0,bonafide,low_mp3,vcc2020,-,notrim,eval,bonafide,,,,,,,,,ASVspoof2021_DF,HuggingFace redistribution,dataset_license
asvspoof2021_df_DF_E_4685358,DF_E_4685358,TFF1,data/raw/audio/asvspoof2021_df/audio/DF_E_4685358.flac,1,spoof,low_mp3,vcc2020,Task2-team03,notrim,eval,neural_vocoder_autoregressive,,,,,,,,,ASVspoof2021_DF,HuggingFace redistribution,dataset_license
asvspoof2021_df_DF_E_2982656,DF_E_2982656,TMF1,data/raw/audio/asvspoof2021_df/audio/DF_E_2982656.flac,1,spoof,low_mp3,vcc2020,Task2-team26,notrim,eval,traditional_vocoder,,,,,,,,,ASVspoof2021_DF,HuggingFace redistribution,dataset_license
asvspoof2021_df_DF_E_3059812,DF_E_3059812,TMM1,data/raw/audio/asvspoof2021_df/audio/DF_E_3059812.flac,1,spoof,high_ogg,vcc2020,Task2-team16,notrim,eval,neural_vocoder_nonautoregressive,,,,,,,,,ASVspoof2021_DF,HuggingFace redistribution,dataset_license
asvspoof2021_df_DF_E_3062545,DF_E_3062545,LA_0002,data/raw/audio/asvspoof2021_df/audio/DF_E_3062545.flac,0,bonafide,oggm4a,asvspoof,-,notrim,eval,bonafide,,,,,,,,,ASVspoof2021_DF,HuggingFace redistribution,dataset_license
asvspoof2021_df_DF_E_3071621,DF_E_3071621,TEF2,data/raw/audio/asvspoof2021_df/audio/DF_E_3071621.flac,1,spoof,high_mp3,vcc2020,Task1-team29,notrim,eval,neural_vocoder_autoregressive,,,,,,,,,ASVspoof2021_DF,HuggingFace redistribution,dataset_license
asvspoof2021_df_DF_E_4662505,DF_E_4662505,LA_0015,data/raw/audio/asvspoof2021_df/audio/DF_E_4662505.flac,0,bonafide,oggm4a,asvspoof,-,notrim,eval,bonafide,,,,,,,,,ASVspoof2021_DF,HuggingFace redistribution,dataset_license
asvspoof2021_df_DF_E_2997606,DF_E_2997606,VCC2TF2,data/raw/audio/asvspoof2021_df/audio/DF_E_2997606.flac,1,spoof,high_m4a,vcc2018,HUB-N16,notrim,eval,traditional_vocoder,,,,,,,,,ASVspoof2021_DF,HuggingFace redistribution,dataset_license
asvspoof2021_df_DF_E_4708194,DF_E_4708194,VCC2SM4,data/raw/audio/asvspoof2021_df/audio/DF_E_4708194.flac,0,bonafide,high_mp3,vcc2018,-,notrim,eval,bonafide,,,,,,,,,ASVspoof2021_DF,HuggingFace redistribution,dataset_license
asvspoof2021_df_DF_E_4726915,DF_E_4726915,LA_0015,data/raw/audio/asvspoof2021_df/audio/DF_E_4726915.flac,0,bonafide,mp3m4a,asvspoof,-,notrim,eval,bonafide,,,,,,,,,ASVspoof2021_DF,HuggingFace redistribution,dataset_license
asvspoof2021_df_DF_E_4692070,DF_E_4692070,TGF1,data/raw/audio/asvspoof2021_df/audio/DF_E_4692070.flac,1,spoof,low_mp3,vcc2020,Task2-team15,notrim,eval,neural_vocoder_nonautoregressive,,,,,,,,,ASVspoof2021_DF,HuggingFace redistribution,dataset_license
asvspoof2021_df_DF_E_4709597,DF_E_4709597,SEF1,data/raw/audio/asvspoof2021_df/audio/DF_E_4709597.flac,0,bonafide,mp3m4a,vcc2020,-,notrim,eval,bonafide,,,,,,,,,ASVspoof2021_DF,HuggingFace redistribution,dataset_license
asvspoof2021_df_DF_E_4668776,DF_E_4668776,LA_0030,data/raw/audio/asvspoof2021_df/audio/DF_E_4668776.flac,0,bonafide,nocodec,asvspoof,-,notrim,eval,bonafide,,,,,,,,,ASVspoof2021_DF,HuggingFace redistribution,dataset_license
asvspoof2021_df_DF_E_4709503,DF_E_4709503,TEF2,data/raw/audio/asvspoof2021_df/audio/DF_E_4709503.flac,1,spoof,high_mp3,vcc2020,Task1-team24,notrim,eval,neural_vocoder_autoregressive,,,,,,,,,ASVspoof2021_DF,HuggingFace redistribution,dataset_license
asvspoof2021_df_DF_E_4522708,DF_E_4522708,VCC2TF1,data/raw/audio/asvspoof2021_df/audio/DF_E_4522708.flac,0,bonafide,high_ogg,vcc2018,-,notrim,eval,bonafide,,,,,,,,,ASVspoof2021_DF,HuggingFace redistribution,dataset_license
asvspoof2021_df_DF_E_2976833,DF_E_2976833,LA_0044,data/raw/audio/asvspoof2021_df/audio/DF_E_2976833.flac,0,bonafide,high_ogg,asvspoof,-,notrim,eval,bonafide,,,,,,,,,ASVspoof2021_DF,HuggingFace redistribution,dataset_license
asvspoof2021_df_DF_E_3083519,DF_E_3083519,VCC2TM2,data/raw/audio/asvspoof2021_df/audio/DF_E_3083519.flac,1,spoof,low_ogg,vcc2018,HUB-N19,notrim,eval,traditional_vocoder,,,,,,,,,ASVspoof2021_DF,HuggingFace redistribution,dataset_license
asvspoof2021_df_DF_E_4535967,DF_E_4535967,LA_0014,data/raw/audio/asvspoof2021_df/audio/DF_E_4535967.flac,0,bonafide,oggm4a,asvspoof,-,notrim,eval,bonafide,,,,,,,,,ASVspoof2021_DF,HuggingFace redistribution,dataset_license
asvspoof2021_df_DF_E_3076981,DF_E_3076981,TGM1,data/raw/audio/asvspoof2021_df/audio/DF_E_3076981.flac,1,spoof,mp3m4a,vcc2020,Task2-team30,notrim,eval,unknown,,,,,,,,,ASVspoof2021_DF,HuggingFace redistribution,dataset_license
asvspoof2021_df_DF_E_4547691,DF_E_4547691,TMM1,data/raw/audio/asvspoof2021_df/audio/DF_E_4547691.flac,1,spoof,high_m4a,vcc2020,Task2-team30,notrim,eval,unknown,,,,,,,,,ASVspoof2021_DF,HuggingFace redistribution,dataset_license
asvspoof2021_df_DF_E_4541452,DF_E_4541452,VCC2SF2,data/raw/audio/asvspoof2021_df/audio/DF_E_4541452.flac,0,bonafide,low_ogg,vcc2018,-,notrim,eval,bonafide,,,,,,,,,ASVspoof2021_DF,HuggingFace redistribution,dataset_license
asvspoof2021_df_DF_E_4704497,DF_E_4704497,LA_0046,data/raw/audio/asvspoof2021_df/audio/DF_E_4704497.flac,1,spoof,mp3m4a,asvspoof,A08,notrim,eval,neural_vocoder_nonautoregressive,,,,,,,,,ASVspoof2021_DF,HuggingFace redistribution,dataset_license
asvspoof2021_df_DF_E_2986430,DF_E_2986430,SEF1,data/raw/audio/asvspoof2021_df/audio/DF_E_2986430.flac,0,bonafide,high_ogg,vcc2020,-,notrim,eval,bonafide,,,,,,,,,ASVspoof2021_DF,HuggingFace redistribution,dataset_license
asvspoof2021_df_DF_E_4826866,DF_E_4826866,TEM2,data/raw/audio/asvspoof2021_df/audio/DF_E_4826866.flac,1,spoof,high_m4a,vcc2020,Task1-team24,notrim,eval,neural_vocoder_autoregressive,,,,,,,,,ASVspoof2021_DF,HuggingFace redistribution,dataset_license
asvspoof2021_df_DF_E_4671567,DF_E_4671567,TGM1,data/raw/audio/asvspoof2021_df/audio/DF_E_4671567.flac,1,spoof,nocodec,vcc2020,Task2-team31,notrim,eval,neural_vocoder_nonautoregressive,,,,,,,,,ASVspoof2021_DF,HuggingFace redistribution,dataset_license
asvspoof2021_df_DF_E_2980829,DF_E_2980829,LA_0017,data/raw/audio/asvspoof2021_df/audio/DF_E_2980829.flac,0,bonafide,high_ogg,asvspoof,-,notrim,eval,bonafide,,,,,,,,,ASVspoof2021_DF,HuggingFace redistribution,dataset_license
asvspoof2021_df_DF_E_4832515,DF_E_4832515,TFF1,data/raw/audio/asvspoof2021_df/audio/DF_E_4832515.flac,0,bonafide,mp3m4a,vcc2020,-,notrim,eval,bonafide,,,,,,,,,ASVspoof2021_DF,HuggingFace redistribution,dataset_license
asvspoof2021_df_DF_E_4539978,DF_E_4539978,VCC2TF1,data/raw/audio/asvspoof2021_df/audio/DF_E_4539978.flac,1,spoof,high_ogg,vcc2018,HUB-N08,notrim,eval,traditional_vocoder,,,,,,,,,ASVspoof2021_DF,HuggingFace redistribution,dataset_license
asvspoof2021_df_DF_E_4535856,DF_E_4535856,TEM2,data/raw/audio/asvspoof2021_df/audio/DF_E_4535856.flac,1,spoof,oggm4a,vcc2020,Task1-team14,notrim,eval,neural_vocoder_nonautoregressive,,,,,,,,,ASVspoof2021_DF,HuggingFace redistribution,dataset_license
asvspoof2021_df_DF_E_4700092,DF_E_4700092,LA_0013,data/raw/audio/asvspoof2021_df/audio/DF_E_4700092.flac,0,bonafide,mp3m4a,asvspoof,-,notrim,eval,bonafide,,,,,,,,,ASVspoof2021_DF,HuggingFace redistribution,dataset_license
asvspoof2021_df_DF_E_4690174,DF_E_4690174,VCC2TM1,data/raw/audio/asvspoof2021_df/audio/DF_E_4690174.flac,1,spoof,mp3m4a,vcc2018,HUB-N13,notrim,eval,traditional_vocoder,,,,,,,,,ASVspoof2021_DF,HuggingFace redistribution,dataset_license
asvspoof2021_df_DF_E_4815839,DF_E_4815839,TMM1,data/raw/audio/asvspoof2021_df/audio/DF_E_4815839.flac,0,bonafide,low_mp3,vcc2020,-,notrim,eval,bonafide,,,,,,,,,ASVspoof2021_DF,HuggingFace redistribution,dataset_license
asvspoof2021_df_DF_E_4729370,DF_E_4729370,VCC2TF1,data/raw/audio/asvspoof2021_df/audio/DF_E_4729370.flac,1,spoof,low_ogg,vcc2018,HUB-N14,notrim,eval,traditional_vocoder,,,,,,,,,ASVspoof2021_DF,HuggingFace redistribution,dataset_license
asvspoof2021_df_DF_E_4674408,DF_E_4674408,TEM2,data/raw/audio/asvspoof2021_df/audio/DF_E_4674408.flac,1,spoof,low_m4a,vcc2020,Task1-team10,notrim,eval,neural_vocoder_autoregressive,,,,,,,,,ASVspoof2021_DF,HuggingFace redistribution,dataset_license
asvspoof2021_df_DF_E_3058287,DF_E_3058287,TEM2,data/raw/audio/asvspoof2021_df/audio/DF_E_3058287.flac,1,spoof,mp3m4a,vcc2020,Task1-team31,notrim,eval,neural_vocoder_nonautoregressive,,,,,,,,,ASVspoof2021_DF,HuggingFace redistribution,dataset_license
asvspoof2021_df_DF_E_2999006,DF_E_2999006,LA_0016,data/raw/audio/asvspoof2021_df/audio/DF_E_2999006.flac,0,bonafide,high_ogg,asvspoof,-,notrim,eval,bonafide,,,,,,,,,ASVspoof2021_DF,HuggingFace redistribution,dataset_license
asvspoof2021_df_DF_E_4669921,DF_E_4669921,VCC2SM4,data/raw/audio/asvspoof2021_df/audio/DF_E_4669921.flac,0,bonafide,low_ogg,vcc2018,-,notrim,eval,bonafide,,,,,,,,,ASVspoof2021_DF,HuggingFace redistribution,dataset_license
asvspoof2021_df_DF_E_4531748,DF_E_4531748,LA_0003,data/raw/audio/asvspoof2021_df/audio/DF_E_4531748.flac,0,bonafide,high_ogg,asvspoof,-,notrim,eval,bonafide,,,,,,,,,ASVspoof2021_DF,HuggingFace redistribution,dataset_license
asvspoof2021_df_DF_E_4834948,DF_E_4834948,LA_0021,data/raw/audio/asvspoof2021_df/audio/DF_E_4834948.flac,1,spoof,oggm4a,asvspoof,A19,notrim,eval,traditional_vocoder,,,,,,,,,ASVspoof2021_DF,HuggingFace redistribution,dataset_license
asvspoof2021_df_DF_E_4547168,DF_E_4547168,VCC2TM1,data/raw/audio/asvspoof2021_df/audio/DF_E_4547168.flac,1,spoof,nocodec,vcc2018,HUB-N16,notrim,eval,traditional_vocoder,,,,,,,,,ASVspoof2021_DF,HuggingFace redistribution,dataset_license
asvspoof2021_df_DF_E_4693261,DF_E_4693261,VCC2TF1,data/raw/audio/asvspoof2021_df/audio/DF_E_4693261.flac,1,spoof,low_m4a,vcc2018,HUB-D03,notrim,eval,traditional_vocoder,,,,,,,,,ASVspoof2021_DF,HuggingFace redistribution,dataset_license
asvspoof2021_df_DF_E_4513673,DF_E_4513673,LA_0026,data/raw/audio/asvspoof2021_df/audio/DF_E_4513673.flac,0,bonafide,high_ogg,asvspoof,-,notrim,eval,bonafide,,,,,,,,,ASVspoof2021_DF,HuggingFace redistribution,dataset_license
asvspoof2021_df_DF_E_4540957,DF_E_4540957,VCC2TM1,data/raw/audio/asvspoof2021_df/audio/DF_E_4540957.flac,1,spoof,oggm4a,vcc2018,SPO-N13,notrim,eval,traditional_vocoder,,,,,,,,,ASVspoof2021_DF,HuggingFace redistribution,dataset_license
asvspoof2021_df_DF_E_4687525,DF_E_4687525,LA_0002,data/raw/audio/asvspoof2021_df/audio/DF_E_4687525.flac,1,spoof,high_ogg,asvspoof,A18,notrim,eval,traditional_vocoder,,,,,,,,,ASVspoof2021_DF,HuggingFace redistribution,dataset_license
asvspoof2021_df_DF_E_3066176,DF_E_3066176,VCC2TM1,data/raw/audio/asvspoof2021_df/audio/DF_E_3066176.flac,1,spoof,low_mp3,vcc2018,SPO-N03,notrim,eval,unknown,,,,,,,,,ASVspoof2021_DF,HuggingFace redistribution,dataset_license
asvspoof2021_df_DF_E_3079802,DF_E_3079802,LA_0007,data/raw/audio/asvspoof2021_df/audio/DF_E_3079802.flac,0,bonafide,oggm4a,asvspoof,-,notrim,eval,bonafide,,,,,,,,,ASVspoof2021_DF,HuggingFace redistribution,dataset_license
asvspoof2021_df_DF_E_4530202,DF_E_4530202,VCC2TM1,data/raw/audio/asvspoof2021_df/audio/DF_E_4530202.flac,0,bonafide,high_ogg,vcc2018,-,notrim,eval,bonafide,,,,,,,,,ASVspoof2021_DF,HuggingFace redistribution,dataset_license
asvspoof2021_df_DF_E_4823442,DF_E_4823442,TFM1,data/raw/audio/asvspoof2021_df/audio/DF_E_4823442.flac,1,spoof,oggm4a,vcc2020,Task2-team18,notrim,eval,unknown,,,,,,,,,ASVspoof2021_DF,HuggingFace redistribution,dataset_license
asvspoof2021_df_DF_E_4543206,DF_E_4543206,LA_0027,data/raw/audio/asvspoof2021_df/audio/DF_E_4543206.flac,0,bonafide,high_m4a,asvspoof,-,notrim,eval,bonafide,,,,,,,,,ASVspoof2021_DF,HuggingFace redistribution,dataset_license
asvspoof2021_df_DF_E_4845566,DF_E_4845566,TFM1,data/raw/audio/asvspoof2021_df/audio/DF_E_4845566.flac,1,spoof,high_ogg,vcc2020,Task2-team22,notrim,eval,neural_vocoder_nonautoregressive,,,,,,,,,ASVspoof2021_DF,HuggingFace redistribution,dataset_license
asvspoof2021_df_DF_E_4719514,DF_E_4719514,TEF1,data/raw/audio/asvspoof2021_df/audio/DF_E_4719514.flac,1,spoof,nocodec,vcc2020,Task1-team30,notrim,eval,unknown,,,,,,,,,ASVspoof2021_DF,HuggingFace redistribution,dataset_license
asvspoof2021_df_DF_E_4847425,DF_E_4847425,VCC2TF2,data/raw/audio/asvspoof2021_df/audio/DF_E_4847425.flac,0,bonafide,high_ogg,vcc2018,-,notrim,eval,bonafide,,,,,,,,,ASVspoof2021_DF,HuggingFace redistribution,dataset_license
asvspoof2021_df_DF_E_4522575,DF_E_4522575,LA_0027,data/raw/audio/asvspoof2021_df/audio/DF_E_4522575.flac,1,spoof,oggm4a,asvspoof,A18,notrim,eval,traditional_vocoder,,,,,,,,,ASVspoof2021_DF,HuggingFace redistribution,dataset_license
asvspoof2021_df_DF_E_2979588,DF_E_2979588,LA_0032,data/raw/audio/asvspoof2021_df/audio/DF_E_2979588.flac,1,spoof,mp3m4a,asvspoof,A12,notrim,eval,neural_vocoder_autoregressive,,,,,,,,,ASVspoof2021_DF,HuggingFace redistribution,dataset_license
asvspoof2021_df_DF_E_4817588,DF_E_4817588,TGM1,data/raw/audio/asvspoof2021_df/audio/DF_E_4817588.flac,0,bonafide,high_mp3,vcc2020,-,notrim,eval,bonafide,,,,,,,,,ASVspoof2021_DF,HuggingFace redistribution,dataset_license
asvspoof2021_df_DF_E_4691923,DF_E_4691923,LA_0042,data/raw/audio/asvspoof2021_df/audio/DF_E_4691923.flac,0,bonafide,oggm4a,asvspoof,-,notrim,eval,bonafide,,,,,,,,,ASVspoof2021_DF,HuggingFace redistribution,dataset_license
asvspoof2021_df_DF_E_4518225,DF_E_4518225,TFM1,data/raw/audio/asvspoof2021_df/audio/DF_E_4518225.flac,1,spoof,high_ogg,vcc2020,Task2-team11,notrim,eval,neural_vocoder_autoregressive,,,,,,,,,ASVspoof2021_DF,HuggingFace redistribution,dataset_license
asvspoof2021_df_DF_E_2980134,DF_E_2980134,LA_0067,data/raw/audio/asvspoof2021_df/audio/DF_E_2980134.flac,0,bonafide,mp3m4a,asvspoof,-,notrim,eval,bonafide,,,,,,,,,ASVspoof2021_DF,HuggingFace redistribution,dataset_license
asvspoof2021_df_DF_E_4828736,DF_E_4828736,LA_0005,data/raw/audio/asvspoof2021_df/audio/DF_E_4828736.flac,0,bonafide,low_mp3,asvspoof,-,notrim,eval,bonafide,,,,,,,,,ASVspoof2021_DF,HuggingFace redistribution,dataset_license
asvspoof2021_df_DF_E_3006647,DF_E_3006647,TGF1,data/raw/audio/asvspoof2021_df/audio/DF_E_3006647.flac,1,spoof,low_mp3,vcc2020,Task2-team18,notrim,eval,unknown,,,,,,,,,ASVspoof2021_DF,HuggingFace redistribution,dataset_license
asvspoof2021_df_DF_E_4699278,DF_E_4699278,VCC2TF2,data/raw/audio/asvspoof2021_df/audio/DF_E_4699278.flac,1,spoof,low_ogg,vcc2018,HUB-N04,notrim,eval,traditional_vocoder,,,,,,,,,ASVspoof2021_DF,HuggingFace redistribution,dataset_license
asvspoof2021_df_DF_E_2987001,DF_E_2987001,VCC2TM1,data/raw/audio/asvspoof2021_df/audio/DF_E_2987001.flac,1,spoof,mp3m4a,vcc2018,HUB-N05,notrim,eval,traditional_vocoder,,,,,,,,,ASVspoof2021_DF,HuggingFace redistribution,dataset_license
asvspoof2021_df_DF_E_4835013,DF_E_4835013,VCC2TM2,data/raw/audio/asvspoof2021_df/audio/DF_E_4835013.flac,1,spoof,high_ogg,vcc2018,SPO-N05,notrim,eval,traditional_vocoder,,,,,,,,,ASVspoof2021_DF,HuggingFace redistribution,dataset_license
asvspoof2021_df_DF_E_2994771,DF_E_2994771,LA_0015,data/raw/audio/asvspoof2021_df/audio/DF_E_2994771.flac,0,bonafide,high_m4a,asvspoof,-,notrim,eval,bonafide,,,,,,,,,ASVspoof2021_DF,HuggingFace redistribution,dataset_license
asvspoof2021_df_DF_E_4717566,DF_E_4717566,VCC2SF1,data/raw/audio/asvspoof2021_df/audio/DF_E_4717566.flac,0,bonafide,high_mp3,vcc2018,-,notrim,eval,bonafide,,,,,,,,,ASVspoof2021_DF,HuggingFace redistribution,dataset_license
asvspoof2021_df_DF_E_4842293,DF_E_4842293,LA_0048,data/raw/audio/asvspoof2021_df/audio/DF_E_4842293.flac,0,bonafide,oggm4a,asvspoof,-,notrim,eval,bonafide,,,,,,,,,ASVspoof2021_DF,HuggingFace redistribution,dataset_license
asvspoof2021_df_DF_E_4549525,DF_E_4549525,VCC2TM1,data/raw/audio/asvspoof2021_df/audio/DF_E_4549525.flac,1,spoof,low_mp3,vcc2018,HUB-D02,notrim,eval,traditional_vocoder,,,,,,,,,ASVspoof2021_DF,HuggingFace redistribution,dataset_license
asvspoof2021_df_DF_E_4543983,DF_E_4543983,TMF1,data/raw/audio/asvspoof2021_df/audio/DF_E_4543983.flac,1,spoof,oggm4a,vcc2020,Task2-team15,notrim,eval,neural_vocoder_nonautoregressive,,,,,,,,,ASVspoof2021_DF,HuggingFace redistribution,dataset_license
asvspoof2021_df_DF_E_3048885,DF_E_3048885,LA_0009,data/raw/audio/asvspoof2021_df/audio/DF_E_3048885.flac,0,bonafide,low_ogg,asvspoof,-,notrim,eval,bonafide,,,,,,,,,ASVspoof2021_DF,HuggingFace redistribution,dataset_license
asvspoof2021_df_DF_E_4518698,DF_E_4518698,LA_0024,data/raw/audio/asvspoof2021_df/audio/DF_E_4518698.flac,0,bonafide,low_mp3,asvspoof,-,notrim,eval,bonafide,,,,,,,,,ASVspoof2021_DF,HuggingFace redistribution,dataset_license
asvspoof2021_df_DF_E_4820465,DF_E_4820465,SEM1,data/raw/audio/asvspoof2021_df/audio/DF_E_4820465.flac,0,bonafide,low_mp3,vcc2020,-,notrim,eval,bonafide,,,,,,,,,ASVspoof2021_DF,HuggingFace redistribution,dataset_license
asvspoof2021_df_DF_E_4834207,DF_E_4834207,TGF1,data/raw/audio/asvspoof2021_df/audio/DF_E_4834207.flac,1,spoof,high_ogg,vcc2020,Task2-team08,notrim,eval,traditional_vocoder,,,,,,,,,ASVspoof2021_DF,HuggingFace redistribution,dataset_license
asvspoof2021_df_DF_E_4544188,DF_E_4544188,TEF1,data/raw/audio/asvspoof2021_df/audio/DF_E_4544188.flac,1,spoof,oggm4a,vcc2020,Task1-team14,notrim,eval,neural_vocoder_nonautoregressive,,,,,,,,,ASVspoof2021_DF,HuggingFace redistribution,dataset_license
asvspoof2021_df_DF_E_4685660,DF_E_4685660,LA_0023,data/raw/audio/asvspoof2021_df/audio/DF_E_4685660.flac,0,bonafide,high_ogg,asvspoof,-,notrim,eval,bonafide,,,,,,,,,ASVspoof2021_DF,HuggingFace redistribution,dataset_license
asvspoof2021_df_DF_E_4723697,DF_E_4723697,TFF1,data/raw/audio/asvspoof2021_df/audio/DF_E_4723697.flac,1,spoof,high_mp3,vcc2020,Task2-team12,notrim,eval,traditional_vocoder,,,,,,,,,ASVspoof2021_DF,HuggingFace redistribution,dataset_license
asvspoof2021_df_DF_E_4673605,DF_E_4673605,TEM2,data/raw/audio/asvspoof2021_df/audio/DF_E_4673605.flac,1,spoof,nocodec,vcc2020,Task1-team11,notrim,eval,neural_vocoder_autoregressive,,,,,,,,,ASVspoof2021_DF,HuggingFace redistribution,dataset_license
asvspoof2021_df_DF_E_3058362,DF_E_3058362,TEF1,data/raw/audio/asvspoof2021_df/audio/DF_E_3058362.flac,1,spoof,low_m4a,vcc2020,Task1-team03,notrim,eval,neural_vocoder_autoregressive,,,,,,,,,ASVspoof2021_DF,HuggingFace redistribution,dataset_license
asvspoof2021_df_DF_E_3066279,DF_E_3066279,TEM2,data/raw/audio/asvspoof2021_df/audio/DF_E_3066279.flac,0,bonafide,nocodec,vcc2020,-,notrim,eval,bonafide,,,,,,,,,ASVspoof2021_DF,HuggingFace redistribution,dataset_license
asvspoof2021_df_DF_E_4675541,DF_E_4675541,VCC2SF2,data/raw/audio/asvspoof2021_df/audio/DF_E_4675541.flac,0,bonafide,mp3m4a,vcc2018,-,notrim,eval,bonafide,,,,,,,,,ASVspoof2021_DF,HuggingFace redistribution,dataset_license
asvspoof2021_df_DF_E_4688735,DF_E_4688735,VCC2TF1,data/raw/audio/asvspoof2021_df/audio/DF_E_4688735.flac,1,spoof,mp3m4a,vcc2018,HUB-N07,notrim,eval,traditional_vocoder,,,,,,,,,ASVspoof2021_DF,HuggingFace redistribution,dataset_license
asvspoof2021_df_DF_E_4529118,DF_E_4529118,TEF2,data/raw/audio/asvspoof2021_df/audio/DF_E_4529118.flac,1,spoof,mp3m4a,vcc2020,Task1-team02,notrim,eval,neural_vocoder_nonautoregressive,,,,,,,,,ASVspoof2021_DF,HuggingFace redistribution,dataset_license
asvspoof2021_df_DF_E_4690543,DF_E_4690543,TGF1,data/raw/audio/asvspoof2021_df/audio/DF_E_4690543.flac,1,spoof,nocodec,vcc2020,Task2-team19,notrim,eval,neural_vocoder_nonautoregressive,,,,,,,,,ASVspoof2021_DF,HuggingFace redistribution,dataset_license
asvspoof2021_df_DF_E_4731067,DF_E_4731067,LA_0037,data/raw/audio/asvspoof2021_df/audio/DF_E_4731067.flac,0,bonafide,high_ogg,asvspoof,-,notrim,eval,bonafide,,,,,,,,,ASVspoof2021_DF,HuggingFace redistribution,dataset_license
asvspoof2021_df_DF_E_4518722,DF_E_4518722,TMF1,data/raw/audio/asvspoof2021_df/audio/DF_E_4518722.flac,1,spoof,mp3m4a,vcc2020,Task2-team29,notrim,eval,neural_vocoder_autoregressive,,,,,,,,,ASVspoof2021_DF,HuggingFace redistribution,dataset_license
asvspoof2021_df_DF_E_2988251,DF_E_2988251,VCC2TF2,data/raw/audio/asvspoof2021_df/audio/DF_E_2988251.flac,0,bonafide,high_m4a,vcc2018,-,notrim,eval,bonafide,,,,,,,,,ASVspoof2021_DF,HuggingFace redistribution,dataset_license
asvspoof2021_df_DF_E_4688048,DF_E_4688048,VCC2TF1,data/raw/audio/asvspoof2021_df/audio/DF_E_4688048.flac,1,spoof,high_mp3,vcc2018,HUB-D02,notrim,eval,traditional_vocoder,,,,,,,,,ASVspoof2021_DF,HuggingFace redistribution,dataset_license
asvspoof2021_df_DF_E_3056065,DF_E_3056065,TFM1,data/raw/audio/asvspoof2021_df/audio/DF_E_3056065.flac,1,spoof,high_m4a,vcc2020,Task2-team20,notrim,eval,neural_vocoder_nonautoregressive,,,,,,,,,ASVspoof2021_DF,HuggingFace redistribution,dataset_license
asvspoof2021_df_DF_E_3004969,DF_E_3004969,LA_0008,data/raw/audio/asvspoof2021_df/audio/DF_E_3004969.flac,1,spoof,high_ogg,asvspoof,A08,notrim,eval,neural_vocoder_nonautoregressive,,,,,,,,,ASVspoof2021_DF,HuggingFace redistribution,dataset_license
asvspoof2021_df_DF_E_4682343,DF_E_4682343,TGM1,data/raw/audio/asvspoof2021_df/audio/DF_E_4682343.flac,1,spoof,low_mp3,vcc2020,Task2-team25,notrim,eval,neural_vocoder_autoregressive,,,,,,,,,ASVspoof2021_DF,HuggingFace redistribution,dataset_license
asvspoof2021_df_DF_E_3080690,DF_E_3080690,SEF2,data/raw/audio/asvspoof2021_df/audio/DF_E_3080690.flac,0,bonafide,high_ogg,vcc2020,-,notrim,eval,bonafide,,,,,,,,,ASVspoof2021_DF,HuggingFace redistribution,dataset_license
asvspoof2021_df_DF_E_4512913,DF_E_4512913,VCC2TF2,data/raw/audio/asvspoof2021_df/audio/DF_E_4512913.flac,1,spoof,low_m4a,vcc2018,HUB-N20,notrim,eval,traditional_vocoder,,,,,,,,,ASVspoof2021_DF,HuggingFace redistribution,dataset_license
asvspoof2021_df_DF_E_3076913,DF_E_3076913,LA_0032,data/raw/audio/asvspoof2021_df/audio/DF_E_3076913.flac,0,bonafide,oggm4a,asvspoof,-,notrim,eval,bonafide,,,,,,,,,ASVspoof2021_DF,HuggingFace redistribution,dataset_license
asvspoof2021_df_DF_E_3075988,DF_E_3075988,LA_0046,data/raw/audio/asvspoof2021_df/audio/DF_E_3075988.flac,0,bonafide,oggm4a,asvspoof,-,notrim,eval,bonafide,,,,,,,,,ASVspoof2021_DF,HuggingFace redistribution,dataset_license
asvspoof2021_df_DF_E_4716058,DF_E_4716058,LA_0018,data/raw/audio/asvspoof2021_df/audio/DF_E_4716058.flac,0,bonafide,high_m4a,asvspoof,-,notrim,eval,bonafide,,,,,,,,,ASVspoof2021_DF,HuggingFace redistribution,dataset_license
asvspoof2021_df_DF_E_3064384,DF_E_3064384,LA_0027,data/raw/audio/asvspoof2021_df/audio/DF_E_3064384.flac,0,bonafide,low_m4a,asvspoof,-,notrim,eval,bonafide,,,,,,,,,ASVspoof2021_DF,HuggingFace redistribution,dataset_license
asvspoof2021_df_DF_E_4835770,DF_E_4835770,VCC2TF2,data/raw/audio/asvspoof2021_df/audio/DF_E_4835770.flac,1,spoof,high_ogg,vcc2018,HUB-N16,notrim,eval,traditional_vocoder,,,,,,,,,ASVspoof2021_DF,HuggingFace redistribution,dataset_license
asvspoof2021_df_DF_E_4517789,DF_E_4517789,LA_0041,data/raw/audio/asvspoof2021_df/audio/DF_E_4517789.flac,0,bonafide,oggm4a,asvspoof,-,notrim,eval,bonafide,,,,,,,,,ASVspoof2021_DF,HuggingFace redistribution,dataset_license
asvspoof2021_df_DF_E_2977039,DF_E_2977039,VCC2TM2,data/raw/audio/asvspoof2021_df/audio/DF_E_2977039.flac,1,spoof,high_m4a,vcc2018,HUB-N06,notrim,eval,traditional_vocoder,,,,,,,,,ASVspoof2021_DF,HuggingFace redistribution,dataset_license
asvspoof2021_df_DF_E_4713438,DF_E_4713438,LA_0026,data/raw/audio/asvspoof2021_df/audio/DF_E_4713438.flac,0,bonafide,high_ogg,asvspoof,-,notrim,eval,bonafide,,,,,,,,,ASVspoof2021_DF,HuggingFace redistribution,dataset_license
asvspoof2021_df_DF_E_4519345,DF_E_4519345,VCC2TF2,data/raw/audio/asvspoof2021_df/audio/DF_E_4519345.flac,0,bonafide,high_m4a,vcc2018,-,notrim,eval,bonafide,,,,,,,,,ASVspoof2021_DF,HuggingFace redistribution,dataset_license
asvspoof2021_df_DF_E_4680437,DF_E_4680437,LA_0024,data/raw/audio/asvspoof2021_df/audio/DF_E_4680437.flac,0,bonafide,nocodec,asvspoof,-,notrim,eval,bonafide,,,,,,,,,ASVspoof2021_DF,HuggingFace redistribution,dataset_license
asvspoof2021_df_DF_E_4545561,DF_E_4545561,TEM1,data/raw/audio/asvspoof2021_df/audio/DF_E_4545561.flac,1,spoof,high_m4a,vcc2020,Task1-team33,notrim,eval,neural_vocoder_nonautoregressive,,,,,,,,,ASVspoof2021_DF,HuggingFace redistribution,dataset_license
asvspoof2021_df_DF_E_3010908,DF_E_3010908,SEF1,data/raw/audio/asvspoof2021_df/audio/DF_E_3010908.flac,0,bonafide,high_ogg,vcc2020,-,notrim,eval,bonafide,,,,,,,,,ASVspoof2021_DF,HuggingFace redistribution,dataset_license
asvspoof2021_df_DF_E_3069313,DF_E_3069313,LA_0004,data/raw/audio/asvspoof2021_df/audio/DF_E_3069313.flac,0,bonafide,oggm4a,asvspoof,-,notrim,eval,bonafide,,,,,,,,,ASVspoof2021_DF,HuggingFace redistribution,dataset_license
asvspoof2021_df_DF_E_3054999,DF_E_3054999,TEF2,data/raw/audio/asvspoof2021_df/audio/DF_E_3054999.flac,1,spoof,mp3m4a,vcc2020,Task1-team17,notrim,eval,neural_vocoder_nonautoregressive,,,,,,,,,ASVspoof2021_DF,HuggingFace redistribution,dataset_license
asvspoof2021_df_DF_E_4685520,DF_E_4685520,LA_0036,data/raw/audio/asvspoof2021_df/audio/DF_E_4685520.flac,0,bonafide,low_m4a,asvspoof,-,notrim,eval,bonafide,,,,,,,,,ASVspoof2021_DF,HuggingFace redistribution,dataset_license
asvspoof2021_df_DF_E_4833421,DF_E_4833421,VCC2SM2,data/raw/audio/asvspoof2021_df/audio/DF_E_4833421.flac,0,bonafide,high_ogg,vcc2018,-,notrim,eval,bonafide,,,,,,,,,ASVspoof2021_DF,HuggingFace redistribution,dataset_license
asvspoof2021_df_DF_E_4691398,DF_E_4691398,VCC2TM1,data/raw/audio/asvspoof2021_df/audio/DF_E_4691398.flac,1,spoof,low_m4a,vcc2018,HUB-N07,notrim,eval,traditional_vocoder,,,,,,,,,ASVspoof2021_DF,HuggingFace redistribution,dataset_license
asvspoof2021_df_DF_E_4709826,DF_E_4709826,VCC2TM2,data/raw/audio/asvspoof2021_df/audio/DF_E_4709826.flac,1,spoof,low_m4a,vcc2018,HUB-N05,notrim,eval,traditional_vocoder,,,,,,,,,ASVspoof2021_DF,HuggingFace redistribution,dataset_license
asvspoof2021_df_DF_E_2977626,DF_E_2977626,TEM1,data/raw/audio/asvspoof2021_df/audio/DF_E_2977626.flac,1,spoof,oggm4a,vcc2020,Task1-team19,notrim,eval,neural_vocoder_nonautoregressive,,,,,,,,,ASVspoof2021_DF,HuggingFace redistribution,dataset_license
asvspoof2021_df_DF_E_4733377,DF_E_4733377,TEM2,data/raw/audio/asvspoof2021_df/audio/DF_E_4733377.flac,0,bonafide,low_ogg,vcc2020,-,notrim,eval,bonafide,,,,,,,,,ASVspoof2021_DF,HuggingFace redistribution,dataset_license
asvspoof2021_df_DF_E_3067426,DF_E_3067426,LA_0043,data/raw/audio/asvspoof2021_df/audio/DF_E_3067426.flac,1,spoof,mp3m4a,asvspoof,A14,notrim,eval,traditional_vocoder,,,,,,,,,ASVspoof2021_DF,HuggingFace redistribution,dataset_license
asvspoof2021_df_DF_E_4687024,DF_E_4687024,LA_0044,data/raw/audio/asvspoof2021_df/audio/DF_E_4687024.flac,0,bonafide,mp3m4a,asvspoof,-,notrim,eval,bonafide,,,,,,,,,ASVspoof2021_DF,HuggingFace redistribution,dataset_license
asvspoof2021_df_DF_E_3065303,DF_E_3065303,LA_0031,data/raw/audio/asvspoof2021_df/audio/DF_E_3065303.flac,0,bonafide,low_mp3,asvspoof,-,notrim,eval,bonafide,,,,,,,,,ASVspoof2021_DF,HuggingFace redistribution,dataset_license
asvspoof2021_df_DF_E_2979673,DF_E_2979673,TMM1,data/raw/audio/asvspoof2021_df/audio/DF_E_2979673.flac,1,spoof,high_mp3,vcc2020,Task2-team09,notrim,eval,neural_vocoder_nonautoregressive,,,,,,,,,ASVspoof2021_DF,HuggingFace redistribution,dataset_license
asvspoof2021_df_DF_E_4713054,DF_E_4713054,TMM1,data/raw/audio/asvspoof2021_df/audio/DF_E_4713054.flac,0,bonafide,high_m4a,vcc2020,-,notrim,eval,bonafide,,,,,,,,,ASVspoof2021_DF,HuggingFace redistribution,dataset_license
asvspoof2021_df_DF_E_4540381,DF_E_4540381,LA_0034,data/raw/audio/asvspoof2021_df/audio/DF_E_4540381.flac,1,spoof,high_ogg,asvspoof,A08,notrim,eval,neural_vocoder_nonautoregressive,,,,,,,,,ASVspoof2021_DF,HuggingFace redistribution,dataset_license
asvspoof2021_df_DF_E_4670243,DF_E_4670243,TEF1,data/raw/audio/asvspoof2021_df/audio/DF_E_4670243.flac,1,spoof,oggm4a,vcc2020,Task1-team26,notrim,eval,traditional_vocoder,,,,,,,,,ASVspoof2021_DF,HuggingFace redistribution,dataset_license
asvspoof2021_df_DF_E_4693432,DF_E_4693432,LA_0022,data/raw/audio/asvspoof2021_df/audio/DF_E_4693432.flac,0,bonafide,mp3m4a,asvspoof,-,notrim,eval,bonafide,,,,,,,,,ASVspoof2021_DF,HuggingFace redistribution,dataset_license
asvspoof2021_df_DF_E_4702490,DF_E_4702490,VCC2SM3,data/raw/audio/asvspoof2021_df/audio/DF_E_4702490.flac,0,bonafide,high_ogg,vcc2018,-,notrim,eval,bonafide,,,,,,,,,ASVspoof2021_DF,HuggingFace redistribution,dataset_license
asvspoof2021_df_DF_E_4711843,DF_E_4711843,VCC2TF1,data/raw/audio/asvspoof2021_df/audio/DF_E_4711843.flac,0,bonafide,low_ogg,vcc2018,-,notrim,eval,bonafide,,,,,,,,,ASVspoof2021_DF,HuggingFace redistribution,dataset_license
asvspoof2021_df_DF_E_4675377,DF_E_4675377,TGF1,data/raw/audio/asvspoof2021_df/audio/DF_E_4675377.flac,1,spoof,nocodec,vcc2020,Task2-team25,notrim,eval,neural_vocoder_autoregressive,,,,,,,,,ASVspoof2021_DF,HuggingFace redistribution,dataset_license
asvspoof2021_df_DF_E_3081288,DF_E_3081288,TGF1,data/raw/audio/asvspoof2021_df/audio/DF_E_3081288.flac,1,spoof,oggm4a,vcc2020,Task2-team07,notrim,eval,neural_vocoder_autoregressive,,,,,,,,,ASVspoof2021_DF,HuggingFace redistribution,dataset_license
asvspoof2021_df_DF_E_3061267,DF_E_3061267,TMM1,data/raw/audio/asvspoof2021_df/audio/DF_E_3061267.flac,0,bonafide,high_ogg,vcc2020,-,notrim,eval,bonafide,,,,,,,,,ASVspoof2021_DF,HuggingFace redistribution,dataset_license
asvspoof2021_df_DF_E_3000705,DF_E_3000705,LA_0021,data/raw/audio/asvspoof2021_df/audio/DF_E_3000705.flac,0,bonafide,low_ogg,asvspoof,-,notrim,eval,bonafide,,,,,,,,,ASVspoof2021_DF,HuggingFace redistribution,dataset_license
asvspoof2021_df_DF_E_4700921,DF_E_4700921,VCC2TM1,data/raw/audio/asvspoof2021_df/audio/DF_E_4700921.flac,1,spoof,low_mp3,vcc2018,SPO-N03,notrim,eval,unknown,,,,,,,,,ASVspoof2021_DF,HuggingFace redistribution,dataset_license
asvspoof2021_df_DF_E_4837475,DF_E_4837475,VCC2TM2,data/raw/audio/asvspoof2021_df/audio/DF_E_4837475.flac,1,spoof,low_ogg,vcc2018,HUB-D04,notrim,eval,traditional_vocoder,,,,,,,,,ASVspoof2021_DF,HuggingFace redistribution,dataset_license
asvspoof2021_df_DF_E_3085047,DF_E_3085047,TGM1,data/raw/audio/asvspoof2021_df/audio/DF_E_3085047.flac,1,spoof,high_ogg,vcc2020,Task2-team30,notrim,eval,unknown,,,,,,,,,ASVspoof2021_DF,HuggingFace redistribution,dataset_license
asvspoof2021_df_DF_E_4824293,DF_E_4824293,TEF1,data/raw/audio/asvspoof2021_df/audio/DF_E_4824293.flac,1,spoof,oggm4a,vcc2020,Task1-team02,notrim,eval,neural_vocoder_nonautoregressive,,,,,,,,,ASVspoof2021_DF,HuggingFace redistribution,dataset_license
asvspoof2021_df_DF_E_3049018,DF_E_3049018,LA_0021,data/raw/audio/asvspoof2021_df/audio/DF_E_3049018.flac,0,bonafide,oggm4a,asvspoof,-,notrim,eval,bonafide,,,,,,,,,ASVspoof2021_DF,HuggingFace redistribution,dataset_license
asvspoof2021_df_DF_E_2991773,DF_E_2991773,VCC2SM3,data/raw/audio/asvspoof2021_df/audio/DF_E_2991773.flac,0,bonafide,mp3m4a,vcc2018,-,notrim,eval,bonafide,,,,,,,,,ASVspoof2021_DF,HuggingFace redistribution,dataset_license
asvspoof2021_df_DF_E_4825682,DF_E_4825682,SEM2,data/raw/audio/asvspoof2021_df/audio/DF_E_4825682.flac,0,bonafide,low_ogg,vcc2020,-,notrim,eval,bonafide,,,,,,,,,ASVspoof2021_DF,HuggingFace redistribution,dataset_license
asvspoof2021_df_DF_E_3068685,DF_E_3068685,LA_0059,data/raw/audio/asvspoof2021_df/audio/DF_E_3068685.flac,0,bonafide,low_m4a,asvspoof,-,notrim,eval,bonafide,,,,,,,,,ASVspoof2021_DF,HuggingFace redistribution,dataset_license
asvspoof2021_df_DF_E_4822172,DF_E_4822172,LA_0042,data/raw/audio/asvspoof2021_df/audio/DF_E_4822172.flac,0,bonafide,high_ogg,asvspoof,-,notrim,eval,bonafide,,,,,,,,,ASVspoof2021_DF,HuggingFace redistribution,dataset_license
asvspoof2021_df_DF_E_3073666,DF_E_3073666,LA_0023,data/raw/audio/asvspoof2021_df/audio/DF_E_3073666.flac,0,bonafide,high_mp3,asvspoof,-,notrim,eval,bonafide,,,,,,,,,ASVspoof2021_DF,HuggingFace redistribution,dataset_license
asvspoof2021_df_DF_E_4833072,DF_E_4833072,LA_0013,data/raw/audio/asvspoof2021_df/audio/DF_E_4833072.flac,1,spoof,low_ogg,asvspoof,A14,notrim,eval,traditional_vocoder,,,,,,,,,ASVspoof2021_DF,HuggingFace redistribution,dataset_license
asvspoof2021_df_DF_E_4735495,DF_E_4735495,LA_0032,data/raw/audio/asvspoof2021_df/audio/DF_E_4735495.flac,0,bonafide,mp3m4a,asvspoof,-,notrim,eval,bonafide,,,,,,,,,ASVspoof2021_DF,HuggingFace redistribution,dataset_license
asvspoof2021_df_DF_E_2994783,DF_E_2994783,TEF1,data/raw/audio/asvspoof2021_df/audio/DF_E_2994783.flac,1,spoof,low_mp3,vcc2020,Task1-team31,notrim,eval,neural_vocoder_nonautoregressive,,,,,,,,,ASVspoof2021_DF,HuggingFace redistribution,dataset_license
asvspoof2021_df_DF_E_4702263,DF_E_4702263,TGM1,data/raw/audio/asvspoof2021_df/audio/DF_E_4702263.flac,0,bonafide,low_ogg,vcc2020,-,notrim,eval,bonafide,,,,,,,,,ASVspoof2021_DF,HuggingFace redistribution,dataset_license
asvspoof2021_df_DF_E_4844731,DF_E_4844731,TFF1,data/raw/audio/asvspoof2021_df/audio/DF_E_4844731.flac,1,spoof,low_mp3,vcc2020,Task2-team24,notrim,eval,neural_vocoder_autoregressive,,,,,,,,,ASVspoof2021_DF,HuggingFace redistribution,dataset_license
asvspoof2021_df_DF_E_3081205,DF_E_3081205,TMF1,data/raw/audio/asvspoof2021_df/audio/DF_E_3081205.flac,1,spoof,high_ogg,vcc2020,Task2-team15,notrim,eval,neural_vocoder_nonautoregressive,,,,,,,,,ASVspoof2021_DF,HuggingFace redistribution,dataset_license
asvspoof2021_df_DF_E_4666743,DF_E_4666743,TFF1,data/raw/audio/asvspoof2021_df/audio/DF_E_4666743.flac,0,bonafide,low_mp3,vcc2020,-,notrim,eval,bonafide,,,,,,,,,ASVspoof2021_DF,HuggingFace redistribution,dataset_license
asvspoof2021_df_DF_E_4696780,DF_E_4696780,VCC2TF1,data/raw/audio/asvspoof2021_df/audio/DF_E_4696780.flac,1,spoof,high_m4a,vcc2018,HUB-B01,notrim,eval,traditional_vocoder,,,,,,,,,ASVspoof2021_DF,HuggingFace redistribution,dataset_license
asvspoof2021_df_DF_E_4675699,DF_E_4675699,TFM1,data/raw/audio/asvspoof2021_df/audio/DF_E_4675699.flac,1,spoof,nocodec,vcc2020,Task2-team18,notrim,eval,unknown,,,,,,,,,ASVspoof2021_DF,HuggingFace redistribution,dataset_license
asvspoof2021_df_DF_E_3083851,DF_E_3083851,LA_0029,data/raw/audio/asvspoof2021_df/audio/DF_E_3083851.flac,1,spoof,high_ogg,asvspoof,A19,notrim,eval,traditional_vocoder,,,,,,,,,ASVspoof2021_DF,HuggingFace redistribution,dataset_license
asvspoof2021_df_DF_E_3066737,DF_E_3066737,VCC2TF1,data/raw/audio/asvspoof2021_df/audio/DF_E_3066737.flac,0,bonafide,low_m4a,vcc2018,-,notrim,eval,bonafide,,,,,,,,,ASVspoof2021_DF,HuggingFace redistribution,dataset_license
asvspoof2021_df_DF_E_2984218,DF_E_2984218,TMM1,data/raw/audio/asvspoof2021_df/audio/DF_E_2984218.flac,1,spoof,nocodec,vcc2020,Task2-team07,notrim,eval,neural_vocoder_autoregressive,,,,,,,,,ASVspoof2021_DF,HuggingFace redistribution,dataset_license
asvspoof2021_df_DF_E_4665624,DF_E_4665624,VCC2TF1,data/raw/audio/asvspoof2021_df/audio/DF_E_4665624.flac,1,spoof,high_ogg,vcc2018,HUB-N04,notrim,eval,traditional_vocoder,,,,,,,,,ASVspoof2021_DF,HuggingFace redistribution,dataset_license
asvspoof2021_df_DF_E_4728192,DF_E_4728192,TMM1,data/raw/audio/asvspoof2021_df/audio/DF_E_4728192.flac,1,spoof,low_ogg,vcc2020,Task2-team28,notrim,eval,neural_vocoder_autoregressive,,,,,,,,,ASVspoof2021_DF,HuggingFace redistribution,dataset_license
asvspoof2021_df_DF_E_4717401,DF_E_4717401,LA_0028,data/raw/audio/asvspoof2021_df/audio/DF_E_4717401.flac,1,spoof,high_m4a,asvspoof,A10,notrim,eval,neural_vocoder_autoregressive,,,,,,,,,ASVspoof2021_DF,HuggingFace redistribution,dataset_license
asvspoof2021_df_DF_E_4528053,DF_E_4528053,LA_0001,data/raw/audio/asvspoof2021_df/audio/DF_E_4528053.flac,0,bonafide,high_m4a,asvspoof,-,notrim,eval,bonafide,,,,,,,,,ASVspoof2021_DF,HuggingFace redistribution,dataset_license
asvspoof2021_df_DF_E_4703511,DF_E_4703511,VCC2SM3,data/raw/audio/asvspoof2021_df/audio/DF_E_4703511.flac,0,bonafide,low_mp3,vcc2018,-,notrim,eval,bonafide,,,,,,,,,ASVspoof2021_DF,HuggingFace redistribution,dataset_license
asvspoof2021_df_DF_E_4813553,DF_E_4813553,LA_0033,data/raw/audio/asvspoof2021_df/audio/DF_E_4813553.flac,1,spoof,nocodec,asvspoof,A18,notrim,eval,traditional_vocoder,,,,,,,,,ASVspoof2021_DF,HuggingFace redistribution,dataset_license
asvspoof2021_df_DF_E_2990717,DF_E_2990717,TMF1,data/raw/audio/asvspoof2021_df/audio/DF_E_2990717.flac,1,spoof,mp3m4a,vcc2020,Task2-team27,notrim,eval,neural_vocoder_nonautoregressive,,,,,,,,,ASVspoof2021_DF,HuggingFace redistribution,dataset_license
asvspoof2021_df_DF_E_4674369,DF_E_4674369,LA_0030,data/raw/audio/asvspoof2021_df/audio/DF_E_4674369.flac,0,bonafide,high_mp3,asvspoof,-,notrim,eval,bonafide,,,,,,,,,ASVspoof2021_DF,HuggingFace redistribution,dataset_license
asvspoof2021_df_DF_E_3074546,DF_E_3074546,TMF1,data/raw/audio/asvspoof2021_df/audio/DF_E_3074546.flac,0,bonafide,high_m4a,vcc2020,-,notrim,eval,bonafide,,,,,,,,,ASVspoof2021_DF,HuggingFace redistribution,dataset_license
asvspoof2021_df_DF_E_4524252,DF_E_4524252,VCC2TM2,data/raw/audio/asvspoof2021_df/audio/DF_E_4524252.flac,1,spoof,high_mp3,vcc2018,SPO-N06,notrim,eval,traditional_vocoder,,,,,,,,,ASVspoof2021_DF,HuggingFace redistribution,dataset_license
asvspoof2021_df_DF_E_4536548,DF_E_4536548,LA_0048,data/raw/audio/asvspoof2021_df/audio/DF_E_4536548.flac,0,bonafide,low_m4a,asvspoof,-,notrim,eval,bonafide,,,,,,,,,ASVspoof2021_DF,HuggingFace redistribution,dataset_license
asvspoof2021_df_DF_E_4527686,DF_E_4527686,TMF1,data/raw/audio/asvspoof2021_df/audio/DF_E_4527686.flac,1,spoof,low_m4a,vcc2020,Task2-team19,notrim,eval,neural_vocoder_nonautoregressive,,,,,,,,,ASVspoof2021_DF,HuggingFace redistribution,dataset_license
asvspoof2021_df_DF_E_4665541,DF_E_4665541,VCC2TM2,data/raw/audio/asvspoof2021_df/audio/DF_E_4665541.flac,1,spoof,high_m4a,vcc2018,HUB-D05,notrim,eval,traditional_vocoder,,,,,,,,,ASVspoof2021_DF,HuggingFace redistribution,dataset_license
asvspoof2021_df_DF_E_4830866,DF_E_4830866,LA_0002,data/raw/audio/asvspoof2021_df/audio/DF_E_4830866.flac,1,spoof,oggm4a,asvspoof,A07,notrim,eval,traditional_vocoder,,,,,,,,,ASVspoof2021_DF,HuggingFace redistribution,dataset_license
asvspoof2021_df_DF_E_3076425,DF_E_3076425,LA_0042,data/raw/audio/asvspoof2021_df/audio/DF_E_3076425.flac,0,bonafide,oggm4a,asvspoof,-,notrim,eval,bonafide,,,,,,,,,ASVspoof2021_DF,HuggingFace redistribution,dataset_license
asvspoof2021_df_DF_E_4815925,DF_E_4815925,LA_0004,data/raw/audio/asvspoof2021_df/audio/DF_E_4815925.flac,0,bonafide,nocodec,asvspoof,-,notrim,eval,bonafide,,,,,,,,,ASVspoof2021_DF,HuggingFace redistribution,dataset_license
asvspoof2021_df_DF_E_3007576,DF_E_3007576,LA_0003,data/raw/audio/asvspoof2021_df/audio/DF_E_3007576.flac,0,bonafide,mp3m4a,asvspoof,-,notrim,eval,bonafide,,,,,,,,,ASVspoof2021_DF,HuggingFace redistribution,dataset_license
asvspoof2021_df_DF_E_4696582,DF_E_4696582,LA_0044,data/raw/audio/asvspoof2021_df/audio/DF_E_4696582.flac,0,bonafide,high_ogg,asvspoof,-,notrim,eval,bonafide,,,,,,,,,ASVspoof2021_DF,HuggingFace redistribution,dataset_license
asvspoof2021_df_DF_E_4687874,DF_E_4687874,VCC2TF1,data/raw/audio/asvspoof2021_df/audio/DF_E_4687874.flac,1,spoof,oggm4a,vcc2018,HUB-N20,notrim,eval,traditional_vocoder,,,,,,,,,ASVspoof2021_DF,HuggingFace redistribution,dataset_license
asvspoof2021_df_DF_E_4838768,DF_E_4838768,TMF1,data/raw/audio/asvspoof2021_df/audio/DF_E_4838768.flac,1,spoof,high_m4a,vcc2020,Task2-team27,notrim,eval,neural_vocoder_nonautoregressive,,,,,,,,,ASVspoof2021_DF,HuggingFace redistribution,dataset_license
asvspoof2021_df_DF_E_4834241,DF_E_4834241,VCC2SM3,data/raw/audio/asvspoof2021_df/audio/DF_E_4834241.flac,0,bonafide,nocodec,vcc2018,-,notrim,eval,bonafide,,,,,,,,,ASVspoof2021_DF,HuggingFace redistribution,dataset_license
asvspoof2021_df_DF_E_2998651,DF_E_2998651,LA_0023,data/raw/audio/asvspoof2021_df/audio/DF_E_2998651.flac,0,bonafide,high_ogg,asvspoof,-,notrim,eval,bonafide,,,,,,,,,ASVspoof2021_DF,HuggingFace redistribution,dataset_license
asvspoof2021_df_DF_E_4712594,DF_E_4712594,VCC2TM1,data/raw/audio/asvspoof2021_df/audio/DF_E_4712594.flac,0,bonafide,low_mp3,vcc2018,-,notrim,eval,bonafide,,,,,,,,,ASVspoof2021_DF,HuggingFace redistribution,dataset_license
asvspoof2021_df_DF_E_4734099,DF_E_4734099,LA_0040,data/raw/audio/asvspoof2021_df/audio/DF_E_4734099.flac,0,bonafide,low_ogg,asvspoof,-,notrim,eval,bonafide,,,,,,,,,ASVspoof2021_DF,HuggingFace redistribution,dataset_license
asvspoof2021_df_DF_E_4669202,DF_E_4669202,VCC2SF2,data/raw/audio/asvspoof2021_df/audio/DF_E_4669202.flac,0,bonafide,low_ogg,vcc2018,-,notrim,eval,bonafide,,,,,,,,,ASVspoof2021_DF,HuggingFace redistribution,dataset_license
asvspoof2021_df_DF_E_4684714,DF_E_4684714,SEM1,data/raw/audio/asvspoof2021_df/audio/DF_E_4684714.flac,0,bonafide,high_ogg,vcc2020,-,notrim,eval,bonafide,,,,,,,,,ASVspoof2021_DF,HuggingFace redistribution,dataset_license
asvspoof2021_df_DF_E_4544088,DF_E_4544088,LA_0045,data/raw/audio/asvspoof2021_df/audio/DF_E_4544088.flac,0,bonafide,high_ogg,asvspoof,-,notrim,eval,bonafide,,,,,,,,,ASVspoof2021_DF,HuggingFace redistribution,dataset_license
asvspoof2021_df_DF_E_4669002,DF_E_4669002,VCC2TM2,data/raw/audio/asvspoof2021_df/audio/DF_E_4669002.flac,1,spoof,low_m4a,vcc2018,HUB-N07,notrim,eval,traditional_vocoder,,,,,,,,,ASVspoof2021_DF,HuggingFace redistribution,dataset_license
asvspoof2021_df_DF_E_4843501,DF_E_4843501,TMF1,data/raw/audio/asvspoof2021_df/audio/DF_E_4843501.flac,1,spoof,high_mp3,vcc2020,Task2-team18,notrim,eval,unknown,,,,,,,,,ASVspoof2021_DF,HuggingFace redistribution,dataset_license
asvspoof2021_df_DF_E_4548974,DF_E_4548974,TEM2,data/raw/audio/asvspoof2021_df/audio/DF_E_4548974.flac,0,bonafide,high_mp3,vcc2020,-,notrim,eval,bonafide,,,,,,,,,ASVspoof2021_DF,HuggingFace redistribution,dataset_license
asvspoof2021_df_DF_E_3068682,DF_E_3068682,TEF2,data/raw/audio/asvspoof2021_df/audio/DF_E_3068682.flac,1,spoof,low_m4a,vcc2020,Task1-team24,notrim,eval,neural_vocoder_autoregressive,,,,,,,,,ASVspoof2021_DF,HuggingFace redistribution,dataset_license
asvspoof2021_df_DF_E_4681045,DF_E_4681045,VCC2TM1,data/raw/audio/asvspoof2021_df/audio/DF_E_4681045.flac,1,spoof,nocodec,vcc2018,HUB-N06,notrim,eval,traditional_vocoder,,,,,,,,,ASVspoof2021_DF,HuggingFace redistribution,dataset_license
asvspoof2021_df_DF_E_4820664,DF_E_4820664,VCC2SM3,data/raw/audio/asvspoof2021_df/audio/DF_E_4820664.flac,0,bonafide,low_mp3,vcc2018,-,notrim,eval,bonafide,,,,,,,,,ASVspoof2021_DF,HuggingFace redistribution,dataset_license
asvspoof2021_df_DF_E_4712262,DF_E_4712262,VCC2SF1,data/raw/audio/asvspoof2021_df/audio/DF_E_4712262.flac,0,bonafide,nocodec,vcc2018,-,notrim,eval,bonafide,,,,,,,,,ASVspoof2021_DF,HuggingFace redistribution,dataset_license
asvspoof2021_df_DF_E_4830128,DF_E_4830128,TFM1,data/raw/audio/asvspoof2021_df/audio/DF_E_4830128.flac,1,spoof,low_ogg,vcc2020,Task2-team28,notrim,eval,neural_vocoder_autoregressive,,,,,,,,,ASVspoof2021_DF,HuggingFace redistribution,dataset_license
asvspoof2021_df_DF_E_4539028,DF_E_4539028,LA_0001,data/raw/audio/asvspoof2021_df/audio/DF_E_4539028.flac,0,bonafide,oggm4a,asvspoof,-,notrim,eval,bonafide,,,,,,,,,ASVspoof2021_DF,HuggingFace redistribution,dataset_license
asvspoof2021_df_DF_E_3053291,DF_E_3053291,LA_0044,data/raw/audio/asvspoof2021_df/audio/DF_E_3053291.flac,0,bonafide,low_m4a,asvspoof,-,notrim,eval,bonafide,,,,,,,,,ASVspoof2021_DF,HuggingFace redistribution,dataset_license
asvspoof2021_df_DF_E_3084131,DF_E_3084131,VCC2TF1,data/raw/audio/asvspoof2021_df/audio/DF_E_3084131.flac,1,spoof,oggm4a,vcc2018,HUB-N11,notrim,eval,traditional_vocoder,,,,,,,,,ASVspoof2021_DF,HuggingFace redistribution,dataset_license
asvspoof2021_df_DF_E_4531809,DF_E_4531809,VCC2SM2,data/raw/audio/asvspoof2021_df/audio/DF_E_4531809.flac,0,bonafide,nocodec,vcc2018,-,notrim,eval,bonafide,,,,,,,,,ASVspoof2021_DF,HuggingFace redistribution,dataset_license
asvspoof2021_df_DF_E_4686169,DF_E_4686169,SEF2,data/raw/audio/asvspoof2021_df/audio/DF_E_4686169.flac,0,bonafide,nocodec,vcc2020,-,notrim,eval,bonafide,,,,,,,,,ASVspoof2021_DF,HuggingFace redistribution,dataset_license
asvspoof2021_df_DF_E_4538898,DF_E_4538898,LA_0003,data/raw/audio/asvspoof2021_df/audio/DF_E_4538898.flac,0,bonafide,low_m4a,asvspoof,-,notrim,eval,bonafide,,,,,,,,,ASVspoof2021_DF,HuggingFace redistribution,dataset_license
asvspoof2021_df_DF_E_4523722,DF_E_4523722,VCC2TF1,data/raw/audio/asvspoof2021_df/audio/DF_E_4523722.flac,1,spoof,low_ogg,vcc2018,HUB-D03,notrim,eval,traditional_vocoder,,,,,,,,,ASVspoof2021_DF,HuggingFace redistribution,dataset_license
asvspoof2021_df_DF_E_3000865,DF_E_3000865,LA_0025,data/raw/audio/asvspoof2021_df/audio/DF_E_3000865.flac,0,bonafide,low_ogg,asvspoof,-,notrim,eval,bonafide,,,,,,,,,ASVspoof2021_DF,HuggingFace redistribution,dataset_license
asvspoof2021_df_DF_E_2997812,DF_E_2997812,VCC2SF2,data/raw/audio/asvspoof2021_df/audio/DF_E_2997812.flac,0,bonafide,low_m4a,vcc2018,-,notrim,eval,bonafide,,,,,,,,,ASVspoof2021_DF,HuggingFace redistribution,dataset_license
asvspoof2021_df_DF_E_4685502,DF_E_4685502,LA_0025,data/raw/audio/asvspoof2021_df/audio/DF_E_4685502.flac,1,spoof,high_ogg,asvspoof,A13,notrim,eval,traditional_vocoder,,,,,,,,,ASVspoof2021_DF,HuggingFace redistribution,dataset_license
asvspoof2021_df_DF_E_4735442,DF_E_4735442,LA_0021,data/raw/audio/asvspoof2021_df/audio/DF_E_4735442.flac,0,bonafide,mp3m4a,asvspoof,-,notrim,eval,bonafide,,,,,,,,,ASVspoof2021_DF,HuggingFace redistribution,dataset_license
asvspoof2021_df_DF_E_4732970,DF_E_4732970,TGF1,data/raw/audio/asvspoof2021_df/audio/DF_E_4732970.flac,1,spoof,high_ogg,vcc2020,Task2-team23,notrim,eval,neural_vocoder_autoregressive,,,,,,,,,ASVspoof2021_DF,HuggingFace redistribution,dataset_license
asvspoof2021_df_DF_E_3078179,DF_E_3078179,VCC2TF2,data/raw/audio/asvspoof2021_df/audio/DF_E_3078179.flac,1,spoof,low_mp3,vcc2018,HUB-N20,notrim,eval,traditional_vocoder,,,,,,,,,ASVspoof2021_DF,HuggingFace redistribution,dataset_license
asvspoof2021_df_DF_E_3055279,DF_E_3055279,TMM1,data/raw/audio/asvspoof2021_df/audio/DF_E_3055279.flac,1,spoof,oggm4a,vcc2020,Task2-team05,notrim,eval,neural_vocoder_nonautoregressive,,,,,,,,,ASVspoof2021_DF,HuggingFace redistribution,dataset_license
asvspoof2021_df_DF_E_4730539,DF_E_4730539,TGM1,data/raw/audio/asvspoof2021_df/audio/DF_E_4730539.flac,1,spoof,low_mp3,vcc2020,Task2-team32,notrim,eval,neural_vocoder_autoregressive,,,,,,,,,ASVspoof2021_DF,HuggingFace redistribution,dataset_license
asvspoof2021_df_DF_E_4688980,DF_E_4688980,TEF1,data/raw/audio/asvspoof2021_df/audio/DF_E_4688980.flac,1,spoof,nocodec,vcc2020,Task1-team02,notrim,eval,neural_vocoder_nonautoregressive,,,,,,,,,ASVspoof2021_DF,HuggingFace redistribution,dataset_license
asvspoof2021_df_DF_E_4700846,DF_E_4700846,VCC2TM2,data/raw/audio/asvspoof2021_df/audio/DF_E_4700846.flac,1,spoof,low_mp3,vcc2018,HUB-D02,notrim,eval,traditional_vocoder,,,,,,,,,ASVspoof2021_DF,HuggingFace redistribution,dataset_license
asvspoof2021_df_DF_E_4513413,DF_E_4513413,SEM1,data/raw/audio/asvspoof2021_df/audio/DF_E_4513413.flac,0,bonafide,high_m4a,vcc2020,-,notrim,eval,bonafide,,,,,,,,,ASVspoof2021_DF,HuggingFace redistribution,dataset_license
asvspoof2021_df_DF_E_3068566,DF_E_3068566,TMF1,data/raw/audio/asvspoof2021_df/audio/DF_E_3068566.flac,1,spoof,high_m4a,vcc2020,Task2-team29,notrim,eval,neural_vocoder_autoregressive,,,,,,,,,ASVspoof2021_DF,HuggingFace redistribution,dataset_license
asvspoof2021_df_DF_E_4818349,DF_E_4818349,TMM1,data/raw/audio/asvspoof2021_df/audio/DF_E_4818349.flac,1,spoof,high_ogg,vcc2020,Task2-team32,notrim,eval,neural_vocoder_autoregressive,,,,,,,,,ASVspoof2021_DF,HuggingFace redistribution,dataset_license
asvspoof2021_df_DF_E_4681285,DF_E_4681285,VCC2SF1,data/raw/audio/asvspoof2021_df/audio/DF_E_4681285.flac,0,bonafide,high_mp3,vcc2018,-,notrim,eval,bonafide,,,,,,,,,ASVspoof2021_DF,HuggingFace redistribution,dataset_license
asvspoof2021_df_DF_E_2995776,DF_E_2995776,VCC2TM1,data/raw/audio/asvspoof2021_df/audio/DF_E_2995776.flac,1,spoof,oggm4a,vcc2018,HUB-N20,notrim,eval,traditional_vocoder,,,,,,,,,ASVspoof2021_DF,HuggingFace redistribution,dataset_license
asvspoof2021_df_DF_E_4697575,DF_E_4697575,LA_0044,data/raw/audio/asvspoof2021_df/audio/DF_E_4697575.flac,1,spoof,oggm4a,asvspoof,A17,notrim,eval,traditional_vocoder,,,,,,,,,ASVspoof2021_DF,HuggingFace redistribution,dataset_license
asvspoof2021_df_DF_E_4725165,DF_E_4725165,VCC2TF1,data/raw/audio/asvspoof2021_df/audio/DF_E_4725165.flac,1,spoof,mp3m4a,vcc2018,SPO-N11,notrim,eval,traditional_vocoder,,,,,,,,,ASVspoof2021_DF,HuggingFace redistribution,dataset_license
asvspoof2021_df_DF_E_3002195,DF_E_3002195,LA_0023,data/raw/audio/asvspoof2021_df/audio/DF_E_3002195.flac,0,bonafide,oggm4a,asvspoof,-,notrim,eval,bonafide,,,,,,,,,ASVspoof2021_DF,HuggingFace redistribution,dataset_license
asvspoof2021_df_DF_E_4715024,DF_E_4715024,VCC2TM2,data/raw/audio/asvspoof2021_df/audio/DF_E_4715024.flac,0,bonafide,low_ogg,vcc2018,-,notrim,eval,bonafide,,,,,,,,,ASVspoof2021_DF,HuggingFace redistribution,dataset_license
asvspoof2021_df_DF_E_4548708,DF_E_4548708,TEM2,data/raw/audio/asvspoof2021_df/audio/DF_E_4548708.flac,1,spoof,oggm4a,vcc2020,Task1-team22,notrim,eval,neural_vocoder_nonautoregressive,,,,,,,,,ASVspoof2021_DF,HuggingFace redistribution,dataset_license
asvspoof2021_df_DF_E_4669475,DF_E_4669475,LA_0056,data/raw/audio/asvspoof2021_df/audio/DF_E_4669475.flac,0,bonafide,high_m4a,asvspoof,-,notrim,eval,bonafide,,,,,,,,,ASVspoof2021_DF,HuggingFace redistribution,dataset_license
asvspoof2021_df_DF_E_4823458,DF_E_4823458,LA_0004,data/raw/audio/asvspoof2021_df/audio/DF_E_4823458.flac,0,bonafide,low_ogg,asvspoof,-,notrim,eval,bonafide,,,,,,,,,ASVspoof2021_DF,HuggingFace redistribution,dataset_license
asvspoof2021_df_DF_E_4531726,DF_E_4531726,LA_0021,data/raw/audio/asvspoof2021_df/audio/DF_E_4531726.flac,1,spoof,oggm4a,asvspoof,A09,notrim,eval,traditional_vocoder,,,,,,,,,ASVspoof2021_DF,HuggingFace redistribution,dataset_license
asvspoof2021_df_DF_E_4519129,DF_E_4519129,LA_0036,data/raw/audio/asvspoof2021_df/audio/DF_E_4519129.flac,0,bonafide,low_mp3,asvspoof,-,notrim,eval,bonafide,,,,,,,,,ASVspoof2021_DF,HuggingFace redistribution,dataset_license
asvspoof2021_df_DF_E_4690655,DF_E_4690655,TFF1,data/raw/audio/asvspoof2021_df/audio/DF_E_4690655.flac,1,spoof,high_mp3,vcc2020,Task2-team15,notrim,eval,neural_vocoder_nonautoregressive,,,,,,,,,ASVspoof2021_DF,HuggingFace redistribution,dataset_license
asvspoof2021_df_DF_E_4688216,DF_E_4688216,LA_0018,data/raw/audio/asvspoof2021_df/audio/DF_E_4688216.flac,0,bonafide,low_ogg,asvspoof,-,notrim,eval,bonafide,,,,,,,,,ASVspoof2021_DF,HuggingFace redistribution,dataset_license
asvspoof2021_df_DF_E_4664072,DF_E_4664072,LA_0015,data/raw/audio/asvspoof2021_df/audio/DF_E_4664072.flac,0,bonafide,low_mp3,asvspoof,-,notrim,eval,bonafide,,,,,,,,,ASVspoof2021_DF,HuggingFace redistribution,dataset_license
asvspoof2021_df_DF_E_3000264,DF_E_3000264,TGM1,data/raw/audio/asvspoof2021_df/audio/DF_E_3000264.flac,1,spoof,nocodec,vcc2020,Task2-team31,notrim,eval,neural_vocoder_nonautoregressive,,,,,,,,,ASVspoof2021_DF,HuggingFace redistribution,dataset_license
asvspoof2021_df_DF_E_4665793,DF_E_4665793,TMF1,data/raw/audio/asvspoof2021_df/audio/DF_E_4665793.flac,0,bonafide,low_mp3,vcc2020,-,notrim,eval,bonafide,,,,,,,,,ASVspoof2021_DF,HuggingFace redistribution,dataset_license
asvspoof2021_df_DF_E_4682657,DF_E_4682657,TEM2,data/raw/audio/asvspoof2021_df/audio/DF_E_4682657.flac,1,spoof,low_m4a,vcc2020,Task1-team03,notrim,eval,neural_vocoder_autoregressive,,,,,,,,,ASVspoof2021_DF,HuggingFace redistribution,dataset_license
asvspoof2021_df_DF_E_2989312,DF_E_2989312,LA_0036,data/raw/audio/asvspoof2021_df/audio/DF_E_2989312.flac,0,bonafide,high_m4a,asvspoof,-,notrim,eval,bonafide,,,,,,,,,ASVspoof2021_DF,HuggingFace redistribution,dataset_license
asvspoof2021_df_DF_E_4531346,DF_E_4531346,LA_0035,data/raw/audio/asvspoof2021_df/audio/DF_E_4531346.flac,1,spoof,mp3m4a,asvspoof,A16,notrim,eval,waveform_concatenation,,,,,,,,,ASVspoof2021_DF,HuggingFace redistribution,dataset_license
asvspoof2021_df_DF_E_4839997,DF_E_4839997,LA_0014,data/raw/audio/asvspoof2021_df/audio/DF_E_4839997.flac,0,bonafide,oggm4a,asvspoof,-,notrim,eval,bonafide,,,,,,,,,ASVspoof2021_DF,HuggingFace redistribution,dataset_license
asvspoof2021_df_DF_E_4707907,DF_E_4707907,VCC2TF1,data/raw/audio/asvspoof2021_df/audio/DF_E_4707907.flac,1,spoof,low_mp3,vcc2018,SPO-N17,notrim,eval,neural_vocoder_autoregressive,,,,,,,,,ASVspoof2021_DF,HuggingFace redistribution,dataset_license
asvspoof2021_df_DF_E_4717004,DF_E_4717004,LA_0029,data/raw/audio/asvspoof2021_df/audio/DF_E_4717004.flac,1,spoof,low_ogg,asvspoof,A10,notrim,eval,neural_vocoder_autoregressive,,,,,,,,,ASVspoof2021_DF,HuggingFace redistribution,dataset_license
asvspoof2021_df_DF_E_4678310,DF_E_4678310,LA_0006,data/raw/audio/asvspoof2021_df/audio/DF_E_4678310.flac,1,spoof,low_ogg,asvspoof,A16,notrim,eval,waveform_concatenation,,,,,,,,,ASVspoof2021_DF,HuggingFace redistribution,dataset_license
asvspoof2021_df_DF_E_4548018,DF_E_4548018,TEF1,data/raw/audio/asvspoof2021_df/audio/DF_E_4548018.flac,0,bonafide,high_m4a,vcc2020,-,notrim,eval,bonafide,,,,,,,,,ASVspoof2021_DF,HuggingFace redistribution,dataset_license
asvspoof2021_df_DF_E_4846382,DF_E_4846382,VCC2TF1,data/raw/audio/asvspoof2021_df/audio/DF_E_4846382.flac,1,spoof,low_ogg,vcc2018,HUB-B01,notrim,eval,traditional_vocoder,,,,,,,,,ASVspoof2021_DF,HuggingFace redistribution,dataset_license
asvspoof2021_df_DF_E_3070286,DF_E_3070286,TEF2,data/raw/audio/asvspoof2021_df/audio/DF_E_3070286.flac,1,spoof,high_ogg,vcc2020,Task1-team31,notrim,eval,neural_vocoder_nonautoregressive,,,,,,,,,ASVspoof2021_DF,HuggingFace redistribution,dataset_license
asvspoof2021_df_DF_E_2987221,DF_E_2987221,VCC2TF1,data/raw/audio/asvspoof2021_df/audio/DF_E_2987221.flac,0,bonafide,high_mp3,vcc2018,-,notrim,eval,bonafide,,,,,,,,,ASVspoof2021_DF,HuggingFace redistribution,dataset_license
asvspoof2021_df_DF_E_4534411,DF_E_4534411,VCC2SM3,data/raw/audio/asvspoof2021_df/audio/DF_E_4534411.flac,0,bonafide,high_ogg,vcc2018,-,notrim,eval,bonafide,,,,,,,,,ASVspoof2021_DF,HuggingFace redistribution,dataset_license
asvspoof2021_df_DF_E_3067408,DF_E_3067408,LA_0063,data/raw/audio/asvspoof2021_df/audio/DF_E_3067408.flac,0,bonafide,high_ogg,asvspoof,-,notrim,eval,bonafide,,,,,,,,,ASVspoof2021_DF,HuggingFace redistribution,dataset_license
asvspoof2021_df_DF_E_4850325,DF_E_4850325,TEM1,data/raw/audio/asvspoof2021_df/audio/DF_E_4850325.flac,0,bonafide,oggm4a,vcc2020,-,notrim,eval,bonafide,,,,,,,,,ASVspoof2021_DF,HuggingFace redistribution,dataset_license
asvspoof2021_df_DF_E_4689155,DF_E_4689155,VCC2TM2,data/raw/audio/asvspoof2021_df/audio/DF_E_4689155.flac,1,spoof,oggm4a,vcc2018,HUB-N03,notrim,eval,unknown,,,,,,,,,ASVspoof2021_DF,HuggingFace redistribution,dataset_license
asvspoof2021_df_DF_E_4545055,DF_E_4545055,LA_0046,data/raw/audio/asvspoof2021_df/audio/DF_E_4545055.flac,0,bonafide,oggm4a,asvspoof,-,notrim,eval,bonafide,,,,,,,,,ASVspoof2021_DF,HuggingFace redistribution,dataset_license
asvspoof2021_df_DF_E_4836045,DF_E_4836045,SEM1,data/raw/audio/asvspoof2021_df/audio/DF_E_4836045.flac,0,bonafide,low_m4a,vcc2020,-,notrim,eval,bonafide,,,,,,,,,ASVspoof2021_DF,HuggingFace redistribution,dataset_license
asvspoof2021_df_DF_E_2987054,DF_E_2987054,LA_0003,data/raw/audio/asvspoof2021_df/audio/DF_E_2987054.flac,0,bonafide,oggm4a,asvspoof,-,notrim,eval,bonafide,,,,,,,,,ASVspoof2021_DF,HuggingFace redistribution,dataset_license
asvspoof2021_df_DF_E_2997451,DF_E_2997451,LA_0013,data/raw/audio/asvspoof2021_df/audio/DF_E_2997451.flac,0,bonafide,oggm4a,asvspoof,-,notrim,eval,bonafide,,,,,,,,,ASVspoof2021_DF,HuggingFace redistribution,dataset_license
asvspoof2021_df_DF_E_3003540,DF_E_3003540,VCC2SF1,data/raw/audio/asvspoof2021_df/audio/DF_E_3003540.flac,0,bonafide,high_m4a,vcc2018,-,notrim,eval,bonafide,,,,,,,,,ASVspoof2021_DF,HuggingFace redistribution,dataset_license
asvspoof2021_df_DF_E_4697851,DF_E_4697851,VCC2TF2,data/raw/audio/asvspoof2021_df/audio/DF_E_4697851.flac,0,bonafide,oggm4a,vcc2018,-,notrim,eval,bonafide,,,,,,,,,ASVspoof2021_DF,HuggingFace redistribution,dataset_license
asvspoof2021_df_DF_E_3059503,DF_E_3059503,SEF2,data/raw/audio/asvspoof2021_df/audio/DF_E_3059503.flac,0,bonafide,low_mp3,vcc2020,-,notrim,eval,bonafide,,,,,,,,,ASVspoof2021_DF,HuggingFace redistribution,dataset_license
asvspoof2021_df_DF_E_4684117,DF_E_4684117,LA_0024,data/raw/audio/asvspoof2021_df/audio/DF_E_4684117.flac,0,bonafide,mp3m4a,asvspoof,-,notrim,eval,bonafide,,,,,,,,,ASVspoof2021_DF,HuggingFace redistribution,dataset_license
asvspoof2021_df_DF_E_4533575,DF_E_4533575,LA_0022,data/raw/audio/asvspoof2021_df/audio/DF_E_4533575.flac,0,bonafide,oggm4a,asvspoof,-,notrim,eval,bonafide,,,,,,,,,ASVspoof2021_DF,HuggingFace redistribution,dataset_license
asvspoof2021_df_DF_E_4697749,DF_E_4697749,TGM1,data/raw/audio/asvspoof2021_df/audio/DF_E_4697749.flac,1,spoof,high_mp3,vcc2020,Task2-team30,notrim,eval,unknown,,,,,,,,,ASVspoof2021_DF,HuggingFace redistribution,dataset_license
asvspoof2021_df_DF_E_4686024,DF_E_4686024,VCC2TM2,data/raw/audio/asvspoof2021_df/audio/DF_E_4686024.flac,1,spoof,oggm4a,vcc2018,HUB-D03,notrim,eval,traditional_vocoder,,,,,,,,,ASVspoof2021_DF,HuggingFace redistribution,dataset_license
asvspoof2021_df_DF_E_2996701,DF_E_2996701,TMF1,data/raw/audio/asvspoof2021_df/audio/DF_E_2996701.flac,0,bonafide,low_mp3,vcc2020,-,notrim,eval,bonafide,,,,,,,,,ASVspoof2021_DF,HuggingFace redistribution,dataset_license
asvspoof2021_df_DF_E_3006946,DF_E_3006946,VCC2SM3,data/raw/audio/asvspoof2021_df/audio/DF_E_3006946.flac,0,bonafide,low_mp3,vcc2018,-,notrim,eval,bonafide,,,,,,,,,ASVspoof2021_DF,HuggingFace redistribution,dataset_license
asvspoof2021_df_DF_E_4690299,DF_E_4690299,LA_0034,data/raw/audio/asvspoof2021_df/audio/DF_E_4690299.flac,0,bonafide,low_ogg,asvspoof,-,notrim,eval,bonafide,,,,,,,,,ASVspoof2021_DF,HuggingFace redistribution,dataset_license
asvspoof2021_df_DF_E_4534027,DF_E_4534027,VCC2SF2,data/raw/audio/asvspoof2021_df/audio/DF_E_4534027.flac,0,bonafide,mp3m4a,vcc2018,-,notrim,eval,bonafide,,,,,,,,,ASVspoof2021_DF,HuggingFace redistribution,dataset_license
asvspoof2021_df_DF_E_4716245,DF_E_4716245,LA_0001,data/raw/audio/asvspoof2021_df/audio/DF_E_4716245.flac,1,spoof,low_ogg,asvspoof,A19,notrim,eval,traditional_vocoder,,,,,,,,,ASVspoof2021_DF,HuggingFace redistribution,dataset_license
asvspoof2021_df_DF_E_4722947,DF_E_4722947,TMM1,data/raw/audio/asvspoof2021_df/audio/DF_E_4722947.flac,1,spoof,mp3m4a,vcc2020,Task2-team10,notrim,eval,neural_vocoder_autoregressive,,,,,,,,,ASVspoof2021_DF,HuggingFace redistribution,dataset_license
asvspoof2021_df_DF_E_4736416,DF_E_4736416,TEM1,data/raw/audio/asvspoof2021_df/audio/DF_E_4736416.flac,1,spoof,high_mp3,vcc2020,Task1-team08,notrim,eval,traditional_vocoder,,,,,,,,,ASVspoof2021_DF,HuggingFace redistribution,dataset_license
asvspoof2021_df_DF_E_4517732,DF_E_4517732,SEM1,data/raw/audio/asvspoof2021_df/audio/DF_E_4517732.flac,0,bonafide,low_mp3,vcc2020,-,notrim,eval,bonafide,,,,,,,,,ASVspoof2021_DF,HuggingFace redistribution,dataset_license
asvspoof2021_df_DF_E_4678560,DF_E_4678560,TEF1,data/raw/audio/asvspoof2021_df/audio/DF_E_4678560.flac,0,bonafide,low_m4a,vcc2020,-,notrim,eval,bonafide,,,,,,,,,ASVspoof2021_DF,HuggingFace redistribution,dataset_license
asvspoof2021_df_DF_E_3059395,DF_E_3059395,VCC2TF1,data/raw/audio/asvspoof2021_df/audio/DF_E_3059395.flac,1,spoof,low_ogg,vcc2018,HUB-D01,notrim,eval,traditional_vocoder,,,,,,,,,ASVspoof2021_DF,HuggingFace redistribution,dataset_license
asvspoof2021_df_DF_E_4709034,DF_E_4709034,TFM1,data/raw/audio/asvspoof2021_df/audio/DF_E_4709034.flac,1,spoof,oggm4a,vcc2020,Task2-team16,notrim,eval,neural_vocoder_nonautoregressive,,,,,,,,,ASVspoof2021_DF,HuggingFace redistribution,dataset_license
asvspoof2021_df_DF_E_4666488,DF_E_4666488,LA_0051,data/raw/audio/asvspoof2021_df/audio/DF_E_4666488.flac,0,bonafide,oggm4a,asvspoof,-,notrim,eval,bonafide,,,,,,,,,ASVspoof2021_DF,HuggingFace redistribution,dataset_license
asvspoof2021_df_DF_E_4839016,DF_E_4839016,LA_0013,data/raw/audio/asvspoof2021_df/audio/DF_E_4839016.flac,0,bonafide,mp3m4a,asvspoof,-,notrim,eval,bonafide,,,,,,,,,ASVspoof2021_DF,HuggingFace redistribution,dataset_license
asvspoof2021_df_DF_E_3057604,DF_E_3057604,VCC2TM2,data/raw/audio/asvspoof2021_df/audio/DF_E_3057604.flac,0,bonafide,oggm4a,vcc2018,-,notrim,eval,bonafide,,,,,,,,,ASVspoof2021_DF,HuggingFace redistribution,dataset_license
asvspoof2021_df_DF_E_2983469,DF_E_2983469,LA_0030,data/raw/audio/asvspoof2021_df/audio/DF_E_2983469.flac,0,bonafide,oggm4a,asvspoof,-,notrim,eval,bonafide,,,,,,,,,ASVspoof2021_DF,HuggingFace redistribution,dataset_license
asvspoof2021_df_DF_E_2977001,DF_E_2977001,VCC2TF1,data/raw/audio/asvspoof2021_df/audio/DF_E_2977001.flac,1,spoof,low_m4a,vcc2018,HUB-D01,notrim,eval,traditional_vocoder,,,,,,,,,ASVspoof2021_DF,HuggingFace redistribution,dataset_license
asvspoof2021_df_DF_E_2988920,DF_E_2988920,VCC2SM1,data/raw/audio/asvspoof2021_df/audio/DF_E_2988920.flac,0,bonafide,high_mp3,vcc2018,-,notrim,eval,bonafide,,,,,,,,,ASVspoof2021_DF,HuggingFace redistribution,dataset_license
asvspoof2021_df_DF_E_2994055,DF_E_2994055,VCC2TF2,data/raw/audio/asvspoof2021_df/audio/DF_E_2994055.flac,1,spoof,high_ogg,vcc2018,HUB-D02,notrim,eval,traditional_vocoder,,,,,,,,,ASVspoof2021_DF,HuggingFace redistribution,dataset_license
asvspoof2021_df_DF_E_4549233,DF_E_4549233,LA_0017,data/raw/audio/asvspoof2021_df/audio/DF_E_4549233.flac,0,bonafide,low_ogg,asvspoof,-,notrim,eval,bonafide,,,,,,,,,ASVspoof2021_DF,HuggingFace redistribution,dataset_license
asvspoof2021_df_DF_E_3005942,DF_E_3005942,TFF1,data/raw/audio/asvspoof2021_df/audio/DF_E_3005942.flac,0,bonafide,low_ogg,vcc2020,-,notrim,eval,bonafide,,,,,,,,,ASVspoof2021_DF,HuggingFace redistribution,dataset_license
asvspoof2021_df_DF_E_3076226,DF_E_3076226,LA_0018,data/raw/audio/asvspoof2021_df/audio/DF_E_3076226.flac,0,bonafide,mp3m4a,asvspoof,-,notrim,eval,bonafide,,,,,,,,,ASVspoof2021_DF,HuggingFace redistribution,dataset_license
asvspoof2021_df_DF_E_4713171,DF_E_4713171,TGM1,data/raw/audio/asvspoof2021_df/audio/DF_E_4713171.flac,1,spoof,oggm4a,vcc2020,Task2-team08,notrim,eval,traditional_vocoder,,,,,,,,,ASVspoof2021_DF,HuggingFace redistribution,dataset_license
asvspoof2021_df_DF_E_2975900,DF_E_2975900,TFM1,data/raw/audio/asvspoof2021_df/audio/DF_E_2975900.flac,0,bonafide,low_mp3,vcc2020,-,notrim,eval,bonafide,,,,,,,,,ASVspoof2021_DF,HuggingFace redistribution,dataset_license
asvspoof2021_df_DF_E_4711254,DF_E_4711254,TGF1,data/raw/audio/asvspoof2021_df/audio/DF_E_4711254.flac,1,spoof,high_mp3,vcc2020,Task2-team33,notrim,eval,neural_vocoder_nonautoregressive,,,,,,,,,ASVspoof2021_DF,HuggingFace redistribution,dataset_license
asvspoof2021_df_DF_E_4524877,DF_E_4524877,VCC2SM2,data/raw/audio/asvspoof2021_df/audio/DF_E_4524877.flac,0,bonafide,high_ogg,vcc2018,-,notrim,eval,bonafide,,,,,,,,,ASVspoof2021_DF,HuggingFace redistribution,dataset_license
asvspoof2021_df_DF_E_4728063,DF_E_4728063,TGF1,data/raw/audio/asvspoof2021_df/audio/DF_E_4728063.flac,1,spoof,mp3m4a,vcc2020,Task2-team29,notrim,eval,neural_vocoder_autoregressive,,,,,,,,,ASVspoof2021_DF,HuggingFace redistribution,dataset_license
asvspoof2021_df_DF_E_4537017,DF_E_4537017,LA_0001,data/raw/audio/asvspoof2021_df/audio/DF_E_4537017.flac,0,bonafide,mp3m4a,asvspoof,-,notrim,eval,bonafide,,,,,,,,,ASVspoof2021_DF,HuggingFace redistribution,dataset_license
asvspoof2021_df_DF_E_4726545,DF_E_4726545,SEM1,data/raw/audio/asvspoof2021_df/audio/DF_E_4726545.flac,0,bonafide,nocodec,vcc2020,-,notrim,eval,bonafide,,,,,,,,,ASVspoof2021_DF,HuggingFace redistribution,dataset_license
asvspoof2021_df_DF_E_3064328,DF_E_3064328,TMM1,data/raw/audio/asvspoof2021_df/audio/DF_E_3064328.flac,1,spoof,low_mp3,vcc2020,Task2-team23,notrim,eval,neural_vocoder_autoregressive,,,,,,,,,ASVspoof2021_DF,HuggingFace redistribution,dataset_license
asvspoof2021_df_DF_E_2997743,DF_E_2997743,TMF1,data/raw/audio/asvspoof2021_df/audio/DF_E_2997743.flac,1,spoof,high_ogg,vcc2020,Task2-team26,notrim,eval,traditional_vocoder,,,,,,,,,ASVspoof2021_DF,HuggingFace redistribution,dataset_license
asvspoof2021_df_DF_E_4531987,DF_E_4531987,TMF1,data/raw/audio/asvspoof2021_df/audio/DF_E_4531987.flac,1,spoof,oggm4a,vcc2020,Task2-team30,notrim,eval,unknown,,,,,,,,,ASVspoof2021_DF,HuggingFace redistribution,dataset_license
asvspoof2021_df_DF_E_4526902,DF_E_4526902,TEF2,data/raw/audio/asvspoof2021_df/audio/DF_E_4526902.flac,1,spoof,low_mp3,vcc2020,Task1-team11,notrim,eval,neural_vocoder_autoregressive,,,,,,,,,ASVspoof2021_DF,HuggingFace redistribution,dataset_license
asvspoof2021_df_DF_E_3069666,DF_E_3069666,LA_0034,data/raw/audio/asvspoof2021_df/audio/DF_E_3069666.flac,0,bonafide,low_ogg,asvspoof,-,notrim,eval,bonafide,,,,,,,,,ASVspoof2021_DF,HuggingFace redistribution,dataset_license
asvspoof2021_df_DF_E_3071115,DF_E_3071115,TEM1,data/raw/audio/asvspoof2021_df/audio/DF_E_3071115.flac,1,spoof,low_mp3,vcc2020,Task1-team12,notrim,eval,traditional_vocoder,,,,,,,,,ASVspoof2021_DF,HuggingFace redistribution,dataset_license
asvspoof2021_df_DF_E_3049902,DF_E_3049902,VCC2TF2,data/raw/audio/asvspoof2021_df/audio/DF_E_3049902.flac,1,spoof,low_ogg,vcc2018,HUB-N14,notrim,eval,traditional_vocoder,,,,,,,,,ASVspoof2021_DF,HuggingFace redistribution,dataset_license
asvspoof2021_df_DF_E_4732233,DF_E_4732233,LA_0028,data/raw/audio/asvspoof2021_df/audio/DF_E_4732233.flac,0,bonafide,oggm4a,asvspoof,-,notrim,eval,bonafide,,,,,,,,,ASVspoof2021_DF,HuggingFace redistribution,dataset_license
asvspoof2021_df_DF_E_3006440,DF_E_3006440,LA_0044,data/raw/audio/asvspoof2021_df/audio/DF_E_3006440.flac,0,bonafide,low_ogg,asvspoof,-,notrim,eval,bonafide,,,,,,,,,ASVspoof2021_DF,HuggingFace redistribution,dataset_license
asvspoof2021_df_DF_E_3064928,DF_E_3064928,LA_0010,data/raw/audio/asvspoof2021_df/audio/DF_E_3064928.flac,0,bonafide,nocodec,asvspoof,-,notrim,eval,bonafide,,,,,,,,,ASVspoof2021_DF,HuggingFace redistribution,dataset_license
asvspoof2021_df_DF_E_4522538,DF_E_4522538,VCC2TM2,data/raw/audio/asvspoof2021_df/audio/DF_E_4522538.flac,1,spoof,high_mp3,vcc2018,HUB-N07,notrim,eval,traditional_vocoder,,,,,,,,,ASVspoof2021_DF,HuggingFace redistribution,dataset_license
asvspoof2021_df_DF_E_4697059,DF_E_4697059,TEM2,data/raw/audio/asvspoof2021_df/audio/DF_E_4697059.flac,1,spoof,high_m4a,vcc2020,Task1-team09,notrim,eval,neural_vocoder_nonautoregressive,,,,,,,,,ASVspoof2021_DF,HuggingFace redistribution,dataset_license
asvspoof2021_df_DF_E_4845163,DF_E_4845163,TEF2,data/raw/audio/asvspoof2021_df/audio/DF_E_4845163.flac,1,spoof,oggm4a,vcc2020,Task1-team14,notrim,eval,neural_vocoder_nonautoregressive,,,,,,,,,ASVspoof2021_DF,HuggingFace redistribution,dataset_license
asvspoof2021_df_DF_E_4833934,DF_E_4833934,LA_0019,data/raw/audio/asvspoof2021_df/audio/DF_E_4833934.flac,0,bonafide,low_ogg,asvspoof,-,notrim,eval,bonafide,,,,,,,,,ASVspoof2021_DF,HuggingFace redistribution,dataset_license
asvspoof2021_df_DF_E_4699449,DF_E_4699449,LA_0018,data/raw/audio/asvspoof2021_df/audio/DF_E_4699449.flac,0,bonafide,high_m4a,asvspoof,-,notrim,eval,bonafide,,,,,,,,,ASVspoof2021_DF,HuggingFace redistribution,dataset_license
asvspoof2021_df_DF_E_4527216,DF_E_4527216,LA_0026,data/raw/audio/asvspoof2021_df/audio/DF_E_4527216.flac,1,spoof,high_ogg,asvspoof,A12,notrim,eval,neural_vocoder_autoregressive,,,,,,,,,ASVspoof2021_DF,HuggingFace redistribution,dataset_license
asvspoof2021_df_DF_E_4691333,DF_E_4691333,TMM1,data/raw/audio/asvspoof2021_df/audio/DF_E_4691333.flac,1,spoof,high_m4a,vcc2020,Task2-team30,notrim,eval,unknown,,,,,,,,,ASVspoof2021_DF,HuggingFace redistribution,dataset_license
asvspoof2021_df_DF_E_4831363,DF_E_4831363,VCC2TM2,data/raw/audio/asvspoof2021_df/audio/DF_E_4831363.flac,1,spoof,oggm4a,vcc2018,HUB-N16,notrim,eval,traditional_vocoder,,,,,,,,,ASVspoof2021_DF,HuggingFace redistribution,dataset_license
asvspoof2021_df_DF_E_4665925,DF_E_4665925,LA_0011,data/raw/audio/asvspoof2021_df/audio/DF_E_4665925.flac,0,bonafide,mp3m4a,asvspoof,-,notrim,eval,bonafide,,,,,,,,,ASVspoof2021_DF,HuggingFace redistribution,dataset_license
asvspoof2021_df_DF_E_3067908,DF_E_3067908,LA_0008,data/raw/audio/asvspoof2021_df/audio/DF_E_3067908.flac,1,spoof,low_mp3,asvspoof,A15,notrim,eval,neural_vocoder_autoregressive,,,,,,,,,ASVspoof2021_DF,HuggingFace redistribution,dataset_license
asvspoof2021_df_DF_E_4713788,DF_E_4713788,LA_0040,data/raw/audio/asvspoof2021_df/audio/DF_E_4713788.flac,0,bonafide,high_ogg,asvspoof,-,notrim,eval,bonafide,,,,,,,,,ASVspoof2021_DF,HuggingFace redistribution,dataset_license
asvspoof2021_df_DF_E_4520303,DF_E_4520303,SEM1,data/raw/audio/asvspoof2021_df/audio/DF_E_4520303.flac,0,bonafide,low_m4a,vcc2020,-,notrim,eval,bonafide,,,,,,,,,ASVspoof2021_DF,HuggingFace redistribution,dataset_license
asvspoof2021_df_DF_E_4518322,DF_E_4518322,LA_0001,data/raw/audio/asvspoof2021_df/audio/DF_E_4518322.flac,0,bonafide,high_m4a,asvspoof,-,notrim,eval,bonafide,,,,,,,,,ASVspoof2021_DF,HuggingFace redistribution,dataset_license
asvspoof2021_df_DF_E_3060185,DF_E_3060185,LA_0013,data/raw/audio/asvspoof2021_df/audio/DF_E_3060185.flac,0,bonafide,mp3m4a,asvspoof,-,notrim,eval,bonafide,,,,,,,,,ASVspoof2021_DF,HuggingFace redistribution,dataset_license
asvspoof2021_df_DF_E_4513015,DF_E_4513015,VCC2TM1,data/raw/audio/asvspoof2021_df/audio/DF_E_4513015.flac,0,bonafide,mp3m4a,vcc2018,-,notrim,eval,bonafide,,,,,,,,,ASVspoof2021_DF,HuggingFace redistribution,dataset_license
asvspoof2021_df_DF_E_2978063,DF_E_2978063,LA_0048,data/raw/audio/asvspoof2021_df/audio/DF_E_2978063.flac,0,bonafide,high_ogg,asvspoof,-,notrim,eval,bonafide,,,,,,,,,ASVspoof2021_DF,HuggingFace redistribution,dataset_license
asvspoof2021_df_DF_E_3067909,DF_E_3067909,VCC2TF1,data/raw/audio/asvspoof2021_df/audio/DF_E_3067909.flac,1,spoof,mp3m4a,vcc2018,HUB-D01,notrim,eval,traditional_vocoder,,,,,,,,,ASVspoof2021_DF,HuggingFace redistribution,dataset_license
asvspoof2021_df_DF_E_2996278,DF_E_2996278,VCC2TM1,data/raw/audio/asvspoof2021_df/audio/DF_E_2996278.flac,1,spoof,high_ogg,vcc2018,HUB-N09,notrim,eval,traditional_vocoder,,,,,,,,,ASVspoof2021_DF,HuggingFace redistribution,dataset_license
asvspoof2021_df_DF_E_3004715,DF_E_3004715,VCC2TM2,data/raw/audio/asvspoof2021_df/audio/DF_E_3004715.flac,1,spoof,high_ogg,vcc2018,HUB-D03,notrim,eval,traditional_vocoder,,,,,,,,,ASVspoof2021_DF,HuggingFace redistribution,dataset_license
asvspoof2021_df_DF_E_4840618,DF_E_4840618,LA_0058,data/raw/audio/asvspoof2021_df/audio/DF_E_4840618.flac,0,bonafide,high_mp3,asvspoof,-,notrim,eval,bonafide,,,,,,,,,ASVspoof2021_DF,HuggingFace redistribution,dataset_license
asvspoof2021_df_DF_E_3005637,DF_E_3005637,TEF1,data/raw/audio/asvspoof2021_df/audio/DF_E_3005637.flac,0,bonafide,low_mp3,vcc2020,-,notrim,eval,bonafide,,,,,,,,,ASVspoof2021_DF,HuggingFace redistribution,dataset_license
asvspoof2021_df_DF_E_4545212,DF_E_4545212,VCC2SF4,data/raw/audio/asvspoof2021_df/audio/DF_E_4545212.flac,0,bonafide,nocodec,vcc2018,-,notrim,eval,bonafide,,,,,,,,,ASVspoof2021_DF,HuggingFace redistribution,dataset_license
asvspoof2021_df_DF_E_2994696,DF_E_2994696,TEM1,data/raw/audio/asvspoof2021_df/audio/DF_E_2994696.flac,1,spoof,nocodec,vcc2020,Task1-team01,notrim,eval,neural_vocoder_nonautoregressive,,,,,,,,,ASVspoof2021_DF,HuggingFace redistribution,dataset_license
asvspoof2021_df_DF_E_4518492,DF_E_4518492,TMM1,data/raw/audio/asvspoof2021_df/audio/DF_E_4518492.flac,1,spoof,mp3m4a,vcc2020,Task2-team18,notrim,eval,unknown,,,,,,,,,ASVspoof2021_DF,HuggingFace redistribution,dataset_license
asvspoof2021_df_DF_E_2996647,DF_E_2996647,VCC2SM1,data/raw/audio/asvspoof2021_df/audio/DF_E_2996647.flac,0,bonafide,high_mp3,vcc2018,-,notrim,eval,bonafide,,,,,,,,,ASVspoof2021_DF,HuggingFace redistribution,dataset_license
asvspoof2021_df_DF_E_4680975,DF_E_4680975,LA_0019,data/raw/audio/asvspoof2021_df/audio/DF_E_4680975.flac,0,bonafide,high_ogg,asvspoof,-,notrim,eval,bonafide,,,,,,,,,ASVspoof2021_DF,HuggingFace redistribution,dataset_license
asvspoof2021_df_DF_E_4849223,DF_E_4849223,TGF1,data/raw/audio/asvspoof2021_df/audio/DF_E_4849223.flac,1,spoof,mp3m4a,vcc2020,Task2-team19,notrim,eval,neural_vocoder_nonautoregressive,,,,,,,,,ASVspoof2021_DF,HuggingFace redistribution,dataset_license
asvspoof2021_df_DF_E_4547963,DF_E_4547963,LA_0040,data/raw/audio/asvspoof2021_df/audio/DF_E_4547963.flac,0,bonafide,low_ogg,asvspoof,-,notrim,eval,bonafide,,,,,,,,,ASVspoof2021_DF,HuggingFace redistribution,dataset_license
asvspoof2021_df_DF_E_4678624,DF_E_4678624,VCC2TM1,data/raw/audio/asvspoof2021_df/audio/DF_E_4678624.flac,1,spoof,high_ogg,vcc2018,HUB-D04,notrim,eval,traditional_vocoder,,,,,,,,,ASVspoof2021_DF,HuggingFace redistribution,dataset_license
asvspoof2021_df_DF_E_3061287,DF_E_3061287,TMF1,data/raw/audio/asvspoof2021_df/audio/DF_E_3061287.flac,1,spoof,oggm4a,vcc2020,Task2-team05,notrim,eval,neural_vocoder_nonautoregressive,,,,,,,,,ASVspoof2021_DF,HuggingFace redistribution,dataset_license
asvspoof2021_df_DF_E_4836620,DF_E_4836620,TEM1,data/raw/audio/asvspoof2021_df/audio/DF_E_4836620.flac,1,spoof,low_m4a,vcc2020,Task1-team13,notrim,eval,neural_vocoder_autoregressive,,,,,,,,,ASVspoof2021_DF,HuggingFace redistribution,dataset_license
asvspoof2021_df_DF_E_4683658,DF_E_4683658,TEM2,data/raw/audio/asvspoof2021_df/audio/DF_E_4683658.flac,1,spoof,high_ogg,vcc2020,Task1-team07,notrim,eval,neural_vocoder_autoregressive,,,,,,,,,ASVspoof2021_DF,HuggingFace redistribution,dataset_license
asvspoof2021_df_DF_E_4840149,DF_E_4840149,VCC2SM4,data/raw/audio/asvspoof2021_df/audio/DF_E_4840149.flac,0,bonafide,oggm4a,vcc2018,-,notrim,eval,bonafide,,,,,,,,,ASVspoof2021_DF,HuggingFace redistribution,dataset_license
asvspoof2021_df_DF_E_4845353,DF_E_4845353,LA_0032,data/raw/audio/asvspoof2021_df/audio/DF_E_4845353.flac,0,bonafide,oggm4a,asvspoof,-,notrim,eval,bonafide,,,,,,,,,ASVspoof2021_DF,HuggingFace redistribution,dataset_license
asvspoof2021_df_DF_E_4842685,DF_E_4842685,VCC2TM1,data/raw/audio/asvspoof2021_df/audio/DF_E_4842685.flac,1,spoof,oggm4a,vcc2018,HUB-N16,notrim,eval,traditional_vocoder,,,,,,,,,ASVspoof2021_DF,HuggingFace redistribution,dataset_license
asvspoof2021_df_DF_E_3001311,DF_E_3001311,TGM1,data/raw/audio/asvspoof2021_df/audio/DF_E_3001311.flac,1,spoof,low_ogg,vcc2020,Task2-team15,notrim,eval,neural_vocoder_nonautoregressive,,,,,,,,,ASVspoof2021_DF,HuggingFace redistribution,dataset_license
asvspoof2021_df_DF_E_2982649,DF_E_2982649,VCC2TM1,data/raw/audio/asvspoof2021_df/audio/DF_E_2982649.flac,1,spoof,high_ogg,vcc2018,HUB-N11,notrim,eval,traditional_vocoder,,,,,,,,,ASVspoof2021_DF,HuggingFace redistribution,dataset_license
asvspoof2021_df_DF_E_2989533,DF_E_2989533,LA_0028,data/raw/audio/asvspoof2021_df/audio/DF_E_2989533.flac,0,bonafide,nocodec,asvspoof,-,notrim,eval,bonafide,,,,,,,,,ASVspoof2021_DF,HuggingFace redistribution,dataset_license
asvspoof2021_df_DF_E_2978098,DF_E_2978098,LA_0032,data/raw/audio/asvspoof2021_df/audio/DF_E_2978098.flac,0,bonafide,high_ogg,asvspoof,-,notrim,eval,bonafide,,,,,,,,,ASVspoof2021_DF,HuggingFace redistribution,dataset_license
asvspoof2021_df_DF_E_3002565,DF_E_3002565,VCC2SM4,data/raw/audio/asvspoof2021_df/audio/DF_E_3002565.flac,0,bonafide,nocodec,vcc2018,-,notrim,eval,bonafide,,,,,,,,,ASVspoof2021_DF,HuggingFace redistribution,dataset_license
asvspoof2021_df_DF_E_4705193,DF_E_4705193,TMM1,data/raw/audio/asvspoof2021_df/audio/DF_E_4705193.flac,1,spoof,low_m4a,vcc2020,Task2-team03,notrim,eval,neural_vocoder_autoregressive,,,,,,,,,ASVspoof2021_DF,HuggingFace redistribution,dataset_license
asvspoof2021_df_DF_E_4524109,DF_E_4524109,VCC2SF2,data/raw/audio/asvspoof2021_df/audio/DF_E_4524109.flac,0,bonafide,oggm4a,vcc2018,-,notrim,eval,bonafide,,,,,,,,,ASVspoof2021_DF,HuggingFace redistribution,dataset_license
asvspoof2021_df_DF_E_4666261,DF_E_4666261,TGF1,data/raw/audio/asvspoof2021_df/audio/DF_E_4666261.flac,1,spoof,low_mp3,vcc2020,Task2-team08,notrim,eval,traditional_vocoder,,,,,,,,,ASVspoof2021_DF,HuggingFace redistribution,dataset_license
asvspoof2021_df_DF_E_4542500,DF_E_4542500,VCC2TM2,data/raw/audio/asvspoof2021_df/audio/DF_E_4542500.flac,1,spoof,nocodec,vcc2018,HUB-D05,notrim,eval,traditional_vocoder,,,,,,,,,ASVspoof2021_DF,HuggingFace redistribution,dataset_license
asvspoof2021_df_DF_E_4663894,DF_E_4663894,VCC2TF1,data/raw/audio/asvspoof2021_df/audio/DF_E_4663894.flac,1,spoof,low_m4a,vcc2018,HUB-N11,notrim,eval,traditional_vocoder,,,,,,,,,ASVspoof2021_DF,HuggingFace redistribution,dataset_license
asvspoof2021_df_DF_E_4515164,DF_E_4515164,LA_0007,data/raw/audio/asvspoof2021_df/audio/DF_E_4515164.flac,0,bonafide,low_ogg,asvspoof,-,notrim,eval,bonafide,,,,,,,,,ASVspoof2021_DF,HuggingFace redistribution,dataset_license
asvspoof2021_df_DF_E_2987368,DF_E_2987368,TEM1,data/raw/audio/asvspoof2021_df/audio/DF_E_2987368.flac,1,spoof,low_ogg,vcc2020,Task1-team19,notrim,eval,neural_vocoder_nonautoregressive,,,,,,,,,ASVspoof2021_DF,HuggingFace redistribution,dataset_license
asvspoof2021_df_DF_E_2986153,DF_E_2986153,VCC2SF3,data/raw/audio/asvspoof2021_df/audio/DF_E_2986153.flac,0,bonafide,nocodec,vcc2018,-,notrim,eval,bonafide,,,,,,,,,ASVspoof2021_DF,HuggingFace redistribution,dataset_license
asvspoof2021_df_DF_E_4719445,DF_E_4719445,TGF1,data/raw/audio/asvspoof2021_df/audio/DF_E_4719445.flac,1,spoof,nocodec,vcc2020,Task2-team10,notrim,eval,neural_vocoder_autoregressive,,,,,,,,,ASVspoof2021_DF,HuggingFace redistribution,dataset_license
asvspoof2021_df_DF_E_4536694,DF_E_4536694,LA_0013,data/raw/audio/asvspoof2021_df/audio/DF_E_4536694.flac,0,bonafide,high_m4a,asvspoof,-,notrim,eval,bonafide,,,,,,,,,ASVspoof2021_DF,HuggingFace redistribution,dataset_license
asvspoof2021_df_DF_E_4714869,DF_E_4714869,VCC2TF2,data/raw/audio/asvspoof2021_df/audio/DF_E_4714869.flac,0,bonafide,low_mp3,vcc2018,-,notrim,eval,bonafide,,,,,,,,,ASVspoof2021_DF,HuggingFace redistribution,dataset_license
asvspoof2021_df_DF_E_4533053,DF_E_4533053,LA_0046,data/raw/audio/asvspoof2021_df/audio/DF_E_4533053.flac,0,bonafide,low_ogg,asvspoof,-,notrim,eval,bonafide,,,,,,,,,ASVspoof2021_DF,HuggingFace redistribution,dataset_license
asvspoof2021_df_DF_E_2987206,DF_E_2987206,VCC2TM1,data/raw/audio/asvspoof2021_df/audio/DF_E_2987206.flac,1,spoof,high_m4a,vcc2018,HUB-D05,notrim,eval,traditional_vocoder,,,,,,,,,ASVspoof2021_DF,HuggingFace redistribution,dataset_license
asvspoof2021_df_DF_E_2976795,DF_E_2976795,VCC2TM1,data/raw/audio/asvspoof2021_df/audio/DF_E_2976795.flac,1,spoof,low_m4a,vcc2018,HUB-D01,notrim,eval,traditional_vocoder,,,,,,,,,ASVspoof2021_DF,HuggingFace redistribution,dataset_license
asvspoof2021_df_DF_E_2985449,DF_E_2985449,VCC2SF3,data/raw/audio/asvspoof2021_df/audio/DF_E_2985449.flac,0,bonafide,high_mp3,vcc2018,-,notrim,eval,bonafide,,,,,,,,,ASVspoof2021_DF,HuggingFace redistribution,dataset_license
asvspoof2021_df_DF_E_4717577,DF_E_4717577,TEF2,data/raw/audio/asvspoof2021_df/audio/DF_E_4717577.flac,1,spoof,high_mp3,vcc2020,Task1-team02,notrim,eval,neural_vocoder_nonautoregressive,,,,,,,,,ASVspoof2021_DF,HuggingFace redistribution,dataset_license
asvspoof2021_df_DF_E_3053033,DF_E_3053033,VCC2SM2,data/raw/audio/asvspoof2021_df/audio/DF_E_3053033.flac,0,bonafide,nocodec,vcc2018,-,notrim,eval,bonafide,,,,,,,,,ASVspoof2021_DF,HuggingFace redistribution,dataset_license
asvspoof2021_df_DF_E_3067201,DF_E_3067201,LA_0010,data/raw/audio/asvspoof2021_df/audio/DF_E_3067201.flac,1,spoof,high_ogg,asvspoof,A07,notrim,eval,traditional_vocoder,,,,,,,,,ASVspoof2021_DF,HuggingFace redistribution,dataset_license
asvspoof2021_df_DF_E_4817781,DF_E_4817781,TEM1,data/raw/audio/asvspoof2021_df/audio/DF_E_4817781.flac,1,spoof,nocodec,vcc2020,Task1-team13,notrim,eval,neural_vocoder_autoregressive,,,,,,,,,ASVspoof2021_DF,HuggingFace redistribution,dataset_license
asvspoof2021_df_DF_E_4689265,DF_E_4689265,VCC2TF2,data/raw/audio/asvspoof2021_df/audio/DF_E_4689265.flac,1,spoof,high_ogg,vcc2018,HUB-N20,notrim,eval,traditional_vocoder,,,,,,,,,ASVspoof2021_DF,HuggingFace redistribution,dataset_license
asvspoof2021_df_DF_E_4516682,DF_E_4516682,TFF1,data/raw/audio/asvspoof2021_df/audio/DF_E_4516682.flac,1,spoof,mp3m4a,vcc2020,Task2-team20,notrim,eval,neural_vocoder_nonautoregressive,,,,,,,,,ASVspoof2021_DF,HuggingFace redistribution,dataset_license
asvspoof2021_df_DF_E_2994999,DF_E_2994999,LA_0010,data/raw/audio/asvspoof2021_df/audio/DF_E_2994999.flac,0,bonafide,oggm4a,asvspoof,-,notrim,eval,bonafide,,,,,,,,,ASVspoof2021_DF,HuggingFace redistribution,dataset_license
asvspoof2021_df_DF_E_2980166,DF_E_2980166,TFM1,data/raw/audio/asvspoof2021_df/audio/DF_E_2980166.flac,1,spoof,low_ogg,vcc2020,Task2-team06,notrim,eval,traditional_vocoder,,,,,,,,,ASVspoof2021_DF,HuggingFace redistribution,dataset_license
asvspoof2021_df_DF_E_3066619,DF_E_3066619,LA_0047,data/raw/audio/asvspoof2021_df/audio/DF_E_3066619.flac,0,bonafide,low_ogg,asvspoof,-,notrim,eval,bonafide,,,,,,,,,ASVspoof2021_DF,HuggingFace redistribution,dataset_license
asvspoof2021_df_DF_E_2995200,DF_E_2995200,LA_0037,data/raw/audio/asvspoof2021_df/audio/DF_E_2995200.flac,1,spoof,low_ogg,asvspoof,A08,notrim,eval,neural_vocoder_nonautoregressive,,,,,,,,,ASVspoof2021_DF,HuggingFace redistribution,dataset_license
asvspoof2021_df_DF_E_2974746,DF_E_2974746,VCC2TF1,data/raw/audio/asvspoof2021_df/audio/DF_E_2974746.flac,1,spoof,mp3m4a,vcc2018,HUB-N07,notrim,eval,traditional_vocoder,,,,,,,,,ASVspoof2021_DF,HuggingFace redistribution,dataset_license
asvspoof2021_df_DF_E_4513588,DF_E_4513588,VCC2TM2,data/raw/audio/asvspoof2021_df/audio/DF_E_4513588.flac,1,spoof,mp3m4a,vcc2018,SPO-N12,notrim,eval,traditional_vocoder,,,,,,,,,ASVspoof2021_DF,HuggingFace redistribution,dataset_license
asvspoof2021_df_DF_E_3063420,DF_E_3063420,TFF1,data/raw/audio/asvspoof2021_df/audio/DF_E_3063420.flac,1,spoof,low_mp3,vcc2020,Task2-team09,notrim,eval,neural_vocoder_nonautoregressive,,,,,,,,,ASVspoof2021_DF,HuggingFace redistribution,dataset_license
asvspoof2021_df_DF_E_3077741,DF_E_3077741,LA_0001,data/raw/audio/asvspoof2021_df/audio/DF_E_3077741.flac,1,spoof,oggm4a,asvspoof,A17,notrim,eval,traditional_vocoder,,,,,,,,,ASVspoof2021_DF,HuggingFace redistribution,dataset_license
asvspoof2021_df_DF_E_4517736,DF_E_4517736,LA_0014,data/raw/audio/asvspoof2021_df/audio/DF_E_4517736.flac,1,spoof,oggm4a,asvspoof,A19,notrim,eval,traditional_vocoder,,,,,,,,,ASVspoof2021_DF,HuggingFace redistribution,dataset_license
asvspoof2021_df_DF_E_3078443,DF_E_3078443,LA_0008,data/raw/audio/asvspoof2021_df/audio/DF_E_3078443.flac,0,bonafide,oggm4a,asvspoof,-,notrim,eval,bonafide,,,,,,,,,ASVspoof2021_DF,HuggingFace redistribution,dataset_license
asvspoof2021_df_DF_E_4696074,DF_E_4696074,LA_0021,data/raw/audio/asvspoof2021_df/audio/DF_E_4696074.flac,0,bonafide,low_m4a,asvspoof,-,notrim,eval,bonafide,,,,,,,,,ASVspoof2021_DF,HuggingFace redistribution,dataset_license
asvspoof2021_df_DF_E_3066884,DF_E_3066884,VCC2SF1,data/raw/audio/asvspoof2021_df/audio/DF_E_3066884.flac,0,bonafide,low_mp3,vcc2018,-,notrim,eval,bonafide,,,,,,,,,ASVspoof2021_DF,HuggingFace redistribution,dataset_license
asvspoof2021_df_DF_E_4692407,DF_E_4692407,LA_0018,data/raw/audio/asvspoof2021_df/audio/DF_E_4692407.flac,1,spoof,oggm4a,asvspoof,A09,notrim,eval,traditional_vocoder,,,,,,,,,ASVspoof2021_DF,HuggingFace redistribution,dataset_license
asvspoof2021_df_DF_E_3006768,DF_E_3006768,TFM1,data/raw/audio/asvspoof2021_df/audio/DF_E_3006768.flac,1,spoof,high_ogg,vcc2020,Task2-team19,notrim,eval,neural_vocoder_nonautoregressive,,,,,,,,,ASVspoof2021_DF,HuggingFace redistribution,dataset_license
asvspoof2021_df_DF_E_3061089,DF_E_3061089,VCC2TM2,data/raw/audio/asvspoof2021_df/audio/DF_E_3061089.flac,0,bonafide,low_ogg,vcc2018,-,notrim,eval,bonafide,,,,,,,,,ASVspoof2021_DF,HuggingFace redistribution,dataset_license
asvspoof2021_df_DF_E_3072930,DF_E_3072930,SEF1,data/raw/audio/asvspoof2021_df/audio/DF_E_3072930.flac,0,bonafide,mp3m4a,vcc2020,-,notrim,eval,bonafide,,,,,,,,,ASVspoof2021_DF,HuggingFace redistribution,dataset_license
asvspoof2021_df_DF_E_4842882,DF_E_4842882,TEF2,data/raw/audio/asvspoof2021_df/audio/DF_E_4842882.flac,1,spoof,high_mp3,vcc2020,Task1-team10,notrim,eval,neural_vocoder_autoregressive,,,,,,,,,ASVspoof2021_DF,HuggingFace redistribution,dataset_license
asvspoof2021_df_DF_E_4691759,DF_E_4691759,TEM1,data/raw/audio/asvspoof2021_df/audio/DF_E_4691759.flac,0,bonafide,high_mp3,vcc2020,-,notrim,eval,bonafide,,,,,,,,,ASVspoof2021_DF,HuggingFace redistribution,dataset_license
asvspoof2021_df_DF_E_2979443,DF_E_2979443,LA_0031,data/raw/audio/asvspoof2021_df/audio/DF_E_2979443.flac,1,spoof,high_ogg,asvspoof,A14,notrim,eval,traditional_vocoder,,,,,,,,,ASVspoof2021_DF,HuggingFace redistribution,dataset_license
asvspoof2021_df_DF_E_4673893,DF_E_4673893,TEM2,data/raw/audio/asvspoof2021_df/audio/DF_E_4673893.flac,1,spoof,high_ogg,vcc2020,Task1-team25,notrim,eval,neural_vocoder_autoregressive,,,,,,,,,ASVspoof2021_DF,HuggingFace redistribution,dataset_license
asvspoof2021_df_DF_E_4736337,DF_E_4736337,VCC2TF2,data/raw/audio/asvspoof2021_df/audio/DF_E_4736337.flac,1,spoof,nocodec,vcc2018,HUB-N14,notrim,eval,traditional_vocoder,,,,,,,,,ASVspoof2021_DF,HuggingFace redistribution,dataset_license
asvspoof2021_df_DF_E_4541681,DF_E_4541681,SEM1,data/raw/audio/asvspoof2021_df/audio/DF_E_4541681.flac,0,bonafide,low_ogg,vcc2020,-,notrim,eval,bonafide,,,,,,,,,ASVspoof2021_DF,HuggingFace redistribution,dataset_license
asvspoof2021_df_DF_E_4544331,DF_E_4544331,VCC2TF1,data/raw/audio/asvspoof2021_df/audio/DF_E_4544331.flac,1,spoof,low_m4a,vcc2018,HUB-N09,notrim,eval,traditional_vocoder,,,,,,,,,ASVspoof2021_DF,HuggingFace redistribution,dataset_license
asvspoof2021_df_DF_E_4820444,DF_E_4820444,LA_0002,data/raw/audio/asvspoof2021_df/audio/DF_E_4820444.flac,1,spoof,nocodec,asvspoof,A07,notrim,eval,traditional_vocoder,,,,,,,,,ASVspoof2021_DF,HuggingFace redistribution,dataset_license
asvspoof2021_df_DF_E_2987007,DF_E_2987007,LA_0011,data/raw/audio/asvspoof2021_df/audio/DF_E_2987007.flac,0,bonafide,mp3m4a,asvspoof,-,notrim,eval,bonafide,,,,,,,,,ASVspoof2021_DF,HuggingFace redistribution,dataset_license
asvspoof2021_df_DF_E_4675199,DF_E_4675199,LA_0053,data/raw/audio/asvspoof2021_df/audio/DF_E_4675199.flac,0,bonafide,low_m4a,asvspoof,-,notrim,eval,bonafide,,,,,,,,,ASVspoof2021_DF,HuggingFace redistribution,dataset_license
asvspoof2021_df_DF_E_4699197,DF_E_4699197,TMF1,data/raw/audio/asvspoof2021_df/audio/DF_E_4699197.flac,0,bonafide,nocodec,vcc2020,-,notrim,eval,bonafide,,,,,,,,,ASVspoof2021_DF,HuggingFace redistribution,dataset_license
asvspoof2021_df_DF_E_4716061,DF_E_4716061,LA_0014,data/raw/audio/asvspoof2021_df/audio/DF_E_4716061.flac,0,bonafide,high_ogg,asvspoof,-,notrim,eval,bonafide,,,,,,,,,ASVspoof2021_DF,HuggingFace redistribution,dataset_license
asvspoof2021_df_DF_E_3079396,DF_E_3079396,LA_0002,data/raw/audio/asvspoof2021_df/audio/DF_E_3079396.flac,0,bonafide,mp3m4a,asvspoof,-,notrim,eval,bonafide,,,,,,,,,ASVspoof2021_DF,HuggingFace redistribution,dataset_license
asvspoof2021_df_DF_E_4512972,DF_E_4512972,TEF1,data/raw/audio/asvspoof2021_df/audio/DF_E_4512972.flac,1,spoof,mp3m4a,vcc2020,Task1-team11,notrim,eval,neural_vocoder_autoregressive,,,,,,,,,ASVspoof2021_DF,HuggingFace redistribution,dataset_license
asvspoof2021_df_DF_E_4832877,DF_E_4832877,TEF1,data/raw/audio/asvspoof2021_df/audio/DF_E_4832877.flac,1,spoof,mp3m4a,vcc2020,Task1-team18,notrim,eval,unknown,,,,,,,,,ASVspoof2021_DF,HuggingFace redistribution,dataset_license
asvspoof2021_df_DF_E_4730418,DF_E_4730418,TEM2,data/raw/audio/asvspoof2021_df/audio/DF_E_4730418.flac,1,spoof,mp3m4a,vcc2020,Task1-team13,notrim,eval,neural_vocoder_autoregressive,,,,,,,,,ASVspoof2021_DF,HuggingFace redistribution,dataset_license
asvspoof2021_df_DF_E_3007845,DF_E_3007845,TGM1,data/raw/audio/asvspoof2021_df/audio/DF_E_3007845.flac,1,spoof,nocodec,vcc2020,Task2-team07,notrim,eval,neural_vocoder_autoregressive,,,,,,,,,ASVspoof2021_DF,HuggingFace redistribution,dataset_license
asvspoof2021_df_DF_E_4842361,DF_E_4842361,LA_0021,data/raw/audio/asvspoof2021_df/audio/DF_E_4842361.flac,1,spoof,high_m4a,asvspoof,A18,notrim,eval,traditional_vocoder,,,,,,,,,ASVspoof2021_DF,HuggingFace redistribution,dataset_license
asvspoof2021_df_DF_E_4513048,DF_E_4513048,VCC2SM1,data/raw/audio/asvspoof2021_df/audio/DF_E_4513048.flac,0,bonafide,nocodec,vcc2018,-,notrim,eval,bonafide,,,,,,,,,ASVspoof2021_DF,HuggingFace redistribution,dataset_license
asvspoof2021_df_DF_E_3085178,DF_E_3085178,TMF1,data/raw/audio/asvspoof2021_df/audio/DF_E_3085178.flac,1,spoof,oggm4a,vcc2020,Task2-team20,notrim,eval,neural_vocoder_nonautoregressive,,,,,,,,,ASVspoof2021_DF,HuggingFace redistribution,dataset_license
asvspoof2021_df_DF_E_4833181,DF_E_4833181,TMM1,data/raw/audio/asvspoof2021_df/audio/DF_E_4833181.flac,1,spoof,high_m4a,vcc2020,Task2-team27,notrim,eval,neural_vocoder_nonautoregressive,,,,,,,,,ASVspoof2021_DF,HuggingFace redistribution,dataset_license
asvspoof2021_df_DF_E_3051209,DF_E_3051209,VCC2SM3,data/raw/audio/asvspoof2021_df/audio/DF_E_3051209.flac,0,bonafide,high_m4a,vcc2018,-,notrim,eval,bonafide,,,,,,,,,ASVspoof2021_DF,HuggingFace redistribution,dataset_license
asvspoof2021_df_DF_E_4722980,DF_E_4722980,LA_0017,data/raw/audio/asvspoof2021_df/audio/DF_E_4722980.flac,0,bonafide,high_mp3,asvspoof,-,notrim,eval,bonafide,,,,,,,,,ASVspoof2021_DF,HuggingFace redistribution,dataset_license
asvspoof2021_df_DF_E_2989357,DF_E_2989357,VCC2TF2,data/raw/audio/asvspoof2021_df/audio/DF_E_2989357.flac,1,spoof,low_m4a,vcc2018,SPO-N18,notrim,eval,traditional_vocoder,,,,,,,,,ASVspoof2021_DF,HuggingFace redistribution,dataset_license
asvspoof2021_df_DF_E_3055107,DF_E_3055107,VCC2TF2,data/raw/audio/asvspoof2021_df/audio/DF_E_3055107.flac,1,spoof,mp3m4a,vcc2018,HUB-D02,notrim,eval,traditional_vocoder,,,,,,,,,ASVspoof2021_DF,HuggingFace redistribution,dataset_license
asvspoof2021_df_DF_E_4689736,DF_E_4689736,TFF1,data/raw/audio/asvspoof2021_df/audio/DF_E_4689736.flac,1,spoof,mp3m4a,vcc2020,Task2-team27,notrim,eval,neural_vocoder_nonautoregressive,,,,,,,,,ASVspoof2021_DF,HuggingFace redistribution,dataset_license
asvspoof2021_df_DF_E_4717140,DF_E_4717140,VCC2TM1,data/raw/audio/asvspoof2021_df/audio/DF_E_4717140.flac,1,spoof,high_mp3,vcc2018,HUB-N20,notrim,eval,traditional_vocoder,,,,,,,,,ASVspoof2021_DF,HuggingFace redistribution,dataset_license
asvspoof2021_df_DF_E_4684357,DF_E_4684357,VCC2TF2,data/raw/audio/asvspoof2021_df/audio/DF_E_4684357.flac,1,spoof,low_ogg,vcc2018,SPO-N18,notrim,eval,traditional_vocoder,,,,,,,,,ASVspoof2021_DF,HuggingFace redistribution,dataset_license
asvspoof2021_df_DF_E_3081332,DF_E_3081332,TEM1,data/raw/audio/asvspoof2021_df/audio/DF_E_3081332.flac,0,bonafide,high_ogg,vcc2020,-,notrim,eval,bonafide,,,,,,,,,ASVspoof2021_DF,HuggingFace redistribution,dataset_license
asvspoof2021_df_DF_E_4666391,DF_E_4666391,SEF2,data/raw/audio/asvspoof2021_df/audio/DF_E_4666391.flac,0,bonafide,mp3m4a,vcc2020,-,notrim,eval,bonafide,,,,,,,,,ASVspoof2021_DF,HuggingFace redistribution,dataset_license
asvspoof2021_df_DF_E_3082394,DF_E_3082394,VCC2TM1,data/raw/audio/asvspoof2021_df/audio/DF_E_3082394.flac,1,spoof,high_ogg,vcc2018,HUB-D01,notrim,eval,traditional_vocoder,,,,,,,,,ASVspoof2021_DF,HuggingFace redistribution,dataset_license
asvspoof2021_df_DF_E_4842765,DF_E_4842765,VCC2TM1,data/raw/audio/asvspoof2021_df/audio/DF_E_4842765.flac,1,spoof,mp3m4a,vcc2018,HUB-D05,notrim,eval,traditional_vocoder,,,,,,,,,ASVspoof2021_DF,HuggingFace redistribution,dataset_license
asvspoof2021_df_DF_E_4681232,DF_E_4681232,VCC2TM1,data/raw/audio/asvspoof2021_df/audio/DF_E_4681232.flac,0,bonafide,mp3m4a,vcc2018,-,notrim,eval,bonafide,,,,,,,,,ASVspoof2021_DF,HuggingFace redistribution,dataset_license
asvspoof2021_df_DF_E_4542301,DF_E_4542301,TGM1,data/raw/audio/asvspoof2021_df/audio/DF_E_4542301.flac,0,bonafide,low_m4a,vcc2020,-,notrim,eval,bonafide,,,,,,,,,ASVspoof2021_DF,HuggingFace redistribution,dataset_license
asvspoof2021_df_DF_E_4512988,DF_E_4512988,LA_0011,data/raw/audio/asvspoof2021_df/audio/DF_E_4512988.flac,1,spoof,low_ogg,asvspoof,A14,notrim,eval,traditional_vocoder,,,,,,,,,ASVspoof2021_DF,HuggingFace redistribution,dataset_license
asvspoof2021_df_DF_E_4728454,DF_E_4728454,TGF1,data/raw/audio/asvspoof2021_df/audio/DF_E_4728454.flac,1,spoof,high_mp3,vcc2020,Task2-team27,notrim,eval,neural_vocoder_nonautoregressive,,,,,,,,,ASVspoof2021_DF,HuggingFace redistribution,dataset_license
asvspoof2021_df_DF_E_2978086,DF_E_2978086,TEM2,data/raw/audio/asvspoof2021_df/audio/DF_E_2978086.flac,1,spoof,mp3m4a,vcc2020,Task1-team12,notrim,eval,traditional_vocoder,,,,,,,,,ASVspoof2021_DF,HuggingFace redistribution,dataset_license
asvspoof2021_df_DF_E_4724688,DF_E_4724688,VCC2TF2,data/raw/audio/asvspoof2021_df/audio/DF_E_4724688.flac,1,spoof,high_mp3,vcc2018,HUB-D01,notrim,eval,traditional_vocoder,,,,,,,,,ASVspoof2021_DF,HuggingFace redistribution,dataset_license
asvspoof2021_df_DF_E_4700445,DF_E_4700445,LA_0014,data/raw/audio/asvspoof2021_df/audio/DF_E_4700445.flac,0,bonafide,mp3m4a,asvspoof,-,notrim,eval,bonafide,,,,,,,,,ASVspoof2021_DF,HuggingFace redistribution,dataset_license
asvspoof2021_df_DF_E_2995587,DF_E_2995587,LA_0028,data/raw/audio/asvspoof2021_df/audio/DF_E_2995587.flac,1,spoof,mp3m4a,asvspoof,A13,notrim,eval,traditional_vocoder,,,,,,,,,ASVspoof2021_DF,HuggingFace redistribution,dataset_license
asvspoof2021_df_DF_E_3074969,DF_E_3074969,LA_0026,data/raw/audio/asvspoof2021_df/audio/DF_E_3074969.flac,0,bonafide,mp3m4a,asvspoof,-,notrim,eval,bonafide,,,,,,,,,ASVspoof2021_DF,HuggingFace redistribution,dataset_license
asvspoof2021_df_DF_E_4663350,DF_E_4663350,TMM1,data/raw/audio/asvspoof2021_df/audio/DF_E_4663350.flac,1,spoof,low_m4a,vcc2020,Task2-team02,notrim,eval,neural_vocoder_nonautoregressive,,,,,,,,,ASVspoof2021_DF,HuggingFace redistribution,dataset_license
asvspoof2021_df_DF_E_4515926,DF_E_4515926,VCC2SF1,data/raw/audio/asvspoof2021_df/audio/DF_E_4515926.flac,0,bonafide,oggm4a,vcc2018,-,notrim,eval,bonafide,,,,,,,,,ASVspoof2021_DF,HuggingFace redistribution,dataset_license
asvspoof2021_df_DF_E_4691301,DF_E_4691301,TFM1,data/raw/audio/asvspoof2021_df/audio/DF_E_4691301.flac,1,spoof,oggm4a,vcc2020,Task2-team13,notrim,eval,neural_vocoder_autoregressive,,,,,,,,,ASVspoof2021_DF,HuggingFace redistribution,dataset_license
asvspoof2021_df_DF_E_4678196,DF_E_4678196,LA_0011,data/raw/audio/asvspoof2021_df/audio/DF_E_4678196.flac,0,bonafide,low_ogg,asvspoof,-,notrim,eval,bonafide,,,,,,,,,ASVspoof2021_DF,HuggingFace redistribution,dataset_license
asvspoof2021_df_DF_E_4711081,DF_E_4711081,LA_0005,data/raw/audio/asvspoof2021_df/audio/DF_E_4711081.flac,0,bonafide,high_ogg,asvspoof,-,notrim,eval,bonafide,,,,,,,,,ASVspoof2021_DF,HuggingFace redistribution,dataset_license
asvspoof2021_df_DF_E_4535306,DF_E_4535306,VCC2TM1,data/raw/audio/asvspoof2021_df/audio/DF_E_4535306.flac,1,spoof,low_ogg,vcc2018,HUB-N11,notrim,eval,traditional_vocoder,,,,,,,,,ASVspoof2021_DF,HuggingFace redistribution,dataset_license
asvspoof2021_df_DF_E_2975627,DF_E_2975627,VCC2TF2,data/raw/audio/asvspoof2021_df/audio/DF_E_2975627.flac,1,spoof,high_ogg,vcc2018,HUB-N13,notrim,eval,traditional_vocoder,,,,,,,,,ASVspoof2021_DF,HuggingFace redistribution,dataset_license
asvspoof2021_df_DF_E_4848935,DF_E_4848935,LA_0046,data/raw/audio/asvspoof2021_df/audio/DF_E_4848935.flac,0,bonafide,high_m4a,asvspoof,-,notrim,eval,bonafide,,,,,,,,,ASVspoof2021_DF,HuggingFace redistribution,dataset_license
asvspoof2021_df_DF_E_2976543,DF_E_2976543,VCC2TF2,data/raw/audio/asvspoof2021_df/audio/DF_E_2976543.flac,1,spoof,high_ogg,vcc2018,SPO-N10,notrim,eval,neural_vocoder_autoregressive,,,,,,,,,ASVspoof2021_DF,HuggingFace redistribution,dataset_license
asvspoof2021_df_DF_E_4846693,DF_E_4846693,LA_0047,data/raw/audio/asvspoof2021_df/audio/DF_E_4846693.flac,1,spoof,mp3m4a,asvspoof,A08,notrim,eval,neural_vocoder_nonautoregressive,,,,,,,,,ASVspoof2021_DF,HuggingFace redistribution,dataset_license
asvspoof2021_df_DF_E_4723699,DF_E_4723699,LA_0028,data/raw/audio/asvspoof2021_df/audio/DF_E_4723699.flac,0,bonafide,mp3m4a,asvspoof,-,notrim,eval,bonafide,,,,,,,,,ASVspoof2021_DF,HuggingFace redistribution,dataset_license
asvspoof2021_df_DF_E_4717971,DF_E_4717971,VCC2TF1,data/raw/audio/asvspoof2021_df/audio/DF_E_4717971.flac,0,bonafide,high_mp3,vcc2018,-,notrim,eval,bonafide,,,,,,,,,ASVspoof2021_DF,HuggingFace redistribution,dataset_license
asvspoof2021_df_DF_E_4522072,DF_E_4522072,TEM1,data/raw/audio/asvspoof2021_df/audio/DF_E_4522072.flac,1,spoof,low_m4a,vcc2020,Task1-team26,notrim,eval,traditional_vocoder,,,,,,,,,ASVspoof2021_DF,HuggingFace redistribution,dataset_license
asvspoof2021_df_DF_E_4689294,DF_E_4689294,VCC2TF1,data/raw/audio/asvspoof2021_df/audio/DF_E_4689294.flac,1,spoof,low_m4a,vcc2018,SPO-B01,notrim,eval,traditional_vocoder,,,,,,,,,ASVspoof2021_DF,HuggingFace redistribution,dataset_license
asvspoof2021_df_DF_E_3072864,DF_E_3072864,TMM1,data/raw/audio/asvspoof2021_df/audio/DF_E_3072864.flac,1,spoof,high_m4a,vcc2020,Task2-team11,notrim,eval,neural_vocoder_autoregressive,,,,,,,,,ASVspoof2021_DF,HuggingFace redistribution,dataset_license
asvspoof2021_df_DF_E_4723079,DF_E_4723079,TEM1,data/raw/audio/asvspoof2021_df/audio/DF_E_4723079.flac,0,bonafide,mp3m4a,vcc2020,-,notrim,eval,bonafide,,,,,,,,,ASVspoof2021_DF,HuggingFace redistribution,dataset_license
asvspoof2021_df_DF_E_4846867,DF_E_4846867,LA_0031,data/raw/audio/asvspoof2021_df/audio/DF_E_4846867.flac,0,bonafide,low_ogg,asvspoof,-,notrim,eval,bonafide,,,,,,,,,ASVspoof2021_DF,HuggingFace redistribution,dataset_license
asvspoof2021_df_DF_E_4528791,DF_E_4528791,LA_0036,data/raw/audio/asvspoof2021_df/audio/DF_E_4528791.flac,1,spoof,oggm4a,asvspoof,A11,notrim,eval,traditional_vocoder,,,,,,,,,ASVspoof2021_DF,HuggingFace redistribution,dataset_license
asvspoof2021_df_DF_E_4676687,DF_E_4676687,VCC2TM2,data/raw/audio/asvspoof2021_df/audio/DF_E_4676687.flac,1,spoof,nocodec,vcc2018,HUB-D02,notrim,eval,traditional_vocoder,,,,,,,,,ASVspoof2021_DF,HuggingFace redistribution,dataset_license
asvspoof2021_df_DF_E_4512176,DF_E_4512176,TGF1,data/raw/audio/asvspoof2021_df/audio/DF_E_4512176.flac,1,spoof,high_m4a,vcc2020,Task2-team07,notrim,eval,neural_vocoder_autoregressive,,,,,,,,,ASVspoof2021_DF,HuggingFace redistribution,dataset_license
asvspoof2021_df_DF_E_4826211,DF_E_4826211,TEM1,data/raw/audio/asvspoof2021_df/audio/DF_E_4826211.flac,1,spoof,high_mp3,vcc2020,Task1-team12,notrim,eval,traditional_vocoder,,,,,,,,,ASVspoof2021_DF,HuggingFace redistribution,dataset_license
asvspoof2021_df_DF_E_3062205,DF_E_3062205,LA_0021,data/raw/audio/asvspoof2021_df/audio/DF_E_3062205.flac,1,spoof,high_ogg,asvspoof,A07,notrim,eval,traditional_vocoder,,,,,,,,,ASVspoof2021_DF,HuggingFace redistribution,dataset_license
asvspoof2021_df_DF_E_4706815,DF_E_4706815,LA_0033,data/raw/audio/asvspoof2021_df/audio/DF_E_4706815.flac,1,spoof,high_mp3,asvspoof,A13,notrim,eval,traditional_vocoder,,,,,,,,,ASVspoof2021_DF,HuggingFace redistribution,dataset_license
asvspoof2021_df_DF_E_3065362,DF_E_3065362,LA_0037,data/raw/audio/asvspoof2021_df/audio/DF_E_3065362.flac,1,spoof,high_ogg,asvspoof,A14,notrim,eval,traditional_vocoder,,,,,,,,,ASVspoof2021_DF,HuggingFace redistribution,dataset_license
asvspoof2021_df_DF_E_3007660,DF_E_3007660,VCC2TM1,data/raw/audio/asvspoof2021_df/audio/DF_E_3007660.flac,0,bonafide,high_mp3,vcc2018,-,notrim,eval,bonafide,,,,,,,,,ASVspoof2021_DF,HuggingFace redistribution,dataset_license
asvspoof2021_df_DF_E_4664960,DF_E_4664960,TGF1,data/raw/audio/asvspoof2021_df/audio/DF_E_4664960.flac,1,spoof,low_ogg,vcc2020,Task2-team08,notrim,eval,traditional_vocoder,,,,,,,,,ASVspoof2021_DF,HuggingFace redistribution,dataset_license
asvspoof2021_df_DF_E_4706346,DF_E_4706346,TEF2,data/raw/audio/asvspoof2021_df/audio/DF_E_4706346.flac,1,spoof,low_m4a,vcc2020,Task1-team06,notrim,eval,traditional_vocoder,,,,,,,,,ASVspoof2021_DF,HuggingFace redistribution,dataset_license
asvspoof2021_df_DF_E_4699070,DF_E_4699070,LA_0029,data/raw/audio/asvspoof2021_df/audio/DF_E_4699070.flac,0,bonafide,high_ogg,asvspoof,-,notrim,eval,bonafide,,,,,,,,,ASVspoof2021_DF,HuggingFace redistribution,dataset_license
asvspoof2021_df_DF_E_4715992,DF_E_4715992,LA_0064,data/raw/audio/asvspoof2021_df/audio/DF_E_4715992.flac,0,bonafide,mp3m4a,asvspoof,-,notrim,eval,bonafide,,,,,,,,,ASVspoof2021_DF,HuggingFace redistribution,dataset_license
asvspoof2021_df_DF_E_3048736,DF_E_3048736,LA_0021,data/raw/audio/asvspoof2021_df/audio/DF_E_3048736.flac,0,bonafide,mp3m4a,asvspoof,-,notrim,eval,bonafide,,,,,,,,,ASVspoof2021_DF,HuggingFace redistribution,dataset_license
asvspoof2021_df_DF_E_2986371,DF_E_2986371,LA_0048,data/raw/audio/asvspoof2021_df/audio/DF_E_2986371.flac,0,bonafide,low_ogg,asvspoof,-,notrim,eval,bonafide,,,,,,,,,ASVspoof2021_DF,HuggingFace redistribution,dataset_license
asvspoof2021_df_DF_E_2989198,DF_E_2989198,TGF1,data/raw/audio/asvspoof2021_df/audio/DF_E_2989198.flac,1,spoof,low_m4a,vcc2020,Task2-team23,notrim,eval,neural_vocoder_autoregressive,,,,,,,,,ASVspoof2021_DF,HuggingFace redistribution,dataset_license
asvspoof2021_df_DF_E_4828753,DF_E_4828753,LA_0016,data/raw/audio/asvspoof2021_df/audio/DF_E_4828753.flac,0,bonafide,high_m4a,asvspoof,-,notrim,eval,bonafide,,,,,,,,,ASVspoof2021_DF,HuggingFace redistribution,dataset_license
asvspoof2021_df_DF_E_4514623,DF_E_4514623,TGF1,data/raw/audio/asvspoof2021_df/audio/DF_E_4514623.flac,1,spoof,low_ogg,vcc2020,Task2-team26,notrim,eval,traditional_vocoder,,,,,,,,,ASVspoof2021_DF,HuggingFace redistribution,dataset_license
asvspoof2021_df_DF_E_4819758,DF_E_4819758,TEM1,data/raw/audio/asvspoof2021_df/audio/DF_E_4819758.flac,1,spoof,mp3m4a,vcc2020,Task1-team10,notrim,eval,neural_vocoder_autoregressive,,,,,,,,,ASVspoof2021_DF,HuggingFace redistribution,dataset_license
asvspoof2021_df_DF_E_4710087,DF_E_4710087,LA_0004,data/raw/audio/asvspoof2021_df/audio/DF_E_4710087.flac,0,bonafide,low_ogg,asvspoof,-,notrim,eval,bonafide,,,,,,,,,ASVspoof2021_DF,HuggingFace redistribution,dataset_license
asvspoof2021_df_DF_E_4722959,DF_E_4722959,TGF1,data/raw/audio/asvspoof2021_df/audio/DF_E_4722959.flac,1,spoof,mp3m4a,vcc2020,Task2-team03,notrim,eval,neural_vocoder_autoregressive,,,,,,,,,ASVspoof2021_DF,HuggingFace redistribution,dataset_license
asvspoof2021_df_DF_E_4826554,DF_E_4826554,TFF1,data/raw/audio/asvspoof2021_df/audio/DF_E_4826554.flac,0,bonafide,oggm4a,vcc2020,-,notrim,eval,bonafide,,,,,,,,,ASVspoof2021_DF,HuggingFace redistribution,dataset_license
asvspoof2021_df_DF_E_3054860,DF_E_3054860,LA_0018,data/raw/audio/asvspoof2021_df/audio/DF_E_3054860.flac,0,bonafide,nocodec,asvspoof,-,notrim,eval,bonafide,,,,,,,,,ASVspoof2021_DF,HuggingFace redistribution,dataset_license
asvspoof2021_df_DF_E_4518164,DF_E_4518164,VCC2SM4,data/raw/audio/asvspoof2021_df/audio/DF_E_4518164.flac,0,bonafide,high_ogg,vcc2018,-,notrim,eval,bonafide,,,,,,,,,ASVspoof2021_DF,HuggingFace redistribution,dataset_license
asvspoof2021_df_DF_E_4717032,DF_E_4717032,VCC2TM2,data/raw/audio/asvspoof2021_df/audio/DF_E_4717032.flac,1,spoof,high_m4a,vcc2018,SPO-N06,notrim,eval,traditional_vocoder,,,,,,,,,ASVspoof2021_DF,HuggingFace redistribution,dataset_license
asvspoof2021_df_DF_E_4722280,DF_E_4722280,LA_0006,data/raw/audio/asvspoof2021_df/audio/DF_E_4722280.flac,0,bonafide,low_ogg,asvspoof,-,notrim,eval,bonafide,,,,,,,,,ASVspoof2021_DF,HuggingFace redistribution,dataset_license
asvspoof2021_df_DF_E_4539983,DF_E_4539983,LA_0021,data/raw/audio/asvspoof2021_df/audio/DF_E_4539983.flac,0,bonafide,high_mp3,asvspoof,-,notrim,eval,bonafide,,,,,,,,,ASVspoof2021_DF,HuggingFace redistribution,dataset_license
asvspoof2021_df_DF_E_2974889,DF_E_2974889,VCC2SF1,data/raw/audio/asvspoof2021_df/audio/DF_E_2974889.flac,0,bonafide,nocodec,vcc2018,-,notrim,eval,bonafide,,,,,,,,,ASVspoof2021_DF,HuggingFace redistribution,dataset_license
asvspoof2021_df_DF_E_2990006,DF_E_2990006,LA_0022,data/raw/audio/asvspoof2021_df/audio/DF_E_2990006.flac,0,bonafide,high_ogg,asvspoof,-,notrim,eval,bonafide,,,,,,,,,ASVspoof2021_DF,HuggingFace redistribution,dataset_license
asvspoof2021_df_DF_E_4833739,DF_E_4833739,TMM1,data/raw/audio/asvspoof2021_df/audio/DF_E_4833739.flac,1,spoof,oggm4a,vcc2020,Task2-team11,notrim,eval,neural_vocoder_autoregressive,,,,,,,,,ASVspoof2021_DF,HuggingFace redistribution,dataset_license
asvspoof2021_df_DF_E_4814762,DF_E_4814762,LA_0023,data/raw/audio/asvspoof2021_df/audio/DF_E_4814762.flac,0,bonafide,low_ogg,asvspoof,-,notrim,eval,bonafide,,,,,,,,,ASVspoof2021_DF,HuggingFace redistribution,dataset_license
asvspoof2021_df_DF_E_4697646,DF_E_4697646,LA_0043,data/raw/audio/asvspoof2021_df/audio/DF_E_4697646.flac,0,bonafide,high_mp3,asvspoof,-,notrim,eval,bonafide,,,,,,,,,ASVspoof2021_DF,HuggingFace redistribution,dataset_license
asvspoof2021_df_DF_E_4523447,DF_E_4523447,VCC2TM2,data/raw/audio/asvspoof2021_df/audio/DF_E_4523447.flac,1,spoof,high_ogg,vcc2018,SPO-B01,notrim,eval,traditional_vocoder,,,,,,,,,ASVspoof2021_DF,HuggingFace redistribution,dataset_license
asvspoof2021_df_DF_E_4846279,DF_E_4846279,TEF1,data/raw/audio/asvspoof2021_df/audio/DF_E_4846279.flac,1,spoof,high_m4a,vcc2020,Task1-team06,notrim,eval,traditional_vocoder,,,,,,,,,ASVspoof2021_DF,HuggingFace redistribution,dataset_license
asvspoof2021_df_DF_E_3000557,DF_E_3000557,VCC2TM2,data/raw/audio/asvspoof2021_df/audio/DF_E_3000557.flac,1,spoof,nocodec,vcc2018,HUB-B01,notrim,eval,traditional_vocoder,,,,,,,,,ASVspoof2021_DF,HuggingFace redistribution,dataset_license
asvspoof2021_df_DF_E_4723765,DF_E_4723765,VCC2SF1,data/raw/audio/asvspoof2021_df/audio/DF_E_4723765.flac,0,bonafide,high_m4a,vcc2018,-,notrim,eval,bonafide,,,,,,,,,ASVspoof2021_DF,HuggingFace redistribution,dataset_license
asvspoof2021_df_DF_E_4715990,DF_E_4715990,LA_0001,data/raw/audio/asvspoof2021_df/audio/DF_E_4715990.flac,1,spoof,mp3m4a,asvspoof,A10,notrim,eval,neural_vocoder_autoregressive,,,,,,,,,ASVspoof2021_DF,HuggingFace redistribution,dataset_license
asvspoof2021_df_DF_E_4830101,DF_E_4830101,VCC2TM2,data/raw/audio/asvspoof2021_df/audio/DF_E_4830101.flac,1,spoof,high_mp3,vcc2018,HUB-N07,notrim,eval,traditional_vocoder,,,,,,,,,ASVspoof2021_DF,HuggingFace redistribution,dataset_license
asvspoof2021_df_DF_E_4713931,DF_E_4713931,TMM1,data/raw/audio/asvspoof2021_df/audio/DF_E_4713931.flac,1,spoof,high_mp3,vcc2020,Task2-team08,notrim,eval,traditional_vocoder,,,,,,,,,ASVspoof2021_DF,HuggingFace redistribution,dataset_license
asvspoof2021_df_DF_E_4676186,DF_E_4676186,VCC2TF1,data/raw/audio/asvspoof2021_df/audio/DF_E_4676186.flac,1,spoof,high_m4a,vcc2018,SPO-N17,notrim,eval,neural_vocoder_autoregressive,,,,,,,,,ASVspoof2021_DF,HuggingFace redistribution,dataset_license
asvspoof2021_df_DF_E_2987643,DF_E_2987643,VCC2TM1,data/raw/audio/asvspoof2021_df/audio/DF_E_2987643.flac,1,spoof,high_mp3,vcc2018,HUB-N17,notrim,eval,neural_vocoder_autoregressive,,,,,,,,,ASVspoof2021_DF,HuggingFace redistribution,dataset_license
asvspoof2021_df_DF_E_3063041,DF_E_3063041,TEM2,data/raw/audio/asvspoof2021_df/audio/DF_E_3063041.flac,1,spoof,low_m4a,vcc2020,Task1-team16,notrim,eval,neural_vocoder_nonautoregressive,,,,,,,,,ASVspoof2021_DF,HuggingFace redistribution,dataset_license
asvspoof2021_df_DF_E_4513813,DF_E_4513813,VCC2TF2,data/raw/audio/asvspoof2021_df/audio/DF_E_4513813.flac,1,spoof,mp3m4a,vcc2018,SPO-N05,notrim,eval,traditional_vocoder,,,,,,,,,ASVspoof2021_DF,HuggingFace redistribution,dataset_license
asvspoof2021_df_DF_E_4514155,DF_E_4514155,TGM1,data/raw/audio/asvspoof2021_df/audio/DF_E_4514155.flac,0,bonafide,oggm4a,vcc2020,-,notrim,eval,bonafide,,,,,,,,,ASVspoof2021_DF,HuggingFace redistribution,dataset_license
asvspoof2021_df_DF_E_4518145,DF_E_4518145,LA_0036,data/raw/audio/asvspoof2021_df/audio/DF_E_4518145.flac,0,bonafide,oggm4a,asvspoof,-,notrim,eval,bonafide,,,,,,,,,ASVspoof2021_DF,HuggingFace redistribution,dataset_license
asvspoof2021_df_DF_E_4672960,DF_E_4672960,LA_0013,data/raw/audio/asvspoof2021_df/audio/DF_E_4672960.flac,0,bonafide,low_ogg,asvspoof,-,notrim,eval,bonafide,,,,,,,,,ASVspoof2021_DF,HuggingFace redistribution,dataset_license
asvspoof2021_df_DF_E_4712895,DF_E_4712895,LA_0002,data/raw/audio/asvspoof2021_df/audio/DF_E_4712895.flac,1,spoof,high_ogg,asvspoof,A10,notrim,eval,neural_vocoder_autoregressive,,,,,,,,,ASVspoof2021_DF,HuggingFace redistribution,dataset_license
asvspoof2021_df_DF_E_4543838,DF_E_4543838,VCC2TF2,data/raw/audio/asvspoof2021_df/audio/DF_E_4543838.flac,1,spoof,low_ogg,vcc2018,HUB-N19,notrim,eval,traditional_vocoder,,,,,,,,,ASVspoof2021_DF,HuggingFace redistribution,dataset_license
asvspoof2021_df_DF_E_4546539,DF_E_4546539,TFM1,data/raw/audio/asvspoof2021_df/audio/DF_E_4546539.flac,1,spoof,low_mp3,vcc2020,Task2-team18,notrim,eval,unknown,,,,,,,,,ASVspoof2021_DF,HuggingFace redistribution,dataset_license
asvspoof2021_df_DF_E_4736567,DF_E_4736567,LA_0043,data/raw/audio/asvspoof2021_df/audio/DF_E_4736567.flac,0,bonafide,mp3m4a,asvspoof,-,notrim,eval,bonafide,,,,,,,,,ASVspoof2021_DF,HuggingFace redistribution,dataset_license
asvspoof2021_df_DF_E_2980032,DF_E_2980032,VCC2TM2,data/raw/audio/asvspoof2021_df/audio/DF_E_2980032.flac,1,spoof,mp3m4a,vcc2018,HUB-N12,notrim,eval,traditional_vocoder,,,,,,,,,ASVspoof2021_DF,HuggingFace redistribution,dataset_license
asvspoof2021_df_DF_E_3005341,DF_E_3005341,LA_0011,data/raw/audio/asvspoof2021_df/audio/DF_E_3005341.flac,0,bonafide,mp3m4a,asvspoof,-,notrim,eval,bonafide,,,,,,,,,ASVspoof2021_DF,HuggingFace redistribution,dataset_license
asvspoof2021_df_DF_E_4847583,DF_E_4847583,LA_0020,data/raw/audio/asvspoof2021_df/audio/DF_E_4847583.flac,0,bonafide,low_m4a,asvspoof,-,notrim,eval,bonafide,,,,,,,,,ASVspoof2021_DF,HuggingFace redistribution,dataset_license
asvspoof2021_df_DF_E_4710558,DF_E_4710558,TGF1,data/raw/audio/asvspoof2021_df/audio/DF_E_4710558.flac,1,spoof,low_ogg,vcc2020,Task2-team13,notrim,eval,neural_vocoder_autoregressive,,,,,,,,,ASVspoof2021_DF,HuggingFace redistribution,dataset_license
asvspoof2021_df_DF_E_4539157,DF_E_4539157,TMF1,data/raw/audio/asvspoof2021_df/audio/DF_E_4539157.flac,1,spoof,oggm4a,vcc2020,Task2-team12,notrim,eval,traditional_vocoder,,,,,,,,,ASVspoof2021_DF,HuggingFace redistribution,dataset_license
asvspoof2021_df_DF_E_4839975,DF_E_4839975,SEF1,data/raw/audio/asvspoof2021_df/audio/DF_E_4839975.flac,0,bonafide,low_m4a,vcc2020,-,notrim,eval,bonafide,,,,,,,,,ASVspoof2021_DF,HuggingFace redistribution,dataset_license
asvspoof2021_df_DF_E_4722030,DF_E_4722030,LA_0005,data/raw/audio/asvspoof2021_df/audio/DF_E_4722030.flac,1,spoof,high_mp3,asvspoof,A11,notrim,eval,traditional_vocoder,,,,,,,,,ASVspoof2021_DF,HuggingFace redistribution,dataset_license
asvspoof2021_df_DF_E_2997202,DF_E_2997202,LA_0011,data/raw/audio/asvspoof2021_df/audio/DF_E_2997202.flac,0,bonafide,low_ogg,asvspoof,-,notrim,eval,bonafide,,,,,,,,,ASVspoof2021_DF,HuggingFace redistribution,dataset_license
asvspoof2021_df_DF_E_3065023,DF_E_3065023,LA_0013,data/raw/audio/asvspoof2021_df/audio/DF_E_3065023.flac,1,spoof,high_ogg,asvspoof,A13,notrim,eval,traditional_vocoder,,,,,,,,,ASVspoof2021_DF,HuggingFace redistribution,dataset_license
asvspoof2021_df_DF_E_4515241,DF_E_4515241,VCC2TF2,data/raw/audio/asvspoof2021_df/audio/DF_E_4515241.flac,0,bonafide,nocodec,vcc2018,-,notrim,eval,bonafide,,,,,,,,,ASVspoof2021_DF,HuggingFace redistribution,dataset_license
asvspoof2021_df_DF_E_4531114,DF_E_4531114,LA_0030,data/raw/audio/asvspoof2021_df/audio/DF_E_4531114.flac,0,bonafide,mp3m4a,asvspoof,-,notrim,eval,bonafide,,,,,,,,,ASVspoof2021_DF,HuggingFace redistribution,dataset_license
asvspoof2021_df_DF_E_3048586,DF_E_3048586,LA_0026,data/raw/audio/asvspoof2021_df/audio/DF_E_3048586.flac,0,bonafide,low_ogg,asvspoof,-,notrim,eval,bonafide,,,,,,,,,ASVspoof2021_DF,HuggingFace redistribution,dataset_license
asvspoof2021_df_DF_E_4689670,DF_E_4689670,LA_0014,data/raw/audio/asvspoof2021_df/audio/DF_E_4689670.flac,0,bonafide,oggm4a,asvspoof,-,notrim,eval,bonafide,,,,,,,,,ASVspoof2021_DF,HuggingFace redistribution,dataset_license
asvspoof2021_df_DF_E_4689244,DF_E_4689244,VCC2SM4,data/raw/audio/asvspoof2021_df/audio/DF_E_4689244.flac,0,bonafide,nocodec,vcc2018,-,notrim,eval,bonafide,,,,,,,,,ASVspoof2021_DF,HuggingFace redistribution,dataset_license
asvspoof2021_df_DF_E_4839394,DF_E_4839394,TEM1,data/raw/audio/asvspoof2021_df/audio/DF_E_4839394.flac,1,spoof,high_mp3,vcc2020,Task1-team28,notrim,eval,neural_vocoder_autoregressive,,,,,,,,,ASVspoof2021_DF,HuggingFace redistribution,dataset_license
asvspoof2021_df_DF_E_4681222,DF_E_4681222,TFM1,data/raw/audio/asvspoof2021_df/audio/DF_E_4681222.flac,0,bonafide,mp3m4a,vcc2020,-,notrim,eval,bonafide,,,,,,,,,ASVspoof2021_DF,HuggingFace redistribution,dataset_license
asvspoof2021_df_DF_E_4539994,DF_E_4539994,LA_0013,data/raw/audio/asvspoof2021_df/audio/DF_E_4539994.flac,0,bonafide,mp3m4a,asvspoof,-,notrim,eval,bonafide,,,,,,,,,ASVspoof2021_DF,HuggingFace redistribution,dataset_license
asvspoof2021_df_DF_E_4847130,DF_E_4847130,LA_0049,data/raw/audio/asvspoof2021_df/audio/DF_E_4847130.flac,0,bonafide,low_mp3,asvspoof,-,notrim,eval,bonafide,,,,,,,,,ASVspoof2021_DF,HuggingFace redistribution,dataset_license
asvspoof2021_df_DF_E_4695008,DF_E_4695008,VCC2TM2,data/raw/audio/asvspoof2021_df/audio/DF_E_4695008.flac,0,bonafide,low_m4a,vcc2018,-,notrim,eval,bonafide,,,,,,,,,ASVspoof2021_DF,HuggingFace redistribution,dataset_license
asvspoof2021_df_DF_E_4528164,DF_E_4528164,TEF2,data/raw/audio/asvspoof2021_df/audio/DF_E_4528164.flac,1,spoof,high_ogg,vcc2020,Task1-team26,notrim,eval,traditional_vocoder,,,,,,,,,ASVspoof2021_DF,HuggingFace redistribution,dataset_license
asvspoof2021_df_DF_E_4533556,DF_E_4533556,LA_0010,data/raw/audio/asvspoof2021_df/audio/DF_E_4533556.flac,0,bonafide,oggm4a,asvspoof,-,notrim,eval,bonafide,,,,,,,,,ASVspoof2021_DF,HuggingFace redistribution,dataset_license
asvspoof2021_df_DF_E_2988830,DF_E_2988830,VCC2SF1,data/raw/audio/asvspoof2021_df/audio/DF_E_2988830.flac,0,bonafide,low_ogg,vcc2018,-,notrim,eval,bonafide,,,,,,,,,ASVspoof2021_DF,HuggingFace redistribution,dataset_license
asvspoof2021_df_DF_E_4736885,DF_E_4736885,VCC2TM1,data/raw/audio/asvspoof2021_df/audio/DF_E_4736885.flac,1,spoof,low_m4a,vcc2018,SPO-N04,notrim,eval,traditional_vocoder,,,,,,,,,ASVspoof2021_DF,HuggingFace redistribution,dataset_license
asvspoof2021_df_DF_E_4521096,DF_E_4521096,TGF1,data/raw/audio/asvspoof2021_df/audio/DF_E_4521096.flac,0,bonafide,mp3m4a,vcc2020,-,notrim,eval,bonafide,,,,,,,,,ASVspoof2021_DF,HuggingFace redistribution,dataset_license
asvspoof2021_df_DF_E_3070229,DF_E_3070229,TGF1,data/raw/audio/asvspoof2021_df/audio/DF_E_3070229.flac,1,spoof,low_m4a,vcc2020,Task2-team23,notrim,eval,neural_vocoder_autoregressive,,,,,,,,,ASVspoof2021_DF,HuggingFace redistribution,dataset_license
asvspoof2021_df_DF_E_2976431,DF_E_2976431,LA_0026,data/raw/audio/asvspoof2021_df/audio/DF_E_2976431.flac,0,bonafide,oggm4a,asvspoof,-,notrim,eval,bonafide,,,,,,,,,ASVspoof2021_DF,HuggingFace redistribution,dataset_license
asvspoof2021_df_DF_E_4832424,DF_E_4832424,LA_0022,data/raw/audio/asvspoof2021_df/audio/DF_E_4832424.flac,1,spoof,low_ogg,asvspoof,A18,notrim,eval,traditional_vocoder,,,,,,,,,ASVspoof2021_DF,HuggingFace redistribution,dataset_license
asvspoof2021_df_DF_E_4817977,DF_E_4817977,TMF1,data/raw/audio/asvspoof2021_df/audio/DF_E_4817977.flac,1,spoof,low_m4a,vcc2020,Task2-team06,notrim,eval,traditional_vocoder,,,,,,,,,ASVspoof2021_DF,HuggingFace redistribution,dataset_license
asvspoof2021_df_DF_E_4706584,DF_E_4706584,LA_0036,data/raw/audio/asvspoof2021_df/audio/DF_E_4706584.flac,0,bonafide,high_m4a,asvspoof,-,notrim,eval,bonafide,,,,,,,,,ASVspoof2021_DF,HuggingFace redistribution,dataset_license
asvspoof2021_df_DF_E_4676931,DF_E_4676931,TEM2,data/raw/audio/asvspoof2021_df/audio/DF_E_4676931.flac,0,bonafide,low_mp3,vcc2020,-,notrim,eval,bonafide,,,,,,,,,ASVspoof2021_DF,HuggingFace redistribution,dataset_license
asvspoof2021_df_DF_E_4824374,DF_E_4824374,LA_0013,data/raw/audio/asvspoof2021_df/audio/DF_E_4824374.flac,0,bonafide,mp3m4a,asvspoof,-,notrim,eval,bonafide,,,,,,,,,ASVspoof2021_DF,HuggingFace redistribution,dataset_license
asvspoof2021_df_DF_E_4735579,DF_E_4735579,VCC2SM1,data/raw/audio/asvspoof2021_df/audio/DF_E_4735579.flac,0,bonafide,high_mp3,vcc2018,-,notrim,eval,bonafide,,,,,,,,,ASVspoof2021_DF,HuggingFace redistribution,dataset_license
asvspoof2021_df_DF_E_4671726,DF_E_4671726,LA_0018,data/raw/audio/asvspoof2021_df/audio/DF_E_4671726.flac,0,bonafide,low_ogg,asvspoof,-,notrim,eval,bonafide,,,,,,,,,ASVspoof2021_DF,HuggingFace redistribution,dataset_license
asvspoof2021_df_DF_E_4843691,DF_E_4843691,LA_0039,data/raw/audio/asvspoof2021_df/audio/DF_E_4843691.flac,0,bonafide,high_ogg,asvspoof,-,notrim,eval,bonafide,,,,,,,,,ASVspoof2021_DF,HuggingFace redistribution,dataset_license
asvspoof2021_df_DF_E_3058064,DF_E_3058064,VCC2SF4,data/raw/audio/asvspoof2021_df/audio/DF_E_3058064.flac,0,bonafide,oggm4a,vcc2018,-,notrim,eval,bonafide,,,,,,,,,ASVspoof2021_DF,HuggingFace redistribution,dataset_license
asvspoof2021_df_DF_E_4683041,DF_E_4683041,LA_0014,data/raw/audio/asvspoof2021_df/audio/DF_E_4683041.flac,0,bonafide,high_ogg,asvspoof,-,notrim,eval,bonafide,,,,,,,,,ASVspoof2021_DF,HuggingFace redistribution,dataset_license
asvspoof2021_df_DF_E_4694098,DF_E_4694098,SEF1,data/raw/audio/asvspoof2021_df/audio/DF_E_4694098.flac,0,bonafide,high_mp3,vcc2020,-,notrim,eval,bonafide,,,,,,,,,ASVspoof2021_DF,HuggingFace redistribution,dataset_license
asvspoof2021_df_DF_E_2981657,DF_E_2981657,TEF2,data/raw/audio/asvspoof2021_df/audio/DF_E_2981657.flac,1,spoof,low_m4a,vcc2020,Task1-team03,notrim,eval,neural_vocoder_autoregressive,,,,,,,,,ASVspoof2021_DF,HuggingFace redistribution,dataset_license
asvspoof2021_df_DF_E_4528746,DF_E_4528746,TFM1,data/raw/audio/asvspoof2021_df/audio/DF_E_4528746.flac,0,bonafide,high_ogg,vcc2020,-,notrim,eval,bonafide,,,,,,,,,ASVspoof2021_DF,HuggingFace redistribution,dataset_license
asvspoof2021_df_DF_E_2983125,DF_E_2983125,TEM1,data/raw/audio/asvspoof2021_df/audio/DF_E_2983125.flac,1,spoof,high_ogg,vcc2020,Task1-team03,notrim,eval,neural_vocoder_autoregressive,,,,,,,,,ASVspoof2021_DF,HuggingFace redistribution,dataset_license
asvspoof2021_df_DF_E_4678725,DF_E_4678725,VCC2TM2,data/raw/audio/asvspoof2021_df/audio/DF_E_4678725.flac,1,spoof,low_mp3,vcc2018,SPO-N18,notrim,eval,traditional_vocoder,,,,,,,,,ASVspoof2021_DF,HuggingFace redistribution,dataset_license
asvspoof2021_df_DF_E_4824234,DF_E_4824234,VCC2SF2,data/raw/audio/asvspoof2021_df/audio/DF_E_4824234.flac,0,bonafide,nocodec,vcc2018,-,notrim,eval,bonafide,,,,,,,,,ASVspoof2021_DF,HuggingFace redistribution,dataset_license
asvspoof2021_df_DF_E_3068906,DF_E_3068906,VCC2SM1,data/raw/audio/asvspoof2021_df/audio/DF_E_3068906.flac,0,bonafide,high_mp3,vcc2018,-,notrim,eval,bonafide,,,,,,,,,ASVspoof2021_DF,HuggingFace redistribution,dataset_license
asvspoof2021_df_DF_E_4721579,DF_E_4721579,TFM1,data/raw/audio/asvspoof2021_df/audio/DF_E_4721579.flac,0,bonafide,high_ogg,vcc2020,-,notrim,eval,bonafide,,,,,,,,,ASVspoof2021_DF,HuggingFace redistribution,dataset_license
asvspoof2021_df_DF_E_4530852,DF_E_4530852,LA_0001,data/raw/audio/asvspoof2021_df/audio/DF_E_4530852.flac,1,spoof,mp3m4a,asvspoof,A08,notrim,eval,neural_vocoder_nonautoregressive,,,,,,,,,ASVspoof2021_DF,HuggingFace redistribution,dataset_license
asvspoof2021_df_DF_E_4547858,DF_E_4547858,LA_0019,data/raw/audio/asvspoof2021_df/audio/DF_E_4547858.flac,0,bonafide,high_ogg,asvspoof,-,notrim,eval,bonafide,,,,,,,,,ASVspoof2021_DF,HuggingFace redistribution,dataset_license
asvspoof2021_df_DF_E_4706924,DF_E_4706924,LA_0053,data/raw/audio/asvspoof2021_df/audio/DF_E_4706924.flac,0,bonafide,low_mp3,asvspoof,-,notrim,eval,bonafide,,,,,,,,,ASVspoof2021_DF,HuggingFace redistribution,dataset_license
asvspoof2021_df_DF_E_4664715,DF_E_4664715,LA_0068,data/raw/audio/asvspoof2021_df/audio/DF_E_4664715.flac,0,bonafide,mp3m4a,asvspoof,-,notrim,eval,bonafide,,,,,,,,,ASVspoof2021_DF,HuggingFace redistribution,dataset_license
asvspoof2021_df_DF_E_4535861,DF_E_4535861,VCC2TM2,data/raw/audio/asvspoof2021_df/audio/DF_E_4535861.flac,0,bonafide,low_mp3,vcc2018,-,notrim,eval,bonafide,,,,,,,,,ASVspoof2021_DF,HuggingFace redistribution,dataset_license
asvspoof2021_df_DF_E_4720275,DF_E_4720275,VCC2SM2,data/raw/audio/asvspoof2021_df/audio/DF_E_4720275.flac,0,bonafide,nocodec,vcc2018,-,notrim,eval,bonafide,,,,,,,,,ASVspoof2021_DF,HuggingFace redistribution,dataset_license
asvspoof2021_df_DF_E_4534189,DF_E_4534189,VCC2SF2,data/raw/audio/asvspoof2021_df/audio/DF_E_4534189.flac,0,bonafide,nocodec,vcc2018,-,notrim,eval,bonafide,,,,,,,,,ASVspoof2021_DF,HuggingFace redistribution,dataset_license
asvspoof2021_df_DF_E_4735480,DF_E_4735480,TEF2,data/raw/audio/asvspoof2021_df/audio/DF_E_4735480.flac,1,spoof,oggm4a,vcc2020,Task1-team30,notrim,eval,unknown,,,,,,,,,ASVspoof2021_DF,HuggingFace redistribution,dataset_license
asvspoof2021_df_DF_E_4848961,DF_E_4848961,VCC2TM2,data/raw/audio/asvspoof2021_df/audio/DF_E_4848961.flac,1,spoof,high_mp3,vcc2018,HUB-D02,notrim,eval,traditional_vocoder,,,,,,,,,ASVspoof2021_DF,HuggingFace redistribution,dataset_license
asvspoof2021_df_DF_E_4826410,DF_E_4826410,LA_0047,data/raw/audio/asvspoof2021_df/audio/DF_E_4826410.flac,1,spoof,oggm4a,asvspoof,A18,notrim,eval,traditional_vocoder,,,,,,,,,ASVspoof2021_DF,HuggingFace redistribution,dataset_license
asvspoof2021_df_DF_E_3002631,DF_E_3002631,TEF2,data/raw/audio/asvspoof2021_df/audio/DF_E_3002631.flac,1,spoof,high_mp3,vcc2020,Task1-team17,notrim,eval,neural_vocoder_nonautoregressive,,,,,,,,,ASVspoof2021_DF,HuggingFace redistribution,dataset_license
asvspoof2021_df_DF_E_4543310,DF_E_4543310,TMM1,data/raw/audio/asvspoof2021_df/audio/DF_E_4543310.flac,1,spoof,high_ogg,vcc2020,Task2-team18,notrim,eval,unknown,,,,,,,,,ASVspoof2021_DF,HuggingFace redistribution,dataset_license
asvspoof2021_df_DF_E_4706595,DF_E_4706595,LA_0040,data/raw/audio/asvspoof2021_df/audio/DF_E_4706595.flac,0,bonafide,low_mp3,asvspoof,-,notrim,eval,bonafide,,,,,,,,,ASVspoof2021_DF,HuggingFace redistribution,dataset_license
asvspoof2021_df_DF_E_4690791,DF_E_4690791,TEF1,data/raw/audio/asvspoof2021_df/audio/DF_E_4690791.flac,1,spoof,nocodec,vcc2020,Task1-team13,notrim,eval,neural_vocoder_autoregressive,,,,,,,,,ASVspoof2021_DF,HuggingFace redistribution,dataset_license
asvspoof2021_df_DF_E_3005646,DF_E_3005646,LA_0034,data/raw/audio/asvspoof2021_df/audio/DF_E_3005646.flac,0,bonafide,low_ogg,asvspoof,-,notrim,eval,bonafide,,,,,,,,,ASVspoof2021_DF,HuggingFace redistribution,dataset_license
asvspoof2021_df_DF_E_4548693,DF_E_4548693,TFF1,data/raw/audio/asvspoof2021_df/audio/DF_E_4548693.flac,1,spoof,low_mp3,vcc2020,Task2-team33,notrim,eval,neural_vocoder_nonautoregressive,,,,,,,,,ASVspoof2021_DF,HuggingFace redistribution,dataset_license
asvspoof2021_df_DF_E_4696531,DF_E_4696531,LA_0030,data/raw/audio/asvspoof2021_df/audio/DF_E_4696531.flac,1,spoof,low_ogg,asvspoof,A15,notrim,eval,neural_vocoder_autoregressive,,,,,,,,,ASVspoof2021_DF,HuggingFace redistribution,dataset_license
asvspoof2021_df_DF_E_4842274,DF_E_4842274,LA_0013,data/raw/audio/asvspoof2021_df/audio/DF_E_4842274.flac,0,bonafide,mp3m4a,asvspoof,-,notrim,eval,bonafide,,,,,,,,,ASVspoof2021_DF,HuggingFace redistribution,dataset_license
asvspoof2021_df_DF_E_2993601,DF_E_2993601,VCC2TM1,data/raw/audio/asvspoof2021_df/audio/DF_E_2993601.flac,1,spoof,high_mp3,vcc2018,SPO-N05,notrim,eval,traditional_vocoder,,,,,,,,,ASVspoof2021_DF,HuggingFace redistribution,dataset_license
asvspoof2021_df_DF_E_3068440,DF_E_3068440,TEF1,data/raw/audio/asvspoof2021_df/audio/DF_E_3068440.flac,1,spoof,oggm4a,vcc2020,Task1-team18,notrim,eval,unknown,,,,,,,,,ASVspoof2021_DF,HuggingFace redistribution,dataset_license
asvspoof2021_df_DF_E_4717656,DF_E_4717656,VCC2SM3,data/raw/audio/asvspoof2021_df/audio/DF_E_4717656.flac,0,bonafide,high_mp3,vcc2018,-,notrim,eval,bonafide,,,,,,,,,ASVspoof2021_DF,HuggingFace redistribution,dataset_license
asvspoof2021_df_DF_E_3082682,DF_E_3082682,VCC2SM2,data/raw/audio/asvspoof2021_df/audio/DF_E_3082682.flac,0,bonafide,high_mp3,vcc2018,-,notrim,eval,bonafide,,,,,,,,,ASVspoof2021_DF,HuggingFace redistribution,dataset_license
asvspoof2021_df_DF_E_2990114,DF_E_2990114,TEM1,data/raw/audio/asvspoof2021_df/audio/DF_E_2990114.flac,1,spoof,high_m4a,vcc2020,Task1-team03,notrim,eval,neural_vocoder_autoregressive,,,,,,,,,ASVspoof2021_DF,HuggingFace redistribution,dataset_license
asvspoof2021_df_DF_E_4539250,DF_E_4539250,LA_0036,data/raw/audio/asvspoof2021_df/audio/DF_E_4539250.flac,1,spoof,mp3m4a,asvspoof,A14,notrim,eval,traditional_vocoder,,,,,,,,,ASVspoof2021_DF,HuggingFace redistribution,dataset_license
asvspoof2021_df_DF_E_4844667,DF_E_4844667,VCC2TM2,data/raw/audio/asvspoof2021_df/audio/DF_E_4844667.flac,1,spoof,low_m4a,vcc2018,HUB-N12,notrim,eval,traditional_vocoder,,,,,,,,,ASVspoof2021_DF,HuggingFace redistribution,dataset_license
asvspoof2021_df_DF_E_4694866,DF_E_4694866,TFM1,data/raw/audio/asvspoof2021_df/audio/DF_E_4694866.flac,1,spoof,low_m4a,vcc2020,Task2-team02,notrim,eval,neural_vocoder_nonautoregressive,,,,,,,,,ASVspoof2021_DF,HuggingFace redistribution,dataset_license
asvspoof2021_df_DF_E_4536391,DF_E_4536391,VCC2TF2,data/raw/audio/asvspoof2021_df/audio/DF_E_4536391.flac,1,spoof,oggm4a,vcc2018,HUB-N19,notrim,eval,traditional_vocoder,,,,,,,,,ASVspoof2021_DF,HuggingFace redistribution,dataset_license
asvspoof2021_df_DF_E_3076746,DF_E_3076746,SEF1,data/raw/audio/asvspoof2021_df/audio/DF_E_3076746.flac,0,bonafide,low_mp3,vcc2020,-,notrim,eval,bonafide,,,,,,,,,ASVspoof2021_DF,HuggingFace redistribution,dataset_license
asvspoof2021_df_DF_E_2975484,DF_E_2975484,VCC2TM2,data/raw/audio/asvspoof2021_df/audio/DF_E_2975484.flac,1,spoof,low_m4a,vcc2018,HUB-D03,notrim,eval,traditional_vocoder,,,,,,,,,ASVspoof2021_DF,HuggingFace redistribution,dataset_license
asvspoof2021_df_DF_E_4694639,DF_E_4694639,LA_0045,data/raw/audio/asvspoof2021_df/audio/DF_E_4694639.flac,0,bonafide,high_ogg,asvspoof,-,notrim,eval,bonafide,,,,,,,,,ASVspoof2021_DF,HuggingFace redistribution,dataset_license
asvspoof2021_df_DF_E_4672990,DF_E_4672990,VCC2TM2,data/raw/audio/asvspoof2021_df/audio/DF_E_4672990.flac,1,spoof,low_mp3,vcc2018,HUB-N07,notrim,eval,traditional_vocoder,,,,,,,,,ASVspoof2021_DF,HuggingFace redistribution,dataset_license
asvspoof2021_df_DF_E_4842821,DF_E_4842821,TEF1,data/raw/audio/asvspoof2021_df/audio/DF_E_4842821.flac,1,spoof,low_mp3,vcc2020,Task1-team11,notrim,eval,neural_vocoder_autoregressive,,,,,,,,,ASVspoof2021_DF,HuggingFace redistribution,dataset_license
asvspoof2021_df_DF_E_4717064,DF_E_4717064,TEM1,data/raw/audio/asvspoof2021_df/audio/DF_E_4717064.flac,1,spoof,low_ogg,vcc2020,Task1-team22,notrim,eval,neural_vocoder_nonautoregressive,,,,,,,,,ASVspoof2021_DF,HuggingFace redistribution,dataset_license
asvspoof2021_df_DF_E_3057830,DF_E_3057830,LA_0017,data/raw/audio/asvspoof2021_df/audio/DF_E_3057830.flac,0,bonafide,oggm4a,asvspoof,-,notrim,eval,bonafide,,,,,,,,,ASVspoof2021_DF,HuggingFace redistribution,dataset_license
asvspoof2021_df_DF_E_4688486,DF_E_4688486,TMM1,data/raw/audio/asvspoof2021_df/audio/DF_E_4688486.flac,0,bonafide,nocodec,vcc2020,-,notrim,eval,bonafide,,,,,,,,,ASVspoof2021_DF,HuggingFace redistribution,dataset_license
asvspoof2021_df_DF_E_4813282,DF_E_4813282,TMM1,data/raw/audio/asvspoof2021_df/audio/DF_E_4813282.flac,1,spoof,oggm4a,vcc2020,Task2-team06,notrim,eval,traditional_vocoder,,,,,,,,,ASVspoof2021_DF,HuggingFace redistribution,dataset_license
asvspoof2021_df_DF_E_2976778,DF_E_2976778,LA_0030,data/raw/audio/asvspoof2021_df/audio/DF_E_2976778.flac,1,spoof,low_ogg,asvspoof,A19,notrim,eval,traditional_vocoder,,,,,,,,,ASVspoof2021_DF,HuggingFace redistribution,dataset_license
asvspoof2021_df_DF_E_3061888,DF_E_3061888,LA_0057,data/raw/audio/asvspoof2021_df/audio/DF_E_3061888.flac,0,bonafide,high_m4a,asvspoof,-,notrim,eval,bonafide,,,,,,,,,ASVspoof2021_DF,HuggingFace redistribution,dataset_license
asvspoof2021_df_DF_E_4681873,DF_E_4681873,LA_0040,data/raw/audio/asvspoof2021_df/audio/DF_E_4681873.flac,0,bonafide,high_mp3,asvspoof,-,notrim,eval,bonafide,,,,,,,,,ASVspoof2021_DF,HuggingFace redistribution,dataset_license
asvspoof2021_df_DF_E_4526533,DF_E_4526533,SEM2,data/raw/audio/asvspoof2021_df/audio/DF_E_4526533.flac,0,bonafide,low_m4a,vcc2020,-,notrim,eval,bonafide,,,,,,,,,ASVspoof2021_DF,HuggingFace redistribution,dataset_license
asvspoof2021_df_DF_E_4734476,DF_E_4734476,VCC2SF4,data/raw/audio/asvspoof2021_df/audio/DF_E_4734476.flac,0,bonafide,low_mp3,vcc2018,-,notrim,eval,bonafide,,,,,,,,,ASVspoof2021_DF,HuggingFace redistribution,dataset_license
asvspoof2021_df_DF_E_4700015,DF_E_4700015,VCC2SF4,data/raw/audio/asvspoof2021_df/audio/DF_E_4700015.flac,0,bonafide,nocodec,vcc2018,-,notrim,eval,bonafide,,,,,,,,,ASVspoof2021_DF,HuggingFace redistribution,dataset_license
asvspoof2021_df_DF_E_4828054,DF_E_4828054,LA_0024,data/raw/audio/asvspoof2021_df/audio/DF_E_4828054.flac,0,bonafide,high_ogg,asvspoof,-,notrim,eval,bonafide,,,,,,,,,ASVspoof2021_DF,HuggingFace redistribution,dataset_license
asvspoof2021_df_DF_E_4842081,DF_E_4842081,LA_0025,data/raw/audio/asvspoof2021_df/audio/DF_E_4842081.flac,0,bonafide,high_m4a,asvspoof,-,notrim,eval,bonafide,,,,,,,,,ASVspoof2021_DF,HuggingFace redistribution,dataset_license
asvspoof2021_df_DF_E_4822850,DF_E_4822850,TMM1,data/raw/audio/asvspoof2021_df/audio/DF_E_4822850.flac,1,spoof,oggm4a,vcc2020,Task2-team27,notrim,eval,neural_vocoder_nonautoregressive,,,,,,,,,ASVspoof2021_DF,HuggingFace redistribution,dataset_license
asvspoof2021_df_DF_E_4843038,DF_E_4843038,LA_0031,data/raw/audio/asvspoof2021_df/audio/DF_E_4843038.flac,0,bonafide,high_ogg,asvspoof,-,notrim,eval,bonafide,,,,,,,,,ASVspoof2021_DF,HuggingFace redistribution,dataset_license
asvspoof2021_df_DF_E_4836956,DF_E_4836956,TEF1,data/raw/audio/asvspoof2021_df/audio/DF_E_4836956.flac,0,bonafide,high_ogg,vcc2020,-,notrim,eval,bonafide,,,,,,,,,ASVspoof2021_DF,HuggingFace redistribution,dataset_license
asvspoof2021_df_DF_E_3063600,DF_E_3063600,VCC2TM2,data/raw/audio/asvspoof2021_df/audio/DF_E_3063600.flac,1,spoof,low_ogg,vcc2018,HUB-D05,notrim,eval,traditional_vocoder,,,,,,,,,ASVspoof2021_DF,HuggingFace redistribution,dataset_license
asvspoof2021_df_DF_E_4521045,DF_E_4521045,LA_0042,data/raw/audio/asvspoof2021_df/audio/DF_E_4521045.flac,0,bonafide,high_ogg,asvspoof,-,notrim,eval,bonafide,,,,,,,,,ASVspoof2021_DF,HuggingFace redistribution,dataset_license
asvspoof2021_df_DF_E_4736045,DF_E_4736045,LA_0045,data/raw/audio/asvspoof2021_df/audio/DF_E_4736045.flac,1,spoof,low_mp3,asvspoof,A11,notrim,eval,traditional_vocoder,,,,,,,,,ASVspoof2021_DF,HuggingFace redistribution,dataset_license
asvspoof2021_df_DF_E_4518700,DF_E_4518700,TFM1,data/raw/audio/asvspoof2021_df/audio/DF_E_4518700.flac,1,spoof,high_m4a,vcc2020,Task2-team19,notrim,eval,neural_vocoder_nonautoregressive,,,,,,,,,ASVspoof2021_DF,HuggingFace redistribution,dataset_license
asvspoof2021_df_DF_E_2975682,DF_E_2975682,LA_0044,data/raw/audio/asvspoof2021_df/audio/DF_E_2975682.flac,0,bonafide,high_mp3,asvspoof,-,notrim,eval,bonafide,,,,,,,,,ASVspoof2021_DF,HuggingFace redistribution,dataset_license
asvspoof2021_df_DF_E_3083145,DF_E_3083145,LA_0003,data/raw/audio/asvspoof2021_df/audio/DF_E_3083145.flac,1,spoof,low_ogg,asvspoof,A12,notrim,eval,neural_vocoder_autoregressive,,,,,,,,,ASVspoof2021_DF,HuggingFace redistribution,dataset_license
asvspoof2021_df_DF_E_3062858,DF_E_3062858,TFM1,data/raw/audio/asvspoof2021_df/audio/DF_E_3062858.flac,0,bonafide,nocodec,vcc2020,-,notrim,eval,bonafide,,,,,,,,,ASVspoof2021_DF,HuggingFace redistribution,dataset_license
asvspoof2021_df_DF_E_4826307,DF_E_4826307,LA_0043,data/raw/audio/asvspoof2021_df/audio/DF_E_4826307.flac,0,bonafide,high_ogg,asvspoof,-,notrim,eval,bonafide,,,,,,,,,ASVspoof2021_DF,HuggingFace redistribution,dataset_license
asvspoof2021_df_DF_E_4524866,DF_E_4524866,LA_0007,data/raw/audio/asvspoof2021_df/audio/DF_E_4524866.flac,0,bonafide,high_mp3,asvspoof,-,notrim,eval,bonafide,,,,,,,,,ASVspoof2021_DF,HuggingFace redistribution,dataset_license
asvspoof2021_df_DF_E_4532899,DF_E_4532899,VCC2TF2,data/raw/audio/asvspoof2021_df/audio/DF_E_4532899.flac,1,spoof,low_mp3,vcc2018,SPO-N10,notrim,eval,neural_vocoder_autoregressive,,,,,,,,,ASVspoof2021_DF,HuggingFace redistribution,dataset_license
asvspoof2021_df_DF_E_4712144,DF_E_4712144,VCC2TF1,data/raw/audio/asvspoof2021_df/audio/DF_E_4712144.flac,1,spoof,low_ogg,vcc2018,HUB-N17,notrim,eval,neural_vocoder_autoregressive,,,,,,,,,ASVspoof2021_DF,HuggingFace redistribution,dataset_license
asvspoof2021_df_DF_E_4694561,DF_E_4694561,LA_0026,data/raw/audio/asvspoof2021_df/audio/DF_E_4694561.flac,0,bonafide,low_m4a,asvspoof,-,notrim,eval,bonafide,,,,,,,,,ASVspoof2021_DF,HuggingFace redistribution,dataset_license
asvspoof2021_df_DF_E_4716775,DF_E_4716775,LA_0019,data/raw/audio/asvspoof2021_df/audio/DF_E_4716775.flac,0,bonafide,low_ogg,asvspoof,-,notrim,eval,bonafide,,,,,,,,,ASVspoof2021_DF,HuggingFace redistribution,dataset_license
asvspoof2021_df_DF_E_3083304,DF_E_3083304,VCC2TM1,data/raw/audio/asvspoof2021_df/audio/DF_E_3083304.flac,1,spoof,mp3m4a,vcc2018,HUB-B01,notrim,eval,traditional_vocoder,,,,,,,,,ASVspoof2021_DF,HuggingFace redistribution,dataset_license
asvspoof2021_df_DF_E_4729059,DF_E_4729059,LA_0044,data/raw/audio/asvspoof2021_df/audio/DF_E_4729059.flac,0,bonafide,oggm4a,asvspoof,-,notrim,eval,bonafide,,,,,,,,,ASVspoof2021_DF,HuggingFace redistribution,dataset_license
asvspoof2021_df_DF_E_4843919,DF_E_4843919,LA_0008,data/raw/audio/asvspoof2021_df/audio/DF_E_4843919.flac,0,bonafide,nocodec,asvspoof,-,notrim,eval,bonafide,,,,,,,,,ASVspoof2021_DF,HuggingFace redistribution,dataset_license
asvspoof2021_df_DF_E_2983786,DF_E_2983786,LA_0022,data/raw/audio/asvspoof2021_df/audio/DF_E_2983786.flac,1,spoof,high_ogg,asvspoof,A07,notrim,eval,traditional_vocoder,,,,,,,,,ASVspoof2021_DF,HuggingFace redistribution,dataset_license
asvspoof2021_df_DF_E_3006597,DF_E_3006597,VCC2SF4,data/raw/audio/asvspoof2021_df/audio/DF_E_3006597.flac,0,bonafide,oggm4a,vcc2018,-,notrim,eval,bonafide,,,,,,,,,ASVspoof2021_DF,HuggingFace redistribution,dataset_license
asvspoof2021_df_DF_E_4512854,DF_E_4512854,TEF1,data/raw/audio/asvspoof2021_df/audio/DF_E_4512854.flac,0,bonafide,low_m4a,vcc2020,-,notrim,eval,bonafide,,,,,,,,,ASVspoof2021_DF,HuggingFace redistribution,dataset_license
asvspoof2021_df_DF_E_2981804,DF_E_2981804,TEM2,data/raw/audio/asvspoof2021_df/audio/DF_E_2981804.flac,1,spoof,low_mp3,vcc2020,Task1-team30,notrim,eval,unknown,,,,,,,,,ASVspoof2021_DF,HuggingFace redistribution,dataset_license
asvspoof2021_df_DF_E_3085412,DF_E_3085412,LA_0002,data/raw/audio/asvspoof2021_df/audio/DF_E_3085412.flac,0,bonafide,high_ogg,asvspoof,-,notrim,eval,bonafide,,,,,,,,,ASVspoof2021_DF,HuggingFace redistribution,dataset_license
asvspoof2021_df_DF_E_4539192,DF_E_4539192,LA_0059,data/raw/audio/asvspoof2021_df/audio/DF_E_4539192.flac,0,bonafide,high_ogg,asvspoof,-,notrim,eval,bonafide,,,,,,,,,ASVspoof2021_DF,HuggingFace redistribution,dataset_license
asvspoof2021_df_DF_E_2989194,DF_E_2989194,VCC2TF1,data/raw/audio/asvspoof2021_df/audio/DF_E_2989194.flac,1,spoof,high_ogg,vcc2018,SPO-N03,notrim,eval,unknown,,,,,,,,,ASVspoof2021_DF,HuggingFace redistribution,dataset_license
asvspoof2021_df_DF_E_4537649,DF_E_4537649,LA_0018,data/raw/audio/asvspoof2021_df/audio/DF_E_4537649.flac,0,bonafide,oggm4a,asvspoof,-,notrim,eval,bonafide,,,,,,,,,ASVspoof2021_DF,HuggingFace redistribution,dataset_license
asvspoof2021_df_DF_E_4733747,DF_E_4733747,TFM1,data/raw/audio/asvspoof2021_df/audio/DF_E_4733747.flac,1,spoof,high_ogg,vcc2020,Task2-team18,notrim,eval,unknown,,,,,,,,,ASVspoof2021_DF,HuggingFace redistribution,dataset_license
asvspoof2021_df_DF_E_4837034,DF_E_4837034,LA_0030,data/raw/audio/asvspoof2021_df/audio/DF_E_4837034.flac,0,bonafide,high_mp3,asvspoof,-,notrim,eval,bonafide,,,,,,,,,ASVspoof2021_DF,HuggingFace redistribution,dataset_license
asvspoof2021_df_DF_E_4512639,DF_E_4512639,TMM1,data/raw/audio/asvspoof2021_df/audio/DF_E_4512639.flac,1,spoof,low_m4a,vcc2020,Task2-team33,notrim,eval,neural_vocoder_nonautoregressive,,,,,,,,,ASVspoof2021_DF,HuggingFace redistribution,dataset_license
asvspoof2021_df_DF_E_3068407,DF_E_3068407,VCC2TM2,data/raw/audio/asvspoof2021_df/audio/DF_E_3068407.flac,1,spoof,high_ogg,vcc2018,SPO-B01,notrim,eval,traditional_vocoder,,,,,,,,,ASVspoof2021_DF,HuggingFace redistribution,dataset_license
asvspoof2021_df_DF_E_4842280,DF_E_4842280,TGM1,data/raw/audio/asvspoof2021_df/audio/DF_E_4842280.flac,1,spoof,high_mp3,vcc2020,Task2-team26,notrim,eval,traditional_vocoder,,,,,,,,,ASVspoof2021_DF,HuggingFace redistribution,dataset_license
asvspoof2021_df_DF_E_4522550,DF_E_4522550,TEM2,data/raw/audio/asvspoof2021_df/audio/DF_E_4522550.flac,1,spoof,mp3m4a,vcc2020,Task1-team30,notrim,eval,unknown,,,,,,,,,ASVspoof2021_DF,HuggingFace redistribution,dataset_license
asvspoof2021_df_DF_E_4711931,DF_E_4711931,TFF1,data/raw/audio/asvspoof2021_df/audio/DF_E_4711931.flac,1,spoof,oggm4a,vcc2020,Task2-team26,notrim,eval,traditional_vocoder,,,,,,,,,ASVspoof2021_DF,HuggingFace redistribution,dataset_license
asvspoof2021_df_DF_E_3053418,DF_E_3053418,TFF1,data/raw/audio/asvspoof2021_df/audio/DF_E_3053418.flac,1,spoof,high_m4a,vcc2020,Task2-team12,notrim,eval,traditional_vocoder,,,,,,,,,ASVspoof2021_DF,HuggingFace redistribution,dataset_license
asvspoof2021_df_DF_E_2981539,DF_E_2981539,VCC2TM1,data/raw/audio/asvspoof2021_df/audio/DF_E_2981539.flac,1,spoof,oggm4a,vcc2018,HUB-N19,notrim,eval,traditional_vocoder,,,,,,,,,ASVspoof2021_DF,HuggingFace redistribution,dataset_license
asvspoof2021_df_DF_E_4524410,DF_E_4524410,LA_0010,data/raw/audio/asvspoof2021_df/audio/DF_E_4524410.flac,0,bonafide,high_ogg,asvspoof,-,notrim,eval,bonafide,,,,,,,,,ASVspoof2021_DF,HuggingFace redistribution,dataset_license
asvspoof2021_df_DF_E_4832229,DF_E_4832229,TEM2,data/raw/audio/asvspoof2021_df/audio/DF_E_4832229.flac,1,spoof,low_m4a,vcc2020,Task1-team09,notrim,eval,neural_vocoder_nonautoregressive,,,,,,,,,ASVspoof2021_DF,HuggingFace redistribution,dataset_license
asvspoof2021_df_DF_E_2997656,DF_E_2997656,LA_0039,data/raw/audio/asvspoof2021_df/audio/DF_E_2997656.flac,0,bonafide,low_ogg,asvspoof,-,notrim,eval,bonafide,,,,,,,,,ASVspoof2021_DF,HuggingFace redistribution,dataset_license
asvspoof2021_df_DF_E_2992563,DF_E_2992563,VCC2SM1,data/raw/audio/asvspoof2021_df/audio/DF_E_2992563.flac,0,bonafide,high_mp3,vcc2018,-,notrim,eval,bonafide,,,,,,,,,ASVspoof2021_DF,HuggingFace redistribution,dataset_license
asvspoof2021_df_DF_E_4817468,DF_E_4817468,LA_0030,data/raw/audio/asvspoof2021_df/audio/DF_E_4817468.flac,0,bonafide,high_mp3,asvspoof,-,notrim,eval,bonafide,,,,,,,,,ASVspoof2021_DF,HuggingFace redistribution,dataset_license
asvspoof2021_df_DF_E_3008870,DF_E_3008870,TFF1,data/raw/audio/asvspoof2021_df/audio/DF_E_3008870.flac,1,spoof,low_m4a,vcc2020,Task2-team24,notrim,eval,neural_vocoder_autoregressive,,,,,,,,,ASVspoof2021_DF,HuggingFace redistribution,dataset_license
asvspoof2021_df_DF_E_4830462,DF_E_4830462,TMM1,data/raw/audio/asvspoof2021_df/audio/DF_E_4830462.flac,1,spoof,oggm4a,vcc2020,Task2-team22,notrim,eval,neural_vocoder_nonautoregressive,,,,,,,,,ASVspoof2021_DF,HuggingFace redistribution,dataset_license
asvspoof2021_df_DF_E_4540771,DF_E_4540771,TMM1,data/raw/audio/asvspoof2021_df/audio/DF_E_4540771.flac,0,bonafide,high_mp3,vcc2020,-,notrim,eval,bonafide,,,,,,,,,ASVspoof2021_DF,HuggingFace redistribution,dataset_license
asvspoof2021_df_DF_E_3005020,DF_E_3005020,LA_0040,data/raw/audio/asvspoof2021_df/audio/DF_E_3005020.flac,0,bonafide,mp3m4a,asvspoof,-,notrim,eval,bonafide,,,,,,,,,ASVspoof2021_DF,HuggingFace redistribution,dataset_license
asvspoof2021_df_DF_E_3061863,DF_E_3061863,TFF1,data/raw/audio/asvspoof2021_df/audio/DF_E_3061863.flac,1,spoof,low_ogg,vcc2020,Task2-team09,notrim,eval,neural_vocoder_nonautoregressive,,,,,,,,,ASVspoof2021_DF,HuggingFace redistribution,dataset_license
asvspoof2021_df_DF_E_4715156,DF_E_4715156,LA_0032,data/raw/audio/asvspoof2021_df/audio/DF_E_4715156.flac,0,bonafide,nocodec,asvspoof,-,notrim,eval,bonafide,,,,,,,,,ASVspoof2021_DF,HuggingFace redistribution,dataset_license
asvspoof2021_df_DF_E_4848489,DF_E_4848489,LA_0021,data/raw/audio/asvspoof2021_df/audio/DF_E_4848489.flac,0,bonafide,mp3m4a,asvspoof,-,notrim,eval,bonafide,,,,,,,,,ASVspoof2021_DF,HuggingFace redistribution,dataset_license
asvspoof2021_df_DF_E_4662705,DF_E_4662705,TEF1,data/raw/audio/asvspoof2021_df/audio/DF_E_4662705.flac,0,bonafide,low_mp3,vcc2020,-,notrim,eval,bonafide,,,,,,,,,ASVspoof2021_DF,HuggingFace redistribution,dataset_license
asvspoof2021_df_DF_E_4667340,DF_E_4667340,VCC2TF2,data/raw/audio/asvspoof2021_df/audio/DF_E_4667340.flac,0,bonafide,nocodec,vcc2018,-,notrim,eval,bonafide,,,,,,,,,ASVspoof2021_DF,HuggingFace redistribution,dataset_license
asvspoof2021_df_DF_E_2989093,DF_E_2989093,LA_0013,data/raw/audio/asvspoof2021_df/audio/DF_E_2989093.flac,0,bonafide,nocodec,asvspoof,-,notrim,eval,bonafide,,,,,,,,,ASVspoof2021_DF,HuggingFace redistribution,dataset_license
asvspoof2021_df_DF_E_3057176,DF_E_3057176,VCC2SM1,data/raw/audio/asvspoof2021_df/audio/DF_E_3057176.flac,0,bonafide,oggm4a,vcc2018,-,notrim,eval,bonafide,,,,,,,,,ASVspoof2021_DF,HuggingFace redistribution,dataset_license
asvspoof2021_df_DF_E_3049185,DF_E_3049185,TGM1,data/raw/audio/asvspoof2021_df/audio/DF_E_3049185.flac,1,spoof,low_ogg,vcc2020,Task2-team15,notrim,eval,neural_vocoder_nonautoregressive,,,,,,,,,ASVspoof2021_DF,HuggingFace redistribution,dataset_license
asvspoof2021_df_DF_E_4547450,DF_E_4547450,TMM1,data/raw/audio/asvspoof2021_df/audio/DF_E_4547450.flac,0,bonafide,nocodec,vcc2020,-,notrim,eval,bonafide,,,,,,,,,ASVspoof2021_DF,HuggingFace redistribution,dataset_license
asvspoof2021_df_DF_E_4676842,DF_E_4676842,VCC2TF1,data/raw/audio/asvspoof2021_df/audio/DF_E_4676842.flac,1,spoof,high_mp3,vcc2018,SPO-N18,notrim,eval,traditional_vocoder,,,,,,,,,ASVspoof2021_DF,HuggingFace redistribution,dataset_license
asvspoof2021_df_DF_E_4529528,DF_E_4529528,LA_0016,data/raw/audio/asvspoof2021_df/audio/DF_E_4529528.flac,0,bonafide,oggm4a,asvspoof,-,notrim,eval,bonafide,,,,,,,,,ASVspoof2021_DF,HuggingFace redistribution,dataset_license
asvspoof2021_df_DF_E_4708598,DF_E_4708598,TFM1,data/raw/audio/asvspoof2021_df/audio/DF_E_4708598.flac,0,bonafide,low_mp3,vcc2020,-,notrim,eval,bonafide,,,,,,,,,ASVspoof2021_DF,HuggingFace redistribution,dataset_license
asvspoof2021_df_DF_E_4701464,DF_E_4701464,VCC2TM1,data/raw/audio/asvspoof2021_df/audio/DF_E_4701464.flac,1,spoof,low_ogg,vcc2018,SPO-N05,notrim,eval,traditional_vocoder,,,,,,,,,ASVspoof2021_DF,HuggingFace redistribution,dataset_license
asvspoof2021_df_DF_E_2991815,DF_E_2991815,LA_0026,data/raw/audio/asvspoof2021_df/audio/DF_E_2991815.flac,0,bonafide,mp3m4a,asvspoof,-,notrim,eval,bonafide,,,,,,,,,ASVspoof2021_DF,HuggingFace redistribution,dataset_license
asvspoof2021_df_DF_E_2994593,DF_E_2994593,TFF1,data/raw/audio/asvspoof2021_df/audio/DF_E_2994593.flac,0,bonafide,oggm4a,vcc2020,-,notrim,eval,bonafide,,,,,,,,,ASVspoof2021_DF,HuggingFace redistribution,dataset_license
asvspoof2021_df_DF_E_4835746,DF_E_4835746,TMM1,data/raw/audio/asvspoof2021_df/audio/DF_E_4835746.flac,0,bonafide,low_ogg,vcc2020,-,notrim,eval,bonafide,,,,,,,,,ASVspoof2021_DF,HuggingFace redistribution,dataset_license
asvspoof2021_df_DF_E_4846497,DF_E_4846497,LA_0013,data/raw/audio/asvspoof2021_df/audio/DF_E_4846497.flac,0,bonafide,low_ogg,asvspoof,-,notrim,eval,bonafide,,,,,,,,,ASVspoof2021_DF,HuggingFace redistribution,dataset_license
asvspoof2021_df_DF_E_4533182,DF_E_4533182,LA_0001,data/raw/audio/asvspoof2021_df/audio/DF_E_4533182.flac,1,spoof,low_ogg,asvspoof,A11,notrim,eval,traditional_vocoder,,,,,,,,,ASVspoof2021_DF,HuggingFace redistribution,dataset_license
asvspoof2021_df_DF_E_3070531,DF_E_3070531,VCC2TM2,data/raw/audio/asvspoof2021_df/audio/DF_E_3070531.flac,1,spoof,nocodec,vcc2018,HUB-D02,notrim,eval,traditional_vocoder,,,,,,,,,ASVspoof2021_DF,HuggingFace redistribution,dataset_license
asvspoof2021_df_DF_E_3050470,DF_E_3050470,VCC2SF3,data/raw/audio/asvspoof2021_df/audio/DF_E_3050470.flac,0,bonafide,nocodec,vcc2018,-,notrim,eval,bonafide,,,,,,,,,ASVspoof2021_DF,HuggingFace redistribution,dataset_license
asvspoof2021_df_DF_E_4515666,DF_E_4515666,TGM1,data/raw/audio/asvspoof2021_df/audio/DF_E_4515666.flac,1,spoof,high_ogg,vcc2020,Task2-team06,notrim,eval,traditional_vocoder,,,,,,,,,ASVspoof2021_DF,HuggingFace redistribution,dataset_license
asvspoof2021_df_DF_E_4666921,DF_E_4666921,LA_0036,data/raw/audio/asvspoof2021_df/audio/DF_E_4666921.flac,0,bonafide,mp3m4a,asvspoof,-,notrim,eval,bonafide,,,,,,,,,ASVspoof2021_DF,HuggingFace redistribution,dataset_license
asvspoof2021_df_DF_E_4697796,DF_E_4697796,TGF1,data/raw/audio/asvspoof2021_df/audio/DF_E_4697796.flac,0,bonafide,high_mp3,vcc2020,-,notrim,eval,bonafide,,,,,,,,,ASVspoof2021_DF,HuggingFace redistribution,dataset_license
asvspoof2021_df_DF_E_3076712,DF_E_3076712,VCC2SF1,data/raw/audio/asvspoof2021_df/audio/DF_E_3076712.flac,0,bonafide,low_ogg,vcc2018,-,notrim,eval,bonafide,,,,,,,,,ASVspoof2021_DF,HuggingFace redistribution,dataset_license
asvspoof2021_df_DF_E_4737481,DF_E_4737481,TMF1,data/raw/audio/asvspoof2021_df/audio/DF_E_4737481.flac,0,bonafide,high_m4a,vcc2020,-,notrim,eval,bonafide,,,,,,,,,ASVspoof2021_DF,HuggingFace redistribution,dataset_license
asvspoof2021_df_DF_E_4526821,DF_E_4526821,VCC2TM2,data/raw/audio/asvspoof2021_df/audio/DF_E_4526821.flac,1,spoof,high_ogg,vcc2018,HUB-D02,notrim,eval,traditional_vocoder,,,,,,,,,ASVspoof2021_DF,HuggingFace redistribution,dataset_license
asvspoof2021_df_DF_E_3080481,DF_E_3080481,TGM1,data/raw/audio/asvspoof2021_df/audio/DF_E_3080481.flac,1,spoof,nocodec,vcc2020,Task2-team07,notrim,eval,neural_vocoder_autoregressive,,,,,,,,,ASVspoof2021_DF,HuggingFace redistribution,dataset_license
asvspoof2021_df_DF_E_3054564,DF_E_3054564,LA_0060,data/raw/audio/asvspoof2021_df/audio/DF_E_3054564.flac,0,bonafide,low_ogg,asvspoof,-,notrim,eval,bonafide,,,,,,,,,ASVspoof2021_DF,HuggingFace redistribution,dataset_license
asvspoof2021_df_DF_E_4682612,DF_E_4682612,LA_0030,data/raw/audio/asvspoof2021_df/audio/DF_E_4682612.flac,0,bonafide,low_ogg,asvspoof,-,notrim,eval,bonafide,,,,,,,,,ASVspoof2021_DF,HuggingFace redistribution,dataset_license
asvspoof2021_df_DF_E_4833006,DF_E_4833006,TMF1,data/raw/audio/asvspoof2021_df/audio/DF_E_4833006.flac,1,spoof,low_ogg,vcc2020,Task2-team15,notrim,eval,neural_vocoder_nonautoregressive,,,,,,,,,ASVspoof2021_DF,HuggingFace redistribution,dataset_license
asvspoof2021_df_DF_E_2990122,DF_E_2990122,LA_0015,data/raw/audio/asvspoof2021_df/audio/DF_E_2990122.flac,0,bonafide,low_ogg,asvspoof,-,notrim,eval,bonafide,,,,,,,,,ASVspoof2021_DF,HuggingFace redistribution,dataset_license
asvspoof2021_df_DF_E_4679949,DF_E_4679949,TEF1,data/raw/audio/asvspoof2021_df/audio/DF_E_4679949.flac,0,bonafide,low_m4a,vcc2020,-,notrim,eval,bonafide,,,,,,,,,ASVspoof2021_DF,HuggingFace redistribution,dataset_license
asvspoof2021_df_DF_E_4534967,DF_E_4534967,LA_0024,data/raw/audio/asvspoof2021_df/audio/DF_E_4534967.flac,0,bonafide,oggm4a,asvspoof,-,notrim,eval,bonafide,,,,,,,,,ASVspoof2021_DF,HuggingFace redistribution,dataset_license
asvspoof2021_df_DF_E_2996800,DF_E_2996800,TEM1,data/raw/audio/asvspoof2021_df/audio/DF_E_2996800.flac,1,spoof,high_m4a,vcc2020,Task1-team26,notrim,eval,traditional_vocoder,,,,,,,,,ASVspoof2021_DF,HuggingFace redistribution,dataset_license
asvspoof2021_df_DF_E_3073258,DF_E_3073258,VCC2TF1,data/raw/audio/asvspoof2021_df/audio/DF_E_3073258.flac,1,spoof,low_mp3,vcc2018,HUB-N04,notrim,eval,traditional_vocoder,,,,,,,,,ASVspoof2021_DF,HuggingFace redistribution,dataset_license
asvspoof2021_df_DF_E_4681757,DF_E_4681757,VCC2SF2,data/raw/audio/asvspoof2021_df/audio/DF_E_4681757.flac,0,bonafide,nocodec,vcc2018,-,notrim,eval,bonafide,,,,,,,,,ASVspoof2021_DF,HuggingFace redistribution,dataset_license
asvspoof2021_df_DF_E_4710838,DF_E_4710838,LA_0046,data/raw/audio/asvspoof2021_df/audio/DF_E_4710838.flac,0,bonafide,high_ogg,asvspoof,-,notrim,eval,bonafide,,,,,,,,,ASVspoof2021_DF,HuggingFace redistribution,dataset_license
asvspoof2021_df_DF_E_4815931,DF_E_4815931,VCC2TM2,data/raw/audio/asvspoof2021_df/audio/DF_E_4815931.flac,1,spoof,oggm4a,vcc2018,HUB-D01,notrim,eval,traditional_vocoder,,,,,,,,,ASVspoof2021_DF,HuggingFace redistribution,dataset_license
asvspoof2021_df_DF_E_3069972,DF_E_3069972,LA_0008,data/raw/audio/asvspoof2021_df/audio/DF_E_3069972.flac,0,bonafide,high_ogg,asvspoof,-,notrim,eval,bonafide,,,,,,,,,ASVspoof2021_DF,HuggingFace redistribution,dataset_license
asvspoof2021_df_DF_E_4671087,DF_E_4671087,TMF1,data/raw/audio/asvspoof2021_df/audio/DF_E_4671087.flac,1,spoof,low_mp3,vcc2020,Task2-team33,notrim,eval,neural_vocoder_nonautoregressive,,,,,,,,,ASVspoof2021_DF,HuggingFace redistribution,dataset_license
asvspoof2021_df_DF_E_4817931,DF_E_4817931,LA_0033,data/raw/audio/asvspoof2021_df/audio/DF_E_4817931.flac,0,bonafide,mp3m4a,asvspoof,-,notrim,eval,bonafide,,,,,,,,,ASVspoof2021_DF,HuggingFace redistribution,dataset_license
asvspoof2021_df_DF_E_2978371,DF_E_2978371,VCC2TM2,data/raw/audio/asvspoof2021_df/audio/DF_E_2978371.flac,1,spoof,oggm4a,vcc2018,HUB-N11,notrim,eval,traditional_vocoder,,,,,,,,,ASVspoof2021_DF,HuggingFace redistribution,dataset_license
asvspoof2021_df_DF_E_4838468,DF_E_4838468,VCC2TM1,data/raw/audio/asvspoof2021_df/audio/DF_E_4838468.flac,1,spoof,mp3m4a,vcc2018,HUB-D02,notrim,eval,traditional_vocoder,,,,,,,,,ASVspoof2021_DF,HuggingFace redistribution,dataset_license
asvspoof2021_df_DF_E_4847828,DF_E_4847828,LA_0003,data/raw/audio/asvspoof2021_df/audio/DF_E_4847828.flac,1,spoof,high_mp3,asvspoof,A14,notrim,eval,traditional_vocoder,,,,,,,,,ASVspoof2021_DF,HuggingFace redistribution,dataset_license
asvspoof2021_df_DF_E_3075050,DF_E_3075050,LA_0046,data/raw/audio/asvspoof2021_df/audio/DF_E_3075050.flac,0,bonafide,low_ogg,asvspoof,-,notrim,eval,bonafide,,,,,,,,,ASVspoof2021_DF,HuggingFace redistribution,dataset_license
asvspoof2021_df_DF_E_4843864,DF_E_4843864,TEM2,data/raw/audio/asvspoof2021_df/audio/DF_E_4843864.flac,0,bonafide,high_m4a,vcc2020,-,notrim,eval,bonafide,,,,,,,,,ASVspoof2021_DF,HuggingFace redistribution,dataset_license
asvspoof2021_df_DF_E_4531090,DF_E_4531090,VCC2SF4,data/raw/audio/asvspoof2021_df/audio/DF_E_4531090.flac,0,bonafide,high_m4a,vcc2018,-,notrim,eval,bonafide,,,,,,,,,ASVspoof2021_DF,HuggingFace redistribution,dataset_license
asvspoof2021_df_DF_E_4850205,DF_E_4850205,VCC2SF1,data/raw/audio/asvspoof2021_df/audio/DF_E_4850205.flac,0,bonafide,low_m4a,vcc2018,-,notrim,eval,bonafide,,,,,,,,,ASVspoof2021_DF,HuggingFace redistribution,dataset_license
asvspoof2021_df_DF_E_2991802,DF_E_2991802,TFF1,data/raw/audio/asvspoof2021_df/audio/DF_E_2991802.flac,0,bonafide,high_ogg,vcc2020,-,notrim,eval,bonafide,,,,,,,,,ASVspoof2021_DF,HuggingFace redistribution,dataset_license
asvspoof2021_df_DF_E_4736807,DF_E_4736807,TEM2,data/raw/audio/asvspoof2021_df/audio/DF_E_4736807.flac,1,spoof,oggm4a,vcc2020,Task1-team33,notrim,eval,neural_vocoder_nonautoregressive,,,,,,,,,ASVspoof2021_DF,HuggingFace redistribution,dataset_license
asvspoof2021_df_DF_E_4701152,DF_E_4701152,TMM1,data/raw/audio/asvspoof2021_df/audio/DF_E_4701152.flac,1,spoof,low_mp3,vcc2020,Task2-team31,notrim,eval,neural_vocoder_nonautoregressive,,,,,,,,,ASVspoof2021_DF,HuggingFace redistribution,dataset_license
asvspoof2021_df_DF_E_4668622,DF_E_4668622,TMM1,data/raw/audio/asvspoof2021_df/audio/DF_E_4668622.flac,1,spoof,low_m4a,vcc2020,Task2-team15,notrim,eval,neural_vocoder_nonautoregressive,,,,,,,,,ASVspoof2021_DF,HuggingFace redistribution,dataset_license
asvspoof2021_df_DF_E_4828531,DF_E_4828531,TFM1,data/raw/audio/asvspoof2021_df/audio/DF_E_4828531.flac,1,spoof,oggm4a,vcc2020,Task2-team10,notrim,eval,neural_vocoder_autoregressive,,,,,,,,,ASVspoof2021_DF,HuggingFace redistribution,dataset_license
asvspoof2021_df_DF_E_2977303,DF_E_2977303,TEM2,data/raw/audio/asvspoof2021_df/audio/DF_E_2977303.flac,1,spoof,high_ogg,vcc2020,Task1-team24,notrim,eval,neural_vocoder_autoregressive,,,,,,,,,ASVspoof2021_DF,HuggingFace redistribution,dataset_license
asvspoof2021_df_DF_E_4673090,DF_E_4673090,LA_0051,data/raw/audio/asvspoof2021_df/audio/DF_E_4673090.flac,0,bonafide,low_ogg,asvspoof,-,notrim,eval,bonafide,,,,,,,,,ASVspoof2021_DF,HuggingFace redistribution,dataset_license
asvspoof2021_df_DF_E_4675385,DF_E_4675385,TMM1,data/raw/audio/asvspoof2021_df/audio/DF_E_4675385.flac,1,spoof,mp3m4a,vcc2020,Task2-team18,notrim,eval,unknown,,,,,,,,,ASVspoof2021_DF,HuggingFace redistribution,dataset_license
asvspoof2021_df_DF_E_4524335,DF_E_4524335,TGM1,data/raw/audio/asvspoof2021_df/audio/DF_E_4524335.flac,0,bonafide,nocodec,vcc2020,-,notrim,eval,bonafide,,,,,,,,,ASVspoof2021_DF,HuggingFace redistribution,dataset_license
asvspoof2021_df_DF_E_4535497,DF_E_4535497,TEM2,data/raw/audio/asvspoof2021_df/audio/DF_E_4535497.flac,1,spoof,low_ogg,vcc2020,Task1-team26,notrim,eval,traditional_vocoder,,,,,,,,,ASVspoof2021_DF,HuggingFace redistribution,dataset_license
asvspoof2021_df_DF_E_2974032,DF_E_2974032,LA_0003,data/raw/audio/asvspoof2021_df/audio/DF_E_2974032.flac,0,bonafide,low_ogg,asvspoof,-,notrim,eval,bonafide,,,,,,,,,ASVspoof2021_DF,HuggingFace redistribution,dataset_license
asvspoof2021_df_DF_E_4695770,DF_E_4695770,LA_0048,data/raw/audio/asvspoof2021_df/audio/DF_E_4695770.flac,0,bonafide,high_ogg,asvspoof,-,notrim,eval,bonafide,,,,,,,,,ASVspoof2021_DF,HuggingFace redistribution,dataset_license
asvspoof2021_df_DF_E_2999820,DF_E_2999820,TMF1,data/raw/audio/asvspoof2021_df/audio/DF_E_2999820.flac,1,spoof,high_mp3,vcc2020,Task2-team32,notrim,eval,neural_vocoder_autoregressive,,,,,,,,,ASVspoof2021_DF,HuggingFace redistribution,dataset_license
asvspoof2021_df_DF_E_4736978,DF_E_4736978,TGF1,data/raw/audio/asvspoof2021_df/audio/DF_E_4736978.flac,1,spoof,oggm4a,vcc2020,Task2-team26,notrim,eval,traditional_vocoder,,,,,,,,,ASVspoof2021_DF,HuggingFace redistribution,dataset_license
asvspoof2021_df_DF_E_4674823,DF_E_4674823,TGF1,data/raw/audio/asvspoof2021_df/audio/DF_E_4674823.flac,0,bonafide,oggm4a,vcc2020,-,notrim,eval,bonafide,,,,,,,,,ASVspoof2021_DF,HuggingFace redistribution,dataset_license
asvspoof2021_df_DF_E_4691145,DF_E_4691145,SEF2,data/raw/audio/asvspoof2021_df/audio/DF_E_4691145.flac,0,bonafide,low_ogg,vcc2020,-,notrim,eval,bonafide,,,,,,,,,ASVspoof2021_DF,HuggingFace redistribution,dataset_license
asvspoof2021_df_DF_E_4670983,DF_E_4670983,LA_0028,data/raw/audio/asvspoof2021_df/audio/DF_E_4670983.flac,0,bonafide,high_mp3,asvspoof,-,notrim,eval,bonafide,,,,,,,,,ASVspoof2021_DF,HuggingFace redistribution,dataset_license
asvspoof2021_df_DF_E_3066438,DF_E_3066438,VCC2TM1,data/raw/audio/asvspoof2021_df/audio/DF_E_3066438.flac,1,spoof,oggm4a,vcc2018,HUB-N17,notrim,eval,neural_vocoder_autoregressive,,,,,,,,,ASVspoof2021_DF,HuggingFace redistribution,dataset_license
asvspoof2021_df_DF_E_4840953,DF_E_4840953,LA_0040,data/raw/audio/asvspoof2021_df/audio/DF_E_4840953.flac,0,bonafide,low_ogg,asvspoof,-,notrim,eval,bonafide,,,,,,,,,ASVspoof2021_DF,HuggingFace redistribution,dataset_license
asvspoof2021_df_DF_E_3055816,DF_E_3055816,TGF1,data/raw/audio/asvspoof2021_df/audio/DF_E_3055816.flac,1,spoof,oggm4a,vcc2020,Task2-team06,notrim,eval,traditional_vocoder,,,,,,,,,ASVspoof2021_DF,HuggingFace redistribution,dataset_license
asvspoof2021_df_DF_E_4831694,DF_E_4831694,LA_0004,data/raw/audio/asvspoof2021_df/audio/DF_E_4831694.flac,0,bonafide,mp3m4a,asvspoof,-,notrim,eval,bonafide,,,,,,,,,ASVspoof2021_DF,HuggingFace redistribution,dataset_license
asvspoof2021_df_DF_E_4693987,DF_E_4693987,LA_0067,data/raw/audio/asvspoof2021_df/audio/DF_E_4693987.flac,0,bonafide,low_ogg,asvspoof,-,notrim,eval,bonafide,,,,,,,,,ASVspoof2021_DF,HuggingFace redistribution,dataset_license
asvspoof2021_df_DF_E_4547982,DF_E_4547982,LA_0023,data/raw/audio/asvspoof2021_df/audio/DF_E_4547982.flac,0,bonafide,oggm4a,asvspoof,-,notrim,eval,bonafide,,,,,,,,,ASVspoof2021_DF,HuggingFace redistribution,dataset_license
asvspoof2021_df_DF_E_3050057,DF_E_3050057,VCC2TF1,data/raw/audio/asvspoof2021_df/audio/DF_E_3050057.flac,1,spoof,high_ogg,vcc2018,HUB-N11,notrim,eval,traditional_vocoder,,,,,,,,,ASVspoof2021_DF,HuggingFace redistribution,dataset_license
asvspoof2021_df_DF_E_4524373,DF_E_4524373,VCC2TM1,data/raw/audio/asvspoof2021_df/audio/DF_E_4524373.flac,1,spoof,low_m4a,vcc2018,HUB-N11,notrim,eval,traditional_vocoder,,,,,,,,,ASVspoof2021_DF,HuggingFace redistribution,dataset_license
asvspoof2021_df_DF_E_4825045,DF_E_4825045,LA_0007,data/raw/audio/asvspoof2021_df/audio/DF_E_4825045.flac,0,bonafide,low_ogg,asvspoof,-,notrim,eval,bonafide,,,,,,,,,ASVspoof2021_DF,HuggingFace redistribution,dataset_license
asvspoof2021_df_DF_E_4670491,DF_E_4670491,LA_0008,data/raw/audio/asvspoof2021_df/audio/DF_E_4670491.flac,0,bonafide,low_m4a,asvspoof,-,notrim,eval,bonafide,,,,,,,,,ASVspoof2021_DF,HuggingFace redistribution,dataset_license
asvspoof2021_df_DF_E_4692713,DF_E_4692713,TMM1,data/raw/audio/asvspoof2021_df/audio/DF_E_4692713.flac,1,spoof,high_mp3,vcc2020,Task2-team12,notrim,eval,traditional_vocoder,,,,,,,,,ASVspoof2021_DF,HuggingFace redistribution,dataset_license
asvspoof2021_df_DF_E_3080316,DF_E_3080316,VCC2TM2,data/raw/audio/asvspoof2021_df/audio/DF_E_3080316.flac,1,spoof,nocodec,vcc2018,HUB-N08,notrim,eval,traditional_vocoder,,,,,,,,,ASVspoof2021_DF,HuggingFace redistribution,dataset_license
asvspoof2021_df_DF_E_3065436,DF_E_3065436,LA_0044,data/raw/audio/asvspoof2021_df/audio/DF_E_3065436.flac,0,bonafide,oggm4a,asvspoof,-,notrim,eval,bonafide,,,,,,,,,ASVspoof2021_DF,HuggingFace redistribution,dataset_license
asvspoof2021_df_DF_E_2995996,DF_E_2995996,TEF1,data/raw/audio/asvspoof2021_df/audio/DF_E_2995996.flac,1,spoof,low_ogg,vcc2020,Task1-team21,notrim,eval,neural_vocoder_nonautoregressive,,,,,,,,,ASVspoof2021_DF,HuggingFace redistribution,dataset_license
asvspoof2021_df_DF_E_3009030,DF_E_3009030,TFM1,data/raw/audio/asvspoof2021_df/audio/DF_E_3009030.flac,1,spoof,nocodec,vcc2020,Task2-team20,notrim,eval,neural_vocoder_nonautoregressive,,,,,,,,,ASVspoof2021_DF,HuggingFace redistribution,dataset_license
asvspoof2021_df_DF_E_4693620,DF_E_4693620,VCC2TF1,data/raw/audio/asvspoof2021_df/audio/DF_E_4693620.flac,1,spoof,low_m4a,vcc2018,HUB-N12,notrim,eval,traditional_vocoder,,,,,,,,,ASVspoof2021_DF,HuggingFace redistribution,dataset_license
asvspoof2021_df_DF_E_4718336,DF_E_4718336,VCC2TF1,data/raw/audio/asvspoof2021_df/audio/DF_E_4718336.flac,1,spoof,nocodec,vcc2018,HUB-N06,notrim,eval,traditional_vocoder,,,,,,,,,ASVspoof2021_DF,HuggingFace redistribution,dataset_license
asvspoof2021_df_DF_E_4823365,DF_E_4823365,TEF1,data/raw/audio/asvspoof2021_df/audio/DF_E_4823365.flac,1,spoof,nocodec,vcc2020,Task1-team03,notrim,eval,neural_vocoder_autoregressive,,,,,,,,,ASVspoof2021_DF,HuggingFace redistribution,dataset_license
asvspoof2021_df_DF_E_4548100,DF_E_4548100,LA_0040,data/raw/audio/asvspoof2021_df/audio/DF_E_4548100.flac,1,spoof,mp3m4a,asvspoof,A17,notrim,eval,traditional_vocoder,,,,,,,,,ASVspoof2021_DF,HuggingFace redistribution,dataset_license
asvspoof2021_df_DF_E_4839312,DF_E_4839312,VCC2TM2,data/raw/audio/asvspoof2021_df/audio/DF_E_4839312.flac,0,bonafide,oggm4a,vcc2018,-,notrim,eval,bonafide,,,,,,,,,ASVspoof2021_DF,HuggingFace redistribution,dataset_license
asvspoof2021_df_DF_E_2984942,DF_E_2984942,VCC2SM3,data/raw/audio/asvspoof2021_df/audio/DF_E_2984942.flac,0,bonafide,low_mp3,vcc2018,-,notrim,eval,bonafide,,,,,,,,,ASVspoof2021_DF,HuggingFace redistribution,dataset_license
asvspoof2021_df_DF_E_4540588,DF_E_4540588,TMM1,data/raw/audio/asvspoof2021_df/audio/DF_E_4540588.flac,0,bonafide,nocodec,vcc2020,-,notrim,eval,bonafide,,,,,,,,,ASVspoof2021_DF,HuggingFace redistribution,dataset_license
asvspoof2021_df_DF_E_4814563,DF_E_4814563,TEF2,data/raw/audio/asvspoof2021_df/audio/DF_E_4814563.flac,1,spoof,high_ogg,vcc2020,Task1-team30,notrim,eval,unknown,,,,,,,,,ASVspoof2021_DF,HuggingFace redistribution,dataset_license
asvspoof2021_df_DF_E_4706396,DF_E_4706396,TEM2,data/raw/audio/asvspoof2021_df/audio/DF_E_4706396.flac,1,spoof,high_mp3,vcc2020,Task1-team17,notrim,eval,neural_vocoder_nonautoregressive,,,,,,,,,ASVspoof2021_DF,HuggingFace redistribution,dataset_license
asvspoof2021_df_DF_E_2985758,DF_E_2985758,VCC2TM1,data/raw/audio/asvspoof2021_df/audio/DF_E_2985758.flac,1,spoof,low_ogg,vcc2018,SPO-N06,notrim,eval,traditional_vocoder,,,,,,,,,ASVspoof2021_DF,HuggingFace redistribution,dataset_license
asvspoof2021_df_DF_E_4725893,DF_E_4725893,VCC2TM1,data/raw/audio/asvspoof2021_df/audio/DF_E_4725893.flac,1,spoof,low_mp3,vcc2018,HUB-D02,notrim,eval,traditional_vocoder,,,,,,,,,ASVspoof2021_DF,HuggingFace redistribution,dataset_license
asvspoof2021_df_DF_E_2995283,DF_E_2995283,TEM1,data/raw/audio/asvspoof2021_df/audio/DF_E_2995283.flac,1,spoof,low_m4a,vcc2020,Task1-team27,notrim,eval,neural_vocoder_nonautoregressive,,,,,,,,,ASVspoof2021_DF,HuggingFace redistribution,dataset_license
asvspoof2021_df_DF_E_3080577,DF_E_3080577,LA_0026,data/raw/audio/asvspoof2021_df/audio/DF_E_3080577.flac,0,bonafide,high_mp3,asvspoof,-,notrim,eval,bonafide,,,,,,,,,ASVspoof2021_DF,HuggingFace redistribution,dataset_license
asvspoof2021_df_DF_E_4705769,DF_E_4705769,VCC2SF4,data/raw/audio/asvspoof2021_df/audio/DF_E_4705769.flac,0,bonafide,high_ogg,vcc2018,-,notrim,eval,bonafide,,,,,,,,,ASVspoof2021_DF,HuggingFace redistribution,dataset_license
asvspoof2021_df_DF_E_4548446,DF_E_4548446,LA_0028,data/raw/audio/asvspoof2021_df/audio/DF_E_4548446.flac,0,bonafide,oggm4a,asvspoof,-,notrim,eval,bonafide,,,,,,,,,ASVspoof2021_DF,HuggingFace redistribution,dataset_license
asvspoof2021_df_DF_E_4711059,DF_E_4711059,TMF1,data/raw/audio/asvspoof2021_df/audio/DF_E_4711059.flac,1,spoof,low_m4a,vcc2020,Task2-team32,notrim,eval,neural_vocoder_autoregressive,,,,,,,,,ASVspoof2021_DF,HuggingFace redistribution,dataset_license
asvspoof2021_df_DF_E_4704406,DF_E_4704406,VCC2TM2,data/raw/audio/asvspoof2021_df/audio/DF_E_4704406.flac,0,bonafide,mp3m4a,vcc2018,-,notrim,eval,bonafide,,,,,,,,,ASVspoof2021_DF,HuggingFace redistribution,dataset_license
asvspoof2021_df_DF_E_4819499,DF_E_4819499,LA_0020,data/raw/audio/asvspoof2021_df/audio/DF_E_4819499.flac,0,bonafide,oggm4a,asvspoof,-,notrim,eval,bonafide,,,,,,,,,ASVspoof2021_DF,HuggingFace redistribution,dataset_license
asvspoof2021_df_DF_E_3005778,DF_E_3005778,LA_0046,data/raw/audio/asvspoof2021_df/audio/DF_E_3005778.flac,0,bonafide,low_ogg,asvspoof,-,notrim,eval,bonafide,,,,,,,,,ASVspoof2021_DF,HuggingFace redistribution,dataset_license
asvspoof2021_df_DF_E_4673975,DF_E_4673975,LA_0048,data/raw/audio/asvspoof2021_df/audio/DF_E_4673975.flac,1,spoof,oggm4a,asvspoof,A15,notrim,eval,neural_vocoder_autoregressive,,,,,,,,,ASVspoof2021_DF,HuggingFace redistribution,dataset_license
asvspoof2021_df_DF_E_4523782,DF_E_4523782,VCC2TF1,data/raw/audio/asvspoof2021_df/audio/DF_E_4523782.flac,1,spoof,nocodec,vcc2018,HUB-N11,notrim,eval,traditional_vocoder,,,,,,,,,ASVspoof2021_DF,HuggingFace redistribution,dataset_license
asvspoof2021_df_DF_E_3085603,DF_E_3085603,TMM1,data/raw/audio/asvspoof2021_df/audio/DF_E_3085603.flac,1,spoof,nocodec,vcc2020,Task2-team30,notrim,eval,unknown,,,,,,,,,ASVspoof2021_DF,HuggingFace redistribution,dataset_license
asvspoof2021_df_DF_E_4678807,DF_E_4678807,VCC2TF2,data/raw/audio/asvspoof2021_df/audio/DF_E_4678807.flac,1,spoof,oggm4a,vcc2018,HUB-D01,notrim,eval,traditional_vocoder,,,,,,,,,ASVspoof2021_DF,HuggingFace redistribution,dataset_license
asvspoof2021_df_DF_E_4699249,DF_E_4699249,TEF1,data/raw/audio/asvspoof2021_df/audio/DF_E_4699249.flac,1,spoof,low_ogg,vcc2020,Task1-team20,notrim,eval,neural_vocoder_nonautoregressive,,,,,,,,,ASVspoof2021_DF,HuggingFace redistribution,dataset_license
asvspoof2021_df_DF_E_3056649,DF_E_3056649,VCC2TM2,data/raw/audio/asvspoof2021_df/audio/DF_E_3056649.flac,0,bonafide,mp3m4a,vcc2018,-,notrim,eval,bonafide,,,,,,,,,ASVspoof2021_DF,HuggingFace redistribution,dataset_license
asvspoof2021_df_DF_E_4674321,DF_E_4674321,LA_0001,data/raw/audio/asvspoof2021_df/audio/DF_E_4674321.flac,0,bonafide,nocodec,asvspoof,-,notrim,eval,bonafide,,,,,,,,,ASVspoof2021_DF,HuggingFace redistribution,dataset_license
asvspoof2021_df_DF_E_4668959,DF_E_4668959,VCC2SM2,data/raw/audio/asvspoof2021_df/audio/DF_E_4668959.flac,0,bonafide,low_mp3,vcc2018,-,notrim,eval,bonafide,,,,,,,,,ASVspoof2021_DF,HuggingFace redistribution,dataset_license
asvspoof2021_df_DF_E_4676869,DF_E_4676869,TMF1,data/raw/audio/asvspoof2021_df/audio/DF_E_4676869.flac,1,spoof,high_mp3,vcc2020,Task2-team09,notrim,eval,neural_vocoder_nonautoregressive,,,,,,,,,ASVspoof2021_DF,HuggingFace redistribution,dataset_license
asvspoof2021_df_DF_E_4676429,DF_E_4676429,LA_0028,data/raw/audio/asvspoof2021_df/audio/DF_E_4676429.flac,0,bonafide,high_m4a,asvspoof,-,notrim,eval,bonafide,,,,,,,,,ASVspoof2021_DF,HuggingFace redistribution,dataset_license
asvspoof2021_df_DF_E_2998164,DF_E_2998164,TMF1,data/raw/audio/asvspoof2021_df/audio/DF_E_2998164.flac,1,spoof,mp3m4a,vcc2020,Task2-team05,notrim,eval,neural_vocoder_nonautoregressive,,,,,,,,,ASVspoof2021_DF,HuggingFace redistribution,dataset_license
asvspoof2021_df_DF_E_4664526,DF_E_4664526,LA_0043,data/raw/audio/asvspoof2021_df/audio/DF_E_4664526.flac,1,spoof,nocodec,asvspoof,A07,notrim,eval,traditional_vocoder,,,,,,,,,ASVspoof2021_DF,HuggingFace redistribution,dataset_license
asvspoof2021_df_DF_E_4829224,DF_E_4829224,TMF1,data/raw/audio/asvspoof2021_df/audio/DF_E_4829224.flac,1,spoof,mp3m4a,vcc2020,Task2-team02,notrim,eval,neural_vocoder_nonautoregressive,,,,,,,,,ASVspoof2021_DF,HuggingFace redistribution,dataset_license
asvspoof2021_df_DF_E_4673959,DF_E_4673959,TGF1,data/raw/audio/asvspoof2021_df/audio/DF_E_4673959.flac,0,bonafide,high_ogg,vcc2020,-,notrim,eval,bonafide,,,,,,,,,ASVspoof2021_DF,HuggingFace redistribution,dataset_license
asvspoof2021_df_DF_E_4815914,DF_E_4815914,LA_0010,data/raw/audio/asvspoof2021_df/audio/DF_E_4815914.flac,1,spoof,oggm4a,asvspoof,A18,notrim,eval,traditional_vocoder,,,,,,,,,ASVspoof2021_DF,HuggingFace redistribution,dataset_license
asvspoof2021_df_DF_E_4518172,DF_E_4518172,TEM2,data/raw/audio/asvspoof2021_df/audio/DF_E_4518172.flac,1,spoof,high_ogg,vcc2020,Task1-team24,notrim,eval,neural_vocoder_autoregressive,,,,,,,,,ASVspoof2021_DF,HuggingFace redistribution,dataset_license
asvspoof2021_df_DF_E_4831902,DF_E_4831902,VCC2TM1,data/raw/audio/asvspoof2021_df/audio/DF_E_4831902.flac,1,spoof,high_ogg,vcc2018,HUB-N05,notrim,eval,traditional_vocoder,,,,,,,,,ASVspoof2021_DF,HuggingFace redistribution,dataset_license
asvspoof2021_df_DF_E_3051963,DF_E_3051963,VCC2TM1,data/raw/audio/asvspoof2021_df/audio/DF_E_3051963.flac,1,spoof,oggm4a,vcc2018,HUB-N06,notrim,eval,traditional_vocoder,,,,,,,,,ASVspoof2021_DF,HuggingFace redistribution,dataset_license
asvspoof2021_df_DF_E_4538339,DF_E_4538339,TEF2,data/raw/audio/asvspoof2021_df/audio/DF_E_4538339.flac,1,spoof,oggm4a,vcc2020,Task1-team04,notrim,eval,neural_vocoder_autoregressive,,,,,,,,,ASVspoof2021_DF,HuggingFace redistribution,dataset_license
asvspoof2021_df_DF_E_3058065,DF_E_3058065,LA_0045,data/raw/audio/asvspoof2021_df/audio/DF_E_3058065.flac,0,bonafide,high_ogg,asvspoof,-,notrim,eval,bonafide,,,,,,,,,ASVspoof2021_DF,HuggingFace redistribution,dataset_license
asvspoof2021_df_DF_E_4533514,DF_E_4533514,TFM1,data/raw/audio/asvspoof2021_df/audio/DF_E_4533514.flac,1,spoof,low_mp3,vcc2020,Task2-team31,notrim,eval,neural_vocoder_nonautoregressive,,,,,,,,,ASVspoof2021_DF,HuggingFace redistribution,dataset_license
asvspoof2021_df_DF_E_4829293,DF_E_4829293,TGF1,data/raw/audio/asvspoof2021_df/audio/DF_E_4829293.flac,1,spoof,low_ogg,vcc2020,Task2-team31,notrim,eval,neural_vocoder_nonautoregressive,,,,,,,,,ASVspoof2021_DF,HuggingFace redistribution,dataset_license
asvspoof2021_df_DF_E_3083405,DF_E_3083405,LA_0039,data/raw/audio/asvspoof2021_df/audio/DF_E_3083405.flac,0,bonafide,oggm4a,asvspoof,-,notrim,eval,bonafide,,,,,,,,,ASVspoof2021_DF,HuggingFace redistribution,dataset_license
asvspoof2021_df_DF_E_4827723,DF_E_4827723,TEF2,data/raw/audio/asvspoof2021_df/audio/DF_E_4827723.flac,1,spoof,mp3m4a,vcc2020,Task1-team01,notrim,eval,neural_vocoder_nonautoregressive,,,,,,,,,ASVspoof2021_DF,HuggingFace redistribution,dataset_license
asvspoof2021_df_DF_E_4735424,DF_E_4735424,LA_0020,data/raw/audio/asvspoof2021_df/audio/DF_E_4735424.flac,0,bonafide,mp3m4a,asvspoof,-,notrim,eval,bonafide,,,,,,,,,ASVspoof2021_DF,HuggingFace redistribution,dataset_license
asvspoof2021_df_DF_E_3082048,DF_E_3082048,TGF1,data/raw/audio/asvspoof2021_df/audio/DF_E_3082048.flac,1,spoof,oggm4a,vcc2020,Task2-team10,notrim,eval,neural_vocoder_autoregressive,,,,,,,,,ASVspoof2021_DF,HuggingFace redistribution,dataset_license
asvspoof2021_df_DF_E_4836006,DF_E_4836006,TEF2,data/raw/audio/asvspoof2021_df/audio/DF_E_4836006.flac,1,spoof,low_ogg,vcc2020,Task1-team19,notrim,eval,neural_vocoder_nonautoregressive,,,,,,,,,ASVspoof2021_DF,HuggingFace redistribution,dataset_license
asvspoof2021_df_DF_E_4543261,DF_E_4543261,TEM2,data/raw/audio/asvspoof2021_df/audio/DF_E_4543261.flac,1,spoof,oggm4a,vcc2020,Task1-team29,notrim,eval,neural_vocoder_autoregressive,,,,,,,,,ASVspoof2021_DF,HuggingFace redistribution,dataset_license
asvspoof2021_df_DF_E_4678572,DF_E_4678572,TGM1,data/raw/audio/asvspoof2021_df/audio/DF_E_4678572.flac,0,bonafide,mp3m4a,vcc2020,-,notrim,eval,bonafide,,,,,,,,,ASVspoof2021_DF,HuggingFace redistribution,dataset_license
asvspoof2021_df_DF_E_2988756,DF_E_2988756,LA_0041,data/raw/audio/asvspoof2021_df/audio/DF_E_2988756.flac,0,bonafide,mp3m4a,asvspoof,-,notrim,eval,bonafide,,,,,,,,,ASVspoof2021_DF,HuggingFace redistribution,dataset_license
asvspoof2021_df_DF_E_3078108,DF_E_3078108,VCC2TM2,data/raw/audio/asvspoof2021_df/audio/DF_E_3078108.flac,1,spoof,high_m4a,vcc2018,SPO-N17,notrim,eval,neural_vocoder_autoregressive,,,,,,,,,ASVspoof2021_DF,HuggingFace redistribution,dataset_license
asvspoof2021_df_DF_E_4667972,DF_E_4667972,LA_0026,data/raw/audio/asvspoof2021_df/audio/DF_E_4667972.flac,0,bonafide,high_mp3,asvspoof,-,notrim,eval,bonafide,,,,,,,,,ASVspoof2021_DF,HuggingFace redistribution,dataset_license
asvspoof2021_df_DF_E_2990955,DF_E_2990955,VCC2TF2,data/raw/audio/asvspoof2021_df/audio/DF_E_2990955.flac,0,bonafide,high_mp3,vcc2018,-,notrim,eval,bonafide,,,,,,,,,ASVspoof2021_DF,HuggingFace redistribution,dataset_license
asvspoof2021_df_DF_E_4546734,DF_E_4546734,TGM1,data/raw/audio/asvspoof2021_df/audio/DF_E_4546734.flac,1,spoof,high_ogg,vcc2020,Task2-team28,notrim,eval,neural_vocoder_autoregressive,,,,,,,,,ASVspoof2021_DF,HuggingFace redistribution,dataset_license
asvspoof2021_df_DF_E_4834423,DF_E_4834423,LA_0028,data/raw/audio/asvspoof2021_df/audio/DF_E_4834423.flac,0,bonafide,mp3m4a,asvspoof,-,notrim,eval,bonafide,,,,,,,,,ASVspoof2021_DF,HuggingFace redistribution,dataset_license
asvspoof2021_df_DF_E_4722713,DF_E_4722713,TGF1,data/raw/audio/asvspoof2021_df/audio/DF_E_4722713.flac,1,spoof,nocodec,vcc2020,Task2-team31,notrim,eval,neural_vocoder_nonautoregressive,,,,,,,,,ASVspoof2021_DF,HuggingFace redistribution,dataset_license
asvspoof2021_df_DF_E_3056647,DF_E_3056647,VCC2TF1,data/raw/audio/asvspoof2021_df/audio/DF_E_3056647.flac,1,spoof,nocodec,vcc2018,HUB-D05,notrim,eval,traditional_vocoder,,,,,,,,,ASVspoof2021_DF,HuggingFace redistribution,dataset_license
asvspoof2021_df_DF_E_4689415,DF_E_4689415,LA_0022,data/raw/audio/asvspoof2021_df/audio/DF_E_4689415.flac,0,bonafide,high_m4a,asvspoof,-,notrim,eval,bonafide,,,,,,,,,ASVspoof2021_DF,HuggingFace redistribution,dataset_license
asvspoof2021_df_DF_E_4676491,DF_E_4676491,SEM2,data/raw/audio/asvspoof2021_df/audio/DF_E_4676491.flac,0,bonafide,low_mp3,vcc2020,-,notrim,eval,bonafide,,,,,,,,,ASVspoof2021_DF,HuggingFace redistribution,dataset_license
asvspoof2021_df_DF_E_4679809,DF_E_4679809,LA_0036,data/raw/audio/asvspoof2021_df/audio/DF_E_4679809.flac,0,bonafide,nocodec,asvspoof,-,notrim,eval,bonafide,,,,,,,,,ASVspoof2021_DF,HuggingFace redistribution,dataset_license
asvspoof2021_df_DF_E_4685893,DF_E_4685893,VCC2TF2,data/raw/audio/asvspoof2021_df/audio/DF_E_4685893.flac,0,bonafide,low_m4a,vcc2018,-,notrim,eval,bonafide,,,,,,,,,ASVspoof2021_DF,HuggingFace redistribution,dataset_license
asvspoof2021_df_DF_E_4710792,DF_E_4710792,LA_0008,data/raw/audio/asvspoof2021_df/audio/DF_E_4710792.flac,0,bonafide,low_ogg,asvspoof,-,notrim,eval,bonafide,,,,,,,,,ASVspoof2021_DF,HuggingFace redistribution,dataset_license
asvspoof2021_df_DF_E_4718380,DF_E_4718380,TEF1,data/raw/audio/asvspoof2021_df/audio/DF_E_4718380.flac,1,spoof,high_ogg,vcc2020,Task1-team09,notrim,eval,neural_vocoder_nonautoregressive,,,,,,,,,ASVspoof2021_DF,HuggingFace redistribution,dataset_license
asvspoof2021_df_DF_E_3064487,DF_E_3064487,TEM2,data/raw/audio/asvspoof2021_df/audio/DF_E_3064487.flac,0,bonafide,high_mp3,vcc2020,-,notrim,eval,bonafide,,,,,,,,,ASVspoof2021_DF,HuggingFace redistribution,dataset_license
asvspoof2021_df_DF_E_4689905,DF_E_4689905,LA_0011,data/raw/audio/asvspoof2021_df/audio/DF_E_4689905.flac,0,bonafide,mp3m4a,asvspoof,-,notrim,eval,bonafide,,,,,,,,,ASVspoof2021_DF,HuggingFace redistribution,dataset_license
asvspoof2021_df_DF_E_4715811,DF_E_4715811,LA_0032,data/raw/audio/asvspoof2021_df/audio/DF_E_4715811.flac,1,spoof,oggm4a,asvspoof,A15,notrim,eval,neural_vocoder_autoregressive,,,,,,,,,ASVspoof2021_DF,HuggingFace redistribution,dataset_license
asvspoof2021_df_DF_E_4725324,DF_E_4725324,LA_0041,data/raw/audio/asvspoof2021_df/audio/DF_E_4725324.flac,0,bonafide,low_ogg,asvspoof,-,notrim,eval,bonafide,,,,,,,,,ASVspoof2021_DF,HuggingFace redistribution,dataset_license
asvspoof2021_df_DF_E_4689328,DF_E_4689328,SEF2,data/raw/audio/asvspoof2021_df/audio/DF_E_4689328.flac,0,bonafide,high_mp3,vcc2020,-,notrim,eval,bonafide,,,,,,,,,ASVspoof2021_DF,HuggingFace redistribution,dataset_license
asvspoof2021_df_DF_E_2994756,DF_E_2994756,TMF1,data/raw/audio/asvspoof2021_df/audio/DF_E_2994756.flac,1,spoof,high_mp3,vcc2020,Task2-team05,notrim,eval,neural_vocoder_nonautoregressive,,,,,,,,,ASVspoof2021_DF,HuggingFace redistribution,dataset_license
asvspoof2021_df_DF_E_4844120,DF_E_4844120,VCC2TF2,data/raw/audio/asvspoof2021_df/audio/DF_E_4844120.flac,1,spoof,low_m4a,vcc2018,HUB-N05,notrim,eval,traditional_vocoder,,,,,,,,,ASVspoof2021_DF,HuggingFace redistribution,dataset_license
asvspoof2021_df_DF_E_3055496,DF_E_3055496,VCC2TM1,data/raw/audio/asvspoof2021_df/audio/DF_E_3055496.flac,1,spoof,oggm4a,vcc2018,HUB-N09,notrim,eval,traditional_vocoder,,,,,,,,,ASVspoof2021_DF,HuggingFace redistribution,dataset_license
asvspoof2021_df_DF_E_3053742,DF_E_3053742,LA_0027,data/raw/audio/asvspoof2021_df/audio/DF_E_3053742.flac,0,bonafide,oggm4a,asvspoof,-,notrim,eval,bonafide,,,,,,,,,ASVspoof2021_DF,HuggingFace redistribution,dataset_license
asvspoof2021_df_DF_E_4687627,DF_E_4687627,TGF1,data/raw/audio/asvspoof2021_df/audio/DF_E_4687627.flac,0,bonafide,oggm4a,vcc2020,-,notrim,eval,bonafide,,,,,,,,,ASVspoof2021_DF,HuggingFace redistribution,dataset_license
asvspoof2021_df_DF_E_4705959,DF_E_4705959,TEM1,data/raw/audio/asvspoof2021_df/audio/DF_E_4705959.flac,1,spoof,low_m4a,vcc2020,Task1-team13,notrim,eval,neural_vocoder_autoregressive,,,,,,,,,ASVspoof2021_DF,HuggingFace redistribution,dataset_license
asvspoof2021_df_DF_E_4820407,DF_E_4820407,VCC2SF2,data/raw/audio/asvspoof2021_df/audio/DF_E_4820407.flac,0,bonafide,high_m4a,vcc2018,-,notrim,eval,bonafide,,,,,,,,,ASVspoof2021_DF,HuggingFace redistribution,dataset_license
asvspoof2021_df_DF_E_2999012,DF_E_2999012,VCC2SF4,data/raw/audio/asvspoof2021_df/audio/DF_E_2999012.flac,0,bonafide,low_m4a,vcc2018,-,notrim,eval,bonafide,,,,,,,,,ASVspoof2021_DF,HuggingFace redistribution,dataset_license
asvspoof2021_df_DF_E_3007782,DF_E_3007782,VCC2SM1,data/raw/audio/asvspoof2021_df/audio/DF_E_3007782.flac,0,bonafide,high_mp3,vcc2018,-,notrim,eval,bonafide,,,,,,,,,ASVspoof2021_DF,HuggingFace redistribution,dataset_license
asvspoof2021_df_DF_E_2990109,DF_E_2990109,LA_0007,data/raw/audio/asvspoof2021_df/audio/DF_E_2990109.flac,0,bonafide,high_mp3,asvspoof,-,notrim,eval,bonafide,,,,,,,,,ASVspoof2021_DF,HuggingFace redistribution,dataset_license
asvspoof2021_df_DF_E_3066076,DF_E_3066076,TMM1,data/raw/audio/asvspoof2021_df/audio/DF_E_3066076.flac,1,spoof,nocodec,vcc2020,Task2-team33,notrim,eval,neural_vocoder_nonautoregressive,,,,,,,,,ASVspoof2021_DF,HuggingFace redistribution,dataset_license
asvspoof2021_df_DF_E_4532502,DF_E_4532502,TEM2,data/raw/audio/asvspoof2021_df/audio/DF_E_4532502.flac,1,spoof,oggm4a,vcc2020,Task1-team17,notrim,eval,neural_vocoder_nonautoregressive,,,,,,,,,ASVspoof2021_DF,HuggingFace redistribution,dataset_license
asvspoof2021_df_DF_E_2994230,DF_E_2994230,TEF1,data/raw/audio/asvspoof2021_df/audio/DF_E_2994230.flac,0,bonafide,high_m4a,vcc2020,-,notrim,eval,bonafide,,,,,,,,,ASVspoof2021_DF,HuggingFace redistribution,dataset_license
asvspoof2021_df_DF_E_4698462,DF_E_4698462,TGF1,data/raw/audio/asvspoof2021_df/audio/DF_E_4698462.flac,0,bonafide,oggm4a,vcc2020,-,notrim,eval,bonafide,,,,,,,,,ASVspoof2021_DF,HuggingFace redistribution,dataset_license
asvspoof2021_df_DF_E_4546803,DF_E_4546803,TEF1,data/raw/audio/asvspoof2021_df/audio/DF_E_4546803.flac,1,spoof,high_m4a,vcc2020,Task1-team06,notrim,eval,traditional_vocoder,,,,,,,,,ASVspoof2021_DF,HuggingFace redistribution,dataset_license
asvspoof2021_df_DF_E_4678159,DF_E_4678159,TEM1,data/raw/audio/asvspoof2021_df/audio/DF_E_4678159.flac,0,bonafide,low_ogg,vcc2020,-,notrim,eval,bonafide,,,,,,,,,ASVspoof2021_DF,HuggingFace redistribution,dataset_license
asvspoof2021_df_DF_E_3004810,DF_E_3004810,VCC2TM2,data/raw/audio/asvspoof2021_df/audio/DF_E_3004810.flac,1,spoof,mp3m4a,vcc2018,HUB-N18,notrim,eval,traditional_vocoder,,,,,,,,,ASVspoof2021_DF,HuggingFace redistribution,dataset_license
asvspoof2021_df_DF_E_4512749,DF_E_4512749,TFF1,data/raw/audio/asvspoof2021_df/audio/DF_E_4512749.flac,1,spoof,high_m4a,vcc2020,Task2-team31,notrim,eval,neural_vocoder_nonautoregressive,,,,,,,,,ASVspoof2021_DF,HuggingFace redistribution,dataset_license
asvspoof2021_df_DF_E_4728582,DF_E_4728582,LA_0028,data/raw/audio/asvspoof2021_df/audio/DF_E_4728582.flac,0,bonafide,mp3m4a,asvspoof,-,notrim,eval,bonafide,,,,,,,,,ASVspoof2021_DF,HuggingFace redistribution,dataset_license
asvspoof2021_df_DF_E_4542018,DF_E_4542018,TGM1,data/raw/audio/asvspoof2021_df/audio/DF_E_4542018.flac,1,spoof,low_mp3,vcc2020,Task2-team19,notrim,eval,neural_vocoder_nonautoregressive,,,,,,,,,ASVspoof2021_DF,HuggingFace redistribution,dataset_license
asvspoof2021_df_DF_E_4541393,DF_E_4541393,LA_0049,data/raw/audio/asvspoof2021_df/audio/DF_E_4541393.flac,0,bonafide,mp3m4a,asvspoof,-,notrim,eval,bonafide,,,,,,,,,ASVspoof2021_DF,HuggingFace redistribution,dataset_license
asvspoof2021_df_DF_E_4701726,DF_E_4701726,VCC2TF1,data/raw/audio/asvspoof2021_df/audio/DF_E_4701726.flac,1,spoof,low_m4a,vcc2018,HUB-N08,notrim,eval,traditional_vocoder,,,,,,,,,ASVspoof2021_DF,HuggingFace redistribution,dataset_license
asvspoof2021_df_DF_E_4665425,DF_E_4665425,VCC2SF2,data/raw/audio/asvspoof2021_df/audio/DF_E_4665425.flac,0,bonafide,low_mp3,vcc2018,-,notrim,eval,bonafide,,,,,,,,,ASVspoof2021_DF,HuggingFace redistribution,dataset_license
asvspoof2021_df_DF_E_4842562,DF_E_4842562,SEM2,data/raw/audio/asvspoof2021_df/audio/DF_E_4842562.flac,0,bonafide,mp3m4a,vcc2020,-,notrim,eval,bonafide,,,,,,,,,ASVspoof2021_DF,HuggingFace redistribution,dataset_license
asvspoof2021_df_DF_E_4517115,DF_E_4517115,VCC2TM1,data/raw/audio/asvspoof2021_df/audio/DF_E_4517115.flac,0,bonafide,low_ogg,vcc2018,-,notrim,eval,bonafide,,,,,,,,,ASVspoof2021_DF,HuggingFace redistribution,dataset_license
asvspoof2021_df_DF_E_4680024,DF_E_4680024,LA_0026,data/raw/audio/asvspoof2021_df/audio/DF_E_4680024.flac,0,bonafide,oggm4a,asvspoof,-,notrim,eval,bonafide,,,,,,,,,ASVspoof2021_DF,HuggingFace redistribution,dataset_license
asvspoof2021_df_DF_E_4537676,DF_E_4537676,LA_0023,data/raw/audio/asvspoof2021_df/audio/DF_E_4537676.flac,0,bonafide,high_ogg,asvspoof,-,notrim,eval,bonafide,,,,,,,,,ASVspoof2021_DF,HuggingFace redistribution,dataset_license
asvspoof2021_df_DF_E_3068121,DF_E_3068121,VCC2TM1,data/raw/audio/asvspoof2021_df/audio/DF_E_3068121.flac,0,bonafide,high_m4a,vcc2018,-,notrim,eval,bonafide,,,,,,,,,ASVspoof2021_DF,HuggingFace redistribution,dataset_license
asvspoof2021_df_DF_E_4842656,DF_E_4842656,LA_0019,data/raw/audio/asvspoof2021_df/audio/DF_E_4842656.flac,0,bonafide,low_ogg,asvspoof,-,notrim,eval,bonafide,,,,,,,,,ASVspoof2021_DF,HuggingFace redistribution,dataset_license
asvspoof2021_df_DF_E_3068642,DF_E_3068642,LA_0048,data/raw/audio/asvspoof2021_df/audio/DF_E_3068642.flac,1,spoof,low_ogg,asvspoof,A13,notrim,eval,traditional_vocoder,,,,,,,,,ASVspoof2021_DF,HuggingFace redistribution,dataset_license
asvspoof2021_df_DF_E_4713323,DF_E_4713323,TMM1,data/raw/audio/asvspoof2021_df/audio/DF_E_4713323.flac,1,spoof,mp3m4a,vcc2020,Task2-team07,notrim,eval,neural_vocoder_autoregressive,,,,,,,,,ASVspoof2021_DF,HuggingFace redistribution,dataset_license
asvspoof2021_df_DF_E_4546297,DF_E_4546297,LA_0027,data/raw/audio/asvspoof2021_df/audio/DF_E_4546297.flac,1,spoof,oggm4a,asvspoof,A18,notrim,eval,traditional_vocoder,,,,,,,,,ASVspoof2021_DF,HuggingFace redistribution,dataset_license
asvspoof2021_df_DF_E_3074046,DF_E_3074046,LA_0022,data/raw/audio/asvspoof2021_df/audio/DF_E_3074046.flac,0,bonafide,low_ogg,asvspoof,-,notrim,eval,bonafide,,,,,,,,,ASVspoof2021_DF,HuggingFace redistribution,dataset_license
asvspoof2021_df_DF_E_4687449,DF_E_4687449,LA_0023,data/raw/audio/asvspoof2021_df/audio/DF_E_4687449.flac,0,bonafide,low_ogg,asvspoof,-,notrim,eval,bonafide,,,,,,,,,ASVspoof2021_DF,HuggingFace redistribution,dataset_license
asvspoof2021_df_DF_E_4832436,DF_E_4832436,TEM2,data/raw/audio/asvspoof2021_df/audio/DF_E_4832436.flac,1,spoof,low_ogg,vcc2020,Task1-team03,notrim,eval,neural_vocoder_autoregressive,,,,,,,,,ASVspoof2021_DF,HuggingFace redistribution,dataset_license
asvspoof2021_df_DF_E_3073342,DF_E_3073342,TMM1,data/raw/audio/asvspoof2021_df/audio/DF_E_3073342.flac,1,spoof,high_ogg,vcc2020,Task2-team24,notrim,eval,neural_vocoder_autoregressive,,,,,,,,,ASVspoof2021_DF,HuggingFace redistribution,dataset_license
asvspoof2021_df_DF_E_4669019,DF_E_4669019,LA_0026,data/raw/audio/asvspoof2021_df/audio/DF_E_4669019.flac,0,bonafide,high_mp3,asvspoof,-,notrim,eval,bonafide,,,,,,,,,ASVspoof2021_DF,HuggingFace redistribution,dataset_license
asvspoof2021_df_DF_E_4669755,DF_E_4669755,SEM2,data/raw/audio/asvspoof2021_df/audio/DF_E_4669755.flac,0,bonafide,oggm4a,vcc2020,-,notrim,eval,bonafide,,,,,,,,,ASVspoof2021_DF,HuggingFace redistribution,dataset_license
asvspoof2021_df_DF_E_4714898,DF_E_4714898,LA_0020,data/raw/audio/asvspoof2021_df/audio/DF_E_4714898.flac,0,bonafide,nocodec,asvspoof,-,notrim,eval,bonafide,,,,,,,,,ASVspoof2021_DF,HuggingFace redistribution,dataset_license
asvspoof2021_df_DF_E_4666916,DF_E_4666916,SEM2,data/raw/audio/asvspoof2021_df/audio/DF_E_4666916.flac,0,bonafide,high_mp3,vcc2020,-,notrim,eval,bonafide,,,,,,,,,ASVspoof2021_DF,HuggingFace redistribution,dataset_license
asvspoof2021_df_DF_E_4708101,DF_E_4708101,VCC2TF2,data/raw/audio/asvspoof2021_df/audio/DF_E_4708101.flac,1,spoof,low_mp3,vcc2018,HUB-N12,notrim,eval,traditional_vocoder,,,,,,,,,ASVspoof2021_DF,HuggingFace redistribution,dataset_license
asvspoof2021_df_DF_E_2993614,DF_E_2993614,TEF2,data/raw/audio/asvspoof2021_df/audio/DF_E_2993614.flac,0,bonafide,oggm4a,vcc2020,-,notrim,eval,bonafide,,,,,,,,,ASVspoof2021_DF,HuggingFace redistribution,dataset_license
asvspoof2021_df_DF_E_4525171,DF_E_4525171,VCC2SM3,data/raw/audio/asvspoof2021_df/audio/DF_E_4525171.flac,0,bonafide,high_mp3,vcc2018,-,notrim,eval,bonafide,,,,,,,,,ASVspoof2021_DF,HuggingFace redistribution,dataset_license
asvspoof2021_df_DF_E_4735370,DF_E_4735370,TEM1,data/raw/audio/asvspoof2021_df/audio/DF_E_4735370.flac,0,bonafide,high_mp3,vcc2020,-,notrim,eval,bonafide,,,,,,,,,ASVspoof2021_DF,HuggingFace redistribution,dataset_license
asvspoof2021_df_DF_E_3055888,DF_E_3055888,LA_0040,data/raw/audio/asvspoof2021_df/audio/DF_E_3055888.flac,0,bonafide,low_ogg,asvspoof,-,notrim,eval,bonafide,,,,,,,,,ASVspoof2021_DF,HuggingFace redistribution,dataset_license
asvspoof2021_df_DF_E_3075111,DF_E_3075111,LA_0051,data/raw/audio/asvspoof2021_df/audio/DF_E_3075111.flac,0,bonafide,mp3m4a,asvspoof,-,notrim,eval,bonafide,,,,,,,,,ASVspoof2021_DF,HuggingFace redistribution,dataset_license
asvspoof2021_df_DF_E_4845986,DF_E_4845986,LA_0011,data/raw/audio/asvspoof2021_df/audio/DF_E_4845986.flac,0,bonafide,low_m4a,asvspoof,-,notrim,eval,bonafide,,,,,,,,,ASVspoof2021_DF,HuggingFace redistribution,dataset_license
asvspoof2021_df_DF_E_4542716,DF_E_4542716,LA_0018,data/raw/audio/asvspoof2021_df/audio/DF_E_4542716.flac,1,spoof,low_ogg,asvspoof,A13,notrim,eval,traditional_vocoder,,,,,,,,,ASVspoof2021_DF,HuggingFace redistribution,dataset_license
asvspoof2021_df_DF_E_4721683,DF_E_4721683,TEF1,data/raw/audio/asvspoof2021_df/audio/DF_E_4721683.flac,1,spoof,nocodec,vcc2020,Task1-team09,notrim,eval,neural_vocoder_nonautoregressive,,,,,,,,,ASVspoof2021_DF,HuggingFace redistribution,dataset_license
asvspoof2021_df_DF_E_3056677,DF_E_3056677,VCC2TM1,data/raw/audio/asvspoof2021_df/audio/DF_E_3056677.flac,1,spoof,high_m4a,vcc2018,SPO-N06,notrim,eval,traditional_vocoder,,,,,,,,,ASVspoof2021_DF,HuggingFace redistribution,dataset_license
asvspoof2021_df_DF_E_4685311,DF_E_4685311,TEF1,data/raw/audio/asvspoof2021_df/audio/DF_E_4685311.flac,0,bonafide,nocodec,vcc2020,-,notrim,eval,bonafide,,,,,,,,,ASVspoof2021_DF,HuggingFace redistribution,dataset_license
asvspoof2021_df_DF_E_4699853,DF_E_4699853,TEM1,data/raw/audio/asvspoof2021_df/audio/DF_E_4699853.flac,1,spoof,nocodec,vcc2020,Task1-team29,notrim,eval,neural_vocoder_autoregressive,,,,,,,,,ASVspoof2021_DF,HuggingFace redistribution,dataset_license
asvspoof2021_df_DF_E_3083226,DF_E_3083226,TFM1,data/raw/audio/asvspoof2021_df/audio/DF_E_3083226.flac,1,spoof,high_mp3,vcc2020,Task2-team03,notrim,eval,neural_vocoder_autoregressive,,,,,,,,,ASVspoof2021_DF,HuggingFace redistribution,dataset_license
asvspoof2021_df_DF_E_4536088,DF_E_4536088,LA_0024,data/raw/audio/asvspoof2021_df/audio/DF_E_4536088.flac,1,spoof,high_ogg,asvspoof,A09,notrim,eval,traditional_vocoder,,,,,,,,,ASVspoof2021_DF,HuggingFace redistribution,dataset_license
asvspoof2021_df_DF_E_4697401,DF_E_4697401,LA_0029,data/raw/audio/asvspoof2021_df/audio/DF_E_4697401.flac,0,bonafide,oggm4a,asvspoof,-,notrim,eval,bonafide,,,,,,,,,ASVspoof2021_DF,HuggingFace redistribution,dataset_license
asvspoof2021_df_DF_E_3069077,DF_E_3069077,VCC2TM1,data/raw/audio/asvspoof2021_df/audio/DF_E_3069077.flac,1,spoof,high_ogg,vcc2018,SPO-N10,notrim,eval,neural_vocoder_autoregressive,,,,,,,,,ASVspoof2021_DF,HuggingFace redistribution,dataset_license
asvspoof2021_df_DF_E_4838808,DF_E_4838808,VCC2SM4,data/raw/audio/asvspoof2021_df/audio/DF_E_4838808.flac,0,bonafide,high_mp3,vcc2018,-,notrim,eval,bonafide,,,,,,,,,ASVspoof2021_DF,HuggingFace redistribution,dataset_license
asvspoof2021_df_DF_E_4525277,DF_E_4525277,TGF1,data/raw/audio/asvspoof2021_df/audio/DF_E_4525277.flac,0,bonafide,low_ogg,vcc2020,-,notrim,eval,bonafide,,,,,,,,,ASVspoof2021_DF,HuggingFace redistribution,dataset_license
asvspoof2021_df_DF_E_2980876,DF_E_2980876,TEF1,data/raw/audio/asvspoof2021_df/audio/DF_E_2980876.flac,1,spoof,oggm4a,vcc2020,Task1-team09,notrim,eval,neural_vocoder_nonautoregressive,,,,,,,,,ASVspoof2021_DF,HuggingFace redistribution,dataset_license
asvspoof2021_df_DF_E_4688242,DF_E_4688242,TMM1,data/raw/audio/asvspoof2021_df/audio/DF_E_4688242.flac,0,bonafide,oggm4a,vcc2020,-,notrim,eval,bonafide,,,,,,,,,ASVspoof2021_DF,HuggingFace redistribution,dataset_license
asvspoof2021_df_DF_E_2988414,DF_E_2988414,TFM1,data/raw/audio/asvspoof2021_df/audio/DF_E_2988414.flac,0,bonafide,low_ogg,vcc2020,-,notrim,eval,bonafide,,,,,,,,,ASVspoof2021_DF,HuggingFace redistribution,dataset_license
asvspoof2021_df_DF_E_2995772,DF_E_2995772,TMF1,data/raw/audio/asvspoof2021_df/audio/DF_E_2995772.flac,1,spoof,low_ogg,vcc2020,Task2-team27,notrim,eval,neural_vocoder_nonautoregressive,,,,,,,,,ASVspoof2021_DF,HuggingFace redistribution,dataset_license
asvspoof2021_df_DF_E_4733779,DF_E_4733779,LA_0021,data/raw/audio/asvspoof2021_df/audio/DF_E_4733779.flac,0,bonafide,mp3m4a,asvspoof,-,notrim,eval,bonafide,,,,,,,,,ASVspoof2021_DF,HuggingFace redistribution,dataset_license
asvspoof2021_df_DF_E_3082179,DF_E_3082179,TFM1,data/raw/audio/asvspoof2021_df/audio/DF_E_3082179.flac,1,spoof,nocodec,vcc2020,Task2-team22,notrim,eval,neural_vocoder_nonautoregressive,,,,,,,,,ASVspoof2021_DF,HuggingFace redistribution,dataset_license
asvspoof2021_df_DF_E_3049584,DF_E_3049584,VCC2TF1,data/raw/audio/asvspoof2021_df/audio/DF_E_3049584.flac,1,spoof,nocodec,vcc2018,HUB-N18,notrim,eval,traditional_vocoder,,,,,,,,,ASVspoof2021_DF,HuggingFace redistribution,dataset_license
asvspoof2021_df_DF_E_4523159,DF_E_4523159,VCC2SM3,data/raw/audio/asvspoof2021_df/audio/DF_E_4523159.flac,0,bonafide,nocodec,vcc2018,-,notrim,eval,bonafide,,,,,,,,,ASVspoof2021_DF,HuggingFace redistribution,dataset_license
asvspoof2021_df_DF_E_2980968,DF_E_2980968,TGF1,data/raw/audio/asvspoof2021_df/audio/DF_E_2980968.flac,1,spoof,oggm4a,vcc2020,Task2-team30,notrim,eval,unknown,,,,,,,,,ASVspoof2021_DF,HuggingFace redistribution,dataset_license
asvspoof2021_df_DF_E_4683049,DF_E_4683049,TFM1,data/raw/audio/asvspoof2021_df/audio/DF_E_4683049.flac,1,spoof,low_ogg,vcc2020,Task2-team33,notrim,eval,neural_vocoder_nonautoregressive,,,,,,,,,ASVspoof2021_DF,HuggingFace redistribution,dataset_license
asvspoof2021_df_DF_E_4727256,DF_E_4727256,TEM1,data/raw/audio/asvspoof2021_df/audio/DF_E_4727256.flac,1,spoof,low_mp3,vcc2020,Task1-team03,notrim,eval,neural_vocoder_autoregressive,,,,,,,,,ASVspoof2021_DF,HuggingFace redistribution,dataset_license
asvspoof2021_df_DF_E_4815221,DF_E_4815221,TMM1,data/raw/audio/asvspoof2021_df/audio/DF_E_4815221.flac,0,bonafide,high_ogg,vcc2020,-,notrim,eval,bonafide,,,,,,,,,ASVspoof2021_DF,HuggingFace redistribution,dataset_license
asvspoof2021_df_DF_E_3075705,DF_E_3075705,LA_0008,data/raw/audio/asvspoof2021_df/audio/DF_E_3075705.flac,0,bonafide,oggm4a,asvspoof,-,notrim,eval,bonafide,,,,,,,,,ASVspoof2021_DF,HuggingFace redistribution,dataset_license
asvspoof2021_df_DF_E_3002390,DF_E_3002390,VCC2SM4,data/raw/audio/asvspoof2021_df/audio/DF_E_3002390.flac,0,bonafide,high_m4a,vcc2018,-,notrim,eval,bonafide,,,,,,,,,ASVspoof2021_DF,HuggingFace redistribution,dataset_license
asvspoof2021_df_DF_E_4838648,DF_E_4838648,VCC2SF1,data/raw/audio/asvspoof2021_df/audio/DF_E_4838648.flac,0,bonafide,nocodec,vcc2018,-,notrim,eval,bonafide,,,,,,,,,ASVspoof2021_DF,HuggingFace redistribution,dataset_license
asvspoof2021_df_DF_E_3085609,DF_E_3085609,LA_0005,data/raw/audio/asvspoof2021_df/audio/DF_E_3085609.flac,0,bonafide,low_ogg,asvspoof,-,notrim,eval,bonafide,,,,,,,,,ASVspoof2021_DF,HuggingFace redistribution,dataset_license
asvspoof2021_df_DF_E_2975566,DF_E_2975566,TFF1,data/raw/audio/asvspoof2021_df/audio/DF_E_2975566.flac,1,spoof,mp3m4a,vcc2020,Task2-team22,notrim,eval,neural_vocoder_nonautoregressive,,,,,,,,,ASVspoof2021_DF,HuggingFace redistribution,dataset_license
asvspoof2021_df_DF_E_4813700,DF_E_4813700,TEM1,data/raw/audio/asvspoof2021_df/audio/DF_E_4813700.flac,0,bonafide,mp3m4a,vcc2020,-,notrim,eval,bonafide,,,,,,,,,ASVspoof2021_DF,HuggingFace redistribution,dataset_license
asvspoof2021_df_DF_E_4709354,DF_E_4709354,TEM1,data/raw/audio/asvspoof2021_df/audio/DF_E_4709354.flac,1,spoof,high_ogg,vcc2020,Task1-team03,notrim,eval,neural_vocoder_autoregressive,,,,,,,,,ASVspoof2021_DF,HuggingFace redistribution,dataset_license
asvspoof2021_df_DF_E_2983722,DF_E_2983722,VCC2TF1,data/raw/audio/asvspoof2021_df/audio/DF_E_2983722.flac,1,spoof,low_m4a,vcc2018,SPO-N10,notrim,eval,neural_vocoder_autoregressive,,,,,,,,,ASVspoof2021_DF,HuggingFace redistribution,dataset_license
asvspoof2021_df_DF_E_4544141,DF_E_4544141,VCC2TF1,data/raw/audio/asvspoof2021_df/audio/DF_E_4544141.flac,1,spoof,oggm4a,vcc2018,SPO-N04,notrim,eval,traditional_vocoder,,,,,,,,,ASVspoof2021_DF,HuggingFace redistribution,dataset_license
asvspoof2021_df_DF_E_4730279,DF_E_4730279,VCC2TM1,data/raw/audio/asvspoof2021_df/audio/DF_E_4730279.flac,1,spoof,high_mp3,vcc2018,HUB-N04,notrim,eval,traditional_vocoder,,,,,,,,,ASVspoof2021_DF,HuggingFace redistribution,dataset_license
asvspoof2021_df_DF_E_4814611,DF_E_4814611,VCC2TM1,data/raw/audio/asvspoof2021_df/audio/DF_E_4814611.flac,1,spoof,oggm4a,vcc2018,HUB-N08,notrim,eval,traditional_vocoder,,,,,,,,,ASVspoof2021_DF,HuggingFace redistribution,dataset_license
asvspoof2021_df_DF_E_4708543,DF_E_4708543,LA_0046,data/raw/audio/asvspoof2021_df/audio/DF_E_4708543.flac,1,spoof,mp3m4a,asvspoof,A15,notrim,eval,neural_vocoder_autoregressive,,,,,,,,,ASVspoof2021_DF,HuggingFace redistribution,dataset_license
asvspoof2021_df_DF_E_4665751,DF_E_4665751,VCC2TF2,data/raw/audio/asvspoof2021_df/audio/DF_E_4665751.flac,0,bonafide,high_ogg,vcc2018,-,notrim,eval,bonafide,,,,,,,,,ASVspoof2021_DF,HuggingFace redistribution,dataset_license
asvspoof2021_df_DF_E_4662599,DF_E_4662599,VCC2TF2,data/raw/audio/asvspoof2021_df/audio/DF_E_4662599.flac,1,spoof,high_ogg,vcc2018,HUB-D05,notrim,eval,traditional_vocoder,,,,,,,,,ASVspoof2021_DF,HuggingFace redistribution,dataset_license
asvspoof2021_df_DF_E_4536281,DF_E_4536281,VCC2TM2,data/raw/audio/asvspoof2021_df/audio/DF_E_4536281.flac,1,spoof,oggm4a,vcc2018,SPO-N11,notrim,eval,traditional_vocoder,,,,,,,,,ASVspoof2021_DF,HuggingFace redistribution,dataset_license
asvspoof2021_df_DF_E_4734737,DF_E_4734737,TEM1,data/raw/audio/asvspoof2021_df/audio/DF_E_4734737.flac,1,spoof,oggm4a,vcc2020,Task1-team01,notrim,eval,neural_vocoder_nonautoregressive,,,,,,,,,ASVspoof2021_DF,HuggingFace redistribution,dataset_license
asvspoof2021_df_DF_E_3054571,DF_E_3054571,VCC2TF1,data/raw/audio/asvspoof2021_df/audio/DF_E_3054571.flac,1,spoof,mp3m4a,vcc2018,HUB-D03,notrim,eval,traditional_vocoder,,,,,,,,,ASVspoof2021_DF,HuggingFace redistribution,dataset_license
asvspoof2021_df_DF_E_3064875,DF_E_3064875,TFF1,data/raw/audio/asvspoof2021_df/audio/DF_E_3064875.flac,1,spoof,mp3m4a,vcc2020,Task2-team12,notrim,eval,traditional_vocoder,,,,,,,,,ASVspoof2021_DF,HuggingFace redistribution,dataset_license
asvspoof2021_df_DF_E_4840086,DF_E_4840086,LA_0004,data/raw/audio/asvspoof2021_df/audio/DF_E_4840086.flac,1,spoof,oggm4a,asvspoof,A14,notrim,eval,traditional_vocoder,,,,,,,,,ASVspoof2021_DF,HuggingFace redistribution,dataset_license
asvspoof2021_df_DF_E_4693758,DF_E_4693758,VCC2TF2,data/raw/audio/asvspoof2021_df/audio/DF_E_4693758.flac,1,spoof,high_m4a,vcc2018,SPO-N04,notrim,eval,traditional_vocoder,,,,,,,,,ASVspoof2021_DF,HuggingFace redistribution,dataset_license
asvspoof2021_df_DF_E_3074766,DF_E_3074766,LA_0044,data/raw/audio/asvspoof2021_df/audio/DF_E_3074766.flac,0,bonafide,oggm4a,asvspoof,-,notrim,eval,bonafide,,,,,,,,,ASVspoof2021_DF,HuggingFace redistribution,dataset_license
asvspoof2021_df_DF_E_4674376,DF_E_4674376,VCC2SF4,data/raw/audio/asvspoof2021_df/audio/DF_E_4674376.flac,0,bonafide,low_m4a,vcc2018,-,notrim,eval,bonafide,,,,,,,,,ASVspoof2021_DF,HuggingFace redistribution,dataset_license
asvspoof2021_df_DF_E_4522964,DF_E_4522964,TEF1,data/raw/audio/asvspoof2021_df/audio/DF_E_4522964.flac,0,bonafide,oggm4a,vcc2020,-,notrim,eval,bonafide,,,,,,,,,ASVspoof2021_DF,HuggingFace redistribution,dataset_license
asvspoof2021_df_DF_E_4847489,DF_E_4847489,VCC2TM2,data/raw/audio/asvspoof2021_df/audio/DF_E_4847489.flac,0,bonafide,oggm4a,vcc2018,-,notrim,eval,bonafide,,,,,,,,,ASVspoof2021_DF,HuggingFace redistribution,dataset_license
asvspoof2021_df_DF_E_4849296,DF_E_4849296,TEF1,data/raw/audio/asvspoof2021_df/audio/DF_E_4849296.flac,1,spoof,high_mp3,vcc2020,Task1-team14,notrim,eval,neural_vocoder_nonautoregressive,,,,,,,,,ASVspoof2021_DF,HuggingFace redistribution,dataset_license
asvspoof2021_df_DF_E_4693210,DF_E_4693210,VCC2TF1,data/raw/audio/asvspoof2021_df/audio/DF_E_4693210.flac,0,bonafide,low_ogg,vcc2018,-,notrim,eval,bonafide,,,,,,,,,ASVspoof2021_DF,HuggingFace redistribution,dataset_license
asvspoof2021_df_DF_E_3048985,DF_E_3048985,TGF1,data/raw/audio/asvspoof2021_df/audio/DF_E_3048985.flac,1,spoof,low_ogg,vcc2020,Task2-team08,notrim,eval,traditional_vocoder,,,,,,,,,ASVspoof2021_DF,HuggingFace redistribution,dataset_license
asvspoof2021_df_DF_E_4714431,DF_E_4714431,TGM1,data/raw/audio/asvspoof2021_df/audio/DF_E_4714431.flac,0,bonafide,high_mp3,vcc2020,-,notrim,eval,bonafide,,,,,,,,,ASVspoof2021_DF,HuggingFace redistribution,dataset_license
asvspoof2021_df_DF_E_4530086,DF_E_4530086,LA_0039,data/raw/audio/asvspoof2021_df/audio/DF_E_4530086.flac,0,bonafide,oggm4a,asvspoof,-,notrim,eval,bonafide,,,,,,,,,ASVspoof2021_DF,HuggingFace redistribution,dataset_license
asvspoof2021_df_DF_E_4726036,DF_E_4726036,LA_0027,data/raw/audio/asvspoof2021_df/audio/DF_E_4726036.flac,0,bonafide,mp3m4a,asvspoof,-,notrim,eval,bonafide,,,,,,,,,ASVspoof2021_DF,HuggingFace redistribution,dataset_license
asvspoof2021_df_DF_E_3003211,DF_E_3003211,LA_0032,data/raw/audio/asvspoof2021_df/audio/DF_E_3003211.flac,0,bonafide,oggm4a,asvspoof,-,notrim,eval,bonafide,,,,,,,,,ASVspoof2021_DF,HuggingFace redistribution,dataset_license
asvspoof2021_df_DF_E_4849514,DF_E_4849514,VCC2SM3,data/raw/audio/asvspoof2021_df/audio/DF_E_4849514.flac,0,bonafide,low_ogg,vcc2018,-,notrim,eval,bonafide,,,,,,,,,ASVspoof2021_DF,HuggingFace redistribution,dataset_license
asvspoof2021_df_DF_E_4736896,DF_E_4736896,SEM1,data/raw/audio/asvspoof2021_df/audio/DF_E_4736896.flac,0,bonafide,low_ogg,vcc2020,-,notrim,eval,bonafide,,,,,,,,,ASVspoof2021_DF,HuggingFace redistribution,dataset_license
asvspoof2021_df_DF_E_4832992,DF_E_4832992,TEF2,data/raw/audio/asvspoof2021_df/audio/DF_E_4832992.flac,0,bonafide,high_ogg,vcc2020,-,notrim,eval,bonafide,,,,,,,,,ASVspoof2021_DF,HuggingFace redistribution,dataset_license
asvspoof2021_df_DF_E_4831625,DF_E_4831625,VCC2TF1,data/raw/audio/asvspoof2021_df/audio/DF_E_4831625.flac,1,spoof,high_m4a,vcc2018,SPO-B01,notrim,eval,traditional_vocoder,,,,,,,,,ASVspoof2021_DF,HuggingFace redistribution,dataset_license
asvspoof2021_df_DF_E_4532137,DF_E_4532137,LA_0013,data/raw/audio/asvspoof2021_df/audio/DF_E_4532137.flac,0,bonafide,oggm4a,asvspoof,-,notrim,eval,bonafide,,,,,,,,,ASVspoof2021_DF,HuggingFace redistribution,dataset_license
asvspoof2021_df_DF_E_2985688,DF_E_2985688,LA_0015,data/raw/audio/asvspoof2021_df/audio/DF_E_2985688.flac,0,bonafide,low_ogg,asvspoof,-,notrim,eval,bonafide,,,,,,,,,ASVspoof2021_DF,HuggingFace redistribution,dataset_license
asvspoof2021_df_DF_E_4528644,DF_E_4528644,TGF1,data/raw/audio/asvspoof2021_df/audio/DF_E_4528644.flac,1,spoof,low_mp3,vcc2020,Task2-team27,notrim,eval,neural_vocoder_nonautoregressive,,,,,,,,,ASVspoof2021_DF,HuggingFace redistribution,dataset_license
asvspoof2021_df_DF_E_4699595,DF_E_4699595,TEM2,data/raw/audio/asvspoof2021_df/audio/DF_E_4699595.flac,0,bonafide,mp3m4a,vcc2020,-,notrim,eval,bonafide,,,,,,,,,ASVspoof2021_DF,HuggingFace redistribution,dataset_license
asvspoof2021_df_DF_E_4828593,DF_E_4828593,TGM1,data/raw/audio/asvspoof2021_df/audio/DF_E_4828593.flac,0,bonafide,oggm4a,vcc2020,-,notrim,eval,bonafide,,,,,,,,,ASVspoof2021_DF,HuggingFace redistribution,dataset_license
asvspoof2021_df_DF_E_3006152,DF_E_3006152,VCC2TM1,data/raw/audio/asvspoof2021_df/audio/DF_E_3006152.flac,1,spoof,oggm4a,vcc2018,SPO-N18,notrim,eval,traditional_vocoder,,,,,,,,,ASVspoof2021_DF,HuggingFace redistribution,dataset_license
asvspoof2021_df_DF_E_3000851,DF_E_3000851,LA_0044,data/raw/audio/asvspoof2021_df/audio/DF_E_3000851.flac,0,bonafide,low_ogg,asvspoof,-,notrim,eval,bonafide,,,,,,,,,ASVspoof2021_DF,HuggingFace redistribution,dataset_license
asvspoof2021_df_DF_E_4549494,DF_E_4549494,VCC2SF2,data/raw/audio/asvspoof2021_df/audio/DF_E_4549494.flac,0,bonafide,high_m4a,vcc2018,-,notrim,eval,bonafide,,,,,,,,,ASVspoof2021_DF,HuggingFace redistribution,dataset_license
asvspoof2021_df_DF_E_4514192,DF_E_4514192,VCC2TM2,data/raw/audio/asvspoof2021_df/audio/DF_E_4514192.flac,1,spoof,low_ogg,vcc2018,HUB-D02,notrim,eval,traditional_vocoder,,,,,,,,,ASVspoof2021_DF,HuggingFace redistribution,dataset_license
asvspoof2021_df_DF_E_4817257,DF_E_4817257,VCC2TM2,data/raw/audio/asvspoof2021_df/audio/DF_E_4817257.flac,1,spoof,low_mp3,vcc2018,HUB-D01,notrim,eval,traditional_vocoder,,,,,,,,,ASVspoof2021_DF,HuggingFace redistribution,dataset_license
asvspoof2021_df_DF_E_3085623,DF_E_3085623,LA_0014,data/raw/audio/asvspoof2021_df/audio/DF_E_3085623.flac,0,bonafide,oggm4a,asvspoof,-,notrim,eval,bonafide,,,,,,,,,ASVspoof2021_DF,HuggingFace redistribution,dataset_license
asvspoof2021_df_DF_E_3082617,DF_E_3082617,VCC2TM2,data/raw/audio/asvspoof2021_df/audio/DF_E_3082617.flac,1,spoof,low_ogg,vcc2018,HUB-N03,notrim,eval,unknown,,,,,,,,,ASVspoof2021_DF,HuggingFace redistribution,dataset_license
asvspoof2021_df_DF_E_4836740,DF_E_4836740,TFF1,data/raw/audio/asvspoof2021_df/audio/DF_E_4836740.flac,1,spoof,high_ogg,vcc2020,Task2-team12,notrim,eval,traditional_vocoder,,,,,,,,,ASVspoof2021_DF,HuggingFace redistribution,dataset_license
asvspoof2021_df_DF_E_4843194,DF_E_4843194,TMF1,data/raw/audio/asvspoof2021_df/audio/DF_E_4843194.flac,1,spoof,low_ogg,vcc2020,Task2-team03,notrim,eval,neural_vocoder_autoregressive,,,,,,,,,ASVspoof2021_DF,HuggingFace redistribution,dataset_license
asvspoof2021_df_DF_E_3007072,DF_E_3007072,LA_0044,data/raw/audio/asvspoof2021_df/audio/DF_E_3007072.flac,0,bonafide,oggm4a,asvspoof,-,notrim,eval,bonafide,,,,,,,,,ASVspoof2021_DF,HuggingFace redistribution,dataset_license
asvspoof2021_df_DF_E_3009546,DF_E_3009546,VCC2SF2,data/raw/audio/asvspoof2021_df/audio/DF_E_3009546.flac,0,bonafide,nocodec,vcc2018,-,notrim,eval,bonafide,,,,,,,,,ASVspoof2021_DF,HuggingFace redistribution,dataset_license
asvspoof2021_df_DF_E_4531607,DF_E_4531607,TGM1,data/raw/audio/asvspoof2021_df/audio/DF_E_4531607.flac,0,bonafide,low_m4a,vcc2020,-,notrim,eval,bonafide,,,,,,,,,ASVspoof2021_DF,HuggingFace redistribution,dataset_license
asvspoof2021_df_DF_E_4704942,DF_E_4704942,VCC2TM2,data/raw/audio/asvspoof2021_df/audio/DF_E_4704942.flac,1,spoof,high_m4a,vcc2018,HUB-D03,notrim,eval,traditional_vocoder,,,,,,,,,ASVspoof2021_DF,HuggingFace redistribution,dataset_license
asvspoof2021_df_DF_E_4825953,DF_E_4825953,VCC2SM1,data/raw/audio/asvspoof2021_df/audio/DF_E_4825953.flac,0,bonafide,high_m4a,vcc2018,-,notrim,eval,bonafide,,,,,,,,,ASVspoof2021_DF,HuggingFace redistribution,dataset_license
asvspoof2021_df_DF_E_3005484,DF_E_3005484,VCC2TF2,data/raw/audio/asvspoof2021_df/audio/DF_E_3005484.flac,1,spoof,high_ogg,vcc2018,HUB-N10,notrim,eval,neural_vocoder_autoregressive,,,,,,,,,ASVspoof2021_DF,HuggingFace redistribution,dataset_license
asvspoof2021_df_DF_E_4712920,DF_E_4712920,TGM1,data/raw/audio/asvspoof2021_df/audio/DF_E_4712920.flac,0,bonafide,low_ogg,vcc2020,-,notrim,eval,bonafide,,,,,,,,,ASVspoof2021_DF,HuggingFace redistribution,dataset_license
asvspoof2021_df_DF_E_3000341,DF_E_3000341,LA_0043,data/raw/audio/asvspoof2021_df/audio/DF_E_3000341.flac,1,spoof,low_ogg,asvspoof,A19,notrim,eval,traditional_vocoder,,,,,,,,,ASVspoof2021_DF,HuggingFace redistribution,dataset_license
asvspoof2021_df_DF_E_4535960,DF_E_4535960,VCC2TF2,data/raw/audio/asvspoof2021_df/audio/DF_E_4535960.flac,1,spoof,mp3m4a,vcc2018,HUB-D03,notrim,eval,traditional_vocoder,,,,,,,,,ASVspoof2021_DF,HuggingFace redistribution,dataset_license
asvspoof2021_df_DF_E_2980989,DF_E_2980989,LA_0012,data/raw/audio/asvspoof2021_df/audio/DF_E_2980989.flac,1,spoof,oggm4a,asvspoof,A08,notrim,eval,neural_vocoder_nonautoregressive,,,,,,,,,ASVspoof2021_DF,HuggingFace redistribution,dataset_license
asvspoof2021_df_DF_E_3059905,DF_E_3059905,LA_0030,data/raw/audio/asvspoof2021_df/audio/DF_E_3059905.flac,0,bonafide,high_ogg,asvspoof,-,notrim,eval,bonafide,,,,,,,,,ASVspoof2021_DF,HuggingFace redistribution,dataset_license
asvspoof2021_df_DF_E_2981148,DF_E_2981148,TFM1,data/raw/audio/asvspoof2021_df/audio/DF_E_2981148.flac,1,spoof,mp3m4a,vcc2020,Task2-team25,notrim,eval,neural_vocoder_autoregressive,,,,,,,,,ASVspoof2021_DF,HuggingFace redistribution,dataset_license
asvspoof2021_df_DF_E_4541579,DF_E_4541579,VCC2SM1,data/raw/audio/asvspoof2021_df/audio/DF_E_4541579.flac,0,bonafide,high_ogg,vcc2018,-,notrim,eval,bonafide,,,,,,,,,ASVspoof2021_DF,HuggingFace redistribution,dataset_license
asvspoof2021_df_DF_E_4838910,DF_E_4838910,VCC2SM1,data/raw/audio/asvspoof2021_df/audio/DF_E_4838910.flac,0,bonafide,low_m4a,vcc2018,-,notrim,eval,bonafide,,,,,,,,,ASVspoof2021_DF,HuggingFace redistribution,dataset_license
asvspoof2021_df_DF_E_3076486,DF_E_3076486,LA_0011,data/raw/audio/asvspoof2021_df/audio/DF_E_3076486.flac,0,bonafide,nocodec,asvspoof,-,notrim,eval,bonafide,,,,,,,,,ASVspoof2021_DF,HuggingFace redistribution,dataset_license
asvspoof2021_df_DF_E_4844270,DF_E_4844270,TFM1,data/raw/audio/asvspoof2021_df/audio/DF_E_4844270.flac,1,spoof,oggm4a,vcc2020,Task2-team25,notrim,eval,neural_vocoder_autoregressive,,,,,,,,,ASVspoof2021_DF,HuggingFace redistribution,dataset_license
asvspoof2021_df_DF_E_4526504,DF_E_4526504,VCC2TM2,data/raw/audio/asvspoof2021_df/audio/DF_E_4526504.flac,0,bonafide,low_m4a,vcc2018,-,notrim,eval,bonafide,,,,,,,,,ASVspoof2021_DF,HuggingFace redistribution,dataset_license
asvspoof2021_df_DF_E_3059659,DF_E_3059659,TFF1,data/raw/audio/asvspoof2021_df/audio/DF_E_3059659.flac,1,spoof,high_mp3,vcc2020,Task2-team16,notrim,eval,neural_vocoder_nonautoregressive,,,,,,,,,ASVspoof2021_DF,HuggingFace redistribution,dataset_license
asvspoof2021_df_DF_E_4689255,DF_E_4689255,TEM1,data/raw/audio/asvspoof2021_df/audio/DF_E_4689255.flac,1,spoof,high_ogg,vcc2020,Task1-team16,notrim,eval,neural_vocoder_nonautoregressive,,,,,,,,,ASVspoof2021_DF,HuggingFace redistribution,dataset_license
asvspoof2021_df_DF_E_4681101,DF_E_4681101,VCC2SM2,data/raw/audio/asvspoof2021_df/audio/DF_E_4681101.flac,0,bonafide,oggm4a,vcc2018,-,notrim,eval,bonafide,,,,,,,,,ASVspoof2021_DF,HuggingFace redistribution,dataset_license
asvspoof2021_df_DF_E_4534511,DF_E_4534511,VCC2TM2,data/raw/audio/asvspoof2021_df/audio/DF_E_4534511.flac,1,spoof,low_mp3,vcc2018,SPO-N13,notrim,eval,traditional_vocoder,,,,,,,,,ASVspoof2021_DF,HuggingFace redistribution,dataset_license
asvspoof2021_df_DF_E_4693753,DF_E_4693753,LA_0037,data/raw/audio/asvspoof2021_df/audio/DF_E_4693753.flac,0,bonafide,oggm4a,asvspoof,-,notrim,eval,bonafide,,,,,,,,,ASVspoof2021_DF,HuggingFace redistribution,dataset_license
asvspoof2021_df_DF_E_4679086,DF_E_4679086,LA_0020,data/raw/audio/asvspoof2021_df/audio/DF_E_4679086.flac,0,bonafide,low_mp3,asvspoof,-,notrim,eval,bonafide,,,,,,,,,ASVspoof2021_DF,HuggingFace redistribution,dataset_license
asvspoof2021_df_DF_E_4529834,DF_E_4529834,LA_0029,data/raw/audio/asvspoof2021_df/audio/DF_E_4529834.flac,0,bonafide,oggm4a,asvspoof,-,notrim,eval,bonafide,,,,,,,,,ASVspoof2021_DF,HuggingFace redistribution,dataset_license
asvspoof2021_df_DF_E_4548697,DF_E_4548697,TEM1,data/raw/audio/asvspoof2021_df/audio/DF_E_4548697.flac,0,bonafide,nocodec,vcc2020,-,notrim,eval,bonafide,,,,,,,,,ASVspoof2021_DF,HuggingFace redistribution,dataset_license
asvspoof2021_df_DF_E_2991123,DF_E_2991123,VCC2SF1,data/raw/audio/asvspoof2021_df/audio/DF_E_2991123.flac,0,bonafide,high_ogg,vcc2018,-,notrim,eval,bonafide,,,,,,,,,ASVspoof2021_DF,HuggingFace redistribution,dataset_license
asvspoof2021_df_DF_E_4535535,DF_E_4535535,VCC2TM1,data/raw/audio/asvspoof2021_df/audio/DF_E_4535535.flac,0,bonafide,low_m4a,vcc2018,-,notrim,eval,bonafide,,,,,,,,,ASVspoof2021_DF,HuggingFace redistribution,dataset_license
asvspoof2021_df_DF_E_3073894,DF_E_3073894,TMF1,data/raw/audio/asvspoof2021_df/audio/DF_E_3073894.flac,0,bonafide,mp3m4a,vcc2020,-,notrim,eval,bonafide,,,,,,,,,ASVspoof2021_DF,HuggingFace redistribution,dataset_license
asvspoof2021_df_DF_E_4543745,DF_E_4543745,LA_0018,data/raw/audio/asvspoof2021_df/audio/DF_E_4543745.flac,1,spoof,low_ogg,asvspoof,A10,notrim,eval,neural_vocoder_autoregressive,,,,,,,,,ASVspoof2021_DF,HuggingFace redistribution,dataset_license
asvspoof2021_df_DF_E_3066599,DF_E_3066599,LA_0023,data/raw/audio/asvspoof2021_df/audio/DF_E_3066599.flac,1,spoof,high_m4a,asvspoof,A07,notrim,eval,traditional_vocoder,,,,,,,,,ASVspoof2021_DF,HuggingFace redistribution,dataset_license
asvspoof2021_df_DF_E_4541434,DF_E_4541434,LA_0038,data/raw/audio/asvspoof2021_df/audio/DF_E_4541434.flac,0,bonafide,high_ogg,asvspoof,-,notrim,eval,bonafide,,,,,,,,,ASVspoof2021_DF,HuggingFace redistribution,dataset_license
asvspoof2021_df_DF_E_2979878,DF_E_2979878,LA_0058,data/raw/audio/asvspoof2021_df/audio/DF_E_2979878.flac,0,bonafide,high_ogg,asvspoof,-,notrim,eval,bonafide,,,,,,,,,ASVspoof2021_DF,HuggingFace redistribution,dataset_license
asvspoof2021_df_DF_E_2987454,DF_E_2987454,LA_0018,data/raw/audio/asvspoof2021_df/audio/DF_E_2987454.flac,0,bonafide,low_ogg,asvspoof,-,notrim,eval,bonafide,,,,,,,,,ASVspoof2021_DF,HuggingFace redistribution,dataset_license
asvspoof2021_df_DF_E_4844310,DF_E_4844310,TEM1,data/raw/audio/asvspoof2021_df/audio/DF_E_4844310.flac,0,bonafide,high_mp3,vcc2020,-,notrim,eval,bonafide,,,,,,,,,ASVspoof2021_DF,HuggingFace redistribution,dataset_license
asvspoof2021_df_DF_E_4726925,DF_E_4726925,VCC2TF1,data/raw/audio/asvspoof2021_df/audio/DF_E_4726925.flac,0,bonafide,high_ogg,vcc2018,-,notrim,eval,bonafide,,,,,,,,,ASVspoof2021_DF,HuggingFace redistribution,dataset_license
asvspoof2021_df_DF_E_3048575,DF_E_3048575,LA_0026,data/raw/audio/asvspoof2021_df/audio/DF_E_3048575.flac,0,bonafide,high_m4a,asvspoof,-,notrim,eval,bonafide,,,,,,,,,ASVspoof2021_DF,HuggingFace redistribution,dataset_license
asvspoof2021_df_DF_E_2987467,DF_E_2987467,LA_0032,data/raw/audio/asvspoof2021_df/audio/DF_E_2987467.flac,1,spoof,low_ogg,asvspoof,A18,notrim,eval,traditional_vocoder,,,,,,,,,ASVspoof2021_DF,HuggingFace redistribution,dataset_license
asvspoof2021_df_DF_E_4525102,DF_E_4525102,VCC2TM1,data/raw/audio/asvspoof2021_df/audio/DF_E_4525102.flac,1,spoof,high_mp3,vcc2018,HUB-N08,notrim,eval,traditional_vocoder,,,,,,,,,ASVspoof2021_DF,HuggingFace redistribution,dataset_license
asvspoof2021_df_DF_E_3004735,DF_E_3004735,LA_0019,data/raw/audio/asvspoof2021_df/audio/DF_E_3004735.flac,0,bonafide,mp3m4a,asvspoof,-,notrim,eval,bonafide,,,,,,,,,ASVspoof2021_DF,HuggingFace redistribution,dataset_license
asvspoof2021_df_DF_E_4535662,DF_E_4535662,VCC2TM2,data/raw/audio/asvspoof2021_df/audio/DF_E_4535662.flac,1,spoof,low_mp3,vcc2018,HUB-D04,notrim,eval,traditional_vocoder,,,,,,,,,ASVspoof2021_DF,HuggingFace redistribution,dataset_license
asvspoof2021_df_DF_E_4847338,DF_E_4847338,LA_0023,data/raw/audio/asvspoof2021_df/audio/DF_E_4847338.flac,0,bonafide,high_ogg,asvspoof,-,notrim,eval,bonafide,,,,,,,,,ASVspoof2021_DF,HuggingFace redistribution,dataset_license
asvspoof2021_df_DF_E_4836487,DF_E_4836487,TMF1,data/raw/audio/asvspoof2021_df/audio/DF_E_4836487.flac,0,bonafide,mp3m4a,vcc2020,-,notrim,eval,bonafide,,,,,,,,,ASVspoof2021_DF,HuggingFace redistribution,dataset_license
asvspoof2021_df_DF_E_4724832,DF_E_4724832,VCC2SF4,data/raw/audio/asvspoof2021_df/audio/DF_E_4724832.flac,0,bonafide,high_ogg,vcc2018,-,notrim,eval,bonafide,,,,,,,,,ASVspoof2021_DF,HuggingFace redistribution,dataset_license
asvspoof2021_df_DF_E_4827123,DF_E_4827123,LA_0040,data/raw/audio/asvspoof2021_df/audio/DF_E_4827123.flac,0,bonafide,high_ogg,asvspoof,-,notrim,eval,bonafide,,,,,,,,,ASVspoof2021_DF,HuggingFace redistribution,dataset_license
asvspoof2021_df_DF_E_3054380,DF_E_3054380,TEF2,data/raw/audio/asvspoof2021_df/audio/DF_E_3054380.flac,1,spoof,oggm4a,vcc2020,Task1-team27,notrim,eval,neural_vocoder_nonautoregressive,,,,,,,,,ASVspoof2021_DF,HuggingFace redistribution,dataset_license
asvspoof2021_df_DF_E_4849685,DF_E_4849685,LA_0021,data/raw/audio/asvspoof2021_df/audio/DF_E_4849685.flac,0,bonafide,high_ogg,asvspoof,-,notrim,eval,bonafide,,,,,,,,,ASVspoof2021_DF,HuggingFace redistribution,dataset_license
asvspoof2021_df_DF_E_4716989,DF_E_4716989,TMM1,data/raw/audio/asvspoof2021_df/audio/DF_E_4716989.flac,1,spoof,high_m4a,vcc2020,Task2-team20,notrim,eval,neural_vocoder_nonautoregressive,,,,,,,,,ASVspoof2021_DF,HuggingFace redistribution,dataset_license
asvspoof2021_df_DF_E_4731355,DF_E_4731355,VCC2SM3,data/raw/audio/asvspoof2021_df/audio/DF_E_4731355.flac,0,bonafide,high_ogg,vcc2018,-,notrim,eval,bonafide,,,,,,,,,ASVspoof2021_DF,HuggingFace redistribution,dataset_license
asvspoof2021_df_DF_E_4543099,DF_E_4543099,VCC2TM2,data/raw/audio/asvspoof2021_df/audio/DF_E_4543099.flac,1,spoof,low_ogg,vcc2018,SPO-N10,notrim,eval,neural_vocoder_autoregressive,,,,,,,,,ASVspoof2021_DF,HuggingFace redistribution,dataset_license
asvspoof2021_df_DF_E_4702029,DF_E_4702029,LA_0004,data/raw/audio/asvspoof2021_df/audio/DF_E_4702029.flac,0,bonafide,low_ogg,asvspoof,-,notrim,eval,bonafide,,,,,,,,,ASVspoof2021_DF,HuggingFace redistribution,dataset_license
asvspoof2021_df_DF_E_4850020,DF_E_4850020,LA_0041,data/raw/audio/asvspoof2021_df/audio/DF_E_4850020.flac,1,spoof,high_ogg,asvspoof,A13,notrim,eval,traditional_vocoder,,,,,,,,,ASVspoof2021_DF,HuggingFace redistribution,dataset_license
asvspoof2021_df_DF_E_4720052,DF_E_4720052,TMF1,data/raw/audio/asvspoof2021_df/audio/DF_E_4720052.flac,0,bonafide,high_m4a,vcc2020,-,notrim,eval,bonafide,,,,,,,,,ASVspoof2021_DF,HuggingFace redistribution,dataset_license
asvspoof2021_df_DF_E_4827085,DF_E_4827085,LA_0029,data/raw/audio/asvspoof2021_df/audio/DF_E_4827085.flac,0,bonafide,low_ogg,asvspoof,-,notrim,eval,bonafide,,,,,,,,,ASVspoof2021_DF,HuggingFace redistribution,dataset_license
asvspoof2021_df_DF_E_2990134,DF_E_2990134,VCC2SM3,data/raw/audio/asvspoof2021_df/audio/DF_E_2990134.flac,0,bonafide,low_m4a,vcc2018,-,notrim,eval,bonafide,,,,,,,,,ASVspoof2021_DF,HuggingFace redistribution,dataset_license
asvspoof2021_df_DF_E_4530674,DF_E_4530674,TEF1,data/raw/audio/asvspoof2021_df/audio/DF_E_4530674.flac,1,spoof,high_mp3,vcc2020,Task1-team19,notrim,eval,neural_vocoder_nonautoregressive,,,,,,,,,ASVspoof2021_DF,HuggingFace redistribution,dataset_license
asvspoof2021_df_DF_E_3079899,DF_E_3079899,TGM1,data/raw/audio/asvspoof2021_df/audio/DF_E_3079899.flac,1,spoof,oggm4a,vcc2020,Task2-team05,notrim,eval,neural_vocoder_nonautoregressive,,,,,,,,,ASVspoof2021_DF,HuggingFace redistribution,dataset_license
asvspoof2021_df_DF_E_4704077,DF_E_4704077,TEM2,data/raw/audio/asvspoof2021_df/audio/DF_E_4704077.flac,0,bonafide,low_mp3,vcc2020,-,notrim,eval,bonafide,,,,,,,,,ASVspoof2021_DF,HuggingFace redistribution,dataset_license
asvspoof2021_df_DF_E_4736384,DF_E_4736384,TGM1,data/raw/audio/asvspoof2021_df/audio/DF_E_4736384.flac,1,spoof,nocodec,vcc2020,Task2-team10,notrim,eval,neural_vocoder_autoregressive,,,,,,,,,ASVspoof2021_DF,HuggingFace redistribution,dataset_license
asvspoof2021_df_DF_E_4832182,DF_E_4832182,LA_0033,data/raw/audio/asvspoof2021_df/audio/DF_E_4832182.flac,1,spoof,low_ogg,asvspoof,A18,notrim,eval,traditional_vocoder,,,,,,,,,ASVspoof2021_DF,HuggingFace redistribution,dataset_license
asvspoof2021_df_DF_E_3009038,DF_E_3009038,VCC2TM1,data/raw/audio/asvspoof2021_df/audio/DF_E_3009038.flac,1,spoof,high_mp3,vcc2018,SPO-N10,notrim,eval,neural_vocoder_autoregressive,,,,,,,,,ASVspoof2021_DF,HuggingFace redistribution,dataset_license
asvspoof2021_df_DF_E_3059972,DF_E_3059972,LA_0051,data/raw/audio/asvspoof2021_df/audio/DF_E_3059972.flac,0,bonafide,mp3m4a,asvspoof,-,notrim,eval,bonafide,,,,,,,,,ASVspoof2021_DF,HuggingFace redistribution,dataset_license
asvspoof2021_df_DF_E_4700338,DF_E_4700338,LA_0018,data/raw/audio/asvspoof2021_df/audio/DF_E_4700338.flac,0,bonafide,mp3m4a,asvspoof,-,notrim,eval,bonafide,,,,,,,,,ASVspoof2021_DF,HuggingFace redistribution,dataset_license
asvspoof2021_df_DF_E_4529579,DF_E_4529579,VCC2SF2,data/raw/audio/asvspoof2021_df/audio/DF_E_4529579.flac,0,bonafide,high_mp3,vcc2018,-,notrim,eval,bonafide,,,,,,,,,ASVspoof2021_DF,HuggingFace redistribution,dataset_license
asvspoof2021_df_DF_E_4733503,DF_E_4733503,LA_0027,data/raw/audio/asvspoof2021_df/audio/DF_E_4733503.flac,0,bonafide,high_m4a,asvspoof,-,notrim,eval,bonafide,,,,,,,,,ASVspoof2021_DF,HuggingFace redistribution,dataset_license
asvspoof2021_df_DF_E_4700068,DF_E_4700068,VCC2TM1,data/raw/audio/asvspoof2021_df/audio/DF_E_4700068.flac,1,spoof,nocodec,vcc2018,HUB-N17,notrim,eval,neural_vocoder_autoregressive,,,,,,,,,ASVspoof2021_DF,HuggingFace redistribution,dataset_license
asvspoof2021_df_DF_E_4514135,DF_E_4514135,LA_0048,data/raw/audio/asvspoof2021_df/audio/DF_E_4514135.flac,0,bonafide,mp3m4a,asvspoof,-,notrim,eval,bonafide,,,,,,,,,ASVspoof2021_DF,HuggingFace redistribution,dataset_license
asvspoof2021_df_DF_E_4521805,DF_E_4521805,VCC2TM1,data/raw/audio/asvspoof2021_df/audio/DF_E_4521805.flac,1,spoof,low_mp3,vcc2018,HUB-N11,notrim,eval,traditional_vocoder,,,,,,,,,ASVspoof2021_DF,HuggingFace redistribution,dataset_license
asvspoof2021_df_DF_E_4537586,DF_E_4537586,TEM1,data/raw/audio/asvspoof2021_df/audio/DF_E_4537586.flac,0,bonafide,low_m4a,vcc2020,-,notrim,eval,bonafide,,,,,,,,,ASVspoof2021_DF,HuggingFace redistribution,dataset_license
asvspoof2021_df_DF_E_4848570,DF_E_4848570,TMF1,data/raw/audio/asvspoof2021_df/audio/DF_E_4848570.flac,1,spoof,high_m4a,vcc2020,Task2-team19,notrim,eval,neural_vocoder_nonautoregressive,,,,,,,,,ASVspoof2021_DF,HuggingFace redistribution,dataset_license
asvspoof2021_df_DF_E_3005583,DF_E_3005583,TEF1,data/raw/audio/asvspoof2021_df/audio/DF_E_3005583.flac,0,bonafide,low_mp3,vcc2020,-,notrim,eval,bonafide,,,,,,,,,ASVspoof2021_DF,HuggingFace redistribution,dataset_license
asvspoof2021_df_DF_E_3071480,DF_E_3071480,LA_0039,data/raw/audio/asvspoof2021_df/audio/DF_E_3071480.flac,0,bonafide,low_ogg,asvspoof,-,notrim,eval,bonafide,,,,,,,,,ASVspoof2021_DF,HuggingFace redistribution,dataset_license
asvspoof2021_df_DF_E_4539197,DF_E_4539197,VCC2TF1,data/raw/audio/asvspoof2021_df/audio/DF_E_4539197.flac,1,spoof,oggm4a,vcc2018,HUB-N15,notrim,eval,traditional_vocoder,,,,,,,,,ASVspoof2021_DF,HuggingFace redistribution,dataset_license
asvspoof2021_df_DF_E_4512861,DF_E_4512861,TEM2,data/raw/audio/asvspoof2021_df/audio/DF_E_4512861.flac,1,spoof,low_m4a,vcc2020,Task1-team23,notrim,eval,neural_vocoder_nonautoregressive,,,,,,,,,ASVspoof2021_DF,HuggingFace redistribution,dataset_license
asvspoof2021_df_DF_E_3050537,DF_E_3050537,LA_0002,data/raw/audio/asvspoof2021_df/audio/DF_E_3050537.flac,0,bonafide,oggm4a,asvspoof,-,notrim,eval,bonafide,,,,,,,,,ASVspoof2021_DF,HuggingFace redistribution,dataset_license
asvspoof2021_df_DF_E_2997758,DF_E_2997758,LA_0028,data/raw/audio/asvspoof2021_df/audio/DF_E_2997758.flac,0,bonafide,high_ogg,asvspoof,-,notrim,eval,bonafide,,,,,,,,,ASVspoof2021_DF,HuggingFace redistribution,dataset_license
asvspoof2021_df_DF_E_3075147,DF_E_3075147,VCC2TF1,data/raw/audio/asvspoof2021_df/audio/DF_E_3075147.flac,1,spoof,low_m4a,vcc2018,SPO-N05,notrim,eval,traditional_vocoder,,,,,,,,,ASVspoof2021_DF,HuggingFace redistribution,dataset_license
asvspoof2021_df_DF_E_4532525,DF_E_4532525,TGF1,data/raw/audio/asvspoof2021_df/audio/DF_E_4532525.flac,1,spoof,high_ogg,vcc2020,Task2-team25,notrim,eval,neural_vocoder_autoregressive,,,,,,,,,ASVspoof2021_DF,HuggingFace redistribution,dataset_license
asvspoof2021_df_DF_E_3054138,DF_E_3054138,VCC2TM1,data/raw/audio/asvspoof2021_df/audio/DF_E_3054138.flac,0,bonafide,high_mp3,vcc2018,-,notrim,eval,bonafide,,,,,,,,,ASVspoof2021_DF,HuggingFace redistribution,dataset_license
asvspoof2021_df_DF_E_3053347,DF_E_3053347,VCC2SF4,data/raw/audio/asvspoof2021_df/audio/DF_E_3053347.flac,0,bonafide,low_ogg,vcc2018,-,notrim,eval,bonafide,,,,,,,,,ASVspoof2021_DF,HuggingFace redistribution,dataset_license
asvspoof2021_df_DF_E_3059885,DF_E_3059885,VCC2TF2,data/raw/audio/asvspoof2021_df/audio/DF_E_3059885.flac,1,spoof,high_ogg,vcc2018,SPO-B01,notrim,eval,traditional_vocoder,,,,,,,,,ASVspoof2021_DF,HuggingFace redistribution,dataset_license
asvspoof2021_df_DF_E_4540211,DF_E_4540211,LA_0004,data/raw/audio/asvspoof2021_df/audio/DF_E_4540211.flac,1,spoof,high_m4a,asvspoof,A07,notrim,eval,traditional_vocoder,,,,,,,,,ASVspoof2021_DF,HuggingFace redistribution,dataset_license
asvspoof2021_df_DF_E_4843764,DF_E_4843764,LA_0015,data/raw/audio/asvspoof2021_df/audio/DF_E_4843764.flac,0,bonafide,high_mp3,asvspoof,-,notrim,eval,bonafide,,,,,,,,,ASVspoof2021_DF,HuggingFace redistribution,dataset_license
asvspoof2021_df_DF_E_3065744,DF_E_3065744,VCC2TM1,data/raw/audio/asvspoof2021_df/audio/DF_E_3065744.flac,1,spoof,low_m4a,vcc2018,SPO-N18,notrim,eval,traditional_vocoder,,,,,,,,,ASVspoof2021_DF,HuggingFace redistribution,dataset_license
asvspoof2021_df_DF_E_3080366,DF_E_3080366,TEM2,data/raw/audio/asvspoof2021_df/audio/DF_E_3080366.flac,1,spoof,low_mp3,vcc2020,Task1-team10,notrim,eval,neural_vocoder_autoregressive,,,,,,,,,ASVspoof2021_DF,HuggingFace redistribution,dataset_license
asvspoof2021_df_DF_E_4529283,DF_E_4529283,VCC2TF2,data/raw/audio/asvspoof2021_df/audio/DF_E_4529283.flac,1,spoof,mp3m4a,vcc2018,SPO-N17,notrim,eval,neural_vocoder_autoregressive,,,,,,,,,ASVspoof2021_DF,HuggingFace redistribution,dataset_license
asvspoof2021_df_DF_E_3055988,DF_E_3055988,VCC2TM1,data/raw/audio/asvspoof2021_df/audio/DF_E_3055988.flac,1,spoof,high_mp3,vcc2018,SPO-N18,notrim,eval,traditional_vocoder,,,,,,,,,ASVspoof2021_DF,HuggingFace redistribution,dataset_license
asvspoof2021_df_DF_E_4519795,DF_E_4519795,VCC2SM1,data/raw/audio/asvspoof2021_df/audio/DF_E_4519795.flac,0,bonafide,high_mp3,vcc2018,-,notrim,eval,bonafide,,,,,,,,,ASVspoof2021_DF,HuggingFace redistribution,dataset_license
asvspoof2021_df_DF_E_4662739,DF_E_4662739,VCC2TF1,data/raw/audio/asvspoof2021_df/audio/DF_E_4662739.flac,1,spoof,oggm4a,vcc2018,HUB-N10,notrim,eval,neural_vocoder_autoregressive,,,,,,,,,ASVspoof2021_DF,HuggingFace redistribution,dataset_license
asvspoof2021_df_DF_E_4680080,DF_E_4680080,VCC2SF3,data/raw/audio/asvspoof2021_df/audio/DF_E_4680080.flac,0,bonafide,low_ogg,vcc2018,-,notrim,eval,bonafide,,,,,,,,,ASVspoof2021_DF,HuggingFace redistribution,dataset_license
asvspoof2021_df_DF_E_4690853,DF_E_4690853,TEF1,data/raw/audio/asvspoof2021_df/audio/DF_E_4690853.flac,1,spoof,high_mp3,vcc2020,Task1-team21,notrim,eval,neural_vocoder_nonautoregressive,,,,,,,,,ASVspoof2021_DF,HuggingFace redistribution,dataset_license
asvspoof2021_df_DF_E_3084620,DF_E_3084620,LA_0044,data/raw/audio/asvspoof2021_df/audio/DF_E_3084620.flac,1,spoof,mp3m4a,asvspoof,A12,notrim,eval,neural_vocoder_autoregressive,,,,,,,,,ASVspoof2021_DF,HuggingFace redistribution,dataset_license
asvspoof2021_df_DF_E_4830974,DF_E_4830974,TGF1,data/raw/audio/asvspoof2021_df/audio/DF_E_4830974.flac,0,bonafide,low_ogg,vcc2020,-,notrim,eval,bonafide,,,,,,,,,ASVspoof2021_DF,HuggingFace redistribution,dataset_license
asvspoof2021_df_DF_E_4844657,DF_E_4844657,VCC2TM2,data/raw/audio/asvspoof2021_df/audio/DF_E_4844657.flac,1,spoof,mp3m4a,vcc2018,HUB-N08,notrim,eval,traditional_vocoder,,,,,,,,,ASVspoof2021_DF,HuggingFace redistribution,dataset_license
asvspoof2021_df_DF_E_3064233,DF_E_3064233,VCC2TM2,data/raw/audio/asvspoof2021_df/audio/DF_E_3064233.flac,1,spoof,oggm4a,vcc2018,HUB-D04,notrim,eval,traditional_vocoder,,,,,,,,,ASVspoof2021_DF,HuggingFace redistribution,dataset_license
asvspoof2021_df_DF_E_3078217,DF_E_3078217,TMF1,data/raw/audio/asvspoof2021_df/audio/DF_E_3078217.flac,1,spoof,mp3m4a,vcc2020,Task2-team18,notrim,eval,unknown,,,,,,,,,ASVspoof2021_DF,HuggingFace redistribution,dataset_license
asvspoof2021_df_DF_E_4840614,DF_E_4840614,VCC2TM2,data/raw/audio/asvspoof2021_df/audio/DF_E_4840614.flac,1,spoof,high_mp3,vcc2018,HUB-N14,notrim,eval,traditional_vocoder,,,,,,,,,ASVspoof2021_DF,HuggingFace redistribution,dataset_license
asvspoof2021_df_DF_E_4827979,DF_E_4827979,VCC2SM1,data/raw/audio/asvspoof2021_df/audio/DF_E_4827979.flac,0,bonafide,high_m4a,vcc2018,-,notrim,eval,bonafide,,,,,,,,,ASVspoof2021_DF,HuggingFace redistribution,dataset_license
asvspoof2021_df_DF_E_4519684,DF_E_4519684,TGF1,data/raw/audio/asvspoof2021_df/audio/DF_E_4519684.flac,1,spoof,low_ogg,vcc2020,Task2-team15,notrim,eval,neural_vocoder_nonautoregressive,,,,,,,,,ASVspoof2021_DF,HuggingFace redistribution,dataset_license
asvspoof2021_df_DF_E_4840060,DF_E_4840060,TEF2,data/raw/audio/asvspoof2021_df/audio/DF_E_4840060.flac,1,spoof,high_ogg,vcc2020,Task1-team07,notrim,eval,neural_vocoder_autoregressive,,,,,,,,,ASVspoof2021_DF,HuggingFace redistribution,dataset_license
asvspoof2021_df_DF_E_4544609,DF_E_4544609,VCC2TF1,data/raw/audio/asvspoof2021_df/audio/DF_E_4544609.flac,1,spoof,high_ogg,vcc2018,SPO-N10,notrim,eval,neural_vocoder_autoregressive,,,,,,,,,ASVspoof2021_DF,HuggingFace redistribution,dataset_license
asvspoof2021_df_DF_E_2986659,DF_E_2986659,LA_0017,data/raw/audio/asvspoof2021_df/audio/DF_E_2986659.flac,0,bonafide,low_ogg,asvspoof,-,notrim,eval,bonafide,,,,,,,,,ASVspoof2021_DF,HuggingFace redistribution,dataset_license
asvspoof2021_df_DF_E_3068136,DF_E_3068136,VCC2TM2,data/raw/audio/asvspoof2021_df/audio/DF_E_3068136.flac,0,bonafide,nocodec,vcc2018,-,notrim,eval,bonafide,,,,,,,,,ASVspoof2021_DF,HuggingFace redistribution,dataset_license
asvspoof2021_df_DF_E_4832907,DF_E_4832907,TEF1,data/raw/audio/asvspoof2021_df/audio/DF_E_4832907.flac,1,spoof,high_ogg,vcc2020,Task1-team33,notrim,eval,neural_vocoder_nonautoregressive,,,,,,,,,ASVspoof2021_DF,HuggingFace redistribution,dataset_license
asvspoof2021_df_DF_E_4823600,DF_E_4823600,VCC2TM1,data/raw/audio/asvspoof2021_df/audio/DF_E_4823600.flac,0,bonafide,high_m4a,vcc2018,-,notrim,eval,bonafide,,,,,,,,,ASVspoof2021_DF,HuggingFace redistribution,dataset_license
asvspoof2021_df_DF_E_4717658,DF_E_4717658,VCC2SF2,data/raw/audio/asvspoof2021_df/audio/DF_E_4717658.flac,0,bonafide,high_ogg,vcc2018,-,notrim,eval,bonafide,,,,,,,,,ASVspoof2021_DF,HuggingFace redistribution,dataset_license
asvspoof2021_df_DF_E_3071347,DF_E_3071347,LA_0040,data/raw/audio/asvspoof2021_df/audio/DF_E_3071347.flac,0,bonafide,mp3m4a,asvspoof,-,notrim,eval,bonafide,,,,,,,,,ASVspoof2021_DF,HuggingFace redistribution,dataset_license
asvspoof2021_df_DF_E_4694208,DF_E_4694208,LA_0009,data/raw/audio/asvspoof2021_df/audio/DF_E_4694208.flac,1,spoof,oggm4a,asvspoof,A07,notrim,eval,traditional_vocoder,,,,,,,,,ASVspoof2021_DF,HuggingFace redistribution,dataset_license
asvspoof2021_df_DF_E_3072280,DF_E_3072280,VCC2SF1,data/raw/audio/asvspoof2021_df/audio/DF_E_3072280.flac,0,bonafide,high_m4a,vcc2018,-,notrim,eval,bonafide,,,,,,,,,ASVspoof2021_DF,HuggingFace redistribution,dataset_license
asvspoof2021_df_DF_E_4536971,DF_E_4536971,LA_0041,data/raw/audio/asvspoof2021_df/audio/DF_E_4536971.flac,0,bonafide,oggm4a,asvspoof,-,notrim,eval,bonafide,,,,,,,,,ASVspoof2021_DF,HuggingFace redistribution,dataset_license
asvspoof2021_df_DF_E_4684260,DF_E_4684260,TGM1,data/raw/audio/asvspoof2021_df/audio/DF_E_4684260.flac,1,spoof,high_ogg,vcc2020,Task2-team29,notrim,eval,neural_vocoder_autoregressive,,,,,,,,,ASVspoof2021_DF,HuggingFace redistribution,dataset_license
asvspoof2021_df_DF_E_4512525,DF_E_4512525,LA_0022,data/raw/audio/asvspoof2021_df/audio/DF_E_4512525.flac,0,bonafide,high_ogg,asvspoof,-,notrim,eval,bonafide,,,,,,,,,ASVspoof2021_DF,HuggingFace redistribution,dataset_license
asvspoof2021_df_DF_E_4734158,DF_E_4734158,TMF1,data/raw/audio/asvspoof2021_df/audio/DF_E_4734158.flac,1,spoof,low_ogg,vcc2020,Task2-team22,notrim,eval,neural_vocoder_nonautoregressive,,,,,,,,,ASVspoof2021_DF,HuggingFace redistribution,dataset_license
asvspoof2021_df_DF_E_4686034,DF_E_4686034,TMF1,data/raw/audio/asvspoof2021_df/audio/DF_E_4686034.flac,1,spoof,nocodec,vcc2020,Task2-team22,notrim,eval,neural_vocoder_nonautoregressive,,,,,,,,,ASVspoof2021_DF,HuggingFace redistribution,dataset_license
asvspoof2021_df_DF_E_4538152,DF_E_4538152,TGF1,data/raw/audio/asvspoof2021_df/audio/DF_E_4538152.flac,1,spoof,low_m4a,vcc2020,Task2-team12,notrim,eval,traditional_vocoder,,,,,,,,,ASVspoof2021_DF,HuggingFace redistribution,dataset_license
asvspoof2021_df_DF_E_4831471,DF_E_4831471,TMF1,data/raw/audio/asvspoof2021_df/audio/DF_E_4831471.flac,1,spoof,low_ogg,vcc2020,Task2-team07,notrim,eval,neural_vocoder_autoregressive,,,,,,,,,ASVspoof2021_DF,HuggingFace redistribution,dataset_license
asvspoof2021_df_DF_E_4675682,DF_E_4675682,VCC2TM1,data/raw/audio/asvspoof2021_df/audio/DF_E_4675682.flac,1,spoof,mp3m4a,vcc2018,SPO-N06,notrim,eval,traditional_vocoder,,,,,,,,,ASVspoof2021_DF,HuggingFace redistribution,dataset_license
asvspoof2021_df_DF_E_3069532,DF_E_3069532,LA_0017,data/raw/audio/asvspoof2021_df/audio/DF_E_3069532.flac,1,spoof,mp3m4a,asvspoof,A10,notrim,eval,neural_vocoder_autoregressive,,,,,,,,,ASVspoof2021_DF,HuggingFace redistribution,dataset_license
asvspoof2021_df_DF_E_4829175,DF_E_4829175,LA_0010,data/raw/audio/asvspoof2021_df/audio/DF_E_4829175.flac,0,bonafide,high_ogg,asvspoof,-,notrim,eval,bonafide,,,,,,,,,ASVspoof2021_DF,HuggingFace redistribution,dataset_license
asvspoof2021_df_DF_E_4830135,DF_E_4830135,TEF2,data/raw/audio/asvspoof2021_df/audio/DF_E_4830135.flac,0,bonafide,nocodec,vcc2020,-,notrim,eval,bonafide,,,,,,,,,ASVspoof2021_DF,HuggingFace redistribution,dataset_license
asvspoof2021_df_DF_E_4528866,DF_E_4528866,LA_0021,data/raw/audio/asvspoof2021_df/audio/DF_E_4528866.flac,0,bonafide,oggm4a,asvspoof,-,notrim,eval,bonafide,,,,,,,,,ASVspoof2021_DF,HuggingFace redistribution,dataset_license
asvspoof2021_df_DF_E_3057779,DF_E_3057779,LA_0033,data/raw/audio/asvspoof2021_df/audio/DF_E_3057779.flac,0,bonafide,high_mp3,asvspoof,-,notrim,eval,bonafide,,,,,,,,,ASVspoof2021_DF,HuggingFace redistribution,dataset_license
asvspoof2021_df_DF_E_2996499,DF_E_2996499,LA_0033,data/raw/audio/asvspoof2021_df/audio/DF_E_2996499.flac,0,bonafide,high_ogg,asvspoof,-,notrim,eval,bonafide,,,,,,,,,ASVspoof2021_DF,HuggingFace redistribution,dataset_license
asvspoof2021_df_DF_E_4703931,DF_E_4703931,LA_0032,data/raw/audio/asvspoof2021_df/audio/DF_E_4703931.flac,0,bonafide,high_ogg,asvspoof,-,notrim,eval,bonafide,,,,,,,,,ASVspoof2021_DF,HuggingFace redistribution,dataset_license
asvspoof2021_df_DF_E_4663457,DF_E_4663457,TGM1,data/raw/audio/asvspoof2021_df/audio/DF_E_4663457.flac,0,bonafide,mp3m4a,vcc2020,-,notrim,eval,bonafide,,,,,,,,,ASVspoof2021_DF,HuggingFace redistribution,dataset_license
asvspoof2021_df_DF_E_4538795,DF_E_4538795,LA_0008,data/raw/audio/asvspoof2021_df/audio/DF_E_4538795.flac,0,bonafide,mp3m4a,asvspoof,-,notrim,eval,bonafide,,,,,,,,,ASVspoof2021_DF,HuggingFace redistribution,dataset_license
asvspoof2021_df_DF_E_4846302,DF_E_4846302,TEM2,data/raw/audio/asvspoof2021_df/audio/DF_E_4846302.flac,1,spoof,mp3m4a,vcc2020,Task1-team33,notrim,eval,neural_vocoder_nonautoregressive,,,,,,,,,ASVspoof2021_DF,HuggingFace redistribution,dataset_license
asvspoof2021_df_DF_E_4663366,DF_E_4663366,TEM2,data/raw/audio/asvspoof2021_df/audio/DF_E_4663366.flac,1,spoof,mp3m4a,vcc2020,Task1-team12,notrim,eval,traditional_vocoder,,,,,,,,,ASVspoof2021_DF,HuggingFace redistribution,dataset_license
asvspoof2021_df_DF_E_3049341,DF_E_3049341,LA_0036,data/raw/audio/asvspoof2021_df/audio/DF_E_3049341.flac,0,bonafide,low_mp3,asvspoof,-,notrim,eval,bonafide,,,,,,,,,ASVspoof2021_DF,HuggingFace redistribution,dataset_license
asvspoof2021_df_DF_E_3048726,DF_E_3048726,LA_0003,data/raw/audio/asvspoof2021_df/audio/DF_E_3048726.flac,1,spoof,high_ogg,asvspoof,A13,notrim,eval,traditional_vocoder,,,,,,,,,ASVspoof2021_DF,HuggingFace redistribution,dataset_license
asvspoof2021_df_DF_E_4544232,DF_E_4544232,LA_0032,data/raw/audio/asvspoof2021_df/audio/DF_E_4544232.flac,1,spoof,nocodec,asvspoof,A17,notrim,eval,traditional_vocoder,,,,,,,,,ASVspoof2021_DF,HuggingFace redistribution,dataset_license
asvspoof2021_df_DF_E_4719097,DF_E_4719097,TGM1,data/raw/audio/asvspoof2021_df/audio/DF_E_4719097.flac,1,spoof,nocodec,vcc2020,Task2-team30,notrim,eval,unknown,,,,,,,,,ASVspoof2021_DF,HuggingFace redistribution,dataset_license
asvspoof2021_df_DF_E_3067288,DF_E_3067288,LA_0042,data/raw/audio/asvspoof2021_df/audio/DF_E_3067288.flac,0,bonafide,oggm4a,asvspoof,-,notrim,eval,bonafide,,,,,,,,,ASVspoof2021_DF,HuggingFace redistribution,dataset_license
asvspoof2021_df_DF_E_4532456,DF_E_4532456,TFM1,data/raw/audio/asvspoof2021_df/audio/DF_E_4532456.flac,0,bonafide,low_m4a,vcc2020,-,notrim,eval,bonafide,,,,,,,,,ASVspoof2021_DF,HuggingFace redistribution,dataset_license
asvspoof2021_df_DF_E_3075781,DF_E_3075781,LA_0044,data/raw/audio/asvspoof2021_df/audio/DF_E_3075781.flac,0,bonafide,high_mp3,asvspoof,-,notrim,eval,bonafide,,,,,,,,,ASVspoof2021_DF,HuggingFace redistribution,dataset_license
asvspoof2021_df_DF_E_2986976,DF_E_2986976,LA_0039,data/raw/audio/asvspoof2021_df/audio/DF_E_2986976.flac,1,spoof,high_ogg,asvspoof,A18,notrim,eval,traditional_vocoder,,,,,,,,,ASVspoof2021_DF,HuggingFace redistribution,dataset_license
asvspoof2021_df_DF_E_3001968,DF_E_3001968,VCC2TM1,data/raw/audio/asvspoof2021_df/audio/DF_E_3001968.flac,0,bonafide,high_m4a,vcc2018,-,notrim,eval,bonafide,,,,,,,,,ASVspoof2021_DF,HuggingFace redistribution,dataset_license
asvspoof2021_df_DF_E_4842522,DF_E_4842522,LA_0005,data/raw/audio/asvspoof2021_df/audio/DF_E_4842522.flac,0,bonafide,mp3m4a,asvspoof,-,notrim,eval,bonafide,,,,,,,,,ASVspoof2021_DF,HuggingFace redistribution,dataset_license
asvspoof2021_df_DF_E_4694270,DF_E_4694270,LA_0036,data/raw/audio/asvspoof2021_df/audio/DF_E_4694270.flac,0,bonafide,mp3m4a,asvspoof,-,notrim,eval,bonafide,,,,,,,,,ASVspoof2021_DF,HuggingFace redistribution,dataset_license
asvspoof2021_df_DF_E_4529150,DF_E_4529150,TFM1,data/raw/audio/asvspoof2021_df/audio/DF_E_4529150.flac,1,spoof,oggm4a,vcc2020,Task2-team02,notrim,eval,neural_vocoder_nonautoregressive,,,,,,,,,ASVspoof2021_DF,HuggingFace redistribution,dataset_license
asvspoof2021_df_DF_E_3085964,DF_E_3085964,TGM1,data/raw/audio/asvspoof2021_df/audio/DF_E_3085964.flac,0,bonafide,oggm4a,vcc2020,-,notrim,eval,bonafide,,,,,,,,,ASVspoof2021_DF,HuggingFace redistribution,dataset_license
asvspoof2021_df_DF_E_4845229,DF_E_4845229,TFF1,data/raw/audio/asvspoof2021_df/audio/DF_E_4845229.flac,1,spoof,oggm4a,vcc2020,Task2-team26,notrim,eval,traditional_vocoder,,,,,,,,,ASVspoof2021_DF,HuggingFace redistribution,dataset_license
asvspoof2021_df_DF_E_3053135,DF_E_3053135,TEM1,data/raw/audio/asvspoof2021_df/audio/DF_E_3053135.flac,1,spoof,low_m4a,vcc2020,Task1-team22,notrim,eval,neural_vocoder_nonautoregressive,,,,,,,,,ASVspoof2021_DF,HuggingFace redistribution,dataset_license
asvspoof2021_df_DF_E_4707286,DF_E_4707286,TMF1,data/raw/audio/asvspoof2021_df/audio/DF_E_4707286.flac,1,spoof,low_m4a,vcc2020,Task2-team12,notrim,eval,traditional_vocoder,,,,,,,,,ASVspoof2021_DF,HuggingFace redistribution,dataset_license
asvspoof2021_df_DF_E_4715253,DF_E_4715253,TGM1,data/raw/audio/asvspoof2021_df/audio/DF_E_4715253.flac,1,spoof,nocodec,vcc2020,Task2-team09,notrim,eval,neural_vocoder_nonautoregressive,,,,,,,,,ASVspoof2021_DF,HuggingFace redistribution,dataset_license
asvspoof2021_df_DF_E_4713003,DF_E_4713003,LA_0019,data/raw/audio/asvspoof2021_df/audio/DF_E_4713003.flac,0,bonafide,mp3m4a,asvspoof,-,notrim,eval,bonafide,,,,,,,,,ASVspoof2021_DF,HuggingFace redistribution,dataset_license
asvspoof2021_df_DF_E_4522288,DF_E_4522288,LA_0029,data/raw/audio/asvspoof2021_df/audio/DF_E_4522288.flac,0,bonafide,low_ogg,asvspoof,-,notrim,eval,bonafide,,,,,,,,,ASVspoof2021_DF,HuggingFace redistribution,dataset_license
asvspoof2021_df_DF_E_2990285,DF_E_2990285,VCC2TF2,data/raw/audio/asvspoof2021_df/audio/DF_E_2990285.flac,1,spoof,high_ogg,vcc2018,HUB-N07,notrim,eval,traditional_vocoder,,,,,,,,,ASVspoof2021_DF,HuggingFace redistribution,dataset_license
asvspoof2021_df_DF_E_3067791,DF_E_3067791,VCC2SM4,data/raw/audio/asvspoof2021_df/audio/DF_E_3067791.flac,0,bonafide,low_mp3,vcc2018,-,notrim,eval,bonafide,,,,,,,,,ASVspoof2021_DF,HuggingFace redistribution,dataset_license
asvspoof2021_df_DF_E_3083260,DF_E_3083260,VCC2SM1,data/raw/audio/asvspoof2021_df/audio/DF_E_3083260.flac,0,bonafide,high_m4a,vcc2018,-,notrim,eval,bonafide,,,,,,,,,ASVspoof2021_DF,HuggingFace redistribution,dataset_license
asvspoof2021_df_DF_E_3085828,DF_E_3085828,LA_0013,data/raw/audio/asvspoof2021_df/audio/DF_E_3085828.flac,0,bonafide,mp3m4a,asvspoof,-,notrim,eval,bonafide,,,,,,,,,ASVspoof2021_DF,HuggingFace redistribution,dataset_license
asvspoof2021_df_DF_E_4705840,DF_E_4705840,LA_0005,data/raw/audio/asvspoof2021_df/audio/DF_E_4705840.flac,0,bonafide,low_ogg,asvspoof,-,notrim,eval,bonafide,,,,,,,,,ASVspoof2021_DF,HuggingFace redistribution,dataset_license
asvspoof2021_df_DF_E_4838488,DF_E_4838488,VCC2TF2,data/raw/audio/asvspoof2021_df/audio/DF_E_4838488.flac,1,spoof,high_m4a,vcc2018,HUB-N18,notrim,eval,traditional_vocoder,,,,,,,,,ASVspoof2021_DF,HuggingFace redistribution,dataset_license
asvspoof2021_df_DF_E_4702429,DF_E_4702429,LA_0036,data/raw/audio/asvspoof2021_df/audio/DF_E_4702429.flac,0,bonafide,mp3m4a,asvspoof,-,notrim,eval,bonafide,,,,,,,,,ASVspoof2021_DF,HuggingFace redistribution,dataset_license
asvspoof2021_df_DF_E_2998089,DF_E_2998089,TMM1,data/raw/audio/asvspoof2021_df/audio/DF_E_2998089.flac,1,spoof,oggm4a,vcc2020,Task2-team28,notrim,eval,neural_vocoder_autoregressive,,,,,,,,,ASVspoof2021_DF,HuggingFace redistribution,dataset_license
asvspoof2021_df_DF_E_4545735,DF_E_4545735,VCC2TF1,data/raw/audio/asvspoof2021_df/audio/DF_E_4545735.flac,1,spoof,high_ogg,vcc2018,SPO-N10,notrim,eval,neural_vocoder_autoregressive,,,,,,,,,ASVspoof2021_DF,HuggingFace redistribution,dataset_license
asvspoof2021_df_DF_E_4814804,DF_E_4814804,TEF2,data/raw/audio/asvspoof2021_df/audio/DF_E_4814804.flac,1,spoof,low_ogg,vcc2020,Task1-team31,notrim,eval,neural_vocoder_nonautoregressive,,,,,,,,,ASVspoof2021_DF,HuggingFace redistribution,dataset_license
asvspoof2021_df_DF_E_4517035,DF_E_4517035,VCC2TM2,data/raw/audio/asvspoof2021_df/audio/DF_E_4517035.flac,1,spoof,high_m4a,vcc2018,SPO-N11,notrim,eval,traditional_vocoder,,,,,,,,,ASVspoof2021_DF,HuggingFace redistribution,dataset_license
asvspoof2021_df_DF_E_4836185,DF_E_4836185,TEM1,data/raw/audio/asvspoof2021_df/audio/DF_E_4836185.flac,1,spoof,nocodec,vcc2020,Task1-team22,notrim,eval,neural_vocoder_nonautoregressive,,,,,,,,,ASVspoof2021_DF,HuggingFace redistribution,dataset_license
asvspoof2021_df_DF_E_3083540,DF_E_3083540,TMM1,data/raw/audio/asvspoof2021_df/audio/DF_E_3083540.flac,1,spoof,high_m4a,vcc2020,Task2-team07,notrim,eval,neural_vocoder_autoregressive,,,,,,,,,ASVspoof2021_DF,HuggingFace redistribution,dataset_license
asvspoof2021_df_DF_E_2992130,DF_E_2992130,TMF1,data/raw/audio/asvspoof2021_df/audio/DF_E_2992130.flac,1,spoof,low_m4a,vcc2020,Task2-team16,notrim,eval,neural_vocoder_nonautoregressive,,,,,,,,,ASVspoof2021_DF,HuggingFace redistribution,dataset_license
asvspoof2021_df_DF_E_4720405,DF_E_4720405,VCC2TF1,data/raw/audio/asvspoof2021_df/audio/DF_E_4720405.flac,1,spoof,low_m4a,vcc2018,HUB-N10,notrim,eval,neural_vocoder_autoregressive,,,,,,,,,ASVspoof2021_DF,HuggingFace redistribution,dataset_license
asvspoof2021_df_DF_E_4724417,DF_E_4724417,VCC2TM1,data/raw/audio/asvspoof2021_df/audio/DF_E_4724417.flac,1,spoof,high_mp3,vcc2018,HUB-D02,notrim,eval,traditional_vocoder,,,,,,,,,ASVspoof2021_DF,HuggingFace redistribution,dataset_license
asvspoof2021_df_DF_E_4691432,DF_E_4691432,VCC2TF2,data/raw/audio/asvspoof2021_df/audio/DF_E_4691432.flac,0,bonafide,low_ogg,vcc2018,-,notrim,eval,bonafide,,,,,,,,,ASVspoof2021_DF,HuggingFace redistribution,dataset_license
asvspoof2021_df_DF_E_3063256,DF_E_3063256,TEM2,data/raw/audio/asvspoof2021_df/audio/DF_E_3063256.flac,0,bonafide,high_ogg,vcc2020,-,notrim,eval,bonafide,,,,,,,,,ASVspoof2021_DF,HuggingFace redistribution,dataset_license
asvspoof2021_df_DF_E_3055348,DF_E_3055348,VCC2TF2,data/raw/audio/asvspoof2021_df/audio/DF_E_3055348.flac,1,spoof,high_m4a,vcc2018,HUB-N04,notrim,eval,traditional_vocoder,,,,,,,,,ASVspoof2021_DF,HuggingFace redistribution,dataset_license
asvspoof2021_df_DF_E_4728142,DF_E_4728142,LA_0017,data/raw/audio/asvspoof2021_df/audio/DF_E_4728142.flac,0,bonafide,oggm4a,asvspoof,-,notrim,eval,bonafide,,,,,,,,,ASVspoof2021_DF,HuggingFace redistribution,dataset_license
asvspoof2021_df_DF_E_4540548,DF_E_4540548,TMF1,data/raw/audio/asvspoof2021_df/audio/DF_E_4540548.flac,1,spoof,nocodec,vcc2020,Task2-team03,notrim,eval,neural_vocoder_autoregressive,,,,,,,,,ASVspoof2021_DF,HuggingFace redistribution,dataset_license
asvspoof2021_df_DF_E_4702094,DF_E_4702094,LA_0014,data/raw/audio/asvspoof2021_df/audio/DF_E_4702094.flac,0,bonafide,high_ogg,asvspoof,-,notrim,eval,bonafide,,,,,,,,,ASVspoof2021_DF,HuggingFace redistribution,dataset_license
asvspoof2021_df_DF_E_4713139,DF_E_4713139,VCC2TF1,data/raw/audio/asvspoof2021_df/audio/DF_E_4713139.flac,1,spoof,oggm4a,vcc2018,HUB-N06,notrim,eval,traditional_vocoder,,,,,,,,,ASVspoof2021_DF,HuggingFace redistribution,dataset_license
asvspoof2021_df_DF_E_4524375,DF_E_4524375,VCC2SF2,data/raw/audio/asvspoof2021_df/audio/DF_E_4524375.flac,0,bonafide,high_mp3,vcc2018,-,notrim,eval,bonafide,,,,,,,,,ASVspoof2021_DF,HuggingFace redistribution,dataset_license
asvspoof2021_df_DF_E_4735910,DF_E_4735910,LA_0026,data/raw/audio/asvspoof2021_df/audio/DF_E_4735910.flac,0,bonafide,low_ogg,asvspoof,-,notrim,eval,bonafide,,,,,,,,,ASVspoof2021_DF,HuggingFace redistribution,dataset_license
asvspoof2021_df_DF_E_4524652,DF_E_4524652,TEF1,data/raw/audio/asvspoof2021_df/audio/DF_E_4524652.flac,1,spoof,oggm4a,vcc2020,Task1-team06,notrim,eval,traditional_vocoder,,,,,,,,,ASVspoof2021_DF,HuggingFace redistribution,dataset_license
asvspoof2021_df_DF_E_4673979,DF_E_4673979,LA_0029,data/raw/audio/asvspoof2021_df/audio/DF_E_4673979.flac,0,bonafide,nocodec,asvspoof,-,notrim,eval,bonafide,,,,,,,,,ASVspoof2021_DF,HuggingFace redistribution,dataset_license
asvspoof2021_df_DF_E_2982751,DF_E_2982751,VCC2TF2,data/raw/audio/asvspoof2021_df/audio/DF_E_2982751.flac,1,spoof,low_ogg,vcc2018,HUB-N11,notrim,eval,traditional_vocoder,,,,,,,,,ASVspoof2021_DF,HuggingFace redistribution,dataset_license
asvspoof2021_df_DF_E_3003096,DF_E_3003096,VCC2SF3,data/raw/audio/asvspoof2021_df/audio/DF_E_3003096.flac,0,bonafide,high_ogg,vcc2018,-,notrim,eval,bonafide,,,,,,,,,ASVspoof2021_DF,HuggingFace redistribution,dataset_license
asvspoof2021_df_DF_E_4700291,DF_E_4700291,VCC2TM2,data/raw/audio/asvspoof2021_df/audio/DF_E_4700291.flac,1,spoof,low_mp3,vcc2018,HUB-N17,notrim,eval,neural_vocoder_autoregressive,,,,,,,,,ASVspoof2021_DF,HuggingFace redistribution,dataset_license
asvspoof2021_df_DF_E_4678270,DF_E_4678270,TGF1,data/raw/audio/asvspoof2021_df/audio/DF_E_4678270.flac,0,bonafide,low_mp3,vcc2020,-,notrim,eval,bonafide,,,,,,,,,ASVspoof2021_DF,HuggingFace redistribution,dataset_license
asvspoof2021_df_DF_E_4828982,DF_E_4828982,VCC2TM1,data/raw/audio/asvspoof2021_df/audio/DF_E_4828982.flac,1,spoof,high_mp3,vcc2018,SPO-N11,notrim,eval,traditional_vocoder,,,,,,,,,ASVspoof2021_DF,HuggingFace redistribution,dataset_license
asvspoof2021_df_DF_E_2999144,DF_E_2999144,LA_0009,data/raw/audio/asvspoof2021_df/audio/DF_E_2999144.flac,0,bonafide,high_ogg,asvspoof,-,notrim,eval,bonafide,,,,,,,,,ASVspoof2021_DF,HuggingFace redistribution,dataset_license
asvspoof2021_df_DF_E_3065704,DF_E_3065704,LA_0023,data/raw/audio/asvspoof2021_df/audio/DF_E_3065704.flac,0,bonafide,mp3m4a,asvspoof,-,notrim,eval,bonafide,,,,,,,,,ASVspoof2021_DF,HuggingFace redistribution,dataset_license
asvspoof2021_df_DF_E_2975868,DF_E_2975868,VCC2TM1,data/raw/audio/asvspoof2021_df/audio/DF_E_2975868.flac,1,spoof,low_m4a,vcc2018,HUB-N04,notrim,eval,traditional_vocoder,,,,,,,,,ASVspoof2021_DF,HuggingFace redistribution,dataset_license
asvspoof2021_df_DF_E_4696749,DF_E_4696749,LA_0043,data/raw/audio/asvspoof2021_df/audio/DF_E_4696749.flac,0,bonafide,oggm4a,asvspoof,-,notrim,eval,bonafide,,,,,,,,,ASVspoof2021_DF,HuggingFace redistribution,dataset_license
asvspoof2021_df_DF_E_4725666,DF_E_4725666,LA_0027,data/raw/audio/asvspoof2021_df/audio/DF_E_4725666.flac,0,bonafide,low_ogg,asvspoof,-,notrim,eval,bonafide,,,,,,,,,ASVspoof2021_DF,HuggingFace redistribution,dataset_license
asvspoof2021_df_DF_E_4731155,DF_E_4731155,VCC2TM1,data/raw/audio/asvspoof2021_df/audio/DF_E_4731155.flac,1,spoof,mp3m4a,vcc2018,HUB-N11,notrim,eval,traditional_vocoder,,,,,,,,,ASVspoof2021_DF,HuggingFace redistribution,dataset_license
asvspoof2021_df_DF_E_3062188,DF_E_3062188,LA_0039,data/raw/audio/asvspoof2021_df/audio/DF_E_3062188.flac,0,bonafide,low_mp3,asvspoof,-,notrim,eval,bonafide,,,,,,,,,ASVspoof2021_DF,HuggingFace redistribution,dataset_license
asvspoof2021_df_DF_E_4542399,DF_E_4542399,TMM1,data/raw/audio/asvspoof2021_df/audio/DF_E_4542399.flac,1,spoof,high_ogg,vcc2020,Task2-team16,notrim,eval,neural_vocoder_nonautoregressive,,,,,,,,,ASVspoof2021_DF,HuggingFace redistribution,dataset_license
asvspoof2021_df_DF_E_4707274,DF_E_4707274,TEF2,data/raw/audio/asvspoof2021_df/audio/DF_E_4707274.flac,1,spoof,high_m4a,vcc2020,Task1-team02,notrim,eval,neural_vocoder_nonautoregressive,,,,,,,,,ASVspoof2021_DF,HuggingFace redistribution,dataset_license
asvspoof2021_df_DF_E_4834451,DF_E_4834451,VCC2TF2,data/raw/audio/asvspoof2021_df/audio/DF_E_4834451.flac,1,spoof,low_m4a,vcc2018,HUB-N06,notrim,eval,traditional_vocoder,,,,,,,,,ASVspoof2021_DF,HuggingFace redistribution,dataset_license
asvspoof2021_df_DF_E_4693126,DF_E_4693126,TGM1,data/raw/audio/asvspoof2021_df/audio/DF_E_4693126.flac,0,bonafide,high_ogg,vcc2020,-,notrim,eval,bonafide,,,,,,,,,ASVspoof2021_DF,HuggingFace redistribution,dataset_license
asvspoof2021_df_DF_E_4526773,DF_E_4526773,LA_0028,data/raw/audio/asvspoof2021_df/audio/DF_E_4526773.flac,0,bonafide,high_ogg,asvspoof,-,notrim,eval,bonafide,,,,,,,,,ASVspoof2021_DF,HuggingFace redistribution,dataset_license
asvspoof2021_df_DF_E_4708868,DF_E_4708868,VCC2TF2,data/raw/audio/asvspoof2021_df/audio/DF_E_4708868.flac,1,spoof,high_ogg,vcc2018,HUB-N08,notrim,eval,traditional_vocoder,,,,,,,,,ASVspoof2021_DF,HuggingFace redistribution,dataset_license
asvspoof2021_df_DF_E_3085869,DF_E_3085869,LA_0043,data/raw/audio/asvspoof2021_df/audio/DF_E_3085869.flac,0,bonafide,low_ogg,asvspoof,-,notrim,eval,bonafide,,,,,,,,,ASVspoof2021_DF,HuggingFace redistribution,dataset_license
asvspoof2021_df_DF_E_4814646,DF_E_4814646,VCC2SM2,data/raw/audio/asvspoof2021_df/audio/DF_E_4814646.flac,0,bonafide,high_m4a,vcc2018,-,notrim,eval,bonafide,,,,,,,,,ASVspoof2021_DF,HuggingFace redistribution,dataset_license
asvspoof2021_df_DF_E_2994372,DF_E_2994372,LA_0028,data/raw/audio/asvspoof2021_df/audio/DF_E_2994372.flac,0,bonafide,low_ogg,asvspoof,-,notrim,eval,bonafide,,,,,,,,,ASVspoof2021_DF,HuggingFace redistribution,dataset_license
asvspoof2021_df_DF_E_4701282,DF_E_4701282,TMF1,data/raw/audio/asvspoof2021_df/audio/DF_E_4701282.flac,1,spoof,nocodec,vcc2020,Task2-team20,notrim,eval,neural_vocoder_nonautoregressive,,,,,,,,,ASVspoof2021_DF,HuggingFace redistribution,dataset_license
asvspoof2021_df_DF_E_4835677,DF_E_4835677,TGF1,data/raw/audio/asvspoof2021_df/audio/DF_E_4835677.flac,1,spoof,nocodec,vcc2020,Task2-team33,notrim,eval,neural_vocoder_nonautoregressive,,,,,,,,,ASVspoof2021_DF,HuggingFace redistribution,dataset_license
asvspoof2021_df_DF_E_4676344,DF_E_4676344,TEF2,data/raw/audio/asvspoof2021_df/audio/DF_E_4676344.flac,0,bonafide,mp3m4a,vcc2020,-,notrim,eval,bonafide,,,,,,,,,ASVspoof2021_DF,HuggingFace redistribution,dataset_license
asvspoof2021_df_DF_E_4722643,DF_E_4722643,TMF1,data/raw/audio/asvspoof2021_df/audio/DF_E_4722643.flac,1,spoof,low_mp3,vcc2020,Task2-team32,notrim,eval,neural_vocoder_autoregressive,,,,,,,,,ASVspoof2021_DF,HuggingFace redistribution,dataset_license
asvspoof2021_df_DF_E_3052774,DF_E_3052774,VCC2TF1,data/raw/audio/asvspoof2021_df/audio/DF_E_3052774.flac,1,spoof,mp3m4a,vcc2018,SPO-N17,notrim,eval,neural_vocoder_autoregressive,,,,,,,,,ASVspoof2021_DF,HuggingFace redistribution,dataset_license
asvspoof2021_df_DF_E_4725313,DF_E_4725313,TEM2,data/raw/audio/asvspoof2021_df/audio/DF_E_4725313.flac,1,spoof,low_m4a,vcc2020,Task1-team10,notrim,eval,neural_vocoder_autoregressive,,,,,,,,,ASVspoof2021_DF,HuggingFace redistribution,dataset_license
asvspoof2021_df_DF_E_4823942,DF_E_4823942,TEF2,data/raw/audio/asvspoof2021_df/audio/DF_E_4823942.flac,1,spoof,high_mp3,vcc2020,Task1-team02,notrim,eval,neural_vocoder_nonautoregressive,,,,,,,,,ASVspoof2021_DF,HuggingFace redistribution,dataset_license
asvspoof2021_df_DF_E_4710226,DF_E_4710226,TEF2,data/raw/audio/asvspoof2021_df/audio/DF_E_4710226.flac,1,spoof,low_ogg,vcc2020,Task1-team24,notrim,eval,neural_vocoder_autoregressive,,,,,,,,,ASVspoof2021_DF,HuggingFace redistribution,dataset_license
asvspoof2021_df_DF_E_3083171,DF_E_3083171,VCC2TM2,data/raw/audio/asvspoof2021_df/audio/DF_E_3083171.flac,1,spoof,high_m4a,vcc2018,SPO-N17,notrim,eval,neural_vocoder_autoregressive,,,,,,,,,ASVspoof2021_DF,HuggingFace redistribution,dataset_license
asvspoof2021_df_DF_E_4549399,DF_E_4549399,VCC2SF2,data/raw/audio/asvspoof2021_df/audio/DF_E_4549399.flac,0,bonafide,low_mp3,vcc2018,-,notrim,eval,bonafide,,,,,,,,,ASVspoof2021_DF,HuggingFace redistribution,dataset_license
asvspoof2021_df_DF_E_4829903,DF_E_4829903,LA_0047,data/raw/audio/asvspoof2021_df/audio/DF_E_4829903.flac,0,bonafide,mp3m4a,asvspoof,-,notrim,eval,bonafide,,,,,,,,,ASVspoof2021_DF,HuggingFace redistribution,dataset_license
asvspoof2021_df_DF_E_4721938,DF_E_4721938,TEM2,data/raw/audio/asvspoof2021_df/audio/DF_E_4721938.flac,1,spoof,low_mp3,vcc2020,Task1-team23,notrim,eval,neural_vocoder_nonautoregressive,,,,,,,,,ASVspoof2021_DF,HuggingFace redistribution,dataset_license
asvspoof2021_df_DF_E_4512246,DF_E_4512246,VCC2SF1,data/raw/audio/asvspoof2021_df/audio/DF_E_4512246.flac,0,bonafide,high_mp3,vcc2018,-,notrim,eval,bonafide,,,,,,,,,ASVspoof2021_DF,HuggingFace redistribution,dataset_license
asvspoof2021_df_DF_E_2991468,DF_E_2991468,TFM1,data/raw/audio/asvspoof2021_df/audio/DF_E_2991468.flac,1,spoof,high_mp3,vcc2020,Task2-team31,notrim,eval,neural_vocoder_nonautoregressive,,,,,,,,,ASVspoof2021_DF,HuggingFace redistribution,dataset_license
asvspoof2021_df_DF_E_3061922,DF_E_3061922,TGF1,data/raw/audio/asvspoof2021_df/audio/DF_E_3061922.flac,1,spoof,high_ogg,vcc2020,Task2-team32,notrim,eval,neural_vocoder_autoregressive,,,,,,,,,ASVspoof2021_DF,HuggingFace redistribution,dataset_license
asvspoof2021_df_DF_E_4840197,DF_E_4840197,TGF1,data/raw/audio/asvspoof2021_df/audio/DF_E_4840197.flac,1,spoof,low_m4a,vcc2020,Task2-team29,notrim,eval,neural_vocoder_autoregressive,,,,,,,,,ASVspoof2021_DF,HuggingFace redistribution,dataset_license
asvspoof2021_df_DF_E_4725320,DF_E_4725320,TGF1,data/raw/audio/asvspoof2021_df/audio/DF_E_4725320.flac,0,bonafide,nocodec,vcc2020,-,notrim,eval,bonafide,,,,,,,,,ASVspoof2021_DF,HuggingFace redistribution,dataset_license
asvspoof2021_df_DF_E_3009066,DF_E_3009066,LA_0030,data/raw/audio/asvspoof2021_df/audio/DF_E_3009066.flac,0,bonafide,high_ogg,asvspoof,-,notrim,eval,bonafide,,,,,,,,,ASVspoof2021_DF,HuggingFace redistribution,dataset_license
asvspoof2021_df_DF_E_4519872,DF_E_4519872,TEF1,data/raw/audio/asvspoof2021_df/audio/DF_E_4519872.flac,1,spoof,nocodec,vcc2020,Task1-team06,notrim,eval,traditional_vocoder,,,,,,,,,ASVspoof2021_DF,HuggingFace redistribution,dataset_license
asvspoof2021_df_DF_E_4516789,DF_E_4516789,VCC2TM2,data/raw/audio/asvspoof2021_df/audio/DF_E_4516789.flac,1,spoof,low_mp3,vcc2018,HUB-N15,notrim,eval,traditional_vocoder,,,,,,,,,ASVspoof2021_DF,HuggingFace redistribution,dataset_license
asvspoof2021_df_DF_E_4714686,DF_E_4714686,VCC2TM1,data/raw/audio/asvspoof2021_df/audio/DF_E_4714686.flac,1,spoof,low_m4a,vcc2018,HUB-N12,notrim,eval,traditional_vocoder,,,,,,,,,ASVspoof2021_DF,HuggingFace redistribution,dataset_license
asvspoof2021_df_DF_E_2993654,DF_E_2993654,VCC2TF2,data/raw/audio/asvspoof2021_df/audio/DF_E_2993654.flac,1,spoof,mp3m4a,vcc2018,HUB-N06,notrim,eval,traditional_vocoder,,,,,,,,,ASVspoof2021_DF,HuggingFace redistribution,dataset_license
asvspoof2021_df_DF_E_4694717,DF_E_4694717,VCC2SF1,data/raw/audio/asvspoof2021_df/audio/DF_E_4694717.flac,0,bonafide,high_ogg,vcc2018,-,notrim,eval,bonafide,,,,,,,,,ASVspoof2021_DF,HuggingFace redistribution,dataset_license
asvspoof2021_df_DF_E_3083761,DF_E_3083761,LA_0059,data/raw/audio/asvspoof2021_df/audio/DF_E_3083761.flac,0,bonafide,low_ogg,asvspoof,-,notrim,eval,bonafide,,,,,,,,,ASVspoof2021_DF,HuggingFace redistribution,dataset_license
asvspoof2021_df_DF_E_4705038,DF_E_4705038,LA_0033,data/raw/audio/asvspoof2021_df/audio/DF_E_4705038.flac,0,bonafide,low_ogg,asvspoof,-,notrim,eval,bonafide,,,,,,,,,ASVspoof2021_DF,HuggingFace redistribution,dataset_license
asvspoof2021_df_DF_E_4668436,DF_E_4668436,TEF2,data/raw/audio/asvspoof2021_df/audio/DF_E_4668436.flac,1,spoof,oggm4a,vcc2020,Task1-team31,notrim,eval,neural_vocoder_nonautoregressive,,,,,,,,,ASVspoof2021_DF,HuggingFace redistribution,dataset_license
asvspoof2021_df_DF_E_4813423,DF_E_4813423,TEF1,data/raw/audio/asvspoof2021_df/audio/DF_E_4813423.flac,1,spoof,low_ogg,vcc2020,Task1-team26,notrim,eval,traditional_vocoder,,,,,,,,,ASVspoof2021_DF,HuggingFace redistribution,dataset_license
asvspoof2021_df_DF_E_3082582,DF_E_3082582,LA_0018,data/raw/audio/asvspoof2021_df/audio/DF_E_3082582.flac,0,bonafide,low_ogg,asvspoof,-,notrim,eval,bonafide,,,,,,,,,ASVspoof2021_DF,HuggingFace redistribution,dataset_license
asvspoof2021_df_DF_E_3080826,DF_E_3080826,TGM1,data/raw/audio/asvspoof2021_df/audio/DF_E_3080826.flac,0,bonafide,low_m4a,vcc2020,-,notrim,eval,bonafide,,,,,,,,,ASVspoof2021_DF,HuggingFace redistribution,dataset_license
asvspoof2021_df_DF_E_4686263,DF_E_4686263,VCC2SM1,data/raw/audio/asvspoof2021_df/audio/DF_E_4686263.flac,0,bonafide,high_ogg,vcc2018,-,notrim,eval,bonafide,,,,,,,,,ASVspoof2021_DF,HuggingFace redistribution,dataset_license
asvspoof2021_df_DF_E_4736627,DF_E_4736627,VCC2TF1,data/raw/audio/asvspoof2021_df/audio/DF_E_4736627.flac,0,bonafide,oggm4a,vcc2018,-,notrim,eval,bonafide,,,,,,,,,ASVspoof2021_DF,HuggingFace redistribution,dataset_license
asvspoof2021_df_DF_E_4523388,DF_E_4523388,LA_0047,data/raw/audio/asvspoof2021_df/audio/DF_E_4523388.flac,0,bonafide,low_mp3,asvspoof,-,notrim,eval,bonafide,,,,,,,,,ASVspoof2021_DF,HuggingFace redistribution,dataset_license
asvspoof2021_df_DF_E_3085041,DF_E_3085041,TEF1,data/raw/audio/asvspoof2021_df/audio/DF_E_3085041.flac,1,spoof,low_ogg,vcc2020,Task1-team17,notrim,eval,neural_vocoder_nonautoregressive,,,,,,,,,ASVspoof2021_DF,HuggingFace redistribution,dataset_license
asvspoof2021_df_DF_E_4815986,DF_E_4815986,TEF2,data/raw/audio/asvspoof2021_df/audio/DF_E_4815986.flac,1,spoof,oggm4a,vcc2020,Task1-team31,notrim,eval,neural_vocoder_nonautoregressive,,,,,,,,,ASVspoof2021_DF,HuggingFace redistribution,dataset_license
asvspoof2021_df_DF_E_4726596,DF_E_4726596,TEM2,data/raw/audio/asvspoof2021_df/audio/DF_E_4726596.flac,1,spoof,oggm4a,vcc2020,Task1-team20,notrim,eval,neural_vocoder_nonautoregressive,,,,,,,,,ASVspoof2021_DF,HuggingFace redistribution,dataset_license
asvspoof2021_df_DF_E_2975612,DF_E_2975612,VCC2TM2,data/raw/audio/asvspoof2021_df/audio/DF_E_2975612.flac,1,spoof,nocodec,vcc2018,SPO-N18,notrim,eval,traditional_vocoder,,,,,,,,,ASVspoof2021_DF,HuggingFace redistribution,dataset_license
asvspoof2021_df_DF_E_3051717,DF_E_3051717,TGM1,data/raw/audio/asvspoof2021_df/audio/DF_E_3051717.flac,1,spoof,high_ogg,vcc2020,Task2-team24,notrim,eval,neural_vocoder_autoregressive,,,,,,,,,ASVspoof2021_DF,HuggingFace redistribution,dataset_license
asvspoof2021_df_DF_E_3057074,DF_E_3057074,TGF1,data/raw/audio/asvspoof2021_df/audio/DF_E_3057074.flac,1,spoof,high_m4a,vcc2020,Task2-team25,notrim,eval,neural_vocoder_autoregressive,,,,,,,,,ASVspoof2021_DF,HuggingFace redistribution,dataset_license
asvspoof2021_df_DF_E_3064639,DF_E_3064639,VCC2SM4,data/raw/audio/asvspoof2021_df/audio/DF_E_3064639.flac,0,bonafide,low_ogg,vcc2018,-,notrim,eval,bonafide,,,,,,,,,ASVspoof2021_DF,HuggingFace redistribution,dataset_license
asvspoof2021_df_DF_E_4546232,DF_E_4546232,TFF1,data/raw/audio/asvspoof2021_df/audio/DF_E_4546232.flac,1,spoof,low_mp3,vcc2020,Task2-team23,notrim,eval,neural_vocoder_autoregressive,,,,,,,,,ASVspoof2021_DF,HuggingFace redistribution,dataset_license
asvspoof2021_df_DF_E_3065318,DF_E_3065318,VCC2TF1,data/raw/audio/asvspoof2021_df/audio/DF_E_3065318.flac,1,spoof,high_mp3,vcc2018,HUB-N06,notrim,eval,traditional_vocoder,,,,,,,,,ASVspoof2021_DF,HuggingFace redistribution,dataset_license
asvspoof2021_df_DF_E_2992003,DF_E_2992003,VCC2SF1,data/raw/audio/asvspoof2021_df/audio/DF_E_2992003.flac,0,bonafide,low_ogg,vcc2018,-,notrim,eval,bonafide,,,,,,,,,ASVspoof2021_DF,HuggingFace redistribution,dataset_license
asvspoof2021_df_DF_E_4526793,DF_E_4526793,TFM1,data/raw/audio/asvspoof2021_df/audio/DF_E_4526793.flac,1,spoof,mp3m4a,vcc2020,Task2-team20,notrim,eval,neural_vocoder_nonautoregressive,,,,,,,,,ASVspoof2021_DF,HuggingFace redistribution,dataset_license
asvspoof2021_df_DF_E_2992897,DF_E_2992897,LA_0026,data/raw/audio/asvspoof2021_df/audio/DF_E_2992897.flac,0,bonafide,low_ogg,asvspoof,-,notrim,eval,bonafide,,,,,,,,,ASVspoof2021_DF,HuggingFace redistribution,dataset_license
asvspoof2021_df_DF_E_3077931,DF_E_3077931,VCC2TM2,data/raw/audio/asvspoof2021_df/audio/DF_E_3077931.flac,1,spoof,oggm4a,vcc2018,SPO-N17,notrim,eval,neural_vocoder_autoregressive,,,,,,,,,ASVspoof2021_DF,HuggingFace redistribution,dataset_license
asvspoof2021_df_DF_E_4702916,DF_E_4702916,VCC2TF1,data/raw/audio/asvspoof2021_df/audio/DF_E_4702916.flac,1,spoof,high_ogg,vcc2018,HUB-N12,notrim,eval,traditional_vocoder,,,,,,,,,ASVspoof2021_DF,HuggingFace redistribution,dataset_license
asvspoof2021_df_DF_E_4816539,DF_E_4816539,LA_0019,data/raw/audio/asvspoof2021_df/audio/DF_E_4816539.flac,0,bonafide,low_mp3,asvspoof,-,notrim,eval,bonafide,,,,,,,,,ASVspoof2021_DF,HuggingFace redistribution,dataset_license
asvspoof2021_df_DF_E_4691288,DF_E_4691288,LA_0028,data/raw/audio/asvspoof2021_df/audio/DF_E_4691288.flac,0,bonafide,high_mp3,asvspoof,-,notrim,eval,bonafide,,,,,,,,,ASVspoof2021_DF,HuggingFace redistribution,dataset_license
asvspoof2021_df_DF_E_4663290,DF_E_4663290,LA_0039,data/raw/audio/asvspoof2021_df/audio/DF_E_4663290.flac,1,spoof,low_mp3,asvspoof,A17,notrim,eval,traditional_vocoder,,,,,,,,,ASVspoof2021_DF,HuggingFace redistribution,dataset_license
asvspoof2021_df_DF_E_3082816,DF_E_3082816,LA_0026,data/raw/audio/asvspoof2021_df/audio/DF_E_3082816.flac,1,spoof,low_ogg,asvspoof,A17,notrim,eval,traditional_vocoder,,,,,,,,,ASVspoof2021_DF,HuggingFace redistribution,dataset_license
asvspoof2021_df_DF_E_2977190,DF_E_2977190,VCC2TM2,data/raw/audio/asvspoof2021_df/audio/DF_E_2977190.flac,1,spoof,low_mp3,vcc2018,SPO-N17,notrim,eval,neural_vocoder_autoregressive,,,,,,,,,ASVspoof2021_DF,HuggingFace redistribution,dataset_license
asvspoof2021_df_DF_E_3000888,DF_E_3000888,VCC2TF1,data/raw/audio/asvspoof2021_df/audio/DF_E_3000888.flac,1,spoof,mp3m4a,vcc2018,HUB-N13,notrim,eval,traditional_vocoder,,,,,,,,,ASVspoof2021_DF,HuggingFace redistribution,dataset_license
asvspoof2021_df_DF_E_4827358,DF_E_4827358,TFM1,data/raw/audio/asvspoof2021_df/audio/DF_E_4827358.flac,0,bonafide,low_ogg,vcc2020,-,notrim,eval,bonafide,,,,,,,,,ASVspoof2021_DF,HuggingFace redistribution,dataset_license
asvspoof2021_df_DF_E_4538255,DF_E_4538255,VCC2TM2,data/raw/audio/asvspoof2021_df/audio/DF_E_4538255.flac,1,spoof,oggm4a,vcc2018,HUB-D04,notrim,eval,traditional_vocoder,,,,,,,,,ASVspoof2021_DF,HuggingFace redistribution,dataset_license
asvspoof2021_df_DF_E_4547319,DF_E_4547319,LA_0019,data/raw/audio/asvspoof2021_df/audio/DF_E_4547319.flac,0,bonafide,mp3m4a,asvspoof,-,notrim,eval,bonafide,,,,,,,,,ASVspoof2021_DF,HuggingFace redistribution,dataset_license
asvspoof2021_df_DF_E_2978158,DF_E_2978158,LA_0013,data/raw/audio/asvspoof2021_df/audio/DF_E_2978158.flac,0,bonafide,low_m4a,asvspoof,-,notrim,eval,bonafide,,,,,,,,,ASVspoof2021_DF,HuggingFace redistribution,dataset_license
asvspoof2021_df_DF_E_3049242,DF_E_3049242,VCC2TF1,data/raw/audio/asvspoof2021_df/audio/DF_E_3049242.flac,0,bonafide,low_ogg,vcc2018,-,notrim,eval,bonafide,,,,,,,,,ASVspoof2021_DF,HuggingFace redistribution,dataset_license
asvspoof2021_df_DF_E_3065796,DF_E_3065796,LA_0011,data/raw/audio/asvspoof2021_df/audio/DF_E_3065796.flac,0,bonafide,oggm4a,asvspoof,-,notrim,eval,bonafide,,,,,,,,,ASVspoof2021_DF,HuggingFace redistribution,dataset_license
asvspoof2021_df_DF_E_4820328,DF_E_4820328,LA_0044,data/raw/audio/asvspoof2021_df/audio/DF_E_4820328.flac,0,bonafide,high_m4a,asvspoof,-,notrim,eval,bonafide,,,,,,,,,ASVspoof2021_DF,HuggingFace redistribution,dataset_license
asvspoof2021_df_DF_E_3064985,DF_E_3064985,VCC2TM1,data/raw/audio/asvspoof2021_df/audio/DF_E_3064985.flac,0,bonafide,low_mp3,vcc2018,-,notrim,eval,bonafide,,,,,,,,,ASVspoof2021_DF,HuggingFace redistribution,dataset_license
asvspoof2021_df_DF_E_4731293,DF_E_4731293,LA_0043,data/raw/audio/asvspoof2021_df/audio/DF_E_4731293.flac,1,spoof,high_ogg,asvspoof,A12,notrim,eval,neural_vocoder_autoregressive,,,,,,,,,ASVspoof2021_DF,HuggingFace redistribution,dataset_license
asvspoof2021_df_DF_E_4820141,DF_E_4820141,LA_0055,data/raw/audio/asvspoof2021_df/audio/DF_E_4820141.flac,0,bonafide,high_mp3,asvspoof,-,notrim,eval,bonafide,,,,,,,,,ASVspoof2021_DF,HuggingFace redistribution,dataset_license
asvspoof2021_df_DF_E_4829053,DF_E_4829053,VCC2SM1,data/raw/audio/asvspoof2021_df/audio/DF_E_4829053.flac,0,bonafide,high_m4a,vcc2018,-,notrim,eval,bonafide,,,,,,,,,ASVspoof2021_DF,HuggingFace redistribution,dataset_license
asvspoof2021_df_DF_E_4712172,DF_E_4712172,LA_0014,data/raw/audio/asvspoof2021_df/audio/DF_E_4712172.flac,0,bonafide,high_m4a,asvspoof,-,notrim,eval,bonafide,,,,,,,,,ASVspoof2021_DF,HuggingFace redistribution,dataset_license
asvspoof2021_df_DF_E_4669164,DF_E_4669164,LA_0039,data/raw/audio/asvspoof2021_df/audio/DF_E_4669164.flac,1,spoof,mp3m4a,asvspoof,A15,notrim,eval,neural_vocoder_autoregressive,,,,,,,,,ASVspoof2021_DF,HuggingFace redistribution,dataset_license
asvspoof2021_df_DF_E_3066336,DF_E_3066336,VCC2TF2,data/raw/audio/asvspoof2021_df/audio/DF_E_3066336.flac,1,spoof,nocodec,vcc2018,HUB-D03,notrim,eval,traditional_vocoder,,,,,,,,,ASVspoof2021_DF,HuggingFace redistribution,dataset_license
asvspoof2021_df_DF_E_4699776,DF_E_4699776,LA_0044,data/raw/audio/asvspoof2021_df/audio/DF_E_4699776.flac,1,spoof,oggm4a,asvspoof,A10,notrim,eval,neural_vocoder_autoregressive,,,,,,,,,ASVspoof2021_DF,HuggingFace redistribution,dataset_license
asvspoof2021_df_DF_E_4688146,DF_E_4688146,TFF1,data/raw/audio/asvspoof2021_df/audio/DF_E_4688146.flac,1,spoof,mp3m4a,vcc2020,Task2-team18,notrim,eval,unknown,,,,,,,,,ASVspoof2021_DF,HuggingFace redistribution,dataset_license
asvspoof2021_df_DF_E_3060224,DF_E_3060224,LA_0040,data/raw/audio/asvspoof2021_df/audio/DF_E_3060224.flac,0,bonafide,oggm4a,asvspoof,-,notrim,eval,bonafide,,,,,,,,,ASVspoof2021_DF,HuggingFace redistribution,dataset_license
asvspoof2021_df_DF_E_3009436,DF_E_3009436,LA_0039,data/raw/audio/asvspoof2021_df/audio/DF_E_3009436.flac,0,bonafide,low_ogg,asvspoof,-,notrim,eval,bonafide,,,,,,,,,ASVspoof2021_DF,HuggingFace redistribution,dataset_license
asvspoof2021_df_DF_E_4543599,DF_E_4543599,VCC2TF2,data/raw/audio/asvspoof2021_df/audio/DF_E_4543599.flac,1,spoof,high_mp3,vcc2018,HUB-N07,notrim,eval,traditional_vocoder,,,,,,,,,ASVspoof2021_DF,HuggingFace redistribution,dataset_license
asvspoof2021_df_DF_E_4689885,DF_E_4689885,VCC2SM4,data/raw/audio/asvspoof2021_df/audio/DF_E_4689885.flac,0,bonafide,low_m4a,vcc2018,-,notrim,eval,bonafide,,,,,,,,,ASVspoof2021_DF,HuggingFace redistribution,dataset_license
asvspoof2021_df_DF_E_4515659,DF_E_4515659,TFM1,data/raw/audio/asvspoof2021_df/audio/DF_E_4515659.flac,1,spoof,nocodec,vcc2020,Task2-team28,notrim,eval,neural_vocoder_autoregressive,,,,,,,,,ASVspoof2021_DF,HuggingFace redistribution,dataset_license
asvspoof2021_df_DF_E_3050692,DF_E_3050692,VCC2TM1,data/raw/audio/asvspoof2021_df/audio/DF_E_3050692.flac,1,spoof,mp3m4a,vcc2018,SPO-N18,notrim,eval,traditional_vocoder,,,,,,,,,ASVspoof2021_DF,HuggingFace redistribution,dataset_license
asvspoof2021_df_DF_E_3071781,DF_E_3071781,VCC2TF2,data/raw/audio/asvspoof2021_df/audio/DF_E_3071781.flac,0,bonafide,low_ogg,vcc2018,-,notrim,eval,bonafide,,,,,,,,,ASVspoof2021_DF,HuggingFace redistribution,dataset_license
asvspoof2021_df_DF_E_2986957,DF_E_2986957,LA_0002,data/raw/audio/asvspoof2021_df/audio/DF_E_2986957.flac,0,bonafide,high_ogg,asvspoof,-,notrim,eval,bonafide,,,,,,,,,ASVspoof2021_DF,HuggingFace redistribution,dataset_license
asvspoof2021_df_DF_E_4694695,DF_E_4694695,VCC2TM1,data/raw/audio/asvspoof2021_df/audio/DF_E_4694695.flac,1,spoof,high_mp3,vcc2018,HUB-N04,notrim,eval,traditional_vocoder,,,,,,,,,ASVspoof2021_DF,HuggingFace redistribution,dataset_license
asvspoof2021_df_DF_E_3072620,DF_E_3072620,LA_0037,data/raw/audio/asvspoof2021_df/audio/DF_E_3072620.flac,0,bonafide,high_ogg,asvspoof,-,notrim,eval,bonafide,,,,,,,,,ASVspoof2021_DF,HuggingFace redistribution,dataset_license
asvspoof2021_df_DF_E_3059702,DF_E_3059702,VCC2TF1,data/raw/audio/asvspoof2021_df/audio/DF_E_3059702.flac,1,spoof,mp3m4a,vcc2018,SPO-N13,notrim,eval,traditional_vocoder,,,,,,,,,ASVspoof2021_DF,HuggingFace redistribution,dataset_license
asvspoof2021_df_DF_E_4514831,DF_E_4514831,VCC2TM1,data/raw/audio/asvspoof2021_df/audio/DF_E_4514831.flac,1,spoof,low_mp3,vcc2018,SPO-N17,notrim,eval,neural_vocoder_autoregressive,,,,,,,,,ASVspoof2021_DF,HuggingFace redistribution,dataset_license
asvspoof2021_df_DF_E_3055731,DF_E_3055731,LA_0014,data/raw/audio/asvspoof2021_df/audio/DF_E_3055731.flac,0,bonafide,mp3m4a,asvspoof,-,notrim,eval,bonafide,,,,,,,,,ASVspoof2021_DF,HuggingFace redistribution,dataset_license
asvspoof2021_df_DF_E_4848985,DF_E_4848985,TEF2,data/raw/audio/asvspoof2021_df/audio/DF_E_4848985.flac,1,spoof,high_m4a,vcc2020,Task1-team08,notrim,eval,traditional_vocoder,,,,,,,,,ASVspoof2021_DF,HuggingFace redistribution,dataset_license
asvspoof2021_df_DF_E_4815837,DF_E_4815837,LA_0030,data/raw/audio/asvspoof2021_df/audio/DF_E_4815837.flac,0,bonafide,mp3m4a,asvspoof,-,notrim,eval,bonafide,,,,,,,,,ASVspoof2021_DF,HuggingFace redistribution,dataset_license
asvspoof2021_df_DF_E_2995316,DF_E_2995316,LA_0021,data/raw/audio/asvspoof2021_df/audio/DF_E_2995316.flac,0,bonafide,low_ogg,asvspoof,-,notrim,eval,bonafide,,,,,,,,,ASVspoof2021_DF,HuggingFace redistribution,dataset_license
asvspoof2021_df_DF_E_4687547,DF_E_4687547,TMF1,data/raw/audio/asvspoof2021_df/audio/DF_E_4687547.flac,0,bonafide,low_ogg,vcc2020,-,notrim,eval,bonafide,,,,,,,,,ASVspoof2021_DF,HuggingFace redistribution,dataset_license
asvspoof2021_df_DF_E_4818087,DF_E_4818087,LA_0003,data/raw/audio/asvspoof2021_df/audio/DF_E_4818087.flac,0,bonafide,low_ogg,asvspoof,-,notrim,eval,bonafide,,,,,,,,,ASVspoof2021_DF,HuggingFace redistribution,dataset_license
asvspoof2021_df_DF_E_2997613,DF_E_2997613,LA_0023,data/raw/audio/asvspoof2021_df/audio/DF_E_2997613.flac,0,bonafide,oggm4a,asvspoof,-,notrim,eval,bonafide,,,,,,,,,ASVspoof2021_DF,HuggingFace redistribution,dataset_license
asvspoof2021_df_DF_E_3059442,DF_E_3059442,LA_0040,data/raw/audio/asvspoof2021_df/audio/DF_E_3059442.flac,0,bonafide,oggm4a,asvspoof,-,notrim,eval,bonafide,,,,,,,,,ASVspoof2021_DF,HuggingFace redistribution,dataset_license
asvspoof2021_df_DF_E_4842049,DF_E_4842049,VCC2TM2,data/raw/audio/asvspoof2021_df/audio/DF_E_4842049.flac,1,spoof,high_ogg,vcc2018,HUB-N07,notrim,eval,traditional_vocoder,,,,,,,,,ASVspoof2021_DF,HuggingFace redistribution,dataset_license
asvspoof2021_df_DF_E_4728747,DF_E_4728747,TGM1,data/raw/audio/asvspoof2021_df/audio/DF_E_4728747.flac,1,spoof,low_mp3,vcc2020,Task2-team20,notrim,eval,neural_vocoder_nonautoregressive,,,,,,,,,ASVspoof2021_DF,HuggingFace redistribution,dataset_license
asvspoof2021_df_DF_E_4537665,DF_E_4537665,VCC2SM4,data/raw/audio/asvspoof2021_df/audio/DF_E_4537665.flac,0,bonafide,low_mp3,vcc2018,-,notrim,eval,bonafide,,,,,,,,,ASVspoof2021_DF,HuggingFace redistribution,dataset_license
asvspoof2021_df_DF_E_4536554,DF_E_4536554,VCC2SM2,data/raw/audio/asvspoof2021_df/audio/DF_E_4536554.flac,0,bonafide,mp3m4a,vcc2018,-,notrim,eval,bonafide,,,,,,,,,ASVspoof2021_DF,HuggingFace redistribution,dataset_license
asvspoof2021_df_DF_E_3083336,DF_E_3083336,LA_0046,data/raw/audio/asvspoof2021_df/audio/DF_E_3083336.flac,1,spoof,mp3m4a,asvspoof,A11,notrim,eval,traditional_vocoder,,,,,,,,,ASVspoof2021_DF,HuggingFace redistribution,dataset_license
asvspoof2021_df_DF_E_3057077,DF_E_3057077,LA_0043,data/raw/audio/asvspoof2021_df/audio/DF_E_3057077.flac,0,bonafide,oggm4a,asvspoof,-,notrim,eval,bonafide,,,,,,,,,ASVspoof2021_DF,HuggingFace redistribution,dataset_license
asvspoof2021_df_DF_E_4709677,DF_E_4709677,TGM1,data/raw/audio/asvspoof2021_df/audio/DF_E_4709677.flac,1,spoof,nocodec,vcc2020,Task2-team29,notrim,eval,neural_vocoder_autoregressive,,,,,,,,,ASVspoof2021_DF,HuggingFace redistribution,dataset_license
asvspoof2021_df_DF_E_2999789,DF_E_2999789,LA_0018,data/raw/audio/asvspoof2021_df/audio/DF_E_2999789.flac,0,bonafide,mp3m4a,asvspoof,-,notrim,eval,bonafide,,,,,,,,,ASVspoof2021_DF,HuggingFace redistribution,dataset_license
asvspoof2021_df_DF_E_3066166,DF_E_3066166,LA_0028,data/raw/audio/asvspoof2021_df/audio/DF_E_3066166.flac,0,bonafide,high_ogg,asvspoof,-,notrim,eval,bonafide,,,,,,,,,ASVspoof2021_DF,HuggingFace redistribution,dataset_license
asvspoof2021_df_DF_E_4689182,DF_E_4689182,LA_0040,data/raw/audio/asvspoof2021_df/audio/DF_E_4689182.flac,0,bonafide,high_m4a,asvspoof,-,notrim,eval,bonafide,,,,,,,,,ASVspoof2021_DF,HuggingFace redistribution,dataset_license
asvspoof2021_df_DF_E_4547188,DF_E_4547188,TMF1,data/raw/audio/asvspoof2021_df/audio/DF_E_4547188.flac,1,spoof,low_ogg,vcc2020,Task2-team18,notrim,eval,unknown,,,,,,,,,ASVspoof2021_DF,HuggingFace redistribution,dataset_license
asvspoof2021_df_DF_E_4694599,DF_E_4694599,VCC2SF2,data/raw/audio/asvspoof2021_df/audio/DF_E_4694599.flac,0,bonafide,high_m4a,vcc2018,-,notrim,eval,bonafide,,,,,,,,,ASVspoof2021_DF,HuggingFace redistribution,dataset_license
asvspoof2021_df_DF_E_3056098,DF_E_3056098,LA_0065,data/raw/audio/asvspoof2021_df/audio/DF_E_3056098.flac,0,bonafide,high_ogg,asvspoof,-,notrim,eval,bonafide,,,,,,,,,ASVspoof2021_DF,HuggingFace redistribution,dataset_license
asvspoof2021_df_DF_E_3070318,DF_E_3070318,LA_0032,data/raw/audio/asvspoof2021_df/audio/DF_E_3070318.flac,1,spoof,high_ogg,asvspoof,A16,notrim,eval,waveform_concatenation,,,,,,,,,ASVspoof2021_DF,HuggingFace redistribution,dataset_license
asvspoof2021_df_DF_E_4728100,DF_E_4728100,VCC2SM1,data/raw/audio/asvspoof2021_df/audio/DF_E_4728100.flac,0,bonafide,low_mp3,vcc2018,-,notrim,eval,bonafide,,,,,,,,,ASVspoof2021_DF,HuggingFace redistribution,dataset_license
asvspoof2021_df_DF_E_4737085,DF_E_4737085,LA_0013,data/raw/audio/asvspoof2021_df/audio/DF_E_4737085.flac,0,bonafide,low_ogg,asvspoof,-,notrim,eval,bonafide,,,,,,,,,ASVspoof2021_DF,HuggingFace redistribution,dataset_license
asvspoof2021_df_DF_E_4702414,DF_E_4702414,VCC2TF2,data/raw/audio/asvspoof2021_df/audio/DF_E_4702414.flac,1,spoof,high_m4a,vcc2018,HUB-N03,notrim,eval,unknown,,,,,,,,,ASVspoof2021_DF,HuggingFace redistribution,dataset_license
asvspoof2021_df_DF_E_4727310,DF_E_4727310,LA_0003,data/raw/audio/asvspoof2021_df/audio/DF_E_4727310.flac,1,spoof,high_ogg,asvspoof,A12,notrim,eval,neural_vocoder_autoregressive,,,,,,,,,ASVspoof2021_DF,HuggingFace redistribution,dataset_license
asvspoof2021_df_DF_E_2977427,DF_E_2977427,LA_0022,data/raw/audio/asvspoof2021_df/audio/DF_E_2977427.flac,0,bonafide,low_mp3,asvspoof,-,notrim,eval,bonafide,,,,,,,,,ASVspoof2021_DF,HuggingFace redistribution,dataset_license
asvspoof2021_df_DF_E_4707909,DF_E_4707909,LA_0014,data/raw/audio/asvspoof2021_df/audio/DF_E_4707909.flac,0,bonafide,high_m4a,asvspoof,-,notrim,eval,bonafide,,,,,,,,,ASVspoof2021_DF,HuggingFace redistribution,dataset_license
asvspoof2021_df_DF_E_4528284,DF_E_4528284,LA_0032,data/raw/audio/asvspoof2021_df/audio/DF_E_4528284.flac,1,spoof,oggm4a,asvspoof,A17,notrim,eval,traditional_vocoder,,,,,,,,,ASVspoof2021_DF,HuggingFace redistribution,dataset_license
asvspoof2021_df_DF_E_3073200,DF_E_3073200,VCC2TF1,data/raw/audio/asvspoof2021_df/audio/DF_E_3073200.flac,1,spoof,high_mp3,vcc2018,SPO-N11,notrim,eval,traditional_vocoder,,,,,,,,,ASVspoof2021_DF,HuggingFace redistribution,dataset_license
asvspoof2021_df_DF_E_3054834,DF_E_3054834,LA_0021,data/raw/audio/asvspoof2021_df/audio/DF_E_3054834.flac,0,bonafide,low_mp3,asvspoof,-,notrim,eval,bonafide,,,,,,,,,ASVspoof2021_DF,HuggingFace redistribution,dataset_license
asvspoof2021_df_DF_E_4819172,DF_E_4819172,LA_0026,data/raw/audio/asvspoof2021_df/audio/DF_E_4819172.flac,0,bonafide,low_ogg,asvspoof,-,notrim,eval,bonafide,,,,,,,,,ASVspoof2021_DF,HuggingFace redistribution,dataset_license
asvspoof2021_df_DF_E_3063264,DF_E_3063264,LA_0056,data/raw/audio/asvspoof2021_df/audio/DF_E_3063264.flac,0,bonafide,high_mp3,asvspoof,-,notrim,eval,bonafide,,,,,,,,,ASVspoof2021_DF,HuggingFace redistribution,dataset_license
asvspoof2021_df_DF_E_4530201,DF_E_4530201,TGF1,data/raw/audio/asvspoof2021_df/audio/DF_E_4530201.flac,1,spoof,high_mp3,vcc2020,Task2-team06,notrim,eval,traditional_vocoder,,,,,,,,,ASVspoof2021_DF,HuggingFace redistribution,dataset_license
asvspoof2021_df_DF_E_4737239,DF_E_4737239,LA_0018,data/raw/audio/asvspoof2021_df/audio/DF_E_4737239.flac,1,spoof,low_ogg,asvspoof,A13,notrim,eval,traditional_vocoder,,,,,,,,,ASVspoof2021_DF,HuggingFace redistribution,dataset_license
asvspoof2021_df_DF_E_4844076,DF_E_4844076,VCC2TM1,data/raw/audio/asvspoof2021_df/audio/DF_E_4844076.flac,1,spoof,oggm4a,vcc2018,HUB-D01,notrim,eval,traditional_vocoder,,,,,,,,,ASVspoof2021_DF,HuggingFace redistribution,dataset_license
asvspoof2021_df_DF_E_4709050,DF_E_4709050,LA_0021,data/raw/audio/asvspoof2021_df/audio/DF_E_4709050.flac,0,bonafide,high_ogg,asvspoof,-,notrim,eval,bonafide,,,,,,,,,ASVspoof2021_DF,HuggingFace redistribution,dataset_license
asvspoof2021_df_DF_E_2999431,DF_E_2999431,VCC2TM1,data/raw/audio/asvspoof2021_df/audio/DF_E_2999431.flac,1,spoof,high_mp3,vcc2018,HUB-N18,notrim,eval,traditional_vocoder,,,,,,,,,ASVspoof2021_DF,HuggingFace redistribution,dataset_license
asvspoof2021_df_DF_E_3084933,DF_E_3084933,TEF2,data/raw/audio/asvspoof2021_df/audio/DF_E_3084933.flac,1,spoof,high_ogg,vcc2020,Task1-team18,notrim,eval,unknown,,,,,,,,,ASVspoof2021_DF,HuggingFace redistribution,dataset_license
asvspoof2021_df_DF_E_4845777,DF_E_4845777,LA_0001,data/raw/audio/asvspoof2021_df/audio/DF_E_4845777.flac,0,bonafide,low_ogg,asvspoof,-,notrim,eval,bonafide,,,,,,,,,ASVspoof2021_DF,HuggingFace redistribution,dataset_license
asvspoof2021_df_DF_E_4816935,DF_E_4816935,LA_0010,data/raw/audio/asvspoof2021_df/audio/DF_E_4816935.flac,0,bonafide,low_ogg,asvspoof,-,notrim,eval,bonafide,,,,,,,,,ASVspoof2021_DF,HuggingFace redistribution,dataset_license
asvspoof2021_df_DF_E_4848879,DF_E_4848879,LA_0016,data/raw/audio/asvspoof2021_df/audio/DF_E_4848879.flac,0,bonafide,high_ogg,asvspoof,-,notrim,eval,bonafide,,,,,,,,,ASVspoof2021_DF,HuggingFace redistribution,dataset_license
asvspoof2021_df_DF_E_2996373,DF_E_2996373,LA_0023,data/raw/audio/asvspoof2021_df/audio/DF_E_2996373.flac,0,bonafide,low_ogg,asvspoof,-,notrim,eval,bonafide,,,,,,,,,ASVspoof2021_DF,HuggingFace redistribution,dataset_license
asvspoof2021_df_DF_E_2979076,DF_E_2979076,TFM1,data/raw/audio/asvspoof2021_df/audio/DF_E_2979076.flac,1,spoof,high_mp3,vcc2020,Task2-team12,notrim,eval,traditional_vocoder,,,,,,,,,ASVspoof2021_DF,HuggingFace redistribution,dataset_license
asvspoof2021_df_DF_E_3068163,DF_E_3068163,SEF2,data/raw/audio/asvspoof2021_df/audio/DF_E_3068163.flac,0,bonafide,low_mp3,vcc2020,-,notrim,eval,bonafide,,,,,,,,,ASVspoof2021_DF,HuggingFace redistribution,dataset_license
asvspoof2021_df_DF_E_3005454,DF_E_3005454,SEF2,data/raw/audio/asvspoof2021_df/audio/DF_E_3005454.flac,0,bonafide,oggm4a,vcc2020,-,notrim,eval,bonafide,,,,,,,,,ASVspoof2021_DF,HuggingFace redistribution,dataset_license
asvspoof2021_df_DF_E_3071753,DF_E_3071753,TFF1,data/raw/audio/asvspoof2021_df/audio/DF_E_3071753.flac,1,spoof,high_ogg,vcc2020,Task2-team32,notrim,eval,neural_vocoder_autoregressive,,,,,,,,,ASVspoof2021_DF,HuggingFace redistribution,dataset_license
asvspoof2021_df_DF_E_4835798,DF_E_4835798,LA_0008,data/raw/audio/asvspoof2021_df/audio/DF_E_4835798.flac,1,spoof,oggm4a,asvspoof,A11,notrim,eval,traditional_vocoder,,,,,,,,,ASVspoof2021_DF,HuggingFace redistribution,dataset_license
asvspoof2021_df_DF_E_2992519,DF_E_2992519,VCC2SF3,data/raw/audio/asvspoof2021_df/audio/DF_E_2992519.flac,0,bonafide,oggm4a,vcc2018,-,notrim,eval,bonafide,,,,,,,,,ASVspoof2021_DF,HuggingFace redistribution,dataset_license
asvspoof2021_df_DF_E_4845836,DF_E_4845836,TFM1,data/raw/audio/asvspoof2021_df/audio/DF_E_4845836.flac,1,spoof,low_ogg,vcc2020,Task2-team24,notrim,eval,neural_vocoder_autoregressive,,,,,,,,,ASVspoof2021_DF,HuggingFace redistribution,dataset_license
asvspoof2021_df_DF_E_3065874,DF_E_3065874,TFF1,data/raw/audio/asvspoof2021_df/audio/DF_E_3065874.flac,1,spoof,nocodec,vcc2020,Task2-team29,notrim,eval,neural_vocoder_autoregressive,,,,,,,,,ASVspoof2021_DF,HuggingFace redistribution,dataset_license
asvspoof2021_df_DF_E_4715524,DF_E_4715524,VCC2TF2,data/raw/audio/asvspoof2021_df/audio/DF_E_4715524.flac,0,bonafide,oggm4a,vcc2018,-,notrim,eval,bonafide,,,,,,,,,ASVspoof2021_DF,HuggingFace redistribution,dataset_license
asvspoof2021_df_DF_E_3061310,DF_E_3061310,TEM1,data/raw/audio/asvspoof2021_df/audio/DF_E_3061310.flac,1,spoof,mp3m4a,vcc2020,Task1-team02,notrim,eval,neural_vocoder_nonautoregressive,,,,,,,,,ASVspoof2021_DF,HuggingFace redistribution,dataset_license
asvspoof2021_df_DF_E_4837650,DF_E_4837650,LA_0021,data/raw/audio/asvspoof2021_df/audio/DF_E_4837650.flac,0,bonafide,mp3m4a,asvspoof,-,notrim,eval,bonafide,,,,,,,,,ASVspoof2021_DF,HuggingFace redistribution,dataset_license
asvspoof2021_df_DF_E_4817162,DF_E_4817162,VCC2TM1,data/raw/audio/asvspoof2021_df/audio/DF_E_4817162.flac,1,spoof,oggm4a,vcc2018,HUB-N04,notrim,eval,traditional_vocoder,,,,,,,,,ASVspoof2021_DF,HuggingFace redistribution,dataset_license
asvspoof2021_df_DF_E_3082226,DF_E_3082226,VCC2TM1,data/raw/audio/asvspoof2021_df/audio/DF_E_3082226.flac,1,spoof,high_mp3,vcc2018,SPO-N06,notrim,eval,traditional_vocoder,,,,,,,,,ASVspoof2021_DF,HuggingFace redistribution,dataset_license
asvspoof2021_df_DF_E_4713001,DF_E_4713001,TEF2,data/raw/audio/asvspoof2021_df/audio/DF_E_4713001.flac,1,spoof,low_ogg,vcc2020,Task1-team23,notrim,eval,neural_vocoder_nonautoregressive,,,,,,,,,ASVspoof2021_DF,HuggingFace redistribution,dataset_license
asvspoof2021_df_DF_E_4693806,DF_E_4693806,TGM1,data/raw/audio/asvspoof2021_df/audio/DF_E_4693806.flac,1,spoof,low_ogg,vcc2020,Task2-team07,notrim,eval,neural_vocoder_autoregressive,,,,,,,,,ASVspoof2021_DF,HuggingFace redistribution,dataset_license
asvspoof2021_df_DF_E_4828264,DF_E_4828264,SEF1,data/raw/audio/asvspoof2021_df/audio/DF_E_4828264.flac,0,bonafide,mp3m4a,vcc2020,-,notrim,eval,bonafide,,,,,,,,,ASVspoof2021_DF,HuggingFace redistribution,dataset_license
asvspoof2021_df_DF_E_4547623,DF_E_4547623,LA_0003,data/raw/audio/asvspoof2021_df/audio/DF_E_4547623.flac,0,bonafide,high_ogg,asvspoof,-,notrim,eval,bonafide,,,,,,,,,ASVspoof2021_DF,HuggingFace redistribution,dataset_license
asvspoof2021_df_DF_E_3059534,DF_E_3059534,LA_0043,data/raw/audio/asvspoof2021_df/audio/DF_E_3059534.flac,0,bonafide,high_ogg,asvspoof,-,notrim,eval,bonafide,,,,,,,,,ASVspoof2021_DF,HuggingFace redistribution,dataset_license
asvspoof2021_df_DF_E_4814922,DF_E_4814922,VCC2TF1,data/raw/audio/asvspoof2021_df/audio/DF_E_4814922.flac,1,spoof,high_m4a,vcc2018,HUB-N20,notrim,eval,traditional_vocoder,,,,,,,,,ASVspoof2021_DF,HuggingFace redistribution,dataset_license
asvspoof2021_df_DF_E_3001104,DF_E_3001104,TEF2,data/raw/audio/asvspoof2021_df/audio/DF_E_3001104.flac,1,spoof,mp3m4a,vcc2020,Task1-team25,notrim,eval,neural_vocoder_autoregressive,,,,,,,,,ASVspoof2021_DF,HuggingFace redistribution,dataset_license
asvspoof2021_df_DF_E_4735986,DF_E_4735986,VCC2TM2,data/raw/audio/asvspoof2021_df/audio/DF_E_4735986.flac,1,spoof,low_ogg,vcc2018,HUB-D01,notrim,eval,traditional_vocoder,,,,,,,,,ASVspoof2021_DF,HuggingFace redistribution,dataset_license
asvspoof2021_df_DF_E_4728006,DF_E_4728006,LA_0020,data/raw/audio/asvspoof2021_df/audio/DF_E_4728006.flac,0,bonafide,high_ogg,asvspoof,-,notrim,eval,bonafide,,,,,,,,,ASVspoof2021_DF,HuggingFace redistribution,dataset_license
asvspoof2021_df_DF_E_3063468,DF_E_3063468,TEM2,data/raw/audio/asvspoof2021_df/audio/DF_E_3063468.flac,0,bonafide,nocodec,vcc2020,-,notrim,eval,bonafide,,,,,,,,,ASVspoof2021_DF,HuggingFace redistribution,dataset_license
asvspoof2021_df_DF_E_4689696,DF_E_4689696,VCC2SM3,data/raw/audio/asvspoof2021_df/audio/DF_E_4689696.flac,0,bonafide,mp3m4a,vcc2018,-,notrim,eval,bonafide,,,,,,,,,ASVspoof2021_DF,HuggingFace redistribution,dataset_license
asvspoof2021_df_DF_E_4715016,DF_E_4715016,TGM1,data/raw/audio/asvspoof2021_df/audio/DF_E_4715016.flac,0,bonafide,high_m4a,vcc2020,-,notrim,eval,bonafide,,,,,,,,,ASVspoof2021_DF,HuggingFace redistribution,dataset_license
asvspoof2021_df_DF_E_4666349,DF_E_4666349,VCC2SF1,data/raw/audio/asvspoof2021_df/audio/DF_E_4666349.flac,0,bonafide,mp3m4a,vcc2018,-,notrim,eval,bonafide,,,,,,,,,ASVspoof2021_DF,HuggingFace redistribution,dataset_license
asvspoof2021_df_DF_E_2978315,DF_E_2978315,VCC2TM2,data/raw/audio/asvspoof2021_df/audio/DF_E_2978315.flac,1,spoof,mp3m4a,vcc2018,HUB-N05,notrim,eval,traditional_vocoder,,,,,,,,,ASVspoof2021_DF,HuggingFace redistribution,dataset_license
asvspoof2021_df_DF_E_4515803,DF_E_4515803,TEM2,data/raw/audio/asvspoof2021_df/audio/DF_E_4515803.flac,1,spoof,high_ogg,vcc2020,Task1-team16,notrim,eval,neural_vocoder_nonautoregressive,,,,,,,,,ASVspoof2021_DF,HuggingFace redistribution,dataset_license
asvspoof2021_df_DF_E_3076602,DF_E_3076602,TFM1,data/raw/audio/asvspoof2021_df/audio/DF_E_3076602.flac,1,spoof,mp3m4a,vcc2020,Task2-team09,notrim,eval,neural_vocoder_nonautoregressive,,,,,,,,,ASVspoof2021_DF,HuggingFace redistribution,dataset_license
asvspoof2021_df_DF_E_4681545,DF_E_4681545,VCC2TF1,data/raw/audio/asvspoof2021_df/audio/DF_E_4681545.flac,1,spoof,low_m4a,vcc2018,HUB-N09,notrim,eval,traditional_vocoder,,,,,,,,,ASVspoof2021_DF,HuggingFace redistribution,dataset_license
asvspoof2021_df_DF_E_4704447,DF_E_4704447,VCC2SM1,data/raw/audio/asvspoof2021_df/audio/DF_E_4704447.flac,0,bonafide,mp3m4a,vcc2018,-,notrim,eval,bonafide,,,,,,,,,ASVspoof2021_DF,HuggingFace redistribution,dataset_license
asvspoof2021_df_DF_E_4848714,DF_E_4848714,TEF2,data/raw/audio/asvspoof2021_df/audio/DF_E_4848714.flac,1,spoof,low_ogg,vcc2020,Task1-team11,notrim,eval,neural_vocoder_autoregressive,,,,,,,,,ASVspoof2021_DF,HuggingFace redistribution,dataset_license
asvspoof2021_df_DF_E_2988743,DF_E_2988743,TFF1,data/raw/audio/asvspoof2021_df/audio/DF_E_2988743.flac,1,spoof,low_ogg,vcc2020,Task2-team32,notrim,eval,neural_vocoder_autoregressive,,,,,,,,,ASVspoof2021_DF,HuggingFace redistribution,dataset_license
asvspoof2021_df_DF_E_4535465,DF_E_4535465,VCC2TF1,data/raw/audio/asvspoof2021_df/audio/DF_E_4535465.flac,1,spoof,low_ogg,vcc2018,SPO-B01,notrim,eval,traditional_vocoder,,,,,,,,,ASVspoof2021_DF,HuggingFace redistribution,dataset_license
asvspoof2021_df_DF_E_4688590,DF_E_4688590,TMM1,data/raw/audio/asvspoof2021_df/audio/DF_E_4688590.flac,1,spoof,high_mp3,vcc2020,Task2-team32,notrim,eval,neural_vocoder_autoregressive,,,,,,,,,ASVspoof2021_DF,HuggingFace redistribution,dataset_license
asvspoof2021_df_DF_E_4832856,DF_E_4832856,VCC2TF1,data/raw/audio/asvspoof2021_df/audio/DF_E_4832856.flac,1,spoof,high_m4a,vcc2018,HUB-D02,notrim,eval,traditional_vocoder,,,,,,,,,ASVspoof2021_DF,HuggingFace redistribution,dataset_license
asvspoof2021_df_DF_E_3070700,DF_E_3070700,VCC2SF4,data/raw/audio/asvspoof2021_df/audio/DF_E_3070700.flac,0,bonafide,high_mp3,vcc2018,-,notrim,eval,bonafide,,,,,,,,,ASVspoof2021_DF,HuggingFace redistribution,dataset_license
asvspoof2021_df_DF_E_4708318,DF_E_4708318,TGM1,data/raw/audio/asvspoof2021_df/audio/DF_E_4708318.flac,1,spoof,oggm4a,vcc2020,Task2-team10,notrim,eval,neural_vocoder_autoregressive,,,,,,,,,ASVspoof2021_DF,HuggingFace redistribution,dataset_license
asvspoof2021_df_DF_E_4727525,DF_E_4727525,TFM1,data/raw/audio/asvspoof2021_df/audio/DF_E_4727525.flac,0,bonafide,low_mp3,vcc2020,-,notrim,eval,bonafide,,,,,,,,,ASVspoof2021_DF,HuggingFace redistribution,dataset_license
asvspoof2021_df_DF_E_4813214,DF_E_4813214,LA_0021,data/raw/audio/asvspoof2021_df/audio/DF_E_4813214.flac,0,bonafide,mp3m4a,asvspoof,-,notrim,eval,bonafide,,,,,,,,,ASVspoof2021_DF,HuggingFace redistribution,dataset_license
asvspoof2021_df_DF_E_3001019,DF_E_3001019,TFM1,data/raw/audio/asvspoof2021_df/audio/DF_E_3001019.flac,1,spoof,low_m4a,vcc2020,Task2-team30,notrim,eval,unknown,,,,,,,,,ASVspoof2021_DF,HuggingFace redistribution,dataset_license
asvspoof2021_df_DF_E_3062117,DF_E_3062117,LA_0029,data/raw/audio/asvspoof2021_df/audio/DF_E_3062117.flac,1,spoof,high_ogg,asvspoof,A14,notrim,eval,traditional_vocoder,,,,,,,,,ASVspoof2021_DF,HuggingFace redistribution,dataset_license
asvspoof2021_df_DF_E_3063060,DF_E_3063060,LA_0023,data/raw/audio/asvspoof2021_df/audio/DF_E_3063060.flac,1,spoof,oggm4a,asvspoof,A17,notrim,eval,traditional_vocoder,,,,,,,,,ASVspoof2021_DF,HuggingFace redistribution,dataset_license
asvspoof2021_df_DF_E_4525505,DF_E_4525505,VCC2SM4,data/raw/audio/asvspoof2021_df/audio/DF_E_4525505.flac,0,bonafide,nocodec,vcc2018,-,notrim,eval,bonafide,,,,,,,,,ASVspoof2021_DF,HuggingFace redistribution,dataset_license
asvspoof2021_df_DF_E_2991211,DF_E_2991211,TEM2,data/raw/audio/asvspoof2021_df/audio/DF_E_2991211.flac,0,bonafide,low_ogg,vcc2020,-,notrim,eval,bonafide,,,,,,,,,ASVspoof2021_DF,HuggingFace redistribution,dataset_license
asvspoof2021_df_DF_E_4730847,DF_E_4730847,LA_0013,data/raw/audio/asvspoof2021_df/audio/DF_E_4730847.flac,0,bonafide,oggm4a,asvspoof,-,notrim,eval,bonafide,,,,,,,,,ASVspoof2021_DF,HuggingFace redistribution,dataset_license
asvspoof2021_df_DF_E_3063606,DF_E_3063606,TEF1,data/raw/audio/asvspoof2021_df/audio/DF_E_3063606.flac,1,spoof,nocodec,vcc2020,Task1-team26,notrim,eval,traditional_vocoder,,,,,,,,,ASVspoof2021_DF,HuggingFace redistribution,dataset_license
asvspoof2021_df_DF_E_4520441,DF_E_4520441,TEM2,data/raw/audio/asvspoof2021_df/audio/DF_E_4520441.flac,1,spoof,low_mp3,vcc2020,Task1-team17,notrim,eval,neural_vocoder_nonautoregressive,,,,,,,,,ASVspoof2021_DF,HuggingFace redistribution,dataset_license
asvspoof2021_df_DF_E_4695144,DF_E_4695144,TEM1,data/raw/audio/asvspoof2021_df/audio/DF_E_4695144.flac,1,spoof,oggm4a,vcc2020,Task1-team13,notrim,eval,neural_vocoder_autoregressive,,,,,,,,,ASVspoof2021_DF,HuggingFace redistribution,dataset_license
asvspoof2021_df_DF_E_4834786,DF_E_4834786,TGM1,data/raw/audio/asvspoof2021_df/audio/DF_E_4834786.flac,1,spoof,high_m4a,vcc2020,Task2-team13,notrim,eval,neural_vocoder_autoregressive,,,,,,,,,ASVspoof2021_DF,HuggingFace redistribution,dataset_license
asvspoof2021_df_DF_E_4821268,DF_E_4821268,LA_0003,data/raw/audio/asvspoof2021_df/audio/DF_E_4821268.flac,0,bonafide,oggm4a,asvspoof,-,notrim,eval,bonafide,,,,,,,,,ASVspoof2021_DF,HuggingFace redistribution,dataset_license
asvspoof2021_df_DF_E_4831429,DF_E_4831429,LA_0010,data/raw/audio/asvspoof2021_df/audio/DF_E_4831429.flac,0,bonafide,nocodec,asvspoof,-,notrim,eval,bonafide,,,,,,,,,ASVspoof2021_DF,HuggingFace redistribution,dataset_license
asvspoof2021_df_DF_E_4830192,DF_E_4830192,VCC2TM2,data/raw/audio/asvspoof2021_df/audio/DF_E_4830192.flac,1,spoof,high_m4a,vcc2018,HUB-N07,notrim,eval,traditional_vocoder,,,,,,,,,ASVspoof2021_DF,HuggingFace redistribution,dataset_license
asvspoof2021_df_DF_E_3049003,DF_E_3049003,VCC2TF2,data/raw/audio/asvspoof2021_df/audio/DF_E_3049003.flac,1,spoof,high_mp3,vcc2018,HUB-N20,notrim,eval,traditional_vocoder,,,,,,,,,ASVspoof2021_DF,HuggingFace redistribution,dataset_license
asvspoof2021_df_DF_E_4525214,DF_E_4525214,TEM1,data/raw/audio/asvspoof2021_df/audio/DF_E_4525214.flac,0,bonafide,low_ogg,vcc2020,-,notrim,eval,bonafide,,,,,,,,,ASVspoof2021_DF,HuggingFace redistribution,dataset_license
asvspoof2021_df_DF_E_4850160,DF_E_4850160,LA_0038,data/raw/audio/asvspoof2021_df/audio/DF_E_4850160.flac,0,bonafide,high_ogg,asvspoof,-,notrim,eval,bonafide,,,,,,,,,ASVspoof2021_DF,HuggingFace redistribution,dataset_license
asvspoof2021_df_DF_E_4726644,DF_E_4726644,LA_0015,data/raw/audio/asvspoof2021_df/audio/DF_E_4726644.flac,0,bonafide,high_ogg,asvspoof,-,notrim,eval,bonafide,,,,,,,,,ASVspoof2021_DF,HuggingFace redistribution,dataset_license
asvspoof2021_df_DF_E_4517460,DF_E_4517460,TEF2,data/raw/audio/asvspoof2021_df/audio/DF_E_4517460.flac,1,spoof,low_mp3,vcc2020,Task1-team24,notrim,eval,neural_vocoder_autoregressive,,,,,,,,,ASVspoof2021_DF,HuggingFace redistribution,dataset_license
asvspoof2021_df_DF_E_4521774,DF_E_4521774,TGF1,data/raw/audio/asvspoof2021_df/audio/DF_E_4521774.flac,1,spoof,oggm4a,vcc2020,Task2-team28,notrim,eval,neural_vocoder_autoregressive,,,,,,,,,ASVspoof2021_DF,HuggingFace redistribution,dataset_license
asvspoof2021_df_DF_E_3009209,DF_E_3009209,LA_0003,data/raw/audio/asvspoof2021_df/audio/DF_E_3009209.flac,1,spoof,mp3m4a,asvspoof,A16,notrim,eval,waveform_concatenation,,,,,,,,,ASVspoof2021_DF,HuggingFace redistribution,dataset_license
asvspoof2021_df_DF_E_3068040,DF_E_3068040,VCC2TF1,data/raw/audio/asvspoof2021_df/audio/DF_E_3068040.flac,1,spoof,high_mp3,vcc2018,HUB-N03,notrim,eval,unknown,,,,,,,,,ASVspoof2021_DF,HuggingFace redistribution,dataset_license
asvspoof2021_df_DF_E_4720579,DF_E_4720579,TGM1,data/raw/audio/asvspoof2021_df/audio/DF_E_4720579.flac,0,bonafide,nocodec,vcc2020,-,notrim,eval,bonafide,,,,,,,,,ASVspoof2021_DF,HuggingFace redistribution,dataset_license
asvspoof2021_df_DF_E_4517954,DF_E_4517954,LA_0027,data/raw/audio/asvspoof2021_df/audio/DF_E_4517954.flac,0,bonafide,mp3m4a,asvspoof,-,notrim,eval,bonafide,,,,,,,,,ASVspoof2021_DF,HuggingFace redistribution,dataset_license
asvspoof2021_df_DF_E_4720224,DF_E_4720224,LA_0018,data/raw/audio/asvspoof2021_df/audio/DF_E_4720224.flac,0,bonafide,mp3m4a,asvspoof,-,notrim,eval,bonafide,,,,,,,,,ASVspoof2021_DF,HuggingFace redistribution,dataset_license
asvspoof2021_df_DF_E_4666168,DF_E_4666168,VCC2TF1,data/raw/audio/asvspoof2021_df/audio/DF_E_4666168.flac,1,spoof,oggm4a,vcc2018,SPO-N04,notrim,eval,traditional_vocoder,,,,,,,,,ASVspoof2021_DF,HuggingFace redistribution,dataset_license
asvspoof2021_df_DF_E_3085749,DF_E_3085749,LA_0018,data/raw/audio/asvspoof2021_df/audio/DF_E_3085749.flac,1,spoof,oggm4a,asvspoof,A14,notrim,eval,traditional_vocoder,,,,,,,,,ASVspoof2021_DF,HuggingFace redistribution,dataset_license
asvspoof2021_df_DF_E_4528539,DF_E_4528539,VCC2SM3,data/raw/audio/asvspoof2021_df/audio/DF_E_4528539.flac,0,bonafide,low_m4a,vcc2018,-,notrim,eval,bonafide,,,,,,,,,ASVspoof2021_DF,HuggingFace redistribution,dataset_license
asvspoof2021_df_DF_E_3070788,DF_E_3070788,LA_0032,data/raw/audio/asvspoof2021_df/audio/DF_E_3070788.flac,0,bonafide,high_ogg,asvspoof,-,notrim,eval,bonafide,,,,,,,,,ASVspoof2021_DF,HuggingFace redistribution,dataset_license
asvspoof2021_df_DF_E_3083343,DF_E_3083343,VCC2SM4,data/raw/audio/asvspoof2021_df/audio/DF_E_3083343.flac,0,bonafide,mp3m4a,vcc2018,-,notrim,eval,bonafide,,,,,,,,,ASVspoof2021_DF,HuggingFace redistribution,dataset_license
asvspoof2021_df_DF_E_4705726,DF_E_4705726,TEF2,data/raw/audio/asvspoof2021_df/audio/DF_E_4705726.flac,1,spoof,high_m4a,vcc2020,Task1-team04,notrim,eval,neural_vocoder_autoregressive,,,,,,,,,ASVspoof2021_DF,HuggingFace redistribution,dataset_license
asvspoof2021_df_DF_E_4706499,DF_E_4706499,LA_0053,data/raw/audio/asvspoof2021_df/audio/DF_E_4706499.flac,0,bonafide,low_ogg,asvspoof,-,notrim,eval,bonafide,,,,,,,,,ASVspoof2021_DF,HuggingFace redistribution,dataset_license
asvspoof2021_df_DF_E_3085389,DF_E_3085389,LA_0041,data/raw/audio/asvspoof2021_df/audio/DF_E_3085389.flac,0,bonafide,mp3m4a,asvspoof,-,notrim,eval,bonafide,,,,,,,,,ASVspoof2021_DF,HuggingFace redistribution,dataset_license
asvspoof2021_df_DF_E_4706906,DF_E_4706906,VCC2SM4,data/raw/audio/asvspoof2021_df/audio/DF_E_4706906.flac,0,bonafide,mp3m4a,vcc2018,-,notrim,eval,bonafide,,,,,,,,,ASVspoof2021_DF,HuggingFace redistribution,dataset_license
asvspoof2021_df_DF_E_4706986,DF_E_4706986,VCC2SM3,data/raw/audio/asvspoof2021_df/audio/DF_E_4706986.flac,0,bonafide,nocodec,vcc2018,-,notrim,eval,bonafide,,,,,,,,,ASVspoof2021_DF,HuggingFace redistribution,dataset_license
asvspoof2021_df_DF_E_3071466,DF_E_3071466,SEF2,data/raw/audio/asvspoof2021_df/audio/DF_E_3071466.flac,0,bonafide,low_mp3,vcc2020,-,notrim,eval,bonafide,,,,,,,,,ASVspoof2021_DF,HuggingFace redistribution,dataset_license
asvspoof2021_df_DF_E_4846049,DF_E_4846049,VCC2SM4,data/raw/audio/asvspoof2021_df/audio/DF_E_4846049.flac,0,bonafide,low_mp3,vcc2018,-,notrim,eval,bonafide,,,,,,,,,ASVspoof2021_DF,HuggingFace redistribution,dataset_license
asvspoof2021_df_DF_E_4514152,DF_E_4514152,LA_0066,data/raw/audio/asvspoof2021_df/audio/DF_E_4514152.flac,0,bonafide,oggm4a,asvspoof,-,notrim,eval,bonafide,,,,,,,,,ASVspoof2021_DF,HuggingFace redistribution,dataset_license
asvspoof2021_df_DF_E_3063408,DF_E_3063408,TEF2,data/raw/audio/asvspoof2021_df/audio/DF_E_3063408.flac,0,bonafide,low_m4a,vcc2020,-,notrim,eval,bonafide,,,,,,,,,ASVspoof2021_DF,HuggingFace redistribution,dataset_license
asvspoof2021_df_DF_E_4732808,DF_E_4732808,VCC2TF2,data/raw/audio/asvspoof2021_df/audio/DF_E_4732808.flac,1,spoof,low_ogg,vcc2018,HUB-N04,notrim,eval,traditional_vocoder,,,,,,,,,ASVspoof2021_DF,HuggingFace redistribution,dataset_license
asvspoof2021_df_DF_E_4838865,DF_E_4838865,VCC2TM2,data/raw/audio/asvspoof2021_df/audio/DF_E_4838865.flac,1,spoof,high_ogg,vcc2018,HUB-N15,notrim,eval,traditional_vocoder,,,,,,,,,ASVspoof2021_DF,HuggingFace redistribution,dataset_license
asvspoof2021_df_DF_E_3061502,DF_E_3061502,TFF1,data/raw/audio/asvspoof2021_df/audio/DF_E_3061502.flac,0,bonafide,low_mp3,vcc2020,-,notrim,eval,bonafide,,,,,,,,,ASVspoof2021_DF,HuggingFace redistribution,dataset_license
asvspoof2021_df_DF_E_3008652,DF_E_3008652,TEF2,data/raw/audio/asvspoof2021_df/audio/DF_E_3008652.flac,0,bonafide,high_mp3,vcc2020,-,notrim,eval,bonafide,,,,,,,,,ASVspoof2021_DF,HuggingFace redistribution,dataset_license
asvspoof2021_df_DF_E_4814758,DF_E_4814758,VCC2SF2,data/raw/audio/asvspoof2021_df/audio/DF_E_4814758.flac,0,bonafide,low_mp3,vcc2018,-,notrim,eval,bonafide,,,,,,,,,ASVspoof2021_DF,HuggingFace redistribution,dataset_license
asvspoof2021_df_DF_E_4546420,DF_E_4546420,TGF1,data/raw/audio/asvspoof2021_df/audio/DF_E_4546420.flac,1,spoof,high_mp3,vcc2020,Task2-team09,notrim,eval,neural_vocoder_nonautoregressive,,,,,,,,,ASVspoof2021_DF,HuggingFace redistribution,dataset_license
asvspoof2021_df_DF_E_2993977,DF_E_2993977,LA_0037,data/raw/audio/asvspoof2021_df/audio/DF_E_2993977.flac,1,spoof,mp3m4a,asvspoof,A14,notrim,eval,traditional_vocoder,,,,,,,,,ASVspoof2021_DF,HuggingFace redistribution,dataset_license
asvspoof2021_df_DF_E_4668589,DF_E_4668589,LA_0018,data/raw/audio/asvspoof2021_df/audio/DF_E_4668589.flac,0,bonafide,low_ogg,asvspoof,-,notrim,eval,bonafide,,,,,,,,,ASVspoof2021_DF,HuggingFace redistribution,dataset_license
asvspoof2021_df_DF_E_4823516,DF_E_4823516,TEF1,data/raw/audio/asvspoof2021_df/audio/DF_E_4823516.flac,1,spoof,nocodec,vcc2020,Task1-team24,notrim,eval,neural_vocoder_autoregressive,,,,,,,,,ASVspoof2021_DF,HuggingFace redistribution,dataset_license
asvspoof2021_df_DF_E_2998527,DF_E_2998527,TEM1,data/raw/audio/asvspoof2021_df/audio/DF_E_2998527.flac,1,spoof,low_mp3,vcc2020,Task1-team23,notrim,eval,neural_vocoder_nonautoregressive,,,,,,,,,ASVspoof2021_DF,HuggingFace redistribution,dataset_license
asvspoof2021_df_DF_E_3074343,DF_E_3074343,LA_0040,data/raw/audio/asvspoof2021_df/audio/DF_E_3074343.flac,0,bonafide,low_ogg,asvspoof,-,notrim,eval,bonafide,,,,,,,,,ASVspoof2021_DF,HuggingFace redistribution,dataset_license
asvspoof2021_df_DF_E_4833603,DF_E_4833603,VCC2TM1,data/raw/audio/asvspoof2021_df/audio/DF_E_4833603.flac,1,spoof,high_ogg,vcc2018,SPO-N16,notrim,eval,traditional_vocoder,,,,,,,,,ASVspoof2021_DF,HuggingFace redistribution,dataset_license
asvspoof2021_df_DF_E_4826321,DF_E_4826321,VCC2TF2,data/raw/audio/asvspoof2021_df/audio/DF_E_4826321.flac,1,spoof,high_m4a,vcc2018,HUB-N16,notrim,eval,traditional_vocoder,,,,,,,,,ASVspoof2021_DF,HuggingFace redistribution,dataset_license
asvspoof2021_df_DF_E_4825587,DF_E_4825587,LA_0004,data/raw/audio/asvspoof2021_df/audio/DF_E_4825587.flac,0,bonafide,high_ogg,asvspoof,-,notrim,eval,bonafide,,,,,,,,,ASVspoof2021_DF,HuggingFace redistribution,dataset_license
asvspoof2021_df_DF_E_4529408,DF_E_4529408,VCC2TF2,data/raw/audio/asvspoof2021_df/audio/DF_E_4529408.flac,1,spoof,low_ogg,vcc2018,HUB-N16,notrim,eval,traditional_vocoder,,,,,,,,,ASVspoof2021_DF,HuggingFace redistribution,dataset_license
asvspoof2021_df_DF_E_3059369,DF_E_3059369,TEM2,data/raw/audio/asvspoof2021_df/audio/DF_E_3059369.flac,1,spoof,nocodec,vcc2020,Task1-team01,notrim,eval,neural_vocoder_nonautoregressive,,,,,,,,,ASVspoof2021_DF,HuggingFace redistribution,dataset_license
asvspoof2021_df_DF_E_3051035,DF_E_3051035,LA_0045,data/raw/audio/asvspoof2021_df/audio/DF_E_3051035.flac,0,bonafide,low_ogg,asvspoof,-,notrim,eval,bonafide,,,,,,,,,ASVspoof2021_DF,HuggingFace redistribution,dataset_license
asvspoof2021_df_DF_E_4548561,DF_E_4548561,VCC2TM2,data/raw/audio/asvspoof2021_df/audio/DF_E_4548561.flac,1,spoof,low_m4a,vcc2018,HUB-N20,notrim,eval,traditional_vocoder,,,,,,,,,ASVspoof2021_DF,HuggingFace redistribution,dataset_license
asvspoof2021_df_DF_E_4519254,DF_E_4519254,SEM2,data/raw/audio/asvspoof2021_df/audio/DF_E_4519254.flac,0,bonafide,mp3m4a,vcc2020,-,notrim,eval,bonafide,,,,,,,,,ASVspoof2021_DF,HuggingFace redistribution,dataset_license
asvspoof2021_df_DF_E_4829138,DF_E_4829138,TEM2,data/raw/audio/asvspoof2021_df/audio/DF_E_4829138.flac,1,spoof,high_m4a,vcc2020,Task1-team01,notrim,eval,neural_vocoder_nonautoregressive,,,,,,,,,ASVspoof2021_DF,HuggingFace redistribution,dataset_license
asvspoof2021_df_DF_E_4833578,DF_E_4833578,TFM1,data/raw/audio/asvspoof2021_df/audio/DF_E_4833578.flac,1,spoof,low_ogg,vcc2020,Task2-team23,notrim,eval,neural_vocoder_autoregressive,,,,,,,,,ASVspoof2021_DF,HuggingFace redistribution,dataset_license
asvspoof2021_df_DF_E_2988069,DF_E_2988069,LA_0017,data/raw/audio/asvspoof2021_df/audio/DF_E_2988069.flac,0,bonafide,low_ogg,asvspoof,-,notrim,eval,bonafide,,,,,,,,,ASVspoof2021_DF,HuggingFace redistribution,dataset_license
asvspoof2021_df_DF_E_3068933,DF_E_3068933,LA_0038,data/raw/audio/asvspoof2021_df/audio/DF_E_3068933.flac,0,bonafide,high_ogg,asvspoof,-,notrim,eval,bonafide,,,,,,,,,ASVspoof2021_DF,HuggingFace redistribution,dataset_license
asvspoof2021_df_DF_E_4700396,DF_E_4700396,TEM2,data/raw/audio/asvspoof2021_df/audio/DF_E_4700396.flac,1,spoof,low_mp3,vcc2020,Task1-team19,notrim,eval,neural_vocoder_nonautoregressive,,,,,,,,,ASVspoof2021_DF,HuggingFace redistribution,dataset_license
asvspoof2021_df_DF_E_4684263,DF_E_4684263,TMF1,data/raw/audio/asvspoof2021_df/audio/DF_E_4684263.flac,1,spoof,nocodec,vcc2020,Task2-team27,notrim,eval,neural_vocoder_nonautoregressive,,,,,,,,,ASVspoof2021_DF,HuggingFace redistribution,dataset_license
asvspoof2021_df_DF_E_4716119,DF_E_4716119,LA_0013,data/raw/audio/asvspoof2021_df/audio/DF_E_4716119.flac,0,bonafide,mp3m4a,asvspoof,-,notrim,eval,bonafide,,,,,,,,,ASVspoof2021_DF,HuggingFace redistribution,dataset_license
asvspoof2021_df_DF_E_4533220,DF_E_4533220,VCC2SM2,data/raw/audio/asvspoof2021_df/audio/DF_E_4533220.flac,0,bonafide,high_m4a,vcc2018,-,notrim,eval,bonafide,,,,,,,,,ASVspoof2021_DF,HuggingFace redistribution,dataset_license
asvspoof2021_df_DF_E_4735915,DF_E_4735915,TMM1,data/raw/audio/asvspoof2021_df/audio/DF_E_4735915.flac,1,spoof,mp3m4a,vcc2020,Task2-team09,notrim,eval,neural_vocoder_nonautoregressive,,,,,,,,,ASVspoof2021_DF,HuggingFace redistribution,dataset_license
asvspoof2021_df_DF_E_2995310,DF_E_2995310,TEF1,data/raw/audio/asvspoof2021_df/audio/DF_E_2995310.flac,0,bonafide,mp3m4a,vcc2020,-,notrim,eval,bonafide,,,,,,,,,ASVspoof2021_DF,HuggingFace redistribution,dataset_license
asvspoof2021_df_DF_E_4546651,DF_E_4546651,LA_0013,data/raw/audio/asvspoof2021_df/audio/DF_E_4546651.flac,0,bonafide,low_ogg,asvspoof,-,notrim,eval,bonafide,,,,,,,,,ASVspoof2021_DF,HuggingFace redistribution,dataset_license
asvspoof2021_df_DF_E_3010567,DF_E_3010567,LA_0024,data/raw/audio/asvspoof2021_df/audio/DF_E_3010567.flac,1,spoof,nocodec,asvspoof,A12,notrim,eval,neural_vocoder_autoregressive,,,,,,,,,ASVspoof2021_DF,HuggingFace redistribution,dataset_license
asvspoof2021_df_DF_E_4828650,DF_E_4828650,LA_0002,data/raw/audio/asvspoof2021_df/audio/DF_E_4828650.flac,1,spoof,high_m4a,asvspoof,A15,notrim,eval,neural_vocoder_autoregressive,,,,,,,,,ASVspoof2021_DF,HuggingFace redistribution,dataset_license
asvspoof2021_df_DF_E_4841275,DF_E_4841275,TGM1,data/raw/audio/asvspoof2021_df/audio/DF_E_4841275.flac,1,spoof,high_mp3,vcc2020,Task2-team26,notrim,eval,traditional_vocoder,,,,,,,,,ASVspoof2021_DF,HuggingFace redistribution,dataset_license
asvspoof2021_df_DF_E_4818955,DF_E_4818955,LA_0007,data/raw/audio/asvspoof2021_df/audio/DF_E_4818955.flac,0,bonafide,oggm4a,asvspoof,-,notrim,eval,bonafide,,,,,,,,,ASVspoof2021_DF,HuggingFace redistribution,dataset_license
asvspoof2021_df_DF_E_4532520,DF_E_4532520,LA_0001,data/raw/audio/asvspoof2021_df/audio/DF_E_4532520.flac,0,bonafide,high_m4a,asvspoof,-,notrim,eval,bonafide,,,,,,,,,ASVspoof2021_DF,HuggingFace redistribution,dataset_license
asvspoof2021_df_DF_E_4709390,DF_E_4709390,LA_0048,data/raw/audio/asvspoof2021_df/audio/DF_E_4709390.flac,0,bonafide,mp3m4a,asvspoof,-,notrim,eval,bonafide,,,,,,,,,ASVspoof2021_DF,HuggingFace redistribution,dataset_license
asvspoof2021_df_DF_E_4699767,DF_E_4699767,SEM2,data/raw/audio/asvspoof2021_df/audio/DF_E_4699767.flac,0,bonafide,high_m4a,vcc2020,-,notrim,eval,bonafide,,,,,,,,,ASVspoof2021_DF,HuggingFace redistribution,dataset_license
asvspoof2021_df_DF_E_4688563,DF_E_4688563,LA_0038,data/raw/audio/asvspoof2021_df/audio/DF_E_4688563.flac,0,bonafide,high_ogg,asvspoof,-,notrim,eval,bonafide,,,,,,,,,ASVspoof2021_DF,HuggingFace redistribution,dataset_license
asvspoof2021_df_DF_E_3079830,DF_E_3079830,LA_0031,data/raw/audio/asvspoof2021_df/audio/DF_E_3079830.flac,0,bonafide,mp3m4a,asvspoof,-,notrim,eval,bonafide,,,,,,,,,ASVspoof2021_DF,HuggingFace redistribution,dataset_license
asvspoof2021_df_DF_E_3077990,DF_E_3077990,VCC2TM1,data/raw/audio/asvspoof2021_df/audio/DF_E_3077990.flac,0,bonafide,mp3m4a,vcc2018,-,notrim,eval,bonafide,,,,,,,,,ASVspoof2021_DF,HuggingFace redistribution,dataset_license
asvspoof2021_df_DF_E_2989131,DF_E_2989131,LA_0024,data/raw/audio/asvspoof2021_df/audio/DF_E_2989131.flac,0,bonafide,oggm4a,asvspoof,-,notrim,eval,bonafide,,,,,,,,,ASVspoof2021_DF,HuggingFace redistribution,dataset_license
asvspoof2021_df_DF_E_4665281,DF_E_4665281,LA_0039,data/raw/audio/asvspoof2021_df/audio/DF_E_4665281.flac,0,bonafide,mp3m4a,asvspoof,-,notrim,eval,bonafide,,,,,,,,,ASVspoof2021_DF,HuggingFace redistribution,dataset_license
asvspoof2021_df_DF_E_4697147,DF_E_4697147,VCC2SF1,data/raw/audio/asvspoof2021_df/audio/DF_E_4697147.flac,0,bonafide,high_mp3,vcc2018,-,notrim,eval,bonafide,,,,,,,,,ASVspoof2021_DF,HuggingFace redistribution,dataset_license
asvspoof2021_df_DF_E_4519619,DF_E_4519619,VCC2TF1,data/raw/audio/asvspoof2021_df/audio/DF_E_4519619.flac,1,spoof,mp3m4a,vcc2018,SPO-N13,notrim,eval,traditional_vocoder,,,,,,,,,ASVspoof2021_DF,HuggingFace redistribution,dataset_license
asvspoof2021_df_DF_E_3069910,DF_E_3069910,LA_0002,data/raw/audio/asvspoof2021_df/audio/DF_E_3069910.flac,0,bonafide,high_ogg,asvspoof,-,notrim,eval,bonafide,,,,,,,,,ASVspoof2021_DF,HuggingFace redistribution,dataset_license
asvspoof2021_df_DF_E_2980391,DF_E_2980391,LA_0011,data/raw/audio/asvspoof2021_df/audio/DF_E_2980391.flac,1,spoof,low_ogg,asvspoof,A11,notrim,eval,traditional_vocoder,,,,,,,,,ASVspoof2021_DF,HuggingFace redistribution,dataset_license
asvspoof2021_df_DF_E_4735329,DF_E_4735329,VCC2SM3,data/raw/audio/asvspoof2021_df/audio/DF_E_4735329.flac,0,bonafide,low_ogg,vcc2018,-,notrim,eval,bonafide,,,,,,,,,ASVspoof2021_DF,HuggingFace redistribution,dataset_license
asvspoof2021_df_DF_E_3009279,DF_E_3009279,VCC2SM2,data/raw/audio/asvspoof2021_df/audio/DF_E_3009279.flac,0,bonafide,low_mp3,vcc2018,-,notrim,eval,bonafide,,,,,,,,,ASVspoof2021_DF,HuggingFace redistribution,dataset_license
asvspoof2021_df_DF_E_2990959,DF_E_2990959,SEM1,data/raw/audio/asvspoof2021_df/audio/DF_E_2990959.flac,0,bonafide,high_ogg,vcc2020,-,notrim,eval,bonafide,,,,,,,,,ASVspoof2021_DF,HuggingFace redistribution,dataset_license
asvspoof2021_df_DF_E_4542505,DF_E_4542505,LA_0002,data/raw/audio/asvspoof2021_df/audio/DF_E_4542505.flac,0,bonafide,mp3m4a,asvspoof,-,notrim,eval,bonafide,,,,,,,,,ASVspoof2021_DF,HuggingFace redistribution,dataset_license
asvspoof2021_df_DF_E_4728644,DF_E_4728644,TFM1,data/raw/audio/asvspoof2021_df/audio/DF_E_4728644.flac,1,spoof,low_ogg,vcc2020,Task2-team16,notrim,eval,neural_vocoder_nonautoregressive,,,,,,,,,ASVspoof2021_DF,HuggingFace redistribution,dataset_license
asvspoof2021_df_DF_E_3079549,DF_E_3079549,TEF1,data/raw/audio/asvspoof2021_df/audio/DF_E_3079549.flac,1,spoof,high_m4a,vcc2020,Task1-team01,notrim,eval,neural_vocoder_nonautoregressive,,,,,,,,,ASVspoof2021_DF,HuggingFace redistribution,dataset_license
asvspoof2021_df_DF_E_4729084,DF_E_4729084,TEF1,data/raw/audio/asvspoof2021_df/audio/DF_E_4729084.flac,1,spoof,high_mp3,vcc2020,Task1-team08,notrim,eval,traditional_vocoder,,,,,,,,,ASVspoof2021_DF,HuggingFace redistribution,dataset_license
asvspoof2021_df_DF_E_4843900,DF_E_4843900,LA_0028,data/raw/audio/asvspoof2021_df/audio/DF_E_4843900.flac,0,bonafide,mp3m4a,asvspoof,-,notrim,eval,bonafide,,,,,,,,,ASVspoof2021_DF,HuggingFace redistribution,dataset_license
asvspoof2021_df_DF_E_3010348,DF_E_3010348,VCC2TM2,data/raw/audio/asvspoof2021_df/audio/DF_E_3010348.flac,1,spoof,low_m4a,vcc2018,HUB-D02,notrim,eval,traditional_vocoder,,,,,,,,,ASVspoof2021_DF,HuggingFace redistribution,dataset_license
asvspoof2021_df_DF_E_4547074,DF_E_4547074,VCC2TF1,data/raw/audio/asvspoof2021_df/audio/DF_E_4547074.flac,1,spoof,low_m4a,vcc2018,SPO-B01,notrim,eval,traditional_vocoder,,,,,,,,,ASVspoof2021_DF,HuggingFace redistribution,dataset_license
asvspoof2021_df_DF_E_3076958,DF_E_3076958,TEM2,data/raw/audio/asvspoof2021_df/audio/DF_E_3076958.flac,0,bonafide,oggm4a,vcc2020,-,notrim,eval,bonafide,,,,,,,,,ASVspoof2021_DF,HuggingFace redistribution,dataset_license
asvspoof2021_df_DF_E_2975859,DF_E_2975859,LA_0028,data/raw/audio/asvspoof2021_df/audio/DF_E_2975859.flac,1,spoof,high_m4a,asvspoof,A08,notrim,eval,neural_vocoder_nonautoregressive,,,,,,,,,ASVspoof2021_DF,HuggingFace redistribution,dataset_license
asvspoof2021_df_DF_E_4696535,DF_E_4696535,LA_0040,data/raw/audio/asvspoof2021_df/audio/DF_E_4696535.flac,0,bonafide,oggm4a,asvspoof,-,notrim,eval,bonafide,,,,,,,,,ASVspoof2021_DF,HuggingFace redistribution,dataset_license
asvspoof2021_df_DF_E_3081571,DF_E_3081571,TEM1,data/raw/audio/asvspoof2021_df/audio/DF_E_3081571.flac,0,bonafide,nocodec,vcc2020,-,notrim,eval,bonafide,,,,,,,,,ASVspoof2021_DF,HuggingFace redistribution,dataset_license
asvspoof2021_df_DF_E_2981200,DF_E_2981200,TGF1,data/raw/audio/asvspoof2021_df/audio/DF_E_2981200.flac,0,bonafide,low_ogg,vcc2020,-,notrim,eval,bonafide,,,,,,,,,ASVspoof2021_DF,HuggingFace redistribution,dataset_license
asvspoof2021_df_DF_E_4513572,DF_E_4513572,LA_0045,data/raw/audio/asvspoof2021_df/audio/DF_E_4513572.flac,0,bonafide,oggm4a,asvspoof,-,notrim,eval,bonafide,,,,,,,,,ASVspoof2021_DF,HuggingFace redistribution,dataset_license
asvspoof2021_df_DF_E_4705113,DF_E_4705113,TMM1,data/raw/audio/asvspoof2021_df/audio/DF_E_4705113.flac,1,spoof,high_m4a,vcc2020,Task2-team10,notrim,eval,neural_vocoder_autoregressive,,,,,,,,,ASVspoof2021_DF,HuggingFace redistribution,dataset_license
asvspoof2021_df_DF_E_2976061,DF_E_2976061,SEF1,data/raw/audio/asvspoof2021_df/audio/DF_E_2976061.flac,0,bonafide,high_mp3,vcc2020,-,notrim,eval,bonafide,,,,,,,,,ASVspoof2021_DF,HuggingFace redistribution,dataset_license
asvspoof2021_df_DF_E_2998259,DF_E_2998259,VCC2SM1,data/raw/audio/asvspoof2021_df/audio/DF_E_2998259.flac,0,bonafide,nocodec,vcc2018,-,notrim,eval,bonafide,,,,,,,,,ASVspoof2021_DF,HuggingFace redistribution,dataset_license
asvspoof2021_df_DF_E_4825363,DF_E_4825363,TEF1,data/raw/audio/asvspoof2021_df/audio/DF_E_4825363.flac,1,spoof,low_mp3,vcc2020,Task1-team09,notrim,eval,neural_vocoder_nonautoregressive,,,,,,,,,ASVspoof2021_DF,HuggingFace redistribution,dataset_license
asvspoof2021_df_DF_E_4815506,DF_E_4815506,LA_0006,data/raw/audio/asvspoof2021_df/audio/DF_E_4815506.flac,0,bonafide,low_mp3,asvspoof,-,notrim,eval,bonafide,,,,,,,,,ASVspoof2021_DF,HuggingFace redistribution,dataset_license
asvspoof2021_df_DF_E_2996291,DF_E_2996291,VCC2TM1,data/raw/audio/asvspoof2021_df/audio/DF_E_2996291.flac,1,spoof,nocodec,vcc2018,SPO-N13,notrim,eval,traditional_vocoder,,,,,,,,,ASVspoof2021_DF,HuggingFace redistribution,dataset_license
asvspoof2021_df_DF_E_4522911,DF_E_4522911,LA_0032,data/raw/audio/asvspoof2021_df/audio/DF_E_4522911.flac,0,bonafide,low_mp3,asvspoof,-,notrim,eval,bonafide,,,,,,,,,ASVspoof2021_DF,HuggingFace redistribution,dataset_license
asvspoof2021_df_DF_E_4714275,DF_E_4714275,LA_0031,data/raw/audio/asvspoof2021_df/audio/DF_E_4714275.flac,0,bonafide,high_ogg,asvspoof,-,notrim,eval,bonafide,,,,,,,,,ASVspoof2021_DF,HuggingFace redistribution,dataset_license
asvspoof2021_df_DF_E_4847558,DF_E_4847558,VCC2TF1,data/raw/audio/asvspoof2021_df/audio/DF_E_4847558.flac,1,spoof,high_m4a,vcc2018,HUB-N20,notrim,eval,traditional_vocoder,,,,,,,,,ASVspoof2021_DF,HuggingFace redistribution,dataset_license
asvspoof2021_df_DF_E_4837359,DF_E_4837359,VCC2TF1,data/raw/audio/asvspoof2021_df/audio/DF_E_4837359.flac,1,spoof,low_mp3,vcc2018,HUB-N03,notrim,eval,unknown,,,,,,,,,ASVspoof2021_DF,HuggingFace redistribution,dataset_license
asvspoof2021_df_DF_E_2989284,DF_E_2989284,LA_0008,data/raw/audio/asvspoof2021_df/audio/DF_E_2989284.flac,1,spoof,low_ogg,asvspoof,A13,notrim,eval,traditional_vocoder,,,,,,,,,ASVspoof2021_DF,HuggingFace redistribution,dataset_license
asvspoof2021_df_DF_E_4829041,DF_E_4829041,LA_0020,data/raw/audio/asvspoof2021_df/audio/DF_E_4829041.flac,0,bonafide,oggm4a,asvspoof,-,notrim,eval,bonafide,,,,,,,,,ASVspoof2021_DF,HuggingFace redistribution,dataset_license
asvspoof2021_df_DF_E_4817373,DF_E_4817373,LA_0040,data/raw/audio/asvspoof2021_df/audio/DF_E_4817373.flac,0,bonafide,nocodec,asvspoof,-,notrim,eval,bonafide,,,,,,,,,ASVspoof2021_DF,HuggingFace redistribution,dataset_license
asvspoof2021_df_DF_E_4714768,DF_E_4714768,TEM1,data/raw/audio/asvspoof2021_df/audio/DF_E_4714768.flac,1,spoof,high_m4a,vcc2020,Task1-team04,notrim,eval,neural_vocoder_autoregressive,,,,,,,,,ASVspoof2021_DF,HuggingFace redistribution,dataset_license
asvspoof2021_df_DF_E_3055635,DF_E_3055635,TFF1,data/raw/audio/asvspoof2021_df/audio/DF_E_3055635.flac,0,bonafide,nocodec,vcc2020,-,notrim,eval,bonafide,,,,,,,,,ASVspoof2021_DF,HuggingFace redistribution,dataset_license
asvspoof2021_df_DF_E_4850181,DF_E_4850181,VCC2TF1,data/raw/audio/asvspoof2021_df/audio/DF_E_4850181.flac,1,spoof,high_mp3,vcc2018,SPO-N06,notrim,eval,traditional_vocoder,,,,,,,,,ASVspoof2021_DF,HuggingFace redistribution,dataset_license
asvspoof2021_df_DF_E_4548815,DF_E_4548815,VCC2SM4,data/raw/audio/asvspoof2021_df/audio/DF_E_4548815.flac,0,bonafide,high_mp3,vcc2018,-,notrim,eval,bonafide,,,,,,,,,ASVspoof2021_DF,HuggingFace redistribution,dataset_license
asvspoof2021_df_DF_E_4523187,DF_E_4523187,TEF1,data/raw/audio/asvspoof2021_df/audio/DF_E_4523187.flac,1,spoof,nocodec,vcc2020,Task1-team20,notrim,eval,neural_vocoder_nonautoregressive,,,,,,,,,ASVspoof2021_DF,HuggingFace redistribution,dataset_license
asvspoof2021_df_DF_E_4543328,DF_E_4543328,VCC2TF2,data/raw/audio/asvspoof2021_df/audio/DF_E_4543328.flac,1,spoof,low_mp3,vcc2018,HUB-N11,notrim,eval,traditional_vocoder,,,,,,,,,ASVspoof2021_DF,HuggingFace redistribution,dataset_license
asvspoof2021_df_DF_E_2976186,DF_E_2976186,LA_0049,data/raw/audio/asvspoof2021_df/audio/DF_E_2976186.flac,0,bonafide,oggm4a,asvspoof,-,notrim,eval,bonafide,,,,,,,,,ASVspoof2021_DF,HuggingFace redistribution,dataset_license
asvspoof2021_df_DF_E_4681642,DF_E_4681642,VCC2SM1,data/raw/audio/asvspoof2021_df/audio/DF_E_4681642.flac,0,bonafide,low_m4a,vcc2018,-,notrim,eval,bonafide,,,,,,,,,ASVspoof2021_DF,HuggingFace redistribution,dataset_license
asvspoof2021_df_DF_E_2992067,DF_E_2992067,TFM1,data/raw/audio/asvspoof2021_df/audio/DF_E_2992067.flac,0,bonafide,low_ogg,vcc2020,-,notrim,eval,bonafide,,,,,,,,,ASVspoof2021_DF,HuggingFace redistribution,dataset_license
asvspoof2021_df_DF_E_4538044,DF_E_4538044,LA_0042,data/raw/audio/asvspoof2021_df/audio/DF_E_4538044.flac,0,bonafide,low_m4a,asvspoof,-,notrim,eval,bonafide,,,,,,,,,ASVspoof2021_DF,HuggingFace redistribution,dataset_license
asvspoof2021_df_DF_E_4721736,DF_E_4721736,TFF1,data/raw/audio/asvspoof2021_df/audio/DF_E_4721736.flac,1,spoof,mp3m4a,vcc2020,Task2-team33,notrim,eval,neural_vocoder_nonautoregressive,,,,,,,,,ASVspoof2021_DF,HuggingFace redistribution,dataset_license
asvspoof2021_df_DF_E_2998118,DF_E_2998118,TGM1,data/raw/audio/asvspoof2021_df/audio/DF_E_2998118.flac,1,spoof,low_ogg,vcc2020,Task2-team15,notrim,eval,neural_vocoder_nonautoregressive,,,,,,,,,ASVspoof2021_DF,HuggingFace redistribution,dataset_license
asvspoof2021_df_DF_E_3062020,DF_E_3062020,VCC2TM1,data/raw/audio/asvspoof2021_df/audio/DF_E_3062020.flac,1,spoof,low_ogg,vcc2018,HUB-N14,notrim,eval,traditional_vocoder,,,,,,,,,ASVspoof2021_DF,HuggingFace redistribution,dataset_license
asvspoof2021_df_DF_E_4718226,DF_E_4718226,TGM1,data/raw/audio/asvspoof2021_df/audio/DF_E_4718226.flac,1,spoof,low_m4a,vcc2020,Task2-team19,notrim,eval,neural_vocoder_nonautoregressive,,,,,,,,,ASVspoof2021_DF,HuggingFace redistribution,dataset_license
asvspoof2021_df_DF_E_3009278,DF_E_3009278,TMM1,data/raw/audio/asvspoof2021_df/audio/DF_E_3009278.flac,0,bonafide,low_ogg,vcc2020,-,notrim,eval,bonafide,,,,,,,,,ASVspoof2021_DF,HuggingFace redistribution,dataset_license
asvspoof2021_df_DF_E_4733705,DF_E_4733705,TMM1,data/raw/audio/asvspoof2021_df/audio/DF_E_4733705.flac,1,spoof,mp3m4a,vcc2020,Task2-team28,notrim,eval,neural_vocoder_autoregressive,,,,,,,,,ASVspoof2021_DF,HuggingFace redistribution,dataset_license
asvspoof2021_df_DF_E_4728365,DF_E_4728365,TFF1,data/raw/audio/asvspoof2021_df/audio/DF_E_4728365.flac,1,spoof,high_m4a,vcc2020,Task2-team15,notrim,eval,neural_vocoder_nonautoregressive,,,,,,,,,ASVspoof2021_DF,HuggingFace redistribution,dataset_license
asvspoof2021_df_DF_E_2978163,DF_E_2978163,LA_0013,data/raw/audio/asvspoof2021_df/audio/DF_E_2978163.flac,0,bonafide,mp3m4a,asvspoof,-,notrim,eval,bonafide,,,,,,,,,ASVspoof2021_DF,HuggingFace redistribution,dataset_license
asvspoof2021_df_DF_E_4848753,DF_E_4848753,LA_0011,data/raw/audio/asvspoof2021_df/audio/DF_E_4848753.flac,0,bonafide,mp3m4a,asvspoof,-,notrim,eval,bonafide,,,,,,,,,ASVspoof2021_DF,HuggingFace redistribution,dataset_license
asvspoof2021_df_DF_E_4710007,DF_E_4710007,TFM1,data/raw/audio/asvspoof2021_df/audio/DF_E_4710007.flac,1,spoof,low_ogg,vcc2020,Task2-team22,notrim,eval,neural_vocoder_nonautoregressive,,,,,,,,,ASVspoof2021_DF,HuggingFace redistribution,dataset_license
asvspoof2021_df_DF_E_4688055,DF_E_4688055,TMM1,data/raw/audio/asvspoof2021_df/audio/DF_E_4688055.flac,1,spoof,mp3m4a,vcc2020,Task2-team29,notrim,eval,neural_vocoder_autoregressive,,,,,,,,,ASVspoof2021_DF,HuggingFace redistribution,dataset_license
asvspoof2021_df_DF_E_4723740,DF_E_4723740,LA_0009,data/raw/audio/asvspoof2021_df/audio/DF_E_4723740.flac,0,bonafide,low_ogg,asvspoof,-,notrim,eval,bonafide,,,,,,,,,ASVspoof2021_DF,HuggingFace redistribution,dataset_license
asvspoof2021_df_DF_E_4684724,DF_E_4684724,LA_0046,data/raw/audio/asvspoof2021_df/audio/DF_E_4684724.flac,1,spoof,low_ogg,asvspoof,A15,notrim,eval,neural_vocoder_autoregressive,,,,,,,,,ASVspoof2021_DF,HuggingFace redistribution,dataset_license
asvspoof2021_df_DF_E_4813730,DF_E_4813730,VCC2TF1,data/raw/audio/asvspoof2021_df/audio/DF_E_4813730.flac,1,spoof,low_ogg,vcc2018,SPO-N05,notrim,eval,traditional_vocoder,,,,,,,,,ASVspoof2021_DF,HuggingFace redistribution,dataset_license
asvspoof2021_df_DF_E_4815428,DF_E_4815428,VCC2TF2,data/raw/audio/asvspoof2021_df/audio/DF_E_4815428.flac,1,spoof,oggm4a,vcc2018,HUB-N15,notrim,eval,traditional_vocoder,,,,,,,,,ASVspoof2021_DF,HuggingFace redistribution,dataset_license
asvspoof2021_df_DF_E_3069736,DF_E_3069736,LA_0059,data/raw/audio/asvspoof2021_df/audio/DF_E_3069736.flac,0,bonafide,oggm4a,asvspoof,-,notrim,eval,bonafide,,,,,,,,,ASVspoof2021_DF,HuggingFace redistribution,dataset_license
asvspoof2021_df_DF_E_3009586,DF_E_3009586,TEF1,data/raw/audio/asvspoof2021_df/audio/DF_E_3009586.flac,1,spoof,high_mp3,vcc2020,Task1-team21,notrim,eval,neural_vocoder_nonautoregressive,,,,,,,,,ASVspoof2021_DF,HuggingFace redistribution,dataset_license
asvspoof2021_df_DF_E_4527185,DF_E_4527185,LA_0014,data/raw/audio/asvspoof2021_df/audio/DF_E_4527185.flac,0,bonafide,mp3m4a,asvspoof,-,notrim,eval,bonafide,,,,,,,,,ASVspoof2021_DF,HuggingFace redistribution,dataset_license
asvspoof2021_df_DF_E_4821678,DF_E_4821678,TFM1,data/raw/audio/asvspoof2021_df/audio/DF_E_4821678.flac,1,spoof,oggm4a,vcc2020,Task2-team08,notrim,eval,traditional_vocoder,,,,,,,,,ASVspoof2021_DF,HuggingFace redistribution,dataset_license
asvspoof2021_df_DF_E_4821247,DF_E_4821247,TEM2,data/raw/audio/asvspoof2021_df/audio/DF_E_4821247.flac,1,spoof,high_ogg,vcc2020,Task1-team19,notrim,eval,neural_vocoder_nonautoregressive,,,,,,,,,ASVspoof2021_DF,HuggingFace redistribution,dataset_license
asvspoof2021_df_DF_E_3010672,DF_E_3010672,TEF2,data/raw/audio/asvspoof2021_df/audio/DF_E_3010672.flac,1,spoof,mp3m4a,vcc2020,Task1-team24,notrim,eval,neural_vocoder_autoregressive,,,,,,,,,ASVspoof2021_DF,HuggingFace redistribution,dataset_license
asvspoof2021_df_DF_E_4725477,DF_E_4725477,TFM1,data/raw/audio/asvspoof2021_df/audio/DF_E_4725477.flac,1,spoof,nocodec,vcc2020,Task2-team31,notrim,eval,neural_vocoder_nonautoregressive,,,,,,,,,ASVspoof2021_DF,HuggingFace redistribution,dataset_license
asvspoof2021_df_DF_E_2977700,DF_E_2977700,LA_0036,data/raw/audio/asvspoof2021_df/audio/DF_E_2977700.flac,0,bonafide,high_ogg,asvspoof,-,notrim,eval,bonafide,,,,,,,,,ASVspoof2021_DF,HuggingFace redistribution,dataset_license
asvspoof2021_df_DF_E_4726330,DF_E_4726330,VCC2TF2,data/raw/audio/asvspoof2021_df/audio/DF_E_4726330.flac,1,spoof,mp3m4a,vcc2018,HUB-N16,notrim,eval,traditional_vocoder,,,,,,,,,ASVspoof2021_DF,HuggingFace redistribution,dataset_license
asvspoof2021_df_DF_E_4693012,DF_E_4693012,TEF2,data/raw/audio/asvspoof2021_df/audio/DF_E_4693012.flac,0,bonafide,oggm4a,vcc2020,-,notrim,eval,bonafide,,,,,,,,,ASVspoof2021_DF,HuggingFace redistribution,dataset_license
asvspoof2021_df_DF_E_2992140,DF_E_2992140,VCC2SM3,data/raw/audio/asvspoof2021_df/audio/DF_E_2992140.flac,0,bonafide,low_m4a,vcc2018,-,notrim,eval,bonafide,,,,,,,,,ASVspoof2021_DF,HuggingFace redistribution,dataset_license
asvspoof2021_df_DF_E_2986709,DF_E_2986709,VCC2TM2,data/raw/audio/asvspoof2021_df/audio/DF_E_2986709.flac,1,spoof,low_mp3,vcc2018,HUB-N15,notrim,eval,traditional_vocoder,,,,,,,,,ASVspoof2021_DF,HuggingFace redistribution,dataset_license
asvspoof2021_df_DF_E_4524656,DF_E_4524656,LA_0040,data/raw/audio/asvspoof2021_df/audio/DF_E_4524656.flac,0,bonafide,high_m4a,asvspoof,-,notrim,eval,bonafide,,,,,,,,,ASVspoof2021_DF,HuggingFace redistribution,dataset_license
asvspoof2021_df_DF_E_4686726,DF_E_4686726,TMF1,data/raw/audio/asvspoof2021_df/audio/DF_E_4686726.flac,0,bonafide,high_m4a,vcc2020,-,notrim,eval,bonafide,,,,,,,,,ASVspoof2021_DF,HuggingFace redistribution,dataset_license
asvspoof2021_df_DF_E_4735746,DF_E_4735746,VCC2TF1,data/raw/audio/asvspoof2021_df/audio/DF_E_4735746.flac,1,spoof,high_m4a,vcc2018,HUB-N17,notrim,eval,neural_vocoder_autoregressive,,,,,,,,,ASVspoof2021_DF,HuggingFace redistribution,dataset_license
asvspoof2021_df_DF_E_4847305,DF_E_4847305,LA_0007,data/raw/audio/asvspoof2021_df/audio/DF_E_4847305.flac,0,bonafide,low_ogg,asvspoof,-,notrim,eval,bonafide,,,,,,,,,ASVspoof2021_DF,HuggingFace redistribution,dataset_license
asvspoof2021_df_DF_E_3073169,DF_E_3073169,VCC2TM2,data/raw/audio/asvspoof2021_df/audio/DF_E_3073169.flac,1,spoof,high_mp3,vcc2018,HUB-N18,notrim,eval,traditional_vocoder,,,,,,,,,ASVspoof2021_DF,HuggingFace redistribution,dataset_license
asvspoof2021_df_DF_E_2987234,DF_E_2987234,TMF1,data/raw/audio/asvspoof2021_df/audio/DF_E_2987234.flac,1,spoof,low_m4a,vcc2020,Task2-team10,notrim,eval,neural_vocoder_autoregressive,,,,,,,,,ASVspoof2021_DF,HuggingFace redistribution,dataset_license
asvspoof2021_df_DF_E_4732403,DF_E_4732403,LA_0021,data/raw/audio/asvspoof2021_df/audio/DF_E_4732403.flac,0,bonafide,high_m4a,asvspoof,-,notrim,eval,bonafide,,,,,,,,,ASVspoof2021_DF,HuggingFace redistribution,dataset_license
asvspoof2021_df_DF_E_4546453,DF_E_4546453,VCC2TF2,data/raw/audio/asvspoof2021_df/audio/DF_E_4546453.flac,0,bonafide,mp3m4a,vcc2018,-,notrim,eval,bonafide,,,,,,,,,ASVspoof2021_DF,HuggingFace redistribution,dataset_license
asvspoof2021_df_DF_E_4516839,DF_E_4516839,LA_0041,data/raw/audio/asvspoof2021_df/audio/DF_E_4516839.flac,0,bonafide,high_ogg,asvspoof,-,notrim,eval,bonafide,,,,,,,,,ASVspoof2021_DF,HuggingFace redistribution,dataset_license
asvspoof2021_df_DF_E_4717902,DF_E_4717902,TEM2,data/raw/audio/asvspoof2021_df/audio/DF_E_4717902.flac,1,spoof,high_mp3,vcc2020,Task1-team32,notrim,eval,neural_vocoder_autoregressive,,,,,,,,,ASVspoof2021_DF,HuggingFace redistribution,dataset_license
asvspoof2021_df_DF_E_4717726,DF_E_4717726,TMM1,data/raw/audio/asvspoof2021_df/audio/DF_E_4717726.flac,1,spoof,nocodec,vcc2020,Task2-team31,notrim,eval,neural_vocoder_nonautoregressive,,,,,,,,,ASVspoof2021_DF,HuggingFace redistribution,dataset_license
asvspoof2021_df_DF_E_4697921,DF_E_4697921,LA_0044,data/raw/audio/asvspoof2021_df/audio/DF_E_4697921.flac,0,bonafide,mp3m4a,asvspoof,-,notrim,eval,bonafide,,,,,,,,,ASVspoof2021_DF,HuggingFace redistribution,dataset_license
asvspoof2021_df_DF_E_4662607,DF_E_4662607,VCC2TM2,data/raw/audio/asvspoof2021_df/audio/DF_E_4662607.flac,1,spoof,oggm4a,vcc2018,HUB-N05,notrim,eval,traditional_vocoder,,,,,,,,,ASVspoof2021_DF,HuggingFace redistribution,dataset_license
asvspoof2021_df_DF_E_3005286,DF_E_3005286,VCC2TM1,data/raw/audio/asvspoof2021_df/audio/DF_E_3005286.flac,1,spoof,high_m4a,vcc2018,SPO-N18,notrim,eval,traditional_vocoder,,,,,,,,,ASVspoof2021_DF,HuggingFace redistribution,dataset_license
asvspoof2021_df_DF_E_4698656,DF_E_4698656,LA_0045,data/raw/audio/asvspoof2021_df/audio/DF_E_4698656.flac,0,bonafide,low_ogg,asvspoof,-,notrim,eval,bonafide,,,,,,,,,ASVspoof2021_DF,HuggingFace redistribution,dataset_license
asvspoof2021_df_DF_E_4512543,DF_E_4512543,VCC2TF2,data/raw/audio/asvspoof2021_df/audio/DF_E_4512543.flac,1,spoof,mp3m4a,vcc2018,HUB-D05,notrim,eval,traditional_vocoder,,,,,,,,,ASVspoof2021_DF,HuggingFace redistribution,dataset_license
asvspoof2021_df_DF_E_4714743,DF_E_4714743,LA_0033,data/raw/audio/asvspoof2021_df/audio/DF_E_4714743.flac,0,bonafide,low_ogg,asvspoof,-,notrim,eval,bonafide,,,,,,,,,ASVspoof2021_DF,HuggingFace redistribution,dataset_license
asvspoof2021_df_DF_E_4835490,DF_E_4835490,VCC2TM2,data/raw/audio/asvspoof2021_df/audio/DF_E_4835490.flac,1,spoof,low_m4a,vcc2018,HUB-N05,notrim,eval,traditional_vocoder,,,,,,,,,ASVspoof2021_DF,HuggingFace redistribution,dataset_license
asvspoof2021_df_DF_E_4819314,DF_E_4819314,VCC2TM1,data/raw/audio/asvspoof2021_df/audio/DF_E_4819314.flac,1,spoof,low_ogg,vcc2018,HUB-N20,notrim,eval,traditional_vocoder,,,,,,,,,ASVspoof2021_DF,HuggingFace redistribution,dataset_license
asvspoof2021_df_DF_E_3002138,DF_E_3002138,VCC2TF2,data/raw/audio/asvspoof2021_df/audio/DF_E_3002138.flac,1,spoof,low_ogg,vcc2018,HUB-N16,notrim,eval,traditional_vocoder,,,,,,,,,ASVspoof2021_DF,HuggingFace redistribution,dataset_license
asvspoof2021_df_DF_E_4533813,DF_E_4533813,VCC2TM2,data/raw/audio/asvspoof2021_df/audio/DF_E_4533813.flac,1,spoof,mp3m4a,vcc2018,SPO-N12,notrim,eval,traditional_vocoder,,,,,,,,,ASVspoof2021_DF,HuggingFace redistribution,dataset_license
asvspoof2021_df_DF_E_4710215,DF_E_4710215,LA_0044,data/raw/audio/asvspoof2021_df/audio/DF_E_4710215.flac,1,spoof,mp3m4a,asvspoof,A15,notrim,eval,neural_vocoder_autoregressive,,,,,,,,,ASVspoof2021_DF,HuggingFace redistribution,dataset_license
asvspoof2021_df_DF_E_4696278,DF_E_4696278,TEM2,data/raw/audio/asvspoof2021_df/audio/DF_E_4696278.flac,1,spoof,high_mp3,vcc2020,Task1-team30,notrim,eval,unknown,,,,,,,,,ASVspoof2021_DF,HuggingFace redistribution,dataset_license
asvspoof2021_df_DF_E_3007099,DF_E_3007099,VCC2TM2,data/raw/audio/asvspoof2021_df/audio/DF_E_3007099.flac,1,spoof,high_m4a,vcc2018,SPO-N13,notrim,eval,traditional_vocoder,,,,,,,,,ASVspoof2021_DF,HuggingFace redistribution,dataset_license
asvspoof2021_df_DF_E_4831555,DF_E_4831555,VCC2TM1,data/raw/audio/asvspoof2021_df/audio/DF_E_4831555.flac,1,spoof,high_ogg,vcc2018,HUB-D02,notrim,eval,traditional_vocoder,,,,,,,,,ASVspoof2021_DF,HuggingFace redistribution,dataset_license
asvspoof2021_df_DF_E_4684180,DF_E_4684180,TEM2,data/raw/audio/asvspoof2021_df/audio/DF_E_4684180.flac,0,bonafide,low_ogg,vcc2020,-,notrim,eval,bonafide,,,,,,,,,ASVspoof2021_DF,HuggingFace redistribution,dataset_license
asvspoof2021_df_DF_E_4848108,DF_E_4848108,VCC2TM2,data/raw/audio/asvspoof2021_df/audio/DF_E_4848108.flac,1,spoof,oggm4a,vcc2018,HUB-N06,notrim,eval,traditional_vocoder,,,,,,,,,ASVspoof2021_DF,HuggingFace redistribution,dataset_license
asvspoof2021_df_DF_E_2995170,DF_E_2995170,VCC2TF1,data/raw/audio/asvspoof2021_df/audio/DF_E_2995170.flac,0,bonafide,oggm4a,vcc2018,-,notrim,eval,bonafide,,,,,,,,,ASVspoof2021_DF,HuggingFace redistribution,dataset_license
asvspoof2021_df_DF_E_4527726,DF_E_4527726,LA_0001,data/raw/audio/asvspoof2021_df/audio/DF_E_4527726.flac,0,bonafide,mp3m4a,asvspoof,-,notrim,eval,bonafide,,,,,,,,,ASVspoof2021_DF,HuggingFace redistribution,dataset_license
asvspoof2021_df_DF_E_3079279,DF_E_3079279,VCC2TM2,data/raw/audio/asvspoof2021_df/audio/DF_E_3079279.flac,1,spoof,high_ogg,vcc2018,HUB-N04,notrim,eval,traditional_vocoder,,,,,,,,,ASVspoof2021_DF,HuggingFace redistribution,dataset_license
asvspoof2021_df_DF_E_4822518,DF_E_4822518,LA_0029,data/raw/audio/asvspoof2021_df/audio/DF_E_4822518.flac,0,bonafide,high_ogg,asvspoof,-,notrim,eval,bonafide,,,,,,,,,ASVspoof2021_DF,HuggingFace redistribution,dataset_license
asvspoof2021_df_DF_E_2987309,DF_E_2987309,VCC2TF2,data/raw/audio/asvspoof2021_df/audio/DF_E_2987309.flac,1,spoof,nocodec,vcc2018,SPO-N18,notrim,eval,traditional_vocoder,,,,,,,,,ASVspoof2021_DF,HuggingFace redistribution,dataset_license
asvspoof2021_df_DF_E_3059358,DF_E_3059358,LA_0023,data/raw/audio/asvspoof2021_df/audio/DF_E_3059358.flac,0,bonafide,oggm4a,asvspoof,-,notrim,eval,bonafide,,,,,,,,,ASVspoof2021_DF,HuggingFace redistribution,dataset_license
asvspoof2021_df_DF_E_4695339,DF_E_4695339,LA_0043,data/raw/audio/asvspoof2021_df/audio/DF_E_4695339.flac,0,bonafide,high_ogg,asvspoof,-,notrim,eval,bonafide,,,,,,,,,ASVspoof2021_DF,HuggingFace redistribution,dataset_license
asvspoof2021_df_DF_E_2995922,DF_E_2995922,LA_0050,data/raw/audio/asvspoof2021_df/audio/DF_E_2995922.flac,0,bonafide,low_mp3,asvspoof,-,notrim,eval,bonafide,,,,,,,,,ASVspoof2021_DF,HuggingFace redistribution,dataset_license
asvspoof2021_df_DF_E_4828152,DF_E_4828152,VCC2TM1,data/raw/audio/asvspoof2021_df/audio/DF_E_4828152.flac,1,spoof,low_m4a,vcc2018,SPO-N04,notrim,eval,traditional_vocoder,,,,,,,,,ASVspoof2021_DF,HuggingFace redistribution,dataset_license
asvspoof2021_df_DF_E_3054341,DF_E_3054341,VCC2TF2,data/raw/audio/asvspoof2021_df/audio/DF_E_3054341.flac,1,spoof,mp3m4a,vcc2018,HUB-N12,notrim,eval,traditional_vocoder,,,,,,,,,ASVspoof2021_DF,HuggingFace redistribution,dataset_license
asvspoof2021_df_DF_E_4520059,DF_E_4520059,VCC2SF1,data/raw/audio/asvspoof2021_df/audio/DF_E_4520059.flac,0,bonafide,high_m4a,vcc2018,-,notrim,eval,bonafide,,,,,,,,,ASVspoof2021_DF,HuggingFace redistribution,dataset_license
asvspoof2021_df_DF_E_4714706,DF_E_4714706,TEM2,data/raw/audio/asvspoof2021_df/audio/DF_E_4714706.flac,1,spoof,mp3m4a,vcc2020,Task1-team14,notrim,eval,neural_vocoder_nonautoregressive,,,,,,,,,ASVspoof2021_DF,HuggingFace redistribution,dataset_license
asvspoof2021_df_DF_E_4545505,DF_E_4545505,TFF1,data/raw/audio/asvspoof2021_df/audio/DF_E_4545505.flac,1,spoof,high_mp3,vcc2020,Task2-team09,notrim,eval,neural_vocoder_nonautoregressive,,,,,,,,,ASVspoof2021_DF,HuggingFace redistribution,dataset_license
asvspoof2021_df_DF_E_3069835,DF_E_3069835,TEM1,data/raw/audio/asvspoof2021_df/audio/DF_E_3069835.flac,1,spoof,nocodec,vcc2020,Task1-team19,notrim,eval,neural_vocoder_nonautoregressive,,,,,,,,,ASVspoof2021_DF,HuggingFace redistribution,dataset_license
asvspoof2021_df_DF_E_4700566,DF_E_4700566,LA_0001,data/raw/audio/asvspoof2021_df/audio/DF_E_4700566.flac,0,bonafide,oggm4a,asvspoof,-,notrim,eval,bonafide,,,,,,,,,ASVspoof2021_DF,HuggingFace redistribution,dataset_license
asvspoof2021_df_DF_E_4712291,DF_E_4712291,TGM1,data/raw/audio/asvspoof2021_df/audio/DF_E_4712291.flac,1,spoof,nocodec,vcc2020,Task2-team20,notrim,eval,neural_vocoder_nonautoregressive,,,,,,,,,ASVspoof2021_DF,HuggingFace redistribution,dataset_license
asvspoof2021_df_DF_E_3085348,DF_E_3085348,TEM2,data/raw/audio/asvspoof2021_df/audio/DF_E_3085348.flac,1,spoof,high_ogg,vcc2020,Task1-team14,notrim,eval,neural_vocoder_nonautoregressive,,,,,,,,,ASVspoof2021_DF,HuggingFace redistribution,dataset_license
asvspoof2021_df_DF_E_4840470,DF_E_4840470,LA_0025,data/raw/audio/asvspoof2021_df/audio/DF_E_4840470.flac,0,bonafide,low_ogg,asvspoof,-,notrim,eval,bonafide,,,,,,,,,ASVspoof2021_DF,HuggingFace redistribution,dataset_license
asvspoof2021_df_DF_E_4529320,DF_E_4529320,TFM1,data/raw/audio/asvspoof2021_df/audio/DF_E_4529320.flac,1,spoof,high_mp3,vcc2020,Task2-team15,notrim,eval,neural_vocoder_nonautoregressive,,,,,,,,,ASVspoof2021_DF,HuggingFace redistribution,dataset_license
asvspoof2021_df_DF_E_4818071,DF_E_4818071,TEF1,data/raw/audio/asvspoof2021_df/audio/DF_E_4818071.flac,1,spoof,low_ogg,vcc2020,Task1-team32,notrim,eval,neural_vocoder_autoregressive,,,,,,,,,ASVspoof2021_DF,HuggingFace redistribution,dataset_license
asvspoof2021_df_DF_E_2988535,DF_E_2988535,TEF1,data/raw/audio/asvspoof2021_df/audio/DF_E_2988535.flac,0,bonafide,oggm4a,vcc2020,-,notrim,eval,bonafide,,,,,,,,,ASVspoof2021_DF,HuggingFace redistribution,dataset_license
asvspoof2021_df_DF_E_2986545,DF_E_2986545,LA_0048,data/raw/audio/asvspoof2021_df/audio/DF_E_2986545.flac,0,bonafide,nocodec,asvspoof,-,notrim,eval,bonafide,,,,,,,,,ASVspoof2021_DF,HuggingFace redistribution,dataset_license
asvspoof2021_df_DF_E_3066424,DF_E_3066424,TEF1,data/raw/audio/asvspoof2021_df/audio/DF_E_3066424.flac,0,bonafide,high_m4a,vcc2020,-,notrim,eval,bonafide,,,,,,,,,ASVspoof2021_DF,HuggingFace redistribution,dataset_license
asvspoof2021_df_DF_E_4817228,DF_E_4817228,VCC2TF2,data/raw/audio/asvspoof2021_df/audio/DF_E_4817228.flac,1,spoof,mp3m4a,vcc2018,HUB-N11,notrim,eval,traditional_vocoder,,,,,,,,,ASVspoof2021_DF,HuggingFace redistribution,dataset_license
asvspoof2021_df_DF_E_4532612,DF_E_4532612,VCC2TF2,data/raw/audio/asvspoof2021_df/audio/DF_E_4532612.flac,0,bonafide,high_ogg,vcc2018,-,notrim,eval,bonafide,,,,,,,,,ASVspoof2021_DF,HuggingFace redistribution,dataset_license
asvspoof2021_df_DF_E_4707334,DF_E_4707334,VCC2TM1,data/raw/audio/asvspoof2021_df/audio/DF_E_4707334.flac,1,spoof,oggm4a,vcc2018,HUB-N14,notrim,eval,traditional_vocoder,,,,,,,,,ASVspoof2021_DF,HuggingFace redistribution,dataset_license
asvspoof2021_df_DF_E_4687457,DF_E_4687457,TEF2,data/raw/audio/asvspoof2021_df/audio/DF_E_4687457.flac,1,spoof,nocodec,vcc2020,Task1-team33,notrim,eval,neural_vocoder_nonautoregressive,,,,,,,,,ASVspoof2021_DF,HuggingFace redistribution,dataset_license
asvspoof2021_df_DF_E_3063637,DF_E_3063637,VCC2TM2,data/raw/audio/asvspoof2021_df/audio/DF_E_3063637.flac,1,spoof,high_m4a,vcc2018,HUB-N18,notrim,eval,traditional_vocoder,,,,,,,,,ASVspoof2021_DF,HuggingFace redistribution,dataset_license
asvspoof2021_df_DF_E_3060463,DF_E_3060463,SEM2,data/raw/audio/asvspoof2021_df/audio/DF_E_3060463.flac,0,bonafide,high_m4a,vcc2020,-,notrim,eval,bonafide,,,,,,,,,ASVspoof2021_DF,HuggingFace redistribution,dataset_license
asvspoof2021_df_DF_E_2995800,DF_E_2995800,TFM1,data/raw/audio/asvspoof2021_df/audio/DF_E_2995800.flac,1,spoof,high_ogg,vcc2020,Task2-team33,notrim,eval,neural_vocoder_nonautoregressive,,,,,,,,,ASVspoof2021_DF,HuggingFace redistribution,dataset_license
asvspoof2021_df_DF_E_3078317,DF_E_3078317,LA_0028,data/raw/audio/asvspoof2021_df/audio/DF_E_3078317.flac,1,spoof,low_ogg,asvspoof,A07,notrim,eval,traditional_vocoder,,,,,,,,,ASVspoof2021_DF,HuggingFace redistribution,dataset_license
asvspoof2021_df_DF_E_3004626,DF_E_3004626,TEF2,data/raw/audio/asvspoof2021_df/audio/DF_E_3004626.flac,1,spoof,mp3m4a,vcc2020,Task1-team01,notrim,eval,neural_vocoder_nonautoregressive,,,,,,,,,ASVspoof2021_DF,HuggingFace redistribution,dataset_license
asvspoof2021_df_DF_E_2976000,DF_E_2976000,VCC2SM3,data/raw/audio/asvspoof2021_df/audio/DF_E_2976000.flac,0,bonafide,mp3m4a,vcc2018,-,notrim,eval,bonafide,,,,,,,,,ASVspoof2021_DF,HuggingFace redistribution,dataset_license
asvspoof2021_df_DF_E_3072917,DF_E_3072917,LA_0011,data/raw/audio/asvspoof2021_df/audio/DF_E_3072917.flac,0,bonafide,high_mp3,asvspoof,-,notrim,eval,bonafide,,,,,,,,,ASVspoof2021_DF,HuggingFace redistribution,dataset_license
asvspoof2021_df_DF_E_4846801,DF_E_4846801,TMM1,data/raw/audio/asvspoof2021_df/audio/DF_E_4846801.flac,1,spoof,low_mp3,vcc2020,Task2-team22,notrim,eval,neural_vocoder_nonautoregressive,,,,,,,,,ASVspoof2021_DF,HuggingFace redistribution,dataset_license
asvspoof2021_df_DF_E_4521697,DF_E_4521697,LA_0016,data/raw/audio/asvspoof2021_df/audio/DF_E_4521697.flac,0,bonafide,high_ogg,asvspoof,-,notrim,eval,bonafide,,,,,,,,,ASVspoof2021_DF,HuggingFace redistribution,dataset_license
asvspoof2021_df_DF_E_4840994,DF_E_4840994,VCC2TM2,data/raw/audio/asvspoof2021_df/audio/DF_E_4840994.flac,1,spoof,low_ogg,vcc2018,HUB-D03,notrim,eval,traditional_vocoder,,,,,,,,,ASVspoof2021_DF,HuggingFace redistribution,dataset_license
asvspoof2021_df_DF_E_4843543,DF_E_4843543,LA_0022,data/raw/audio/asvspoof2021_df/audio/DF_E_4843543.flac,0,bonafide,low_ogg,asvspoof,-,notrim,eval,bonafide,,,,,,,,,ASVspoof2021_DF,HuggingFace redistribution,dataset_license
asvspoof2021_df_DF_E_4514947,DF_E_4514947,TFM1,data/raw/audio/asvspoof2021_df/audio/DF_E_4514947.flac,1,spoof,nocodec,vcc2020,Task2-team31,notrim,eval,neural_vocoder_nonautoregressive,,,,,,,,,ASVspoof2021_DF,HuggingFace redistribution,dataset_license
asvspoof2021_df_DF_E_4688601,DF_E_4688601,VCC2TF2,data/raw/audio/asvspoof2021_df/audio/DF_E_4688601.flac,1,spoof,low_m4a,vcc2018,SPO-N03,notrim,eval,unknown,,,,,,,,,ASVspoof2021_DF,HuggingFace redistribution,dataset_license
asvspoof2021_df_DF_E_4847529,DF_E_4847529,VCC2SF2,data/raw/audio/asvspoof2021_df/audio/DF_E_4847529.flac,0,bonafide,low_m4a,vcc2018,-,notrim,eval,bonafide,,,,,,,,,ASVspoof2021_DF,HuggingFace redistribution,dataset_license
asvspoof2021_df_DF_E_4735033,DF_E_4735033,LA_0046,data/raw/audio/asvspoof2021_df/audio/DF_E_4735033.flac,0,bonafide,low_ogg,asvspoof,-,notrim,eval,bonafide,,,,,,,,,ASVspoof2021_DF,HuggingFace redistribution,dataset_license
asvspoof2021_df_DF_E_4722103,DF_E_4722103,VCC2TF1,data/raw/audio/asvspoof2021_df/audio/DF_E_4722103.flac,1,spoof,low_ogg,vcc2018,SPO-B01,notrim,eval,traditional_vocoder,,,,,,,,,ASVspoof2021_DF,HuggingFace redistribution,dataset_license
asvspoof2021_df_DF_E_3002702,DF_E_3002702,LA_0021,data/raw/audio/asvspoof2021_df/audio/DF_E_3002702.flac,0,bonafide,low_ogg,asvspoof,-,notrim,eval,bonafide,,,,,,,,,ASVspoof2021_DF,HuggingFace redistribution,dataset_license
asvspoof2021_df_DF_E_4719860,DF_E_4719860,LA_0047,data/raw/audio/asvspoof2021_df/audio/DF_E_4719860.flac,1,spoof,oggm4a,asvspoof,A18,notrim,eval,traditional_vocoder,,,,,,,,,ASVspoof2021_DF,HuggingFace redistribution,dataset_license
asvspoof2021_df_DF_E_4837234,DF_E_4837234,VCC2TM1,data/raw/audio/asvspoof2021_df/audio/DF_E_4837234.flac,1,spoof,nocodec,vcc2018,HUB-N17,notrim,eval,neural_vocoder_autoregressive,,,,,,,,,ASVspoof2021_DF,HuggingFace redistribution,dataset_license
asvspoof2021_df_DF_E_3062518,DF_E_3062518,TEF2,data/raw/audio/asvspoof2021_df/audio/DF_E_3062518.flac,1,spoof,oggm4a,vcc2020,Task1-team04,notrim,eval,neural_vocoder_autoregressive,,,,,,,,,ASVspoof2021_DF,HuggingFace redistribution,dataset_license
asvspoof2021_df_DF_E_4722738,DF_E_4722738,LA_0014,data/raw/audio/asvspoof2021_df/audio/DF_E_4722738.flac,0,bonafide,low_ogg,asvspoof,-,notrim,eval,bonafide,,,,,,,,,ASVspoof2021_DF,HuggingFace redistribution,dataset_license
asvspoof2021_df_DF_E_4821796,DF_E_4821796,LA_0021,data/raw/audio/asvspoof2021_df/audio/DF_E_4821796.flac,0,bonafide,high_ogg,asvspoof,-,notrim,eval,bonafide,,,,,,,,,ASVspoof2021_DF,HuggingFace redistribution,dataset_license
asvspoof2021_df_DF_E_4826651,DF_E_4826651,VCC2SM3,data/raw/audio/asvspoof2021_df/audio/DF_E_4826651.flac,0,bonafide,high_m4a,vcc2018,-,notrim,eval,bonafide,,,,,,,,,ASVspoof2021_DF,HuggingFace redistribution,dataset_license
asvspoof2021_df_DF_E_2985531,DF_E_2985531,TFF1,data/raw/audio/asvspoof2021_df/audio/DF_E_2985531.flac,1,spoof,low_ogg,vcc2020,Task2-team29,notrim,eval,neural_vocoder_autoregressive,,,,,,,,,ASVspoof2021_DF,HuggingFace redistribution,dataset_license
asvspoof2021_df_DF_E_2997424,DF_E_2997424,TEM1,data/raw/audio/asvspoof2021_df/audio/DF_E_2997424.flac,1,spoof,low_m4a,vcc2020,Task1-team27,notrim,eval,neural_vocoder_nonautoregressive,,,,,,,,,ASVspoof2021_DF,HuggingFace redistribution,dataset_license
asvspoof2021_df_DF_E_4712602,DF_E_4712602,SEF2,data/raw/audio/asvspoof2021_df/audio/DF_E_4712602.flac,0,bonafide,low_ogg,vcc2020,-,notrim,eval,bonafide,,,,,,,,,ASVspoof2021_DF,HuggingFace redistribution,dataset_license
asvspoof2021_df_DF_E_4830951,DF_E_4830951,TMM1,data/raw/audio/asvspoof2021_df/audio/DF_E_4830951.flac,1,spoof,high_ogg,vcc2020,Task2-team24,notrim,eval,neural_vocoder_autoregressive,,,,,,,,,ASVspoof2021_DF,HuggingFace redistribution,dataset_license
asvspoof2021_df_DF_E_4516289,DF_E_4516289,SEM2,data/raw/audio/asvspoof2021_df/audio/DF_E_4516289.flac,0,bonafide,low_ogg,vcc2020,-,notrim,eval,bonafide,,,,,,,,,ASVspoof2021_DF,HuggingFace redistribution,dataset_license
asvspoof2021_df_DF_E_4533340,DF_E_4533340,VCC2TM2,data/raw/audio/asvspoof2021_df/audio/DF_E_4533340.flac,0,bonafide,low_mp3,vcc2018,-,notrim,eval,bonafide,,,,,,,,,ASVspoof2021_DF,HuggingFace redistribution,dataset_license
asvspoof2021_df_DF_E_4532996,DF_E_4532996,TEF1,data/raw/audio/asvspoof2021_df/audio/DF_E_4532996.flac,1,spoof,low_m4a,vcc2020,Task1-team14,notrim,eval,neural_vocoder_nonautoregressive,,,,,,,,,ASVspoof2021_DF,HuggingFace redistribution,dataset_license
asvspoof2021_df_DF_E_4519378,DF_E_4519378,VCC2TM1,data/raw/audio/asvspoof2021_df/audio/DF_E_4519378.flac,1,spoof,high_m4a,vcc2018,SPO-N18,notrim,eval,traditional_vocoder,,,,,,,,,ASVspoof2021_DF,HuggingFace redistribution,dataset_license
asvspoof2021_df_DF_E_4663469,DF_E_4663469,VCC2SF1,data/raw/audio/asvspoof2021_df/audio/DF_E_4663469.flac,0,bonafide,low_mp3,vcc2018,-,notrim,eval,bonafide,,,,,,,,,ASVspoof2021_DF,HuggingFace redistribution,dataset_license
asvspoof2021_df_DF_E_4678826,DF_E_4678826,TFF1,data/raw/audio/asvspoof2021_df/audio/DF_E_4678826.flac,1,spoof,low_ogg,vcc2020,Task2-team31,notrim,eval,neural_vocoder_nonautoregressive,,,,,,,,,ASVspoof2021_DF,HuggingFace redistribution,dataset_license
asvspoof2021_df_DF_E_3002088,DF_E_3002088,VCC2TM1,data/raw/audio/asvspoof2021_df/audio/DF_E_3002088.flac,1,spoof,high_m4a,vcc2018,SPO-N03,notrim,eval,unknown,,,,,,,,,ASVspoof2021_DF,HuggingFace redistribution,dataset_license
asvspoof2021_df_DF_E_4518702,DF_E_4518702,LA_0002,data/raw/audio/asvspoof2021_df/audio/DF_E_4518702.flac,0,bonafide,mp3m4a,asvspoof,-,notrim,eval,bonafide,,,,,,,,,ASVspoof2021_DF,HuggingFace redistribution,dataset_license
asvspoof2021_df_DF_E_4665830,DF_E_4665830,LA_0040,data/raw/audio/asvspoof2021_df/audio/DF_E_4665830.flac,0,bonafide,high_ogg,asvspoof,-,notrim,eval,bonafide,,,,,,,,,ASVspoof2021_DF,HuggingFace redistribution,dataset_license
asvspoof2021_df_DF_E_4733023,DF_E_4733023,VCC2TM2,data/raw/audio/asvspoof2021_df/audio/DF_E_4733023.flac,1,spoof,mp3m4a,vcc2018,HUB-N04,notrim,eval,traditional_vocoder,,,,,,,,,ASVspoof2021_DF,HuggingFace redistribution,dataset_license
asvspoof2021_df_DF_E_4729034,DF_E_4729034,TGF1,data/raw/audio/asvspoof2021_df/audio/DF_E_4729034.flac,0,bonafide,oggm4a,vcc2020,-,notrim,eval,bonafide,,,,,,,,,ASVspoof2021_DF,HuggingFace redistribution,dataset_license
asvspoof2021_df_DF_E_4514202,DF_E_4514202,VCC2TM2,data/raw/audio/asvspoof2021_df/audio/DF_E_4514202.flac,1,spoof,low_m4a,vcc2018,SPO-N13,notrim,eval,traditional_vocoder,,,,,,,,,ASVspoof2021_DF,HuggingFace redistribution,dataset_license
asvspoof2021_df_DF_E_4842719,DF_E_4842719,TFF1,data/raw/audio/asvspoof2021_df/audio/DF_E_4842719.flac,0,bonafide,low_mp3,vcc2020,-,notrim,eval,bonafide,,,,,,,,,ASVspoof2021_DF,HuggingFace redistribution,dataset_license
asvspoof2021_df_DF_E_4670608,DF_E_4670608,LA_0010,data/raw/audio/asvspoof2021_df/audio/DF_E_4670608.flac,1,spoof,high_ogg,asvspoof,A14,notrim,eval,traditional_vocoder,,,,,,,,,ASVspoof2021_DF,HuggingFace redistribution,dataset_license
asvspoof2021_df_DF_E_3061857,DF_E_3061857,TEM1,data/raw/audio/asvspoof2021_df/audio/DF_E_3061857.flac,0,bonafide,low_mp3,vcc2020,-,notrim,eval,bonafide,,,,,,,,,ASVspoof2021_DF,HuggingFace redistribution,dataset_license
asvspoof2021_df_DF_E_4688776,DF_E_4688776,VCC2TM2,data/raw/audio/asvspoof2021_df/audio/DF_E_4688776.flac,1,spoof,high_ogg,vcc2018,HUB-N16,notrim,eval,traditional_vocoder,,,,,,,,,ASVspoof2021_DF,HuggingFace redistribution,dataset_license
asvspoof2021_df_DF_E_4675359,DF_E_4675359,TFM1,data/raw/audio/asvspoof2021_df/audio/DF_E_4675359.flac,1,spoof,low_ogg,vcc2020,Task2-team25,notrim,eval,neural_vocoder_autoregressive,,,,,,,,,ASVspoof2021_DF,HuggingFace redistribution,dataset_license
asvspoof2021_df_DF_E_4727924,DF_E_4727924,VCC2SF2,data/raw/audio/asvspoof2021_df/audio/DF_E_4727924.flac,0,bonafide,oggm4a,vcc2018,-,notrim,eval,bonafide,,,,,,,,,ASVspoof2021_DF,HuggingFace redistribution,dataset_license
asvspoof2021_df_DF_E_3050305,DF_E_3050305,LA_0024,data/raw/audio/asvspoof2021_df/audio/DF_E_3050305.flac,0,bonafide,oggm4a,asvspoof,-,notrim,eval,bonafide,,,,,,,,,ASVspoof2021_DF,HuggingFace redistribution,dataset_license
asvspoof2021_df_DF_E_4699993,DF_E_4699993,TEM2,data/raw/audio/asvspoof2021_df/audio/DF_E_4699993.flac,0,bonafide,low_mp3,vcc2020,-,notrim,eval,bonafide,,,,,,,,,ASVspoof2021_DF,HuggingFace redistribution,dataset_license
asvspoof2021_df_DF_E_4662834,DF_E_4662834,VCC2TF2,data/raw/audio/asvspoof2021_df/audio/DF_E_4662834.flac,1,spoof,low_mp3,vcc2018,HUB-B01,notrim,eval,traditional_vocoder,,,,,,,,,ASVspoof2021_DF,HuggingFace redistribution,dataset_license
asvspoof2021_df_DF_E_4836685,DF_E_4836685,VCC2SM4,data/raw/audio/asvspoof2021_df/audio/DF_E_4836685.flac,0,bonafide,low_ogg,vcc2018,-,notrim,eval,bonafide,,,,,,,,,ASVspoof2021_DF,HuggingFace redistribution,dataset_license
asvspoof2021_df_DF_E_4680426,DF_E_4680426,LA_0041,data/raw/audio/asvspoof2021_df/audio/DF_E_4680426.flac,0,bonafide,high_ogg,asvspoof,-,notrim,eval,bonafide,,,,,,,,,ASVspoof2021_DF,HuggingFace redistribution,dataset_license
asvspoof2021_df_DF_E_2992024,DF_E_2992024,VCC2TF1,data/raw/audio/asvspoof2021_df/audio/DF_E_2992024.flac,1,spoof,oggm4a,vcc2018,HUB-N12,notrim,eval,traditional_vocoder,,,,,,,,,ASVspoof2021_DF,HuggingFace redistribution,dataset_license
asvspoof2021_df_DF_E_4663868,DF_E_4663868,VCC2SM4,data/raw/audio/asvspoof2021_df/audio/DF_E_4663868.flac,0,bonafide,low_mp3,vcc2018,-,notrim,eval,bonafide,,,,,,,,,ASVspoof2021_DF,HuggingFace redistribution,dataset_license
asvspoof2021_df_DF_E_4512433,DF_E_4512433,VCC2SM3,data/raw/audio/asvspoof2021_df/audio/DF_E_4512433.flac,0,bonafide,high_ogg,vcc2018,-,notrim,eval,bonafide,,,,,,,,,ASVspoof2021_DF,HuggingFace redistribution,dataset_license
asvspoof2021_df_DF_E_4725338,DF_E_4725338,SEF1,data/raw/audio/asvspoof2021_df/audio/DF_E_4725338.flac,0,bonafide,high_ogg,vcc2020,-,notrim,eval,bonafide,,,,,,,,,ASVspoof2021_DF,HuggingFace redistribution,dataset_license
asvspoof2021_df_DF_E_2976219,DF_E_2976219,TMF1,data/raw/audio/asvspoof2021_df/audio/DF_E_2976219.flac,1,spoof,mp3m4a,vcc2020,Task2-team19,notrim,eval,neural_vocoder_nonautoregressive,,,,,,,,,ASVspoof2021_DF,HuggingFace redistribution,dataset_license
asvspoof2021_df_DF_E_3077436,DF_E_3077436,VCC2TM1,data/raw/audio/asvspoof2021_df/audio/DF_E_3077436.flac,0,bonafide,high_m4a,vcc2018,-,notrim,eval,bonafide,,,,,,,,,ASVspoof2021_DF,HuggingFace redistribution,dataset_license
asvspoof2021_df_DF_E_4699140,DF_E_4699140,VCC2SM3,data/raw/audio/asvspoof2021_df/audio/DF_E_4699140.flac,0,bonafide,nocodec,vcc2018,-,notrim,eval,bonafide,,,,,,,,,ASVspoof2021_DF,HuggingFace redistribution,dataset_license
asvspoof2021_df_DF_E_4702824,DF_E_4702824,TEF2,data/raw/audio/asvspoof2021_df/audio/DF_E_4702824.flac,1,spoof,oggm4a,vcc2020,Task1-team01,notrim,eval,neural_vocoder_nonautoregressive,,,,,,,,,ASVspoof2021_DF,HuggingFace redistribution,dataset_license
asvspoof2021_df_DF_E_4528058,DF_E_4528058,LA_0043,data/raw/audio/asvspoof2021_df/audio/DF_E_4528058.flac,0,bonafide,high_ogg,asvspoof,-,notrim,eval,bonafide,,,,,,,,,ASVspoof2021_DF,HuggingFace redistribution,dataset_license
asvspoof2021_df_DF_E_4690379,DF_E_4690379,VCC2TF1,data/raw/audio/asvspoof2021_df/audio/DF_E_4690379.flac,1,spoof,oggm4a,vcc2018,HUB-D05,notrim,eval,traditional_vocoder,,,,,,,,,ASVspoof2021_DF,HuggingFace redistribution,dataset_license
asvspoof2021_df_DF_E_4709067,DF_E_4709067,LA_0001,data/raw/audio/asvspoof2021_df/audio/DF_E_4709067.flac,0,bonafide,oggm4a,asvspoof,-,notrim,eval,bonafide,,,,,,,,,ASVspoof2021_DF,HuggingFace redistribution,dataset_license
asvspoof2021_df_DF_E_4726921,DF_E_4726921,LA_0022,data/raw/audio/asvspoof2021_df/audio/DF_E_4726921.flac,0,bonafide,low_ogg,asvspoof,-,notrim,eval,bonafide,,,,,,,,,ASVspoof2021_DF,HuggingFace redistribution,dataset_license
asvspoof2021_df_DF_E_4535828,DF_E_4535828,TFF1,data/raw/audio/asvspoof2021_df/audio/DF_E_4535828.flac,1,spoof,high_mp3,vcc2020,Task2-team03,notrim,eval,neural_vocoder_autoregressive,,,,,,,,,ASVspoof2021_DF,HuggingFace redistribution,dataset_license
asvspoof2021_df_DF_E_3048954,DF_E_3048954,TEM2,data/raw/audio/asvspoof2021_df/audio/DF_E_3048954.flac,1,spoof,low_m4a,vcc2020,Task1-team25,notrim,eval,neural_vocoder_autoregressive,,,,,,,,,ASVspoof2021_DF,HuggingFace redistribution,dataset_license
asvspoof2021_df_DF_E_3002291,DF_E_3002291,TEM1,data/raw/audio/asvspoof2021_df/audio/DF_E_3002291.flac,1,spoof,high_mp3,vcc2020,Task1-team26,notrim,eval,traditional_vocoder,,,,,,,,,ASVspoof2021_DF,HuggingFace redistribution,dataset_license
asvspoof2021_df_DF_E_3079161,DF_E_3079161,VCC2TF2,data/raw/audio/asvspoof2021_df/audio/DF_E_3079161.flac,1,spoof,high_mp3,vcc2018,SPO-N17,notrim,eval,neural_vocoder_autoregressive,,,,,,,,,ASVspoof2021_DF,HuggingFace redistribution,dataset_license
asvspoof2021_df_DF_E_2985115,DF_E_2985115,VCC2TF2,data/raw/audio/asvspoof2021_df/audio/DF_E_2985115.flac,1,spoof,low_mp3,vcc2018,HUB-N05,notrim,eval,traditional_vocoder,,,,,,,,,ASVspoof2021_DF,HuggingFace redistribution,dataset_license
asvspoof2021_df_DF_E_3057419,DF_E_3057419,TEM2,data/raw/audio/asvspoof2021_df/audio/DF_E_3057419.flac,1,spoof,oggm4a,vcc2020,Task1-team13,notrim,eval,neural_vocoder_autoregressive,,,,,,,,,ASVspoof2021_DF,HuggingFace redistribution,dataset_license
asvspoof2021_df_DF_E_4534201,DF_E_4534201,VCC2TF2,data/raw/audio/asvspoof2021_df/audio/DF_E_4534201.flac,1,spoof,low_ogg,vcc2018,HUB-B01,notrim,eval,traditional_vocoder,,,,,,,,,ASVspoof2021_DF,HuggingFace redistribution,dataset_license
asvspoof2021_df_DF_E_3011011,DF_E_3011011,VCC2TF2,data/raw/audio/asvspoof2021_df/audio/DF_E_3011011.flac,1,spoof,nocodec,vcc2018,HUB-N08,notrim,eval,traditional_vocoder,,,,,,,,,ASVspoof2021_DF,HuggingFace redistribution,dataset_license
asvspoof2021_df_DF_E_4828270,DF_E_4828270,LA_0020,data/raw/audio/asvspoof2021_df/audio/DF_E_4828270.flac,0,bonafide,mp3m4a,asvspoof,-,notrim,eval,bonafide,,,,,,,,,ASVspoof2021_DF,HuggingFace redistribution,dataset_license
asvspoof2021_df_DF_E_4663227,DF_E_4663227,LA_0019,data/raw/audio/asvspoof2021_df/audio/DF_E_4663227.flac,1,spoof,low_ogg,asvspoof,A07,notrim,eval,traditional_vocoder,,,,,,,,,ASVspoof2021_DF,HuggingFace redistribution,dataset_license
asvspoof2021_df_DF_E_4815002,DF_E_4815002,TEF1,data/raw/audio/asvspoof2021_df/audio/DF_E_4815002.flac,0,bonafide,nocodec,vcc2020,-,notrim,eval,bonafide,,,,,,,,,ASVspoof2021_DF,HuggingFace redistribution,dataset_license
asvspoof2021_df_DF_E_2995627,DF_E_2995627,VCC2TF2,data/raw/audio/asvspoof2021_df/audio/DF_E_2995627.flac,1,spoof,nocodec,vcc2018,HUB-N18,notrim,eval,traditional_vocoder,,,,,,,,,ASVspoof2021_DF,HuggingFace redistribution,dataset_license
asvspoof2021_df_DF_E_3059591,DF_E_3059591,SEM2,data/raw/audio/asvspoof2021_df/audio/DF_E_3059591.flac,0,bonafide,low_mp3,vcc2020,-,notrim,eval,bonafide,,,,,,,,,ASVspoof2021_DF,HuggingFace redistribution,dataset_license
asvspoof2021_df_DF_E_4839196,DF_E_4839196,VCC2SM1,data/raw/audio/asvspoof2021_df/audio/DF_E_4839196.flac,0,bonafide,mp3m4a,vcc2018,-,notrim,eval,bonafide,,,,,,,,,ASVspoof2021_DF,HuggingFace redistribution,dataset_license
asvspoof2021_df_DF_E_4685924,DF_E_4685924,LA_0025,data/raw/audio/asvspoof2021_df/audio/DF_E_4685924.flac,0,bonafide,oggm4a,asvspoof,-,notrim,eval,bonafide,,,,,,,,,ASVspoof2021_DF,HuggingFace redistribution,dataset_license
asvspoof2021_df_DF_E_3084673,DF_E_3084673,TMM1,data/raw/audio/asvspoof2021_df/audio/DF_E_3084673.flac,0,bonafide,nocodec,vcc2020,-,notrim,eval,bonafide,,,,,,,,,ASVspoof2021_DF,HuggingFace redistribution,dataset_license
asvspoof2021_df_DF_E_3003937,DF_E_3003937,TEF1,data/raw/audio/asvspoof2021_df/audio/DF_E_3003937.flac,0,bonafide,high_mp3,vcc2020,-,notrim,eval,bonafide,,,,,,,,,ASVspoof2021_DF,HuggingFace redistribution,dataset_license
asvspoof2021_df_DF_E_4688957,DF_E_4688957,TFM1,data/raw/audio/asvspoof2021_df/audio/DF_E_4688957.flac,1,spoof,oggm4a,vcc2020,Task2-team25,notrim,eval,neural_vocoder_autoregressive,,,,,,,,,ASVspoof2021_DF,HuggingFace redistribution,dataset_license
asvspoof2021_df_DF_E_2999258,DF_E_2999258,LA_0004,data/raw/audio/asvspoof2021_df/audio/DF_E_2999258.flac,0,bonafide,low_ogg,asvspoof,-,notrim,eval,bonafide,,,,,,,,,ASVspoof2021_DF,HuggingFace redistribution,dataset_license
asvspoof2021_df_DF_E_4673778,DF_E_4673778,VCC2TF2,data/raw/audio/asvspoof2021_df/audio/DF_E_4673778.flac,1,spoof,low_mp3,vcc2018,SPO-N18,notrim,eval,traditional_vocoder,,,,,,,,,ASVspoof2021_DF,HuggingFace redistribution,dataset_license
asvspoof2021_df_DF_E_4728324,DF_E_4728324,VCC2TM2,data/raw/audio/asvspoof2021_df/audio/DF_E_4728324.flac,1,spoof,high_ogg,vcc2018,HUB-D03,notrim,eval,traditional_vocoder,,,,,,,,,ASVspoof2021_DF,HuggingFace redistribution,dataset_license
asvspoof2021_df_DF_E_4731961,DF_E_4731961,VCC2TM2,data/raw/audio/asvspoof2021_df/audio/DF_E_4731961.flac,1,spoof,mp3m4a,vcc2018,HUB-N11,notrim,eval,traditional_vocoder,,,,,,,,,ASVspoof2021_DF,HuggingFace redistribution,dataset_license
asvspoof2021_df_DF_E_4543610,DF_E_4543610,TFM1,data/raw/audio/asvspoof2021_df/audio/DF_E_4543610.flac,1,spoof,nocodec,vcc2020,Task2-team15,notrim,eval,neural_vocoder_nonautoregressive,,,,,,,,,ASVspoof2021_DF,HuggingFace redistribution,dataset_license
asvspoof2021_df_DF_E_4722026,DF_E_4722026,VCC2TM1,data/raw/audio/asvspoof2021_df/audio/DF_E_4722026.flac,1,spoof,low_ogg,vcc2018,HUB-N09,notrim,eval,traditional_vocoder,,,,,,,,,ASVspoof2021_DF,HuggingFace redistribution,dataset_license
asvspoof2021_df_DF_E_4674052,DF_E_4674052,VCC2TM2,data/raw/audio/asvspoof2021_df/audio/DF_E_4674052.flac,1,spoof,high_mp3,vcc2018,SPO-N10,notrim,eval,neural_vocoder_autoregressive,,,,,,,,,ASVspoof2021_DF,HuggingFace redistribution,dataset_license
asvspoof2021_df_DF_E_4815509,DF_E_4815509,TMF1,data/raw/audio/asvspoof2021_df/audio/DF_E_4815509.flac,1,spoof,mp3m4a,vcc2020,Task2-team30,notrim,eval,unknown,,,,,,,,,ASVspoof2021_DF,HuggingFace redistribution,dataset_license
asvspoof2021_df_DF_E_4726747,DF_E_4726747,VCC2TF2,data/raw/audio/asvspoof2021_df/audio/DF_E_4726747.flac,1,spoof,high_mp3,vcc2018,SPO-N12,notrim,eval,traditional_vocoder,,,,,,,,,ASVspoof2021_DF,HuggingFace redistribution,dataset_license
asvspoof2021_df_DF_E_4836247,DF_E_4836247,LA_0010,data/raw/audio/asvspoof2021_df/audio/DF_E_4836247.flac,0,bonafide,high_ogg,asvspoof,-,notrim,eval,bonafide,,,,,,,,,ASVspoof2021_DF,HuggingFace redistribution,dataset_license
asvspoof2021_df_DF_E_4848212,DF_E_4848212,LA_0041,data/raw/audio/asvspoof2021_df/audio/DF_E_4848212.flac,1,spoof,oggm4a,asvspoof,A17,notrim,eval,traditional_vocoder,,,,,,,,,ASVspoof2021_DF,HuggingFace redistribution,dataset_license
asvspoof2021_df_DF_E_2976655,DF_E_2976655,TGM1,data/raw/audio/asvspoof2021_df/audio/DF_E_2976655.flac,1,spoof,low_mp3,vcc2020,Task2-team09,notrim,eval,neural_vocoder_nonautoregressive,,,,,,,,,ASVspoof2021_DF,HuggingFace redistribution,dataset_license
asvspoof2021_df_DF_E_3085505,DF_E_3085505,TGF1,data/raw/audio/asvspoof2021_df/audio/DF_E_3085505.flac,1,spoof,high_ogg,vcc2020,Task2-team02,notrim,eval,neural_vocoder_nonautoregressive,,,,,,,,,ASVspoof2021_DF,HuggingFace redistribution,dataset_license
asvspoof2021_df_DF_E_4690992,DF_E_4690992,VCC2TF2,data/raw/audio/asvspoof2021_df/audio/DF_E_4690992.flac,1,spoof,mp3m4a,vcc2018,HUB-N08,notrim,eval,traditional_vocoder,,,,,,,,,ASVspoof2021_DF,HuggingFace redistribution,dataset_license
asvspoof2021_df_DF_E_4664219,DF_E_4664219,TGM1,data/raw/audio/asvspoof2021_df/audio/DF_E_4664219.flac,1,spoof,high_ogg,vcc2020,Task2-team12,notrim,eval,traditional_vocoder,,,,,,,,,ASVspoof2021_DF,HuggingFace redistribution,dataset_license
asvspoof2021_df_DF_E_3077027,DF_E_3077027,TEM2,data/raw/audio/asvspoof2021_df/audio/DF_E_3077027.flac,1,spoof,high_mp3,vcc2020,Task1-team19,notrim,eval,neural_vocoder_nonautoregressive,,,,,,,,,ASVspoof2021_DF,HuggingFace redistribution,dataset_license
asvspoof2021_df_DF_E_4531571,DF_E_4531571,TEF1,data/raw/audio/asvspoof2021_df/audio/DF_E_4531571.flac,1,spoof,high_mp3,vcc2020,Task1-team07,notrim,eval,neural_vocoder_autoregressive,,,,,,,,,ASVspoof2021_DF,HuggingFace redistribution,dataset_license
asvspoof2021_df_DF_E_4547613,DF_E_4547613,TMF1,data/raw/audio/asvspoof2021_df/audio/DF_E_4547613.flac,1,spoof,oggm4a,vcc2020,Task2-team25,notrim,eval,neural_vocoder_autoregressive,,,,,,,,,ASVspoof2021_DF,HuggingFace redistribution,dataset_license
asvspoof2021_df_DF_E_3079286,DF_E_3079286,TFF1,data/raw/audio/asvspoof2021_df/audio/DF_E_3079286.flac,0,bonafide,low_ogg,vcc2020,-,notrim,eval,bonafide,,,,,,,,,ASVspoof2021_DF,HuggingFace redistribution,dataset_license
asvspoof2021_df_DF_E_4530684,DF_E_4530684,VCC2TF2,data/raw/audio/asvspoof2021_df/audio/DF_E_4530684.flac,1,spoof,oggm4a,vcc2018,SPO-N18,notrim,eval,traditional_vocoder,,,,,,,,,ASVspoof2021_DF,HuggingFace redistribution,dataset_license
asvspoof2021_df_DF_E_3006242,DF_E_3006242,VCC2TM2,data/raw/audio/asvspoof2021_df/audio/DF_E_3006242.flac,1,spoof,oggm4a,vcc2018,HUB-N10,notrim,eval,neural_vocoder_autoregressive,,,,,,,,,ASVspoof2021_DF,HuggingFace redistribution,dataset_license
asvspoof2021_df_DF_E_4824086,DF_E_4824086,TEM1,data/raw/audio/asvspoof2021_df/audio/DF_E_4824086.flac,1,spoof,low_m4a,vcc2020,Task1-team32,notrim,eval,neural_vocoder_autoregressive,,,,,,,,,ASVspoof2021_DF,HuggingFace redistribution,dataset_license
asvspoof2021_df_DF_E_3073839,DF_E_3073839,LA_0026,data/raw/audio/asvspoof2021_df/audio/DF_E_3073839.flac,1,spoof,mp3m4a,asvspoof,A18,notrim,eval,traditional_vocoder,,,,,,,,,ASVspoof2021_DF,HuggingFace redistribution,dataset_license
asvspoof2021_df_DF_E_4846799,DF_E_4846799,LA_0055,data/raw/audio/asvspoof2021_df/audio/DF_E_4846799.flac,0,bonafide,high_ogg,asvspoof,-,notrim,eval,bonafide,,,,,,,,,ASVspoof2021_DF,HuggingFace redistribution,dataset_license
asvspoof2021_df_DF_E_3048948,DF_E_3048948,VCC2TF2,data/raw/audio/asvspoof2021_df/audio/DF_E_3048948.flac,0,bonafide,oggm4a,vcc2018,-,notrim,eval,bonafide,,,,,,,,,ASVspoof2021_DF,HuggingFace redistribution,dataset_license
asvspoof2021_df_DF_E_3010583,DF_E_3010583,TGF1,data/raw/audio/asvspoof2021_df/audio/DF_E_3010583.flac,1,spoof,low_mp3,vcc2020,Task2-team23,notrim,eval,neural_vocoder_autoregressive,,,,,,,,,ASVspoof2021_DF,HuggingFace redistribution,dataset_license
asvspoof2021_df_DF_E_4730114,DF_E_4730114,TFF1,data/raw/audio/asvspoof2021_df/audio/DF_E_4730114.flac,1,spoof,high_mp3,vcc2020,Task2-team27,notrim,eval,neural_vocoder_nonautoregressive,,,,,,,,,ASVspoof2021_DF,HuggingFace redistribution,dataset_license
asvspoof2021_df_DF_E_4734972,DF_E_4734972,LA_0018,data/raw/audio/asvspoof2021_df/audio/DF_E_4734972.flac,0,bonafide,high_ogg,asvspoof,-,notrim,eval,bonafide,,,,,,,,,ASVspoof2021_DF,HuggingFace redistribution,dataset_license
asvspoof2021_df_DF_E_4735157,DF_E_4735157,TEM1,data/raw/audio/asvspoof2021_df/audio/DF_E_4735157.flac,1,spoof,high_mp3,vcc2020,Task1-team32,notrim,eval,neural_vocoder_autoregressive,,,,,,,,,ASVspoof2021_DF,HuggingFace redistribution,dataset_license
asvspoof2021_df_DF_E_4676889,DF_E_4676889,TMM1,data/raw/audio/asvspoof2021_df/audio/DF_E_4676889.flac,1,spoof,nocodec,vcc2020,Task2-team07,notrim,eval,neural_vocoder_autoregressive,,,,,,,,,ASVspoof2021_DF,HuggingFace redistribution,dataset_license
asvspoof2021_df_DF_E_4685398,DF_E_4685398,LA_0016,data/raw/audio/asvspoof2021_df/audio/DF_E_4685398.flac,0,bonafide,low_ogg,asvspoof,-,notrim,eval,bonafide,,,,,,,,,ASVspoof2021_DF,HuggingFace redistribution,dataset_license
asvspoof2021_df_DF_E_4720475,DF_E_4720475,VCC2TM1,data/raw/audio/asvspoof2021_df/audio/DF_E_4720475.flac,0,bonafide,low_ogg,vcc2018,-,notrim,eval,bonafide,,,,,,,,,ASVspoof2021_DF,HuggingFace redistribution,dataset_license
asvspoof2021_df_DF_E_3057161,DF_E_3057161,LA_0065,data/raw/audio/asvspoof2021_df/audio/DF_E_3057161.flac,0,bonafide,low_ogg,asvspoof,-,notrim,eval,bonafide,,,,,,,,,ASVspoof2021_DF,HuggingFace redistribution,dataset_license
asvspoof2021_df_DF_E_4522104,DF_E_4522104,VCC2TF2,data/raw/audio/asvspoof2021_df/audio/DF_E_4522104.flac,1,spoof,oggm4a,vcc2018,HUB-N07,notrim,eval,traditional_vocoder,,,,,,,,,ASVspoof2021_DF,HuggingFace redistribution,dataset_license
asvspoof2021_df_DF_E_2994387,DF_E_2994387,TFF1,data/raw/audio/asvspoof2021_df/audio/DF_E_2994387.flac,1,spoof,low_m4a,vcc2020,Task2-team10,notrim,eval,neural_vocoder_autoregressive,,,,,,,,,ASVspoof2021_DF,HuggingFace redistribution,dataset_license
asvspoof2021_df_DF_E_3000393,DF_E_3000393,LA_0009,data/raw/audio/asvspoof2021_df/audio/DF_E_3000393.flac,1,spoof,mp3m4a,asvspoof,A12,notrim,eval,neural_vocoder_autoregressive,,,,,,,,,ASVspoof2021_DF,HuggingFace redistribution,dataset_license
asvspoof2021_df_DF_E_2982392,DF_E_2982392,TFF1,data/raw/audio/asvspoof2021_df/audio/DF_E_2982392.flac,1,spoof,high_ogg,vcc2020,Task2-team16,notrim,eval,neural_vocoder_nonautoregressive,,,,,,,,,ASVspoof2021_DF,HuggingFace redistribution,dataset_license
asvspoof2021_df_DF_E_4835847,DF_E_4835847,TEF1,data/raw/audio/asvspoof2021_df/audio/DF_E_4835847.flac,1,spoof,mp3m4a,vcc2020,Task1-team31,notrim,eval,neural_vocoder_nonautoregressive,,,,,,,,,ASVspoof2021_DF,HuggingFace redistribution,dataset_license
asvspoof2021_df_DF_E_3063902,DF_E_3063902,TEF2,data/raw/audio/asvspoof2021_df/audio/DF_E_3063902.flac,1,spoof,low_mp3,vcc2020,Task1-team14,notrim,eval,neural_vocoder_nonautoregressive,,,,,,,,,ASVspoof2021_DF,HuggingFace redistribution,dataset_license
asvspoof2021_df_DF_E_4541815,DF_E_4541815,LA_0001,data/raw/audio/asvspoof2021_df/audio/DF_E_4541815.flac,1,spoof,mp3m4a,asvspoof,A11,notrim,eval,traditional_vocoder,,,,,,,,,ASVspoof2021_DF,HuggingFace redistribution,dataset_license
asvspoof2021_df_DF_E_4521553,DF_E_4521553,TGM1,data/raw/audio/asvspoof2021_df/audio/DF_E_4521553.flac,1,spoof,high_m4a,vcc2020,Task2-team15,notrim,eval,neural_vocoder_nonautoregressive,,,,,,,,,ASVspoof2021_DF,HuggingFace redistribution,dataset_license
asvspoof2021_df_DF_E_4529649,DF_E_4529649,TEF1,data/raw/audio/asvspoof2021_df/audio/DF_E_4529649.flac,1,spoof,low_m4a,vcc2020,Task1-team10,notrim,eval,neural_vocoder_autoregressive,,,,,,,,,ASVspoof2021_DF,HuggingFace redistribution,dataset_license
asvspoof2021_df_DF_E_3072994,DF_E_3072994,LA_0044,data/raw/audio/asvspoof2021_df/audio/DF_E_3072994.flac,1,spoof,oggm4a,asvspoof,A18,notrim,eval,traditional_vocoder,,,,,,,,,ASVspoof2021_DF,HuggingFace redistribution,dataset_license
asvspoof2021_df_DF_E_2994528,DF_E_2994528,LA_0016,data/raw/audio/asvspoof2021_df/audio/DF_E_2994528.flac,1,spoof,oggm4a,asvspoof,A15,notrim,eval,neural_vocoder_autoregressive,,,,,,,,,ASVspoof2021_DF,HuggingFace redistribution,dataset_license
asvspoof2021_df_DF_E_4709778,DF_E_4709778,TEM1,data/raw/audio/asvspoof2021_df/audio/DF_E_4709778.flac,1,spoof,high_ogg,vcc2020,Task1-team27,notrim,eval,neural_vocoder_nonautoregressive,,,,,,,,,ASVspoof2021_DF,HuggingFace redistribution,dataset_license
asvspoof2021_df_DF_E_4725227,DF_E_4725227,TFF1,data/raw/audio/asvspoof2021_df/audio/DF_E_4725227.flac,1,spoof,mp3m4a,vcc2020,Task2-team32,notrim,eval,neural_vocoder_autoregressive,,,,,,,,,ASVspoof2021_DF,HuggingFace redistribution,dataset_license
asvspoof2021_df_DF_E_4723132,DF_E_4723132,TGF1,data/raw/audio/asvspoof2021_df/audio/DF_E_4723132.flac,1,spoof,low_ogg,vcc2020,Task2-team27,notrim,eval,neural_vocoder_nonautoregressive,,,,,,,,,ASVspoof2021_DF,HuggingFace redistribution,dataset_license
asvspoof2021_df_DF_E_3064364,DF_E_3064364,TGM1,data/raw/audio/asvspoof2021_df/audio/DF_E_3064364.flac,1,spoof,low_m4a,vcc2020,Task2-team09,notrim,eval,neural_vocoder_nonautoregressive,,,,,,,,,ASVspoof2021_DF,HuggingFace redistribution,dataset_license
asvspoof2021_df_DF_E_4546307,DF_E_4546307,LA_0045,data/raw/audio/asvspoof2021_df/audio/DF_E_4546307.flac,0,bonafide,low_ogg,asvspoof,-,notrim,eval,bonafide,,,,,,,,,ASVspoof2021_DF,HuggingFace redistribution,dataset_license
asvspoof2021_df_DF_E_3052002,DF_E_3052002,LA_0019,data/raw/audio/asvspoof2021_df/audio/DF_E_3052002.flac,0,bonafide,low_ogg,asvspoof,-,notrim,eval,bonafide,,,,,,,,,ASVspoof2021_DF,HuggingFace redistribution,dataset_license
asvspoof2021_df_DF_E_4722648,DF_E_4722648,TMF1,data/raw/audio/asvspoof2021_df/audio/DF_E_4722648.flac,1,spoof,low_ogg,vcc2020,Task2-team32,notrim,eval,neural_vocoder_autoregressive,,,,,,,,,ASVspoof2021_DF,HuggingFace redistribution,dataset_license
asvspoof2021_df_DF_E_4839762,DF_E_4839762,TFM1,data/raw/audio/asvspoof2021_df/audio/DF_E_4839762.flac,1,spoof,high_m4a,vcc2020,Task2-team19,notrim,eval,neural_vocoder_nonautoregressive,,,,,,,,,ASVspoof2021_DF,HuggingFace redistribution,dataset_license
asvspoof2021_df_DF_E_4735511,DF_E_4735511,SEM1,data/raw/audio/asvspoof2021_df/audio/DF_E_4735511.flac,0,bonafide,nocodec,vcc2020,-,notrim,eval,bonafide,,,,,,,,,ASVspoof2021_DF,HuggingFace redistribution,dataset_license
asvspoof2021_df_DF_E_4700836,DF_E_4700836,TFM1,data/raw/audio/asvspoof2021_df/audio/DF_E_4700836.flac,0,bonafide,low_m4a,vcc2020,-,notrim,eval,bonafide,,,,,,,,,ASVspoof2021_DF,HuggingFace redistribution,dataset_license
asvspoof2021_df_DF_E_2990282,DF_E_2990282,VCC2SM3,data/raw/audio/asvspoof2021_df/audio/DF_E_2990282.flac,0,bonafide,nocodec,vcc2018,-,notrim,eval,bonafide,,,,,,,,,ASVspoof2021_DF,HuggingFace redistribution,dataset_license
asvspoof2021_df_DF_E_3081568,DF_E_3081568,VCC2TF1,data/raw/audio/asvspoof2021_df/audio/DF_E_3081568.flac,1,spoof,low_mp3,vcc2018,HUB-N07,notrim,eval,traditional_vocoder,,,,,,,,,ASVspoof2021_DF,HuggingFace redistribution,dataset_license
asvspoof2021_df_DF_E_4533976,DF_E_4533976,LA_0005,data/raw/audio/asvspoof2021_df/audio/DF_E_4533976.flac,1,spoof,low_mp3,asvspoof,A10,notrim,eval,neural_vocoder_autoregressive,,,,,,,,,ASVspoof2021_DF,HuggingFace redistribution,dataset_license
asvspoof2021_df_DF_E_4819234,DF_E_4819234,TEM1,data/raw/audio/asvspoof2021_df/audio/DF_E_4819234.flac,1,spoof,nocodec,vcc2020,Task1-team24,notrim,eval,neural_vocoder_autoregressive,,,,,,,,,ASVspoof2021_DF,HuggingFace redistribution,dataset_license
asvspoof2021_df_DF_E_4818471,DF_E_4818471,LA_0008,data/raw/audio/asvspoof2021_df/audio/DF_E_4818471.flac,1,spoof,low_mp3,asvspoof,A08,notrim,eval,neural_vocoder_nonautoregressive,,,,,,,,,ASVspoof2021_DF,HuggingFace redistribution,dataset_license
asvspoof2021_df_DF_E_2995855,DF_E_2995855,LA_0015,data/raw/audio/asvspoof2021_df/audio/DF_E_2995855.flac,0,bonafide,oggm4a,asvspoof,-,notrim,eval,bonafide,,,,,,,,,ASVspoof2021_DF,HuggingFace redistribution,dataset_license
asvspoof2021_df_DF_E_4665026,DF_E_4665026,TEM2,data/raw/audio/asvspoof2021_df/audio/DF_E_4665026.flac,1,spoof,nocodec,vcc2020,Task1-team32,notrim,eval,neural_vocoder_autoregressive,,,,,,,,,ASVspoof2021_DF,HuggingFace redistribution,dataset_license
asvspoof2021_df_DF_E_4523145,DF_E_4523145,LA_0024,data/raw/audio/asvspoof2021_df/audio/DF_E_4523145.flac,0,bonafide,oggm4a,asvspoof,-,notrim,eval,bonafide,,,,,,,,,ASVspoof2021_DF,HuggingFace redistribution,dataset_license
asvspoof2021_df_DF_E_4539914,DF_E_4539914,VCC2TF2,data/raw/audio/asvspoof2021_df/audio/DF_E_4539914.flac,1,spoof,mp3m4a,vcc2018,HUB-N18,notrim,eval,traditional_vocoder,,,,,,,,,ASVspoof2021_DF,HuggingFace redistribution,dataset_license
asvspoof2021_df_DF_E_4530897,DF_E_4530897,TEM1,data/raw/audio/asvspoof2021_df/audio/DF_E_4530897.flac,1,spoof,low_m4a,vcc2020,Task1-team12,notrim,eval,traditional_vocoder,,,,,,,,,ASVspoof2021_DF,HuggingFace redistribution,dataset_license
asvspoof2021_df_DF_E_3053242,DF_E_3053242,TGM1,data/raw/audio/asvspoof2021_df/audio/DF_E_3053242.flac,0,bonafide,oggm4a,vcc2020,-,notrim,eval,bonafide,,,,,,,,,ASVspoof2021_DF,HuggingFace redistribution,dataset_license
asvspoof2021_df_DF_E_3062870,DF_E_3062870,LA_0032,data/raw/audio/asvspoof2021_df/audio/DF_E_3062870.flac,1,spoof,mp3m4a,asvspoof,A19,notrim,eval,traditional_vocoder,,,,,,,,,ASVspoof2021_DF,HuggingFace redistribution,dataset_license
asvspoof2021_df_DF_E_4847356,DF_E_4847356,LA_0028,data/raw/audio/asvspoof2021_df/audio/DF_E_4847356.flac,1,spoof,high_ogg,asvspoof,A15,notrim,eval,neural_vocoder_autoregressive,,,,,,,,,ASVspoof2021_DF,HuggingFace redistribution,dataset_license
asvspoof2021_df_DF_E_4542933,DF_E_4542933,LA_0036,data/raw/audio/asvspoof2021_df/audio/DF_E_4542933.flac,0,bonafide,high_ogg,asvspoof,-,notrim,eval,bonafide,,,,,,,,,ASVspoof2021_DF,HuggingFace redistribution,dataset_license
asvspoof2021_df_DF_E_3055649,DF_E_3055649,TMM1,data/raw/audio/asvspoof2021_df/audio/DF_E_3055649.flac,1,spoof,low_m4a,vcc2020,Task2-team27,notrim,eval,neural_vocoder_nonautoregressive,,,,,,,,,ASVspoof2021_DF,HuggingFace redistribution,dataset_license
asvspoof2021_df_DF_E_2987901,DF_E_2987901,LA_0042,data/raw/audio/asvspoof2021_df/audio/DF_E_2987901.flac,0,bonafide,high_ogg,asvspoof,-,notrim,eval,bonafide,,,,,,,,,ASVspoof2021_DF,HuggingFace redistribution,dataset_license
asvspoof2021_df_DF_E_4527632,DF_E_4527632,VCC2TM2,data/raw/audio/asvspoof2021_df/audio/DF_E_4527632.flac,1,spoof,low_m4a,vcc2018,HUB-N10,notrim,eval,neural_vocoder_autoregressive,,,,,,,,,ASVspoof2021_DF,HuggingFace redistribution,dataset_license
asvspoof2021_df_DF_E_4734391,DF_E_4734391,LA_0001,data/raw/audio/asvspoof2021_df/audio/DF_E_4734391.flac,0,bonafide,mp3m4a,asvspoof,-,notrim,eval,bonafide,,,,,,,,,ASVspoof2021_DF,HuggingFace redistribution,dataset_license
asvspoof2021_df_DF_E_4521069,DF_E_4521069,VCC2TF1,data/raw/audio/asvspoof2021_df/audio/DF_E_4521069.flac,1,spoof,high_mp3,vcc2018,SPO-N11,notrim,eval,traditional_vocoder,,,,,,,,,ASVspoof2021_DF,HuggingFace redistribution,dataset_license
asvspoof2021_df_DF_E_3078923,DF_E_3078923,LA_0008,data/raw/audio/asvspoof2021_df/audio/DF_E_3078923.flac,0,bonafide,nocodec,asvspoof,-,notrim,eval,bonafide,,,,,,,,,ASVspoof2021_DF,HuggingFace redistribution,dataset_license
asvspoof2021_df_DF_E_3060775,DF_E_3060775,LA_0016,data/raw/audio/asvspoof2021_df/audio/DF_E_3060775.flac,0,bonafide,oggm4a,asvspoof,-,notrim,eval,bonafide,,,,,,,,,ASVspoof2021_DF,HuggingFace redistribution,dataset_license
asvspoof2021_df_DF_E_3067763,DF_E_3067763,TEM2,data/raw/audio/asvspoof2021_df/audio/DF_E_3067763.flac,1,spoof,nocodec,vcc2020,Task1-team13,notrim,eval,neural_vocoder_autoregressive,,,,,,,,,ASVspoof2021_DF,HuggingFace redistribution,dataset_license
asvspoof2021_df_DF_E_3064918,DF_E_3064918,VCC2TF2,data/raw/audio/asvspoof2021_df/audio/DF_E_3064918.flac,1,spoof,low_mp3,vcc2018,SPO-N16,notrim,eval,traditional_vocoder,,,,,,,,,ASVspoof2021_DF,HuggingFace redistribution,dataset_license
asvspoof2021_df_DF_E_4818028,DF_E_4818028,TGF1,data/raw/audio/asvspoof2021_df/audio/DF_E_4818028.flac,1,spoof,high_m4a,vcc2020,Task2-team07,notrim,eval,neural_vocoder_autoregressive,,,,,,,,,ASVspoof2021_DF,HuggingFace redistribution,dataset_license
asvspoof2021_df_DF_E_4723864,DF_E_4723864,TMM1,data/raw/audio/asvspoof2021_df/audio/DF_E_4723864.flac,0,bonafide,high_ogg,vcc2020,-,notrim,eval,bonafide,,,,,,,,,ASVspoof2021_DF,HuggingFace redistribution,dataset_license
asvspoof2021_df_DF_E_4733101,DF_E_4733101,TGF1,data/raw/audio/asvspoof2021_df/audio/DF_E_4733101.flac,1,spoof,high_ogg,vcc2020,Task2-team19,notrim,eval,neural_vocoder_nonautoregressive,,,,,,,,,ASVspoof2021_DF,HuggingFace redistribution,dataset_license
asvspoof2021_df_DF_E_4730401,DF_E_4730401,LA_0027,data/raw/audio/asvspoof2021_df/audio/DF_E_4730401.flac,1,spoof,mp3m4a,asvspoof,A13,notrim,eval,traditional_vocoder,,,,,,,,,ASVspoof2021_DF,HuggingFace redistribution,dataset_license
asvspoof2021_df_DF_E_4842070,DF_E_4842070,VCC2TM2,data/raw/audio/asvspoof2021_df/audio/DF_E_4842070.flac,0,bonafide,mp3m4a,vcc2018,-,notrim,eval,bonafide,,,,,,,,,ASVspoof2021_DF,HuggingFace redistribution,dataset_license
asvspoof2021_df_DF_E_4523228,DF_E_4523228,LA_0002,data/raw/audio/asvspoof2021_df/audio/DF_E_4523228.flac,0,bonafide,low_ogg,asvspoof,-,notrim,eval,bonafide,,,,,,,,,ASVspoof2021_DF,HuggingFace redistribution,dataset_license
asvspoof2021_df_DF_E_4545039,DF_E_4545039,TEF2,data/raw/audio/asvspoof2021_df/audio/DF_E_4545039.flac,0,bonafide,low_ogg,vcc2020,-,notrim,eval,bonafide,,,,,,,,,ASVspoof2021_DF,HuggingFace redistribution,dataset_license
asvspoof2021_df_DF_E_4820447,DF_E_4820447,VCC2SM1,data/raw/audio/asvspoof2021_df/audio/DF_E_4820447.flac,0,bonafide,high_mp3,vcc2018,-,notrim,eval,bonafide,,,,,,,,,ASVspoof2021_DF,HuggingFace redistribution,dataset_license
asvspoof2021_df_DF_E_4736493,DF_E_4736493,LA_0009,data/raw/audio/asvspoof2021_df/audio/DF_E_4736493.flac,0,bonafide,high_mp3,asvspoof,-,notrim,eval,bonafide,,,,,,,,,ASVspoof2021_DF,HuggingFace redistribution,dataset_license
asvspoof2021_df_DF_E_4840285,DF_E_4840285,VCC2SF4,data/raw/audio/asvspoof2021_df/audio/DF_E_4840285.flac,0,bonafide,high_m4a,vcc2018,-,notrim,eval,bonafide,,,,,,,,,ASVspoof2021_DF,HuggingFace redistribution,dataset_license
asvspoof2021_df_DF_E_4828701,DF_E_4828701,VCC2TF2,data/raw/audio/asvspoof2021_df/audio/DF_E_4828701.flac,1,spoof,low_mp3,vcc2018,HUB-N16,notrim,eval,traditional_vocoder,,,,,,,,,ASVspoof2021_DF,HuggingFace redistribution,dataset_license
asvspoof2021_df_DF_E_4677356,DF_E_4677356,VCC2TM1,data/raw/audio/asvspoof2021_df/audio/DF_E_4677356.flac,1,spoof,oggm4a,vcc2018,HUB-N10,notrim,eval,neural_vocoder_autoregressive,,,,,,,,,ASVspoof2021_DF,HuggingFace redistribution,dataset_license
asvspoof2021_df_DF_E_4692691,DF_E_4692691,VCC2TF2,data/raw/audio/asvspoof2021_df/audio/DF_E_4692691.flac,1,spoof,nocodec,vcc2018,HUB-N04,notrim,eval,traditional_vocoder,,,,,,,,,ASVspoof2021_DF,HuggingFace redistribution,dataset_license
asvspoof2021_df_DF_E_3048574,DF_E_3048574,TFM1,data/raw/audio/asvspoof2021_df/audio/DF_E_3048574.flac,1,spoof,low_mp3,vcc2020,Task2-team28,notrim,eval,neural_vocoder_autoregressive,,,,,,,,,ASVspoof2021_DF,HuggingFace redistribution,dataset_license
asvspoof2021_df_DF_E_4839905,DF_E_4839905,VCC2SM3,data/raw/audio/asvspoof2021_df/audio/DF_E_4839905.flac,0,bonafide,high_m4a,vcc2018,-,notrim,eval,bonafide,,,,,,,,,ASVspoof2021_DF,HuggingFace redistribution,dataset_license
asvspoof2021_df_DF_E_3057835,DF_E_3057835,TEF2,data/raw/audio/asvspoof2021_df/audio/DF_E_3057835.flac,1,spoof,nocodec,vcc2020,Task1-team17,notrim,eval,neural_vocoder_nonautoregressive,,,,,,,,,ASVspoof2021_DF,HuggingFace redistribution,dataset_license
asvspoof2021_df_DF_E_4731698,DF_E_4731698,VCC2SF2,data/raw/audio/asvspoof2021_df/audio/DF_E_4731698.flac,0,bonafide,low_ogg,vcc2018,-,notrim,eval,bonafide,,,,,,,,,ASVspoof2021_DF,HuggingFace redistribution,dataset_license
asvspoof2021_df_DF_E_4532445,DF_E_4532445,LA_0002,data/raw/audio/asvspoof2021_df/audio/DF_E_4532445.flac,1,spoof,high_ogg,asvspoof,A09,notrim,eval,traditional_vocoder,,,,,,,,,ASVspoof2021_DF,HuggingFace redistribution,dataset_license
asvspoof2021_df_DF_E_4671487,DF_E_4671487,TEF1,data/raw/audio/asvspoof2021_df/audio/DF_E_4671487.flac,0,bonafide,low_m4a,vcc2020,-,notrim,eval,bonafide,,,,,,,,,ASVspoof2021_DF,HuggingFace redistribution,dataset_license
asvspoof2021_df_DF_E_3007277,DF_E_3007277,TMF1,data/raw/audio/asvspoof2021_df/audio/DF_E_3007277.flac,1,spoof,nocodec,vcc2020,Task2-team28,notrim,eval,neural_vocoder_autoregressive,,,,,,,,,ASVspoof2021_DF,HuggingFace redistribution,dataset_license
asvspoof2021_df_DF_E_4674312,DF_E_4674312,LA_0008,data/raw/audio/asvspoof2021_df/audio/DF_E_4674312.flac,0,bonafide,low_ogg,asvspoof,-,notrim,eval,bonafide,,,,,,,,,ASVspoof2021_DF,HuggingFace redistribution,dataset_license
asvspoof2021_df_DF_E_3056105,DF_E_3056105,LA_0036,data/raw/audio/asvspoof2021_df/audio/DF_E_3056105.flac,0,bonafide,mp3m4a,asvspoof,-,notrim,eval,bonafide,,,,,,,,,ASVspoof2021_DF,HuggingFace redistribution,dataset_license
asvspoof2021_df_DF_E_4836010,DF_E_4836010,SEF2,data/raw/audio/asvspoof2021_df/audio/DF_E_4836010.flac,0,bonafide,oggm4a,vcc2020,-,notrim,eval,bonafide,,,,,,,,,ASVspoof2021_DF,HuggingFace redistribution,dataset_license
asvspoof2021_df_DF_E_4729629,DF_E_4729629,LA_0036,data/raw/audio/asvspoof2021_df/audio/DF_E_4729629.flac,0,bonafide,high_ogg,asvspoof,-,notrim,eval,bonafide,,,,,,,,,ASVspoof2021_DF,HuggingFace redistribution,dataset_license
asvspoof2021_df_DF_E_3057485,DF_E_3057485,VCC2TM2,data/raw/audio/asvspoof2021_df/audio/DF_E_3057485.flac,1,spoof,nocodec,vcc2018,HUB-N10,notrim,eval,neural_vocoder_autoregressive,,,,,,,,,ASVspoof2021_DF,HuggingFace redistribution,dataset_license
asvspoof2021_df_DF_E_4690345,DF_E_4690345,VCC2TM2,data/raw/audio/asvspoof2021_df/audio/DF_E_4690345.flac,1,spoof,low_ogg,vcc2018,SPO-N11,notrim,eval,traditional_vocoder,,,,,,,,,ASVspoof2021_DF,HuggingFace redistribution,dataset_license
asvspoof2021_df_DF_E_4724790,DF_E_4724790,VCC2SM3,data/raw/audio/asvspoof2021_df/audio/DF_E_4724790.flac,0,bonafide,low_ogg,vcc2018,-,notrim,eval,bonafide,,,,,,,,,ASVspoof2021_DF,HuggingFace redistribution,dataset_license
asvspoof2021_df_DF_E_4539110,DF_E_4539110,LA_0011,data/raw/audio/asvspoof2021_df/audio/DF_E_4539110.flac,0,bonafide,low_ogg,asvspoof,-,notrim,eval,bonafide,,,,,,,,,ASVspoof2021_DF,HuggingFace redistribution,dataset_license
asvspoof2021_df_DF_E_4728784,DF_E_4728784,TEM2,data/raw/audio/asvspoof2021_df/audio/DF_E_4728784.flac,1,spoof,oggm4a,vcc2020,Task1-team30,notrim,eval,unknown,,,,,,,,,ASVspoof2021_DF,HuggingFace redistribution,dataset_license
asvspoof2021_df_DF_E_4686229,DF_E_4686229,VCC2TF2,data/raw/audio/asvspoof2021_df/audio/DF_E_4686229.flac,1,spoof,low_ogg,vcc2018,SPO-N10,notrim,eval,neural_vocoder_autoregressive,,,,,,,,,ASVspoof2021_DF,HuggingFace redistribution,dataset_license
asvspoof2021_df_DF_E_4813356,DF_E_4813356,LA_0017,data/raw/audio/asvspoof2021_df/audio/DF_E_4813356.flac,0,bonafide,oggm4a,asvspoof,-,notrim,eval,bonafide,,,,,,,,,ASVspoof2021_DF,HuggingFace redistribution,dataset_license
asvspoof2021_df_DF_E_4669286,DF_E_4669286,VCC2TF1,data/raw/audio/asvspoof2021_df/audio/DF_E_4669286.flac,0,bonafide,nocodec,vcc2018,-,notrim,eval,bonafide,,,,,,,,,ASVspoof2021_DF,HuggingFace redistribution,dataset_license
asvspoof2021_df_DF_E_3078702,DF_E_3078702,LA_0035,data/raw/audio/asvspoof2021_df/audio/DF_E_3078702.flac,0,bonafide,nocodec,asvspoof,-,notrim,eval,bonafide,,,,,,,,,ASVspoof2021_DF,HuggingFace redistribution,dataset_license
asvspoof2021_df_DF_E_2979613,DF_E_2979613,VCC2TM1,data/raw/audio/asvspoof2021_df/audio/DF_E_2979613.flac,0,bonafide,high_ogg,vcc2018,-,notrim,eval,bonafide,,,,,,,,,ASVspoof2021_DF,HuggingFace redistribution,dataset_license
asvspoof2021_df_DF_E_3072093,DF_E_3072093,TMM1,data/raw/audio/asvspoof2021_df/audio/DF_E_3072093.flac,1,spoof,oggm4a,vcc2020,Task2-team19,notrim,eval,neural_vocoder_nonautoregressive,,,,,,,,,ASVspoof2021_DF,HuggingFace redistribution,dataset_license
asvspoof2021_df_DF_E_3057405,DF_E_3057405,LA_0026,data/raw/audio/asvspoof2021_df/audio/DF_E_3057405.flac,0,bonafide,high_ogg,asvspoof,-,notrim,eval,bonafide,,,,,,,,,ASVspoof2021_DF,HuggingFace redistribution,dataset_license
asvspoof2021_df_DF_E_3055403,DF_E_3055403,TFF1,data/raw/audio/asvspoof2021_df/audio/DF_E_3055403.flac,1,spoof,oggm4a,vcc2020,Task2-team20,notrim,eval,neural_vocoder_nonautoregressive,,,,,,,,,ASVspoof2021_DF,HuggingFace redistribution,dataset_license
asvspoof2021_df_DF_E_4687293,DF_E_4687293,LA_0068,data/raw/audio/asvspoof2021_df/audio/DF_E_4687293.flac,0,bonafide,mp3m4a,asvspoof,-,notrim,eval,bonafide,,,,,,,,,ASVspoof2021_DF,HuggingFace redistribution,dataset_license
asvspoof2021_df_DF_E_3076735,DF_E_3076735,VCC2TF2,data/raw/audio/asvspoof2021_df/audio/DF_E_3076735.flac,1,spoof,low_m4a,vcc2018,HUB-N15,notrim,eval,traditional_vocoder,,,,,,,,,ASVspoof2021_DF,HuggingFace redistribution,dataset_license
asvspoof2021_df_DF_E_4847969,DF_E_4847969,LA_0002,data/raw/audio/asvspoof2021_df/audio/DF_E_4847969.flac,1,spoof,high_m4a,asvspoof,A15,notrim,eval,neural_vocoder_autoregressive,,,,,,,,,ASVspoof2021_DF,HuggingFace redistribution,dataset_license
asvspoof2021_df_DF_E_4679699,DF_E_4679699,LA_0009,data/raw/audio/asvspoof2021_df/audio/DF_E_4679699.flac,0,bonafide,mp3m4a,asvspoof,-,notrim,eval,bonafide,,,,,,,,,ASVspoof2021_DF,HuggingFace redistribution,dataset_license
asvspoof2021_df_DF_E_4668803,DF_E_4668803,TEF2,data/raw/audio/asvspoof2021_df/audio/DF_E_4668803.flac,0,bonafide,low_mp3,vcc2020,-,notrim,eval,bonafide,,,,,,,,,ASVspoof2021_DF,HuggingFace redistribution,dataset_license
asvspoof2021_df_DF_E_3052037,DF_E_3052037,LA_0011,data/raw/audio/asvspoof2021_df/audio/DF_E_3052037.flac,0,bonafide,oggm4a,asvspoof,-,notrim,eval,bonafide,,,,,,,,,ASVspoof2021_DF,HuggingFace redistribution,dataset_license
asvspoof2021_df_DF_E_4713089,DF_E_4713089,TGM1,data/raw/audio/asvspoof2021_df/audio/DF_E_4713089.flac,1,spoof,nocodec,vcc2020,Task2-team24,notrim,eval,neural_vocoder_autoregressive,,,,,,,,,ASVspoof2021_DF,HuggingFace redistribution,dataset_license
asvspoof2021_df_DF_E_4848826,DF_E_4848826,TFM1,data/raw/audio/asvspoof2021_df/audio/DF_E_4848826.flac,0,bonafide,oggm4a,vcc2020,-,notrim,eval,bonafide,,,,,,,,,ASVspoof2021_DF,HuggingFace redistribution,dataset_license
asvspoof2021_df_DF_E_4547547,DF_E_4547547,LA_0013,data/raw/audio/asvspoof2021_df/audio/DF_E_4547547.flac,0,bonafide,low_ogg,asvspoof,-,notrim,eval,bonafide,,,,,,,,,ASVspoof2021_DF,HuggingFace redistribution,dataset_license
asvspoof2021_df_DF_E_4702524,DF_E_4702524,LA_0021,data/raw/audio/asvspoof2021_df/audio/DF_E_4702524.flac,1,spoof,mp3m4a,asvspoof,A19,notrim,eval,traditional_vocoder,,,,,,,,,ASVspoof2021_DF,HuggingFace redistribution,dataset_license
asvspoof2021_df_DF_E_3054554,DF_E_3054554,TEF2,data/raw/audio/asvspoof2021_df/audio/DF_E_3054554.flac,1,spoof,high_ogg,vcc2020,Task1-team33,notrim,eval,neural_vocoder_nonautoregressive,,,,,,,,,ASVspoof2021_DF,HuggingFace redistribution,dataset_license
asvspoof2021_df_DF_E_3052134,DF_E_3052134,TEF2,data/raw/audio/asvspoof2021_df/audio/DF_E_3052134.flac,1,spoof,low_m4a,vcc2020,Task1-team06,notrim,eval,traditional_vocoder,,,,,,,,,ASVspoof2021_DF,HuggingFace redistribution,dataset_license
asvspoof2021_df_DF_E_4669608,DF_E_4669608,TFM1,data/raw/audio/asvspoof2021_df/audio/DF_E_4669608.flac,1,spoof,high_mp3,vcc2020,Task2-team12,notrim,eval,traditional_vocoder,,,,,,,,,ASVspoof2021_DF,HuggingFace redistribution,dataset_license
asvspoof2021_df_DF_E_4820398,DF_E_4820398,TGM1,data/raw/audio/asvspoof2021_df/audio/DF_E_4820398.flac,0,bonafide,nocodec,vcc2020,-,notrim,eval,bonafide,,,,,,,,,ASVspoof2021_DF,HuggingFace redistribution,dataset_license
asvspoof2021_df_DF_E_4736010,DF_E_4736010,TFM1,data/raw/audio/asvspoof2021_df/audio/DF_E_4736010.flac,1,spoof,oggm4a,vcc2020,Task2-team26,notrim,eval,traditional_vocoder,,,,,,,,,ASVspoof2021_DF,HuggingFace redistribution,dataset_license
asvspoof2021_df_DF_E_3073890,DF_E_3073890,TMF1,data/raw/audio/asvspoof2021_df/audio/DF_E_3073890.flac,1,spoof,high_m4a,vcc2020,Task2-team33,notrim,eval,neural_vocoder_nonautoregressive,,,,,,,,,ASVspoof2021_DF,HuggingFace redistribution,dataset_license
asvspoof2021_df_DF_E_4529220,DF_E_4529220,VCC2SM4,data/raw/audio/asvspoof2021_df/audio/DF_E_4529220.flac,0,bonafide,nocodec,vcc2018,-,notrim,eval,bonafide,,,,,,,,,ASVspoof2021_DF,HuggingFace redistribution,dataset_license
asvspoof2021_df_DF_E_3002414,DF_E_3002414,TEF1,data/raw/audio/asvspoof2021_df/audio/DF_E_3002414.flac,1,spoof,low_m4a,vcc2020,Task1-team02,notrim,eval,neural_vocoder_nonautoregressive,,,,,,,,,ASVspoof2021_DF,HuggingFace redistribution,dataset_license
asvspoof2021_df_DF_E_4539014,DF_E_4539014,VCC2TM2,data/raw/audio/asvspoof2021_df/audio/DF_E_4539014.flac,0,bonafide,high_mp3,vcc2018,-,notrim,eval,bonafide,,,,,,,,,ASVspoof2021_DF,HuggingFace redistribution,dataset_license
asvspoof2021_df_DF_E_4726560,DF_E_4726560,TEM2,data/raw/audio/asvspoof2021_df/audio/DF_E_4726560.flac,1,spoof,low_mp3,vcc2020,Task1-team27,notrim,eval,neural_vocoder_nonautoregressive,,,,,,,,,ASVspoof2021_DF,HuggingFace redistribution,dataset_license
asvspoof2021_df_DF_E_4730747,DF_E_4730747,TEF2,data/raw/audio/asvspoof2021_df/audio/DF_E_4730747.flac,0,bonafide,nocodec,vcc2020,-,notrim,eval,bonafide,,,,,,,,,ASVspoof2021_DF,HuggingFace redistribution,dataset_license
asvspoof2021_df_DF_E_4734510,DF_E_4734510,TEF2,data/raw/audio/asvspoof2021_df/audio/DF_E_4734510.flac,1,spoof,high_mp3,vcc2020,Task1-team10,notrim,eval,neural_vocoder_autoregressive,,,,,,,,,ASVspoof2021_DF,HuggingFace redistribution,dataset_license
asvspoof2021_df_DF_E_4733876,DF_E_4733876,TGM1,data/raw/audio/asvspoof2021_df/audio/DF_E_4733876.flac,1,spoof,high_mp3,vcc2020,Task2-team33,notrim,eval,neural_vocoder_nonautoregressive,,,,,,,,,ASVspoof2021_DF,HuggingFace redistribution,dataset_license
asvspoof2021_df_DF_E_4844497,DF_E_4844497,VCC2SF1,data/raw/audio/asvspoof2021_df/audio/DF_E_4844497.flac,0,bonafide,nocodec,vcc2018,-,notrim,eval,bonafide,,,,,,,,,ASVspoof2021_DF,HuggingFace redistribution,dataset_license
asvspoof2021_df_DF_E_4725183,DF_E_4725183,LA_0003,data/raw/audio/asvspoof2021_df/audio/DF_E_4725183.flac,0,bonafide,low_ogg,asvspoof,-,notrim,eval,bonafide,,,,,,,,,ASVspoof2021_DF,HuggingFace redistribution,dataset_license
asvspoof2021_df_DF_E_3009284,DF_E_3009284,LA_0005,data/raw/audio/asvspoof2021_df/audio/DF_E_3009284.flac,0,bonafide,oggm4a,asvspoof,-,notrim,eval,bonafide,,,,,,,,,ASVspoof2021_DF,HuggingFace redistribution,dataset_license
asvspoof2021_df_DF_E_4720391,DF_E_4720391,TGM1,data/raw/audio/asvspoof2021_df/audio/DF_E_4720391.flac,0,bonafide,oggm4a,vcc2020,-,notrim,eval,bonafide,,,,,,,,,ASVspoof2021_DF,HuggingFace redistribution,dataset_license
asvspoof2021_df_DF_E_3005360,DF_E_3005360,VCC2SF1,data/raw/audio/asvspoof2021_df/audio/DF_E_3005360.flac,0,bonafide,nocodec,vcc2018,-,notrim,eval,bonafide,,,,,,,,,ASVspoof2021_DF,HuggingFace redistribution,dataset_license
asvspoof2021_df_DF_E_4547849,DF_E_4547849,LA_0018,data/raw/audio/asvspoof2021_df/audio/DF_E_4547849.flac,0,bonafide,low_mp3,asvspoof,-,notrim,eval,bonafide,,,,,,,,,ASVspoof2021_DF,HuggingFace redistribution,dataset_license
asvspoof2021_df_DF_E_4534480,DF_E_4534480,TGF1,data/raw/audio/asvspoof2021_df/audio/DF_E_4534480.flac,1,spoof,high_mp3,vcc2020,Task2-team26,notrim,eval,traditional_vocoder,,,,,,,,,ASVspoof2021_DF,HuggingFace redistribution,dataset_license
asvspoof2021_df_DF_E_3054137,DF_E_3054137,VCC2TF2,data/raw/audio/asvspoof2021_df/audio/DF_E_3054137.flac,0,bonafide,high_ogg,vcc2018,-,notrim,eval,bonafide,,,,,,,,,ASVspoof2021_DF,HuggingFace redistribution,dataset_license
asvspoof2021_df_DF_E_3057210,DF_E_3057210,LA_0003,data/raw/audio/asvspoof2021_df/audio/DF_E_3057210.flac,0,bonafide,mp3m4a,asvspoof,-,notrim,eval,bonafide,,,,,,,,,ASVspoof2021_DF,HuggingFace redistribution,dataset_license
asvspoof2021_df_DF_E_4847112,DF_E_4847112,VCC2TF1,data/raw/audio/asvspoof2021_df/audio/DF_E_4847112.flac,1,spoof,low_mp3,vcc2018,HUB-N09,notrim,eval,traditional_vocoder,,,,,,,,,ASVspoof2021_DF,HuggingFace redistribution,dataset_license
asvspoof2021_df_DF_E_2998426,DF_E_2998426,TGM1,data/raw/audio/asvspoof2021_df/audio/DF_E_2998426.flac,0,bonafide,high_mp3,vcc2020,-,notrim,eval,bonafide,,,,,,,,,ASVspoof2021_DF,HuggingFace redistribution,dataset_license
asvspoof2021_df_DF_E_4697762,DF_E_4697762,TFF1,data/raw/audio/asvspoof2021_df/audio/DF_E_4697762.flac,1,spoof,low_mp3,vcc2020,Task2-team25,notrim,eval,neural_vocoder_autoregressive,,,,,,,,,ASVspoof2021_DF,HuggingFace redistribution,dataset_license
asvspoof2021_df_DF_E_4822000,DF_E_4822000,TFM1,data/raw/audio/asvspoof2021_df/audio/DF_E_4822000.flac,0,bonafide,low_m4a,vcc2020,-,notrim,eval,bonafide,,,,,,,,,ASVspoof2021_DF,HuggingFace redistribution,dataset_license
asvspoof2021_df_DF_E_4700103,DF_E_4700103,TGM1,data/raw/audio/asvspoof2021_df/audio/DF_E_4700103.flac,1,spoof,mp3m4a,vcc2020,Task2-team07,notrim,eval,neural_vocoder_autoregressive,,,,,,,,,ASVspoof2021_DF,HuggingFace redistribution,dataset_license
asvspoof2021_df_DF_E_4836129,DF_E_4836129,VCC2TF2,data/raw/audio/asvspoof2021_df/audio/DF_E_4836129.flac,1,spoof,nocodec,vcc2018,HUB-D05,notrim,eval,traditional_vocoder,,,,,,,,,ASVspoof2021_DF,HuggingFace redistribution,dataset_license
asvspoof2021_df_DF_E_4519942,DF_E_4519942,VCC2TF1,data/raw/audio/asvspoof2021_df/audio/DF_E_4519942.flac,1,spoof,nocodec,vcc2018,SPO-N17,notrim,eval,neural_vocoder_autoregressive,,,,,,,,,ASVspoof2021_DF,HuggingFace redistribution,dataset_license
asvspoof2021_df_DF_E_4514333,DF_E_4514333,TFM1,data/raw/audio/asvspoof2021_df/audio/DF_E_4514333.flac,1,spoof,low_m4a,vcc2020,Task2-team18,notrim,eval,unknown,,,,,,,,,ASVspoof2021_DF,HuggingFace redistribution,dataset_license
asvspoof2021_df_DF_E_4512605,DF_E_4512605,TFF1,data/raw/audio/asvspoof2021_df/audio/DF_E_4512605.flac,1,spoof,low_mp3,vcc2020,Task2-team33,notrim,eval,neural_vocoder_nonautoregressive,,,,,,,,,ASVspoof2021_DF,HuggingFace redistribution,dataset_license
asvspoof2021_df_DF_E_4818328,DF_E_4818328,LA_0005,data/raw/audio/asvspoof2021_df/audio/DF_E_4818328.flac,0,bonafide,high_ogg,asvspoof,-,notrim,eval,bonafide,,,,,,,,,ASVspoof2021_DF,HuggingFace redistribution,dataset_license
asvspoof2021_df_DF_E_2991206,DF_E_2991206,LA_0018,data/raw/audio/asvspoof2021_df/audio/DF_E_2991206.flac,1,spoof,mp3m4a,asvspoof,A09,notrim,eval,traditional_vocoder,,,,,,,,,ASVspoof2021_DF,HuggingFace redistribution,dataset_license
asvspoof2021_df_DF_E_4512729,DF_E_4512729,LA_0023,data/raw/audio/asvspoof2021_df/audio/DF_E_4512729.flac,0,bonafide,high_ogg,asvspoof,-,notrim,eval,bonafide,,,,,,,,,ASVspoof2021_DF,HuggingFace redistribution,dataset_license
asvspoof2021_df_DF_E_3080877,DF_E_3080877,LA_0016,data/raw/audio/asvspoof2021_df/audio/DF_E_3080877.flac,1,spoof,oggm4a,asvspoof,A12,notrim,eval,neural_vocoder_autoregressive,,,,,,,,,ASVspoof2021_DF,HuggingFace redistribution,dataset_license
asvspoof2021_df_DF_E_4699627,DF_E_4699627,LA_0023,data/raw/audio/asvspoof2021_df/audio/DF_E_4699627.flac,0,bonafide,nocodec,asvspoof,-,notrim,eval,bonafide,,,,,,,,,ASVspoof2021_DF,HuggingFace redistribution,dataset_license
asvspoof2021_df_DF_E_4816544,DF_E_4816544,LA_0022,data/raw/audio/asvspoof2021_df/audio/DF_E_4816544.flac,0,bonafide,low_ogg,asvspoof,-,notrim,eval,bonafide,,,,,,,,,ASVspoof2021_DF,HuggingFace redistribution,dataset_license
asvspoof2021_df_DF_E_4729136,DF_E_4729136,VCC2SF3,data/raw/audio/asvspoof2021_df/audio/DF_E_4729136.flac,0,bonafide,high_ogg,vcc2018,-,notrim,eval,bonafide,,,,,,,,,ASVspoof2021_DF,HuggingFace redistribution,dataset_license
asvspoof2021_df_DF_E_4727331,DF_E_4727331,LA_0003,data/raw/audio/asvspoof2021_df/audio/DF_E_4727331.flac,0,bonafide,high_ogg,asvspoof,-,notrim,eval,bonafide,,,,,,,,,ASVspoof2021_DF,HuggingFace redistribution,dataset_license
asvspoof2021_df_DF_E_4512216,DF_E_4512216,VCC2TM2,data/raw/audio/asvspoof2021_df/audio/DF_E_4512216.flac,1,spoof,high_ogg,vcc2018,HUB-N12,notrim,eval,traditional_vocoder,,,,,,,,,ASVspoof2021_DF,HuggingFace redistribution,dataset_license
asvspoof2021_df_DF_E_4690550,DF_E_4690550,LA_0026,data/raw/audio/asvspoof2021_df/audio/DF_E_4690550.flac,0,bonafide,low_m4a,asvspoof,-,notrim,eval,bonafide,,,,,,,,,ASVspoof2021_DF,HuggingFace redistribution,dataset_license
asvspoof2021_df_DF_E_4535682,DF_E_4535682,LA_0023,data/raw/audio/asvspoof2021_df/audio/DF_E_4535682.flac,0,bonafide,low_ogg,asvspoof,-,notrim,eval,bonafide,,,,,,,,,ASVspoof2021_DF,HuggingFace redistribution,dataset_license
asvspoof2021_df_DF_E_4679319,DF_E_4679319,LA_0024,data/raw/audio/asvspoof2021_df/audio/DF_E_4679319.flac,0,bonafide,low_ogg,asvspoof,-,notrim,eval,bonafide,,,,,,,,,ASVspoof2021_DF,HuggingFace redistribution,dataset_license
asvspoof2021_df_DF_E_3079068,DF_E_3079068,VCC2TF1,data/raw/audio/asvspoof2021_df/audio/DF_E_3079068.flac,1,spoof,low_ogg,vcc2018,HUB-N19,notrim,eval,traditional_vocoder,,,,,,,,,ASVspoof2021_DF,HuggingFace redistribution,dataset_license
asvspoof2021_df_DF_E_4542044,DF_E_4542044,LA_0040,data/raw/audio/asvspoof2021_df/audio/DF_E_4542044.flac,1,spoof,oggm4a,asvspoof,A11,notrim,eval,traditional_vocoder,,,,,,,,,ASVspoof2021_DF,HuggingFace redistribution,dataset_license
asvspoof2021_df_DF_E_2995143,DF_E_2995143,TFM1,data/raw/audio/asvspoof2021_df/audio/DF_E_2995143.flac,1,spoof,high_ogg,vcc2020,Task2-team26,notrim,eval,traditional_vocoder,,,,,,,,,ASVspoof2021_DF,HuggingFace redistribution,dataset_license
asvspoof2021_df_DF_E_4526512,DF_E_4526512,TGF1,data/raw/audio/asvspoof2021_df/audio/DF_E_4526512.flac,1,spoof,low_m4a,vcc2020,Task2-team02,notrim,eval,neural_vocoder_nonautoregressive,,,,,,,,,ASVspoof2021_DF,HuggingFace redistribution,dataset_license
asvspoof2021_df_DF_E_4702672,DF_E_4702672,LA_0053,data/raw/audio/asvspoof2021_df/audio/DF_E_4702672.flac,0,bonafide,low_ogg,asvspoof,-,notrim,eval,bonafide,,,,,,,,,ASVspoof2021_DF,HuggingFace redistribution,dataset_license
asvspoof2021_df_DF_E_4675922,DF_E_4675922,VCC2TM2,data/raw/audio/asvspoof2021_df/audio/DF_E_4675922.flac,1,spoof,high_m4a,vcc2018,HUB-N05,notrim,eval,traditional_vocoder,,,,,,,,,ASVspoof2021_DF,HuggingFace redistribution,dataset_license
asvspoof2021_df_DF_E_3070898,DF_E_3070898,TFM1,data/raw/audio/asvspoof2021_df/audio/DF_E_3070898.flac,1,spoof,low_mp3,vcc2020,Task2-team18,notrim,eval,unknown,,,,,,,,,ASVspoof2021_DF,HuggingFace redistribution,dataset_license
asvspoof2021_df_DF_E_3048627,DF_E_3048627,VCC2TM1,data/raw/audio/asvspoof2021_df/audio/DF_E_3048627.flac,1,spoof,mp3m4a,vcc2018,HUB-N15,notrim,eval,traditional_vocoder,,,,,,,,,ASVspoof2021_DF,HuggingFace redistribution,dataset_license
asvspoof2021_df_DF_E_4735374,DF_E_4735374,TEF2,data/raw/audio/asvspoof2021_df/audio/DF_E_4735374.flac,1,spoof,high_mp3,vcc2020,Task1-team30,notrim,eval,unknown,,,,,,,,,ASVspoof2021_DF,HuggingFace redistribution,dataset_license
asvspoof2021_df_DF_E_3053677,DF_E_3053677,TMM1,data/raw/audio/asvspoof2021_df/audio/DF_E_3053677.flac,1,spoof,mp3m4a,vcc2020,Task2-team02,notrim,eval,neural_vocoder_nonautoregressive,,,,,,,,,ASVspoof2021_DF,HuggingFace redistribution,dataset_license
asvspoof2021_df_DF_E_4830992,DF_E_4830992,TGF1,data/raw/audio/asvspoof2021_df/audio/DF_E_4830992.flac,1,spoof,nocodec,vcc2020,Task2-team05,notrim,eval,neural_vocoder_nonautoregressive,,,,,,,,,ASVspoof2021_DF,HuggingFace redistribution,dataset_license
asvspoof2021_df_DF_E_2980087,DF_E_2980087,VCC2TF1,data/raw/audio/asvspoof2021_df/audio/DF_E_2980087.flac,1,spoof,oggm4a,vcc2018,SPO-N03,notrim,eval,unknown,,,,,,,,,ASVspoof2021_DF,HuggingFace redistribution,dataset_license
asvspoof2021_df_DF_E_3078855,DF_E_3078855,VCC2SF2,data/raw/audio/asvspoof2021_df/audio/DF_E_3078855.flac,0,bonafide,high_m4a,vcc2018,-,notrim,eval,bonafide,,,,,,,,,ASVspoof2021_DF,HuggingFace redistribution,dataset_license
asvspoof2021_df_DF_E_4815406,DF_E_4815406,VCC2SF2,data/raw/audio/asvspoof2021_df/audio/DF_E_4815406.flac,0,bonafide,high_m4a,vcc2018,-,notrim,eval,bonafide,,,,,,,,,ASVspoof2021_DF,HuggingFace redistribution,dataset_license
asvspoof2021_df_DF_E_4681413,DF_E_4681413,TEF2,data/raw/audio/asvspoof2021_df/audio/DF_E_4681413.flac,0,bonafide,high_mp3,vcc2020,-,notrim,eval,bonafide,,,,,,,,,ASVspoof2021_DF,HuggingFace redistribution,dataset_license
asvspoof2021_df_DF_E_4717675,DF_E_4717675,VCC2SF4,data/raw/audio/asvspoof2021_df/audio/DF_E_4717675.flac,0,bonafide,high_ogg,vcc2018,-,notrim,eval,bonafide,,,,,,,,,ASVspoof2021_DF,HuggingFace redistribution,dataset_license
asvspoof2021_df_DF_E_3057889,DF_E_3057889,TEM2,data/raw/audio/asvspoof2021_df/audio/DF_E_3057889.flac,1,spoof,nocodec,vcc2020,Task1-team16,notrim,eval,neural_vocoder_nonautoregressive,,,,,,,,,ASVspoof2021_DF,HuggingFace redistribution,dataset_license
asvspoof2021_df_DF_E_2989919,DF_E_2989919,LA_0046,data/raw/audio/asvspoof2021_df/audio/DF_E_2989919.flac,1,spoof,high_m4a,asvspoof,A18,notrim,eval,traditional_vocoder,,,,,,,,,ASVspoof2021_DF,HuggingFace redistribution,dataset_license
asvspoof2021_df_DF_E_4838035,DF_E_4838035,VCC2TM2,data/raw/audio/asvspoof2021_df/audio/DF_E_4838035.flac,1,spoof,low_ogg,vcc2018,HUB-N04,notrim,eval,traditional_vocoder,,,,,,,,,ASVspoof2021_DF,HuggingFace redistribution,dataset_license
asvspoof2021_df_DF_E_4831698,DF_E_4831698,TEM1,data/raw/audio/asvspoof2021_df/audio/DF_E_4831698.flac,1,spoof,oggm4a,vcc2020,Task1-team01,notrim,eval,neural_vocoder_nonautoregressive,,,,,,,,,ASVspoof2021_DF,HuggingFace redistribution,dataset_license
asvspoof2021_df_DF_E_4541049,DF_E_4541049,LA_0014,data/raw/audio/asvspoof2021_df/audio/DF_E_4541049.flac,0,bonafide,high_mp3,asvspoof,-,notrim,eval,bonafide,,,,,,,,,ASVspoof2021_DF,HuggingFace redistribution,dataset_license
asvspoof2021_df_DF_E_3079361,DF_E_3079361,VCC2TM1,data/raw/audio/asvspoof2021_df/audio/DF_E_3079361.flac,1,spoof,oggm4a,vcc2018,HUB-D05,notrim,eval,traditional_vocoder,,,,,,,,,ASVspoof2021_DF,HuggingFace redistribution,dataset_license
asvspoof2021_df_DF_E_4681720,DF_E_4681720,LA_0045,data/raw/audio/asvspoof2021_df/audio/DF_E_4681720.flac,0,bonafide,low_ogg,asvspoof,-,notrim,eval,bonafide,,,,,,,,,ASVspoof2021_DF,HuggingFace redistribution,dataset_license
asvspoof2021_df_DF_E_3055944,DF_E_3055944,LA_0044,data/raw/audio/asvspoof2021_df/audio/DF_E_3055944.flac,0,bonafide,mp3m4a,asvspoof,-,notrim,eval,bonafide,,,,,,,,,ASVspoof2021_DF,HuggingFace redistribution,dataset_license
asvspoof2021_df_DF_E_3073230,DF_E_3073230,VCC2TF2,data/raw/audio/asvspoof2021_df/audio/DF_E_3073230.flac,1,spoof,oggm4a,vcc2018,SPO-N13,notrim,eval,traditional_vocoder,,,,,,,,,ASVspoof2021_DF,HuggingFace redistribution,dataset_license
asvspoof2021_df_DF_E_3009058,DF_E_3009058,TEF1,data/raw/audio/asvspoof2021_df/audio/DF_E_3009058.flac,0,bonafide,high_m4a,vcc2020,-,notrim,eval,bonafide,,,,,,,,,ASVspoof2021_DF,HuggingFace redistribution,dataset_license
asvspoof2021_df_DF_E_4724864,DF_E_4724864,LA_0032,data/raw/audio/asvspoof2021_df/audio/DF_E_4724864.flac,0,bonafide,low_ogg,asvspoof,-,notrim,eval,bonafide,,,,,,,,,ASVspoof2021_DF,HuggingFace redistribution,dataset_license
asvspoof2021_df_DF_E_2985689,DF_E_2985689,LA_0021,data/raw/audio/asvspoof2021_df/audio/DF_E_2985689.flac,0,bonafide,low_ogg,asvspoof,-,notrim,eval,bonafide,,,,,,,,,ASVspoof2021_DF,HuggingFace redistribution,dataset_license
asvspoof2021_df_DF_E_4547140,DF_E_4547140,TGM1,data/raw/audio/asvspoof2021_df/audio/DF_E_4547140.flac,0,bonafide,low_m4a,vcc2020,-,notrim,eval,bonafide,,,,,,,,,ASVspoof2021_DF,HuggingFace redistribution,dataset_license
asvspoof2021_df_DF_E_4836246,DF_E_4836246,TEM2,data/raw/audio/asvspoof2021_df/audio/DF_E_4836246.flac,0,bonafide,high_m4a,vcc2020,-,notrim,eval,bonafide,,,,,,,,,ASVspoof2021_DF,HuggingFace redistribution,dataset_license
asvspoof2021_df_DF_E_4813561,DF_E_4813561,VCC2SF2,data/raw/audio/asvspoof2021_df/audio/DF_E_4813561.flac,0,bonafide,high_m4a,vcc2018,-,notrim,eval,bonafide,,,,,,,,,ASVspoof2021_DF,HuggingFace redistribution,dataset_license
asvspoof2021_df_DF_E_2995490,DF_E_2995490,VCC2TM1,data/raw/audio/asvspoof2021_df/audio/DF_E_2995490.flac,1,spoof,mp3m4a,vcc2018,SPO-N06,notrim,eval,traditional_vocoder,,,,,,,,,ASVspoof2021_DF,HuggingFace redistribution,dataset_license
asvspoof2021_df_DF_E_4540098,DF_E_4540098,VCC2SF1,data/raw/audio/asvspoof2021_df/audio/DF_E_4540098.flac,0,bonafide,high_ogg,vcc2018,-,notrim,eval,bonafide,,,,,,,,,ASVspoof2021_DF,HuggingFace redistribution,dataset_license
asvspoof2021_df_DF_E_2993913,DF_E_2993913,LA_0034,data/raw/audio/asvspoof2021_df/audio/DF_E_2993913.flac,0,bonafide,mp3m4a,asvspoof,-,notrim,eval,bonafide,,,,,,,,,ASVspoof2021_DF,HuggingFace redistribution,dataset_license
asvspoof2021_df_DF_E_4514938,DF_E_4514938,VCC2TF1,data/raw/audio/asvspoof2021_df/audio/DF_E_4514938.flac,0,bonafide,high_mp3,vcc2018,-,notrim,eval,bonafide,,,,,,,,,ASVspoof2021_DF,HuggingFace redistribution,dataset_license
asvspoof2021_df_DF_E_3052323,DF_E_3052323,LA_0008,data/raw/audio/asvspoof2021_df/audio/DF_E_3052323.flac,0,bonafide,mp3m4a,asvspoof,-,notrim,eval,bonafide,,,,,,,,,ASVspoof2021_DF,HuggingFace redistribution,dataset_license
asvspoof2021_df_DF_E_4834334,DF_E_4834334,LA_0023,data/raw/audio/asvspoof2021_df/audio/DF_E_4834334.flac,1,spoof,oggm4a,asvspoof,A09,notrim,eval,traditional_vocoder,,,,,,,,,ASVspoof2021_DF,HuggingFace redistribution,dataset_license
asvspoof2021_df_DF_E_3002466,DF_E_3002466,LA_0032,data/raw/audio/asvspoof2021_df/audio/DF_E_3002466.flac,1,spoof,low_ogg,asvspoof,A17,notrim,eval,traditional_vocoder,,,,,,,,,ASVspoof2021_DF,HuggingFace redistribution,dataset_license
asvspoof2021_df_DF_E_4539408,DF_E_4539408,TMF1,data/raw/audio/asvspoof2021_df/audio/DF_E_4539408.flac,1,spoof,low_m4a,vcc2020,Task2-team30,notrim,eval,unknown,,,,,,,,,ASVspoof2021_DF,HuggingFace redistribution,dataset_license
asvspoof2021_df_DF_E_3074942,DF_E_3074942,TMF1,data/raw/audio/asvspoof2021_df/audio/DF_E_3074942.flac,1,spoof,low_ogg,vcc2020,Task2-team30,notrim,eval,unknown,,,,,,,,,ASVspoof2021_DF,HuggingFace redistribution,dataset_license
asvspoof2021_df_DF_E_3067818,DF_E_3067818,VCC2SF3,data/raw/audio/asvspoof2021_df/audio/DF_E_3067818.flac,0,bonafide,high_m4a,vcc2018,-,notrim,eval,bonafide,,,,,,,,,ASVspoof2021_DF,HuggingFace redistribution,dataset_license
asvspoof2021_df_DF_E_4668140,DF_E_4668140,VCC2TM1,data/raw/audio/asvspoof2021_df/audio/DF_E_4668140.flac,1,spoof,oggm4a,vcc2018,HUB-N12,notrim,eval,traditional_vocoder,,,,,,,,,ASVspoof2021_DF,HuggingFace redistribution,dataset_license
asvspoof2021_df_DF_E_4521910,DF_E_4521910,LA_0013,data/raw/audio/asvspoof2021_df/audio/DF_E_4521910.flac,1,spoof,high_mp3,asvspoof,A09,notrim,eval,traditional_vocoder,,,,,,,,,ASVspoof2021_DF,HuggingFace redistribution,dataset_license
asvspoof2021_df_DF_E_4529310,DF_E_4529310,TGF1,data/raw/audio/asvspoof2021_df/audio/DF_E_4529310.flac,1,spoof,low_mp3,vcc2020,Task2-team23,notrim,eval,neural_vocoder_autoregressive,,,,,,,,,ASVspoof2021_DF,HuggingFace redistribution,dataset_license
asvspoof2021_df_DF_E_4718267,DF_E_4718267,LA_0033,data/raw/audio/asvspoof2021_df/audio/DF_E_4718267.flac,0,bonafide,mp3m4a,asvspoof,-,notrim,eval,bonafide,,,,,,,,,ASVspoof2021_DF,HuggingFace redistribution,dataset_license
asvspoof2021_df_DF_E_4713941,DF_E_4713941,VCC2TF2,data/raw/audio/asvspoof2021_df/audio/DF_E_4713941.flac,1,spoof,high_mp3,vcc2018,HUB-D04,notrim,eval,traditional_vocoder,,,,,,,,,ASVspoof2021_DF,HuggingFace redistribution,dataset_license
asvspoof2021_df_DF_E_3063967,DF_E_3063967,LA_0059,data/raw/audio/asvspoof2021_df/audio/DF_E_3063967.flac,0,bonafide,high_ogg,asvspoof,-,notrim,eval,bonafide,,,,,,,,,ASVspoof2021_DF,HuggingFace redistribution,dataset_license
asvspoof2021_df_DF_E_4842024,DF_E_4842024,LA_0032,data/raw/audio/asvspoof2021_df/audio/DF_E_4842024.flac,0,bonafide,oggm4a,asvspoof,-,notrim,eval,bonafide,,,,,,,,,ASVspoof2021_DF,HuggingFace redistribution,dataset_license
asvspoof2021_df_DF_E_4670537,DF_E_4670537,LA_0033,data/raw/audio/asvspoof2021_df/audio/DF_E_4670537.flac,0,bonafide,high_ogg,asvspoof,-,notrim,eval,bonafide,,,,,,,,,ASVspoof2021_DF,HuggingFace redistribution,dataset_license
asvspoof2021_df_DF_E_4697002,DF_E_4697002,VCC2TF2,data/raw/audio/asvspoof2021_df/audio/DF_E_4697002.flac,1,spoof,low_ogg,vcc2018,HUB-N07,notrim,eval,traditional_vocoder,,,,,,,,,ASVspoof2021_DF,HuggingFace redistribution,dataset_license
asvspoof2021_df_DF_E_2983344,DF_E_2983344,VCC2SF4,data/raw/audio/asvspoof2021_df/audio/DF_E_2983344.flac,0,bonafide,low_ogg,vcc2018,-,notrim,eval,bonafide,,,,,,,,,ASVspoof2021_DF,HuggingFace redistribution,dataset_license
asvspoof2021_df_DF_E_2978985,DF_E_2978985,LA_0044,data/raw/audio/asvspoof2021_df/audio/DF_E_2978985.flac,0,bonafide,high_ogg,asvspoof,-,notrim,eval,bonafide,,,,,,,,,ASVspoof2021_DF,HuggingFace redistribution,dataset_license
asvspoof2021_df_DF_E_2975165,DF_E_2975165,VCC2TM1,data/raw/audio/asvspoof2021_df/audio/DF_E_2975165.flac,1,spoof,nocodec,vcc2018,HUB-D02,notrim,eval,traditional_vocoder,,,,,,,,,ASVspoof2021_DF,HuggingFace redistribution,dataset_license
asvspoof2021_df_DF_E_3072585,DF_E_3072585,TMF1,data/raw/audio/asvspoof2021_df/audio/DF_E_3072585.flac,1,spoof,high_m4a,vcc2020,Task2-team13,notrim,eval,neural_vocoder_autoregressive,,,,,,,,,ASVspoof2021_DF,HuggingFace redistribution,dataset_license
asvspoof2021_df_DF_E_4707951,DF_E_4707951,LA_0033,data/raw/audio/asvspoof2021_df/audio/DF_E_4707951.flac,0,bonafide,mp3m4a,asvspoof,-,notrim,eval,bonafide,,,,,,,,,ASVspoof2021_DF,HuggingFace redistribution,dataset_license
asvspoof2021_df_DF_E_2975266,DF_E_2975266,LA_0001,data/raw/audio/asvspoof2021_df/audio/DF_E_2975266.flac,1,spoof,low_ogg,asvspoof,A16,notrim,eval,waveform_concatenation,,,,,,,,,ASVspoof2021_DF,HuggingFace redistribution,dataset_license
asvspoof2021_df_DF_E_3057007,DF_E_3057007,TGF1,data/raw/audio/asvspoof2021_df/audio/DF_E_3057007.flac,0,bonafide,low_mp3,vcc2020,-,notrim,eval,bonafide,,,,,,,,,ASVspoof2021_DF,HuggingFace redistribution,dataset_license
asvspoof2021_df_DF_E_2982758,DF_E_2982758,TEF2,data/raw/audio/asvspoof2021_df/audio/DF_E_2982758.flac,1,spoof,nocodec,vcc2020,Task1-team21,notrim,eval,neural_vocoder_nonautoregressive,,,,,,,,,ASVspoof2021_DF,HuggingFace redistribution,dataset_license
asvspoof2021_df_DF_E_3010816,DF_E_3010816,VCC2TM2,data/raw/audio/asvspoof2021_df/audio/DF_E_3010816.flac,0,bonafide,high_mp3,vcc2018,-,notrim,eval,bonafide,,,,,,,,,ASVspoof2021_DF,HuggingFace redistribution,dataset_license
asvspoof2021_df_DF_E_4703001,DF_E_4703001,VCC2SF1,data/raw/audio/asvspoof2021_df/audio/DF_E_4703001.flac,0,bonafide,low_m4a,vcc2018,-,notrim,eval,bonafide,,,,,,,,,ASVspoof2021_DF,HuggingFace redistribution,dataset_license
asvspoof2021_df_DF_E_4512658,DF_E_4512658,TEM1,data/raw/audio/asvspoof2021_df/audio/DF_E_4512658.flac,0,bonafide,oggm4a,vcc2020,-,notrim,eval,bonafide,,,,,,,,,ASVspoof2021_DF,HuggingFace redistribution,dataset_license
asvspoof2021_df_DF_E_4530452,DF_E_4530452,LA_0043,data/raw/audio/asvspoof2021_df/audio/DF_E_4530452.flac,0,bonafide,low_ogg,asvspoof,-,notrim,eval,bonafide,,,,,,,,,ASVspoof2021_DF,HuggingFace redistribution,dataset_license
asvspoof2021_df_DF_E_4544692,DF_E_4544692,VCC2TM2,data/raw/audio/asvspoof2021_df/audio/DF_E_4544692.flac,1,spoof,mp3m4a,vcc2018,HUB-D01,notrim,eval,traditional_vocoder,,,,,,,,,ASVspoof2021_DF,HuggingFace redistribution,dataset_license
asvspoof2021_df_DF_E_4724736,DF_E_4724736,VCC2SM2,data/raw/audio/asvspoof2021_df/audio/DF_E_4724736.flac,0,bonafide,high_ogg,vcc2018,-,notrim,eval,bonafide,,,,,,,,,ASVspoof2021_DF,HuggingFace redistribution,dataset_license
asvspoof2021_df_DF_E_2984419,DF_E_2984419,TEF2,data/raw/audio/asvspoof2021_df/audio/DF_E_2984419.flac,1,spoof,low_mp3,vcc2020,Task1-team19,notrim,eval,neural_vocoder_nonautoregressive,,,,,,,,,ASVspoof2021_DF,HuggingFace redistribution,dataset_license
asvspoof2021_df_DF_E_4697665,DF_E_4697665,VCC2TF2,data/raw/audio/asvspoof2021_df/audio/DF_E_4697665.flac,0,bonafide,low_mp3,vcc2018,-,notrim,eval,bonafide,,,,,,,,,ASVspoof2021_DF,HuggingFace redistribution,dataset_license
asvspoof2021_df_DF_E_3081753,DF_E_3081753,LA_0039,data/raw/audio/asvspoof2021_df/audio/DF_E_3081753.flac,0,bonafide,high_ogg,asvspoof,-,notrim,eval,bonafide,,,,,,,,,ASVspoof2021_DF,HuggingFace redistribution,dataset_license
asvspoof2021_df_DF_E_2983707,DF_E_2983707,TEF2,data/raw/audio/asvspoof2021_df/audio/DF_E_2983707.flac,1,spoof,nocodec,vcc2020,Task1-team30,notrim,eval,unknown,,,,,,,,,ASVspoof2021_DF,HuggingFace redistribution,dataset_license
asvspoof2021_df_DF_E_2998595,DF_E_2998595,LA_0036,data/raw/audio/asvspoof2021_df/audio/DF_E_2998595.flac,0,bonafide,low_ogg,asvspoof,-,notrim,eval,bonafide,,,,,,,,,ASVspoof2021_DF,HuggingFace redistribution,dataset_license
asvspoof2021_df_DF_E_2976414,DF_E_2976414,VCC2SM1,data/raw/audio/asvspoof2021_df/audio/DF_E_2976414.flac,0,bonafide,low_ogg,vcc2018,-,notrim,eval,bonafide,,,,,,,,,ASVspoof2021_DF,HuggingFace redistribution,dataset_license
asvspoof2021_df_DF_E_4688864,DF_E_4688864,TEF1,data/raw/audio/asvspoof2021_df/audio/DF_E_4688864.flac,1,spoof,nocodec,vcc2020,Task1-team14,notrim,eval,neural_vocoder_nonautoregressive,,,,,,,,,ASVspoof2021_DF,HuggingFace redistribution,dataset_license
asvspoof2021_df_DF_E_4518641,DF_E_4518641,LA_0034,data/raw/audio/asvspoof2021_df/audio/DF_E_4518641.flac,1,spoof,low_ogg,asvspoof,A09,notrim,eval,traditional_vocoder,,,,,,,,,ASVspoof2021_DF,HuggingFace redistribution,dataset_license
asvspoof2021_df_DF_E_2998828,DF_E_2998828,TFM1,data/raw/audio/asvspoof2021_df/audio/DF_E_2998828.flac,0,bonafide,low_mp3,vcc2020,-,notrim,eval,bonafide,,,,,,,,,ASVspoof2021_DF,HuggingFace redistribution,dataset_license
asvspoof2021_df_DF_E_4725252,DF_E_4725252,LA_0046,data/raw/audio/asvspoof2021_df/audio/DF_E_4725252.flac,0,bonafide,oggm4a,asvspoof,-,notrim,eval,bonafide,,,,,,,,,ASVspoof2021_DF,HuggingFace redistribution,dataset_license
asvspoof2021_df_DF_E_2995727,DF_E_2995727,LA_0009,data/raw/audio/asvspoof2021_df/audio/DF_E_2995727.flac,1,spoof,high_ogg,asvspoof,A13,notrim,eval,traditional_vocoder,,,,,,,,,ASVspoof2021_DF,HuggingFace redistribution,dataset_license
asvspoof2021_df_DF_E_4827467,DF_E_4827467,TFM1,data/raw/audio/asvspoof2021_df/audio/DF_E_4827467.flac,1,spoof,high_m4a,vcc2020,Task2-team02,notrim,eval,neural_vocoder_nonautoregressive,,,,,,,,,ASVspoof2021_DF,HuggingFace redistribution,dataset_license
asvspoof2021_df_DF_E_4726534,DF_E_4726534,LA_0028,data/raw/audio/asvspoof2021_df/audio/DF_E_4726534.flac,0,bonafide,oggm4a,asvspoof,-,notrim,eval,bonafide,,,,,,,,,ASVspoof2021_DF,HuggingFace redistribution,dataset_license
asvspoof2021_df_DF_E_4537812,DF_E_4537812,VCC2TF2,data/raw/audio/asvspoof2021_df/audio/DF_E_4537812.flac,1,spoof,high_ogg,vcc2018,SPO-N04,notrim,eval,traditional_vocoder,,,,,,,,,ASVspoof2021_DF,HuggingFace redistribution,dataset_license
asvspoof2021_df_DF_E_4850272,DF_E_4850272,SEM2,data/raw/audio/asvspoof2021_df/audio/DF_E_4850272.flac,0,bonafide,high_ogg,vcc2020,-,notrim,eval,bonafide,,,,,,,,,ASVspoof2021_DF,HuggingFace redistribution,dataset_license
asvspoof2021_df_DF_E_4822011,DF_E_4822011,LA_0010,data/raw/audio/asvspoof2021_df/audio/DF_E_4822011.flac,1,spoof,oggm4a,asvspoof,A11,notrim,eval,traditional_vocoder,,,,,,,,,ASVspoof2021_DF,HuggingFace redistribution,dataset_license
asvspoof2021_df_DF_E_2987438,DF_E_2987438,VCC2TF2,data/raw/audio/asvspoof2021_df/audio/DF_E_2987438.flac,1,spoof,low_ogg,vcc2018,HUB-N16,notrim,eval,traditional_vocoder,,,,,,,,,ASVspoof2021_DF,HuggingFace redistribution,dataset_license
asvspoof2021_df_DF_E_4687465,DF_E_4687465,LA_0046,data/raw/audio/asvspoof2021_df/audio/DF_E_4687465.flac,0,bonafide,high_ogg,asvspoof,-,notrim,eval,bonafide,,,,,,,,,ASVspoof2021_DF,HuggingFace redistribution,dataset_license
asvspoof2021_df_DF_E_3004129,DF_E_3004129,TEM2,data/raw/audio/asvspoof2021_df/audio/DF_E_3004129.flac,1,spoof,high_mp3,vcc2020,Task1-team13,notrim,eval,neural_vocoder_autoregressive,,,,,,,,,ASVspoof2021_DF,HuggingFace redistribution,dataset_license
asvspoof2021_df_DF_E_4719159,DF_E_4719159,TEM2,data/raw/audio/asvspoof2021_df/audio/DF_E_4719159.flac,0,bonafide,high_ogg,vcc2020,-,notrim,eval,bonafide,,,,,,,,,ASVspoof2021_DF,HuggingFace redistribution,dataset_license
asvspoof2021_df_DF_E_2986422,DF_E_2986422,VCC2TF1,data/raw/audio/asvspoof2021_df/audio/DF_E_2986422.flac,1,spoof,nocodec,vcc2018,SPO-N10,notrim,eval,neural_vocoder_autoregressive,,,,,,,,,ASVspoof2021_DF,HuggingFace redistribution,dataset_license
asvspoof2021_df_DF_E_4706840,DF_E_4706840,VCC2SF3,data/raw/audio/asvspoof2021_df/audio/DF_E_4706840.flac,0,bonafide,high_ogg,vcc2018,-,notrim,eval,bonafide,,,,,,,,,ASVspoof2021_DF,HuggingFace redistribution,dataset_license
asvspoof2021_df_DF_E_4520235,DF_E_4520235,SEM1,data/raw/audio/asvspoof2021_df/audio/DF_E_4520235.flac,0,bonafide,low_m4a,vcc2020,-,notrim,eval,bonafide,,,,,,,,,ASVspoof2021_DF,HuggingFace redistribution,dataset_license
asvspoof2021_df_DF_E_3066506,DF_E_3066506,LA_0032,data/raw/audio/asvspoof2021_df/audio/DF_E_3066506.flac,1,spoof,low_mp3,asvspoof,A15,notrim,eval,neural_vocoder_autoregressive,,,,,,,,,ASVspoof2021_DF,HuggingFace redistribution,dataset_license
asvspoof2021_df_DF_E_4674815,DF_E_4674815,VCC2TF2,data/raw/audio/asvspoof2021_df/audio/DF_E_4674815.flac,1,spoof,high_m4a,vcc2018,HUB-N20,notrim,eval,traditional_vocoder,,,,,,,,,ASVspoof2021_DF,HuggingFace redistribution,dataset_license
asvspoof2021_df_DF_E_2988621,DF_E_2988621,VCC2TF2,data/raw/audio/asvspoof2021_df/audio/DF_E_2988621.flac,1,spoof,low_ogg,vcc2018,SPO-N18,notrim,eval,traditional_vocoder,,,,,,,,,ASVspoof2021_DF,HuggingFace redistribution,dataset_license
asvspoof2021_df_DF_E_4828574,DF_E_4828574,TEM1,data/raw/audio/asvspoof2021_df/audio/DF_E_4828574.flac,1,spoof,high_m4a,vcc2020,Task1-team26,notrim,eval,traditional_vocoder,,,,,,,,,ASVspoof2021_DF,HuggingFace redistribution,dataset_license
asvspoof2021_df_DF_E_3081827,DF_E_3081827,VCC2TF1,data/raw/audio/asvspoof2021_df/audio/DF_E_3081827.flac,1,spoof,high_mp3,vcc2018,HUB-D02,notrim,eval,traditional_vocoder,,,,,,,,,ASVspoof2021_DF,HuggingFace redistribution,dataset_license
asvspoof2021_df_DF_E_4813961,DF_E_4813961,LA_0018,data/raw/audio/asvspoof2021_df/audio/DF_E_4813961.flac,1,spoof,oggm4a,asvspoof,A19,notrim,eval,traditional_vocoder,,,,,,,,,ASVspoof2021_DF,HuggingFace redistribution,dataset_license
asvspoof2021_df_DF_E_4711285,DF_E_4711285,SEF2,data/raw/audio/asvspoof2021_df/audio/DF_E_4711285.flac,0,bonafide,high_ogg,vcc2020,-,notrim,eval,bonafide,,,,,,,,,ASVspoof2021_DF,HuggingFace redistribution,dataset_license
asvspoof2021_df_DF_E_3063714,DF_E_3063714,TGM1,data/raw/audio/asvspoof2021_df/audio/DF_E_3063714.flac,1,spoof,high_m4a,vcc2020,Task2-team22,notrim,eval,neural_vocoder_nonautoregressive,,,,,,,,,ASVspoof2021_DF,HuggingFace redistribution,dataset_license
asvspoof2021_df_DF_E_2977703,DF_E_2977703,LA_0023,data/raw/audio/asvspoof2021_df/audio/DF_E_2977703.flac,1,spoof,low_ogg,asvspoof,A17,notrim,eval,traditional_vocoder,,,,,,,,,ASVspoof2021_DF,HuggingFace redistribution,dataset_license
