speaker_id,trial_id,codec,source,attack,label,trim,subset,vocoder,field10,field11,field12,field13
TFF1,DF_E_4923632,nocodec,vcc2020,Task2-team32,spoof,notrim,eval,neural_vocoder_autoregressive,Task2,team32,MF,F
VCC2TM2,DF_E_3374443,low_m4a,vcc2018,-,bonafide,notrim,eval,bonafide,-,-,-,-
TFM1,DF_E_4183813,low_m4a,vcc2020,Task2-team02,spoof,notrim,eval,neural_vocoder_nonautoregressive,Task2,team02,FM,F
LA_0044,DF_E_4985395,oggm4a,asvspoof,-,bonafide,notrim,eval,bonafide,-,-,-,-
VCC2TF1,DF_E_3791195,high_ogg,vcc2018,SPO-N11,spoof,notrim,eval,traditional_vocoder,SPO,N11,FF,-
TGM1,DF_E_2613245,high_ogg,vcc2020,Task2-team10,spoof,notrim,eval,neural_vocoder_autoregressive,Task2,team10,MM,G
VCC2TM1,DF_E_3254236,oggm4a,vcc2018,-,bonafide,notrim,eval,bonafide,-,-,-,-
VCC2TM1,DF_E_3209593,mp3m4a,vcc2018,SPO-N04,spoof,notrim,eval,traditional_vocoder,SPO,N04,FM,-
VCC2SM3,DF_E_2831248,high_m4a,vcc2018,-,bonafide,notrim,eval,bonafide,-,-,-,-
TEM2,DF_E_4454657,high_ogg,vcc2020,Task1-team06,spoof,notrim,eval,traditional_vocoder,Task1,team06,FM,E
LA_0046,DF_E_2823098,high_m4a,asvspoof,-,bonafide,notrim,eval,bonafide,-,-,-,-
VCC2TM1,DF_E_2259085,high_ogg,vcc2018,HUB-N07,spoof,notrim,eval,traditional_vocoder,HUB,N07,MM,-
VCC2TM2,DF_E_4668897,high_mp3,vcc2018,SPO-N03,spoof,notrim,eval,unknown,SPO,N03,MM,-
LA_0040,DF_E_2894452,low_ogg,asvspoof,-,bonafide,notrim,eval,bonafide,-,-,-,-
SEF2,DF_E_4382674,low_m4a,vcc2020,-,bonafide,notrim,eval,bonafide,-,-,-,-
LA_0008,DF_E_3659955,high_ogg,asvspoof,-,bonafide,notrim,eval,bonafide,-,-,-,-
LA_0029,DF_E_4015349,mp3m4a,asvspoof,-,bonafide,notrim,eval,bonafide,-,-,-,-
LA_0003,DF_E_4162082,high_mp3,asvspoof,-,bonafide,notrim,eval,bonafide,-,-,-,-
VCC2TM1,DF_E_3133374,low_ogg,vcc2018,SPO-N05,spoof,notrim,eval,traditional_vocoder,SPO,N05,MM,-
TMM1,DF_E_3204719,nocodec,vcc2020,Task2-team18,spoof,notrim,eval,unknown,Task2,team18,FM,M
LA_0021,DF_E_2061999,mp3m4a,asvspoof,-,bonafide,notrim,eval,bonafide,-,-,-,-
VCC2TF2,DF_E_2376806,low_ogg,vcc2018,HUB-D05,spoof,notrim,eval,traditional_vocoder,HUB,D05,MF,-
VCC2TM2,DF_E_4967815,oggm4a,vcc2018,SPO-N13,spoof,notrim,eval,traditional_vocoder,SPO,N13,MM,-
TEM2,DF_E_3988172,high_m4a,vcc2020,Task1-team11,spoof,notrim,eval,neural_vocoder_autoregressive,Task1,team11,MM,E
VCC2TF1,DF_E_2807935,oggm4a,vcc2018,HUB-N18,spoof,notrim,eval,traditional_vocoder,HUB,N18,FF,-
LA_0043,DF_E_3328449,high_m4a,asvspoof,-,bonafide,notrim,eval,bonafide,-,-,-,-
TMM1,DF_E_3930869,high_mp3,vcc2020,Task2-team06,spoof,notrim,eval,traditional_vocoder,Task2,team06,MM,M
LA_0028,DF_E_2879339,oggm4a,asvspoof,-,bonafide,notrim,eval,bonafide,-,-,-,-
VCC2SF2,DF_E_4824234,nocodec,vcc2018,-,bonafide,notrim,eval,bonafide,-,-,-,-
VCC2SM3,DF_E_2414524,high_m4a,vcc2018,-,bonafide,notrim,eval,bonafide,-,-,-,-
VCC2SF3,DF_E_2970010,low_ogg,vcc2018,-,bonafide,notrim,eval,bonafide,-,-,-,-
LA_0003,DF_E_3437321,oggm4a,asvspoof,-,bonafide,notrim,eval,bonafide,-,-,-,-
LA_0019,DF_E_4985047,low_ogg,asvspoof,-,bonafide,notrim,eval,bonafide,-,-,-,-
VCC2SM2,DF_E_4681101,oggm4a,vcc2018,-,bonafide,notrim,eval,bonafide,-,-,-,-
TEM2,DF_E_2347800,high_m4a,vcc2020,Task1-team14,spoof,notrim,eval,neural_vocoder_nonautoregressive,Task1,team14,MM,E
VCC2TF2,DF_E_3365854,low_mp3,vcc2018,-,bonafide,notrim,eval,bonafide,-,-,-,-
TGM1,DF_E_2663902,low_ogg,vcc2020,Task2-team23,spoof,notrim,eval,neural_vocoder_autoregressive,Task2,team23,MM,G
LA_0041,DF_E_4229890,high_ogg,asvspoof,A07,spoof,notrim,eval,traditional_vocoder,-,-,-,-
TGM1,DF_E_2769079,high_m4a,vcc2020,Task2-team05,spoof,notrim,eval,neural_vocoder_nonautoregressive,Task2,team05,MM,G
VCC2SF1,DF_E_4477656,high_ogg,vcc2018,-,bonafide,notrim,eval,bonafide,-,-,-,-
LA_0036,DF_E_4041491,high_mp3,asvspoof,-,bonafide,notrim,eval,bonafide,-,-,-,-
VCC2TM1,DF_E_2964946,oggm4a,vcc2018,SPO-N13,spoof,notrim,eval,traditional_vocoder,SPO,N13,FM,-
LA_0014,DF_E_2878301,high_ogg,asvspoof,-,bonafide,notrim,eval,bonafide,-,-,-,-
VCC2SF3,DF_E_2865615,low_ogg,vcc2018,-,bonafide,notrim,eval,bonafide,-,-,-,-
LA_0033,DF_E_4712727,low_ogg,asvspoof,A13,spoof,notrim,eval,traditional_vocoder,-,-,-,-
LA_0011,DF_E_4385462,nocodec,asvspoof,-,bonafide,notrim,eval,bonafide,-,-,-,-
SEM2,DF_E_3046882,low_mp3,vcc2020,-,bonafide,notrim,eval,bonafide,-,-,-,-
LA_0051,DF_E_4666488,oggm4a,asvspoof,-,bonafide,notrim,eval,bonafide,-,-,-,-
VCC2TM2,DF_E_4247252,high_m4a,vcc2018,-,bonafide,notrim,eval,bonafide,-,-,-,-
VCC2TM2,DF_E_3412290,low_ogg,vcc2018,HUB-N07,spoof,notrim,eval,traditional_vocoder,HUB,N07,MM,-
VCC2TM1,DF_E_4669716,low_mp3,vcc2018,HUB-N17,spoof,notrim,eval,neural_vocoder_autoregressive,HUB,N17,MM,-
TGM1,DF_E_3854101,high_ogg,vcc2020,-,bonafide,notrim,eval,bonafide,-,-,-,-
VCC2TF2,DF_E_4542594,low_mp3,vcc2018,HUB-N07,spoof,notrim,eval,traditional_vocoder,HUB,N07,FF,-
VCC2SF1,DF_E_2033328,high_mp3,vcc2018,-,bonafide,notrim,eval,bonafide,-,-,-,-
LA_0017,DF_E_4406569,oggm4a,asvspoof,-,bonafide,notrim,eval,bonafide,-,-,-,-
LA_0046,DF_E_3027728,mp3m4a,asvspoof,A13,spoof,notrim,eval,traditional_vocoder,-,-,-,-
TMF1,DF_E_3176556,high_ogg,vcc2020,Task2-team18,spoof,notrim,eval,unknown,Task2,team18,MF,M
TMF1,DF_E_3970021,mp3m4a,vcc2020,Task2-team08,spoof,notrim,eval,traditional_vocoder,Task2,team08,FF,M
VCC2TM1,DF_E_3914911,high_mp3,vcc2018,HUB-N08,spoof,notrim,eval,traditional_vocoder,HUB,N08,MM,-
VCC2SF1,DF_E_2974149,low_m4a,vcc2018,-,bonafide,notrim,eval,bonafide,-,-,-,-
TFF1,DF_E_3259550,low_mp3,vcc2020,Task2-team12,spoof,notrim,eval,traditional_vocoder,Task2,team12,MF,F
LA_0014,DF_E_2251120,mp3m4a,asvspoof,-,bonafide,notrim,eval,bonafide,-,-,-,-
VCC2TF2,DF_E_4103973,low_ogg,vcc2018,SPO-N16,spoof,notrim,eval,traditional_vocoder,SPO,N16,FF,-
TFM1,DF_E_3858958,high_m4a,vcc2020,Task2-team22,spoof,notrim,eval,neural_vocoder_nonautoregressive,Task2,team22,MM,F
TFM1,DF_E_3156119,oggm4a,vcc2020,Task2-team31,spoof,notrim,eval,neural_vocoder_nonautoregressive,Task2,team31,MM,F
VCC2TF2,DF_E_3871582,nocodec,vcc2018,HUB-N20,spoof,notrim,eval,traditional_vocoder,HUB,N20,MF,-
LA_0051,DF_E_2620215,oggm4a,asvspoof,-,bonafide,notrim,eval,bonafide,-,-,-,-
VCC2TF1,DF_E_4458121,low_mp3,vcc2018,HUB-N09,spoof,notrim,eval,traditional_vocoder,HUB,N09,FF,-
VCC2TM2,DF_E_4078389,high_mp3,vcc2018,-,bonafide,notrim,eval,bonafide,-,-,-,-
VCC2TM2,DF_E_4763960,low_mp3,vcc2018,HUB-D01,spoof,notrim,eval,traditional_vocoder,HUB,D01,FM,-
VCC2TF1,DF_E_2339845,low_mp3,vcc2018,SPO-N05,spoof,notrim,eval,traditional_vocoder,SPO,N05,FF,-
LA_0033,DF_E_4238399,low_m4a,asvspoof,-,bonafide,notrim,eval,bonafide,-,-,-,-
TGM1,DF_E_4303799,low_m4a,vcc2020,Task2-team15,spoof,notrim,eval,neural_vocoder_nonautoregressive,Task2,team15,MM,G
VCC2TF2,DF_E_3715478,high_m4a,vcc2018,HUB-N08,spoof,notrim,eval,traditional_vocoder,HUB,N08,FF,-
LA_0015,DF_E_2667085,mp3m4a,asvspoof,-,bonafide,notrim,eval,bonafide,-,-,-,-
LA_0028,DF_E_4476637,high_ogg,asvspoof,-,bonafide,notrim,eval,bonafide,-,-,-,-
VCC2TM1,DF_E_4225119,low_ogg,vcc2018,HUB-N18,spoof,notrim,eval,traditional_vocoder,HUB,N18,MM,-
LA_0005,DF_E_3024545,nocodec,asvspoof,-,bonafide,notrim,eval,bonafide,-,-,-,-
LA_0028,DF_E_3090532,low_m4a,asvspoof,-,bonafide,notrim,eval,bonafide,-,-,-,-
LA_0039,DF_E_3983129,nocodec,asvspoof,A10,spoof,notrim,eval,neural_vocoder_autoregressive,-,-,-,-
LA_0049,DF_E_4302284,high_m4a,asvspoof,-,bonafide,notrim,eval,bonafide,-,-,-,-
TEF1,DF_E_3178006,nocodec,vcc2020,-,bonafide,notrim,eval,bonafide,-,-,-,-
TEM2,DF_E_3394559,low_mp3,vcc2020,Task1-team11,spoof,notrim,eval,neural_vocoder_autoregressive,Task1,team11,FM,E
VCC2TF1,DF_E_2783875,low_ogg,vcc2018,SPO-N12,spoof,notrim,eval,traditional_vocoder,SPO,N12,FF,-
TGF1,DF_E_3953883,mp3m4a,vcc2020,Task2-team02,spoof,notrim,eval,neural_vocoder_nonautoregressive,Task2,team02,FF,G
LA_0002,DF_E_3987070,low_mp3,asvspoof,A07,spoof,notrim,eval,traditional_vocoder,-,-,-,-
VCC2TM2,DF_E_2536770,nocodec,vcc2018,HUB-D01,spoof,notrim,eval,traditional_vocoder,HUB,D01,FM,-
TFF1,DF_E_4142531,low_mp3,vcc2020,-,bonafide,notrim,eval,bonafide,-,-,-,-
TFM1,DF_E_2337613,high_ogg,vcc2020,-,bonafide,notrim,eval,bonafide,-,-,-,-
VCC2TM2,DF_E_2531753,low_ogg,vcc2018,HUB-N07,spoof,notrim,eval,traditional_vocoder,HUB,N07,FM,-
LA_0046,DF_E_3137918,low_ogg,asvspoof,A15,spoof,notrim,eval,neural_vocoder_autoregressive,-,-,-,-
VCC2TM2,DF_E_4082407,mp3m4a,vcc2018,HUB-N07,spoof,notrim,eval,traditional_vocoder,HUB,N07,FM,-
TGM1,DF_E_2998426,high_mp3,vcc2020,-,bonafide,notrim,eval,bonafide,-,-,-,-
VCC2SF2,DF_E_4616623,high_ogg,vcc2018,-,bonafide,notrim,eval,bonafide,-,-,-,-
TEF2,DF_E_2802020,nocodec,vcc2020,Task1-team13,spoof,notrim,eval,neural_vocoder_autoregressive,Task1,team13,MF,E
LA_0004,DF_E_4925041,nocodec,asvspoof,A13,spoof,notrim,eval,traditional_vocoder,-,-,-,-
LA_0045,DF_E_2750993,low_ogg,asvspoof,-,bonafide,notrim,eval,bonafide,-,-,-,-
TEM2,DF_E_2390578,high_ogg,vcc2020,Task1-team23,spoof,notrim,eval,neural_vocoder_nonautoregressive,Task1,team23,MM,E
VCC2TM2,DF_E_4660608,low_mp3,vcc2018,HUB-N15,spoof,notrim,eval,traditional_vocoder,HUB,N15,FM,-
LA_0042,DF_E_4660631,oggm4a,asvspoof,A19,spoof,notrim,eval,traditional_vocoder,-,-,-,-
LA_0033,DF_E_4001453,oggm4a,asvspoof,-,bonafide,notrim,eval,bonafide,-,-,-,-
LA_0046,DF_E_4725252,oggm4a,asvspoof,-,bonafide,notrim,eval,bonafide,-,-,-,-
VCC2TM2,DF_E_4695008,low_m4a,vcc2018,-,bonafide,notrim,eval,bonafide,-,-,-,-
TMM1,DF_E_3335958,low_m4a,vcc2020,Task2-team20,spoof,notrim,eval,neural_vocoder_nonautoregressive,Task2,team20,MM,M
LA_0026,DF_E_4992995,high_ogg,asvspoof,-,bonafide,notrim,eval,bonafide,-,-,-,-
LA_0049,DF_E_3636010,nocodec,asvspoof,-,bonafide,notrim,eval,bonafide,-,-,-,-
LA_0045,DF_E_2674615,low_ogg,asvspoof,-,bonafide,notrim,eval,bonafide,-,-,-,-
VCC2SM1,DF_E_3395141,high_ogg,vcc2018,-,bonafide,notrim,eval,bonafide,-,-,-,-
VCC2SM4,DF_E_3470340,low_ogg,vcc2018,-,bonafide,notrim,eval,bonafide,-,-,-,-
LA_0018,DF_E_3497935,low_mp3,asvspoof,-,bonafide,notrim,eval,bonafide,-,-,-,-
LA_0014,DF_E_4777584,mp3m4a,asvspoof,-,bonafide,notrim,eval,bonafide,-,-,-,-
VCC2TM1,DF_E_4015834,low_m4a,vcc2018,HUB-N11,spoof,notrim,eval,traditional_vocoder,HUB,N11,MM,-
VCC2TM2,DF_E_2911388,high_m4a,vcc2018,SPO-N06,spoof,notrim,eval,traditional_vocoder,SPO,N06,FM,-
TGF1,DF_E_2807406,nocodec,vcc2020,Task2-team22,spoof,notrim,eval,neural_vocoder_nonautoregressive,Task2,team22,FF,G
LA_0054,DF_E_3235333,mp3m4a,asvspoof,-,bonafide,notrim,eval,bonafide,-,-,-,-
VCC2SM2,DF_E_4202528,low_m4a,vcc2018,-,bonafide,notrim,eval,bonafide,-,-,-,-
VCC2TF1,DF_E_4273738,high_m4a,vcc2018,SPO-B01,spoof,notrim,eval,traditional_vocoder,SPO,B01,FF,-
LA_0048,DF_E_4428003,oggm4a,asvspoof,-,bonafide,notrim,eval,bonafide,-,-,-,-
VCC2SF2,DF_E_3141150,low_m4a,vcc2018,-,bonafide,notrim,eval,bonafide,-,-,-,-
TGF1,DF_E_3949740,low_ogg,vcc2020,Task2-team02,spoof,notrim,eval,neural_vocoder_nonautoregressive,Task2,team02,MF,G
VCC2TM1,DF_E_3016443,nocodec,vcc2018,SPO-N06,spoof,notrim,eval,traditional_vocoder,SPO,N06,FM,-
LA_0001,DF_E_3365625,high_m4a,asvspoof,A09,spoof,notrim,eval,traditional_vocoder,-,-,-,-
TEM1,DF_E_2556831,high_m4a,vcc2020,Task1-team28,spoof,notrim,eval,neural_vocoder_autoregressive,Task1,team28,FM,E
TGF1,DF_E_4171146,low_mp3,vcc2020,-,bonafide,notrim,eval,bonafide,-,-,-,-
VCC2SM4,DF_E_3464308,low_m4a,vcc2018,-,bonafide,notrim,eval,bonafide,-,-,-,-
TGF1,DF_E_3322754,low_mp3,vcc2020,Task2-team06,spoof,notrim,eval,traditional_vocoder,Task2,team06,FF,G
VCC2SF1,DF_E_2290822,low_mp3,vcc2018,-,bonafide,notrim,eval,bonafide,-,-,-,-
VCC2SF1,DF_E_3476887,nocodec,vcc2018,-,bonafide,notrim,eval,bonafide,-,-,-,-
TGM1,DF_E_3782031,high_mp3,vcc2020,Task2-team22,spoof,notrim,eval,neural_vocoder_nonautoregressive,Task2,team22,FM,G
VCC2SF3,DF_E_4444349,low_m4a,vcc2018,-,bonafide,notrim,eval,bonafide,-,-,-,-
VCC2TF1,DF_E_2607803,oggm4a,vcc2018,HUB-D04,spoof,notrim,eval,traditional_vocoder,HUB,D04,MF,-
VCC2TF1,DF_E_4831007,nocodec,vcc2018,HUB-D04,spoof,notrim,eval,traditional_vocoder,HUB,D04,FF,-
LA_0045,DF_E_4262420,mp3m4a,asvspoof,-,bonafide,notrim,eval,bonafide,-,-,-,-
TEM1,DF_E_3363446,low_mp3,vcc2020,-,bonafide,notrim,eval,bonafide,-,-,-,-
TEF2,DF_E_3514408,nocodec,vcc2020,-,bonafide,notrim,eval,bonafide,-,-,-,-
TFM1,DF_E_3141471,high_ogg,vcc2020,Task2-team30,spoof,notrim,eval,unknown,Task2,team30,FM,F
TMF1,DF_E_2136234,oggm4a,vcc2020,Task2-team03,spoof,notrim,eval,neural_vocoder_autoregressive,Task2,team03,MF,M
VCC2TF1,DF_E_2198801,oggm4a,vcc2018,HUB-B00,spoof,notrim,eval,unknown,HUB,B00,FF,-
VCC2TM2,DF_E_2313390,mp3m4a,vcc2018,HUB-N16,spoof,notrim,eval,traditional_vocoder,HUB,N16,MM,-
TEF1,DF_E_4026714,low_mp3,vcc2020,Task1-team07,spoof,notrim,eval,neural_vocoder_autoregressive,Task1,team07,MF,E
TFM1,DF_E_3137236,high_ogg,vcc2020,Task2-team02,spoof,notrim,eval,neural_vocoder_nonautoregressive,Task2,team02,FM,F
LA_0003,DF_E_3486888,high_ogg,asvspoof,-,bonafide,notrim,eval,bonafide,-,-,-,-
VCC2TF1,DF_E_2781446,mp3m4a,vcc2018,HUB-N05,spoof,notrim,eval,traditional_vocoder,HUB,N05,FF,-
TEF2,DF_E_4143435,nocodec,vcc2020,-,bonafide,notrim,eval,bonafide,-,-,-,-
TGF1,DF_E_2392857,low_ogg,vcc2020,Task2-team08,spoof,notrim,eval,traditional_vocoder,Task2,team08,FF,G
LA_0041,DF_E_3490728,low_mp3,asvspoof,-,bonafide,notrim,eval,bonafide,-,-,-,-
VCC2SF3,DF_E_2677272,low_ogg,vcc2018,-,bonafide,notrim,eval,bonafide,-,-,-,-
LA_0021,DF_E_4116882,high_ogg,asvspoof,A07,spoof,notrim,eval,traditional_vocoder,-,-,-,-
LA_0011,DF_E_4190631,high_ogg,asvspoof,-,bonafide,notrim,eval,bonafide,-,-,-,-
VCC2TM1,DF_E_4552668,high_mp3,vcc2018,-,bonafide,notrim,eval,bonafide,-,-,-,-
TFM1,DF_E_2720130,mp3m4a,vcc2020,Task2-team19,spoof,notrim,eval,neural_vocoder_nonautoregressive,Task2,team19,MM,F
LA_0018,DF_E_3650975,oggm4a,asvspoof,-,bonafide,notrim,eval,bonafide,-,-,-,-
LA_0002,DF_E_3287170,low_ogg,asvspoof,-,bonafide,notrim,eval,bonafide,-,-,-,-
TFF1,DF_E_3237437,high_mp3,vcc2020,Task2-team06,spoof,notrim,eval,traditional_vocoder,Task2,team06,FF,F
LA_0015,DF_E_4474175,high_ogg,asvspoof,-,bonafide,notrim,eval,bonafide,-,-,-,-
VCC2SM1,DF_E_2450412,high_mp3,vcc2018,-,bonafide,notrim,eval,bonafide,-,-,-,-
VCC2SM1,DF_E_2951843,low_mp3,vcc2018,-,bonafide,notrim,eval,bonafide,-,-,-,-
VCC2TF2,DF_E_2597289,mp3m4a,vcc2018,SPO-N16,spoof,notrim,eval,traditional_vocoder,SPO,N16,FF,-
LA_0034,DF_E_4067981,low_ogg,asvspoof,-,bonafide,notrim,eval,bonafide,-,-,-,-
LA_0043,DF_E_2309332,low_ogg,asvspoof,A17,spoof,notrim,eval,traditional_vocoder,-,-,-,-
LA_0044,DF_E_3916724,mp3m4a,asvspoof,-,bonafide,notrim,eval,bonafide,-,-,-,-
TEF1,DF_E_3207810,nocodec,vcc2020,-,bonafide,notrim,eval,bonafide,-,-,-,-
TGM1,DF_E_2098160,high_m4a,vcc2020,-,bonafide,notrim,eval,bonafide,-,-,-,-
VCC2TF2,DF_E_4434973,high_mp3,vcc2018,HUB-N18,spoof,notrim,eval,traditional_vocoder,HUB,N18,FF,-
VCC2TF1,DF_E_4156401,oggm4a,vcc2018,HUB-N10,spoof,notrim,eval,neural_vocoder_autoregressive,HUB,N10,FF,-
TMM1,DF_E_2645301,low_mp3,vcc2020,Task2-team31,spoof,notrim,eval,neural_vocoder_nonautoregressive,Task2,team31,FM,M
TMF1,DF_E_4726123,mp3m4a,vcc2020,Task2-team12,spoof,notrim,eval,traditional_vocoder,Task2,team12,MF,M
TEF2,DF_E_4611443,high_ogg,vcc2020,Task1-team27,spoof,notrim,eval,neural_vocoder_nonautoregressive,Task1,team27,MF,E
VCC2SF3,DF_E_3849096,high_mp3,vcc2018,-,bonafide,notrim,eval,bonafide,-,-,-,-
TFM1,DF_E_4444168,mp3m4a,vcc2020,Task2-team18,spoof,notrim,eval,unknown,Task2,team18,FM,F
LA_0028,DF_E_3142051,high_mp3,asvspoof,A09,spoof,notrim,eval,traditional_vocoder,-,-,-,-
LA_0027,DF_E_2550213,mp3m4a,asvspoof,-,bonafide,notrim,eval,bonafide,-,-,-,-
TEF2,DF_E_4720829,oggm4a,vcc2020,Task1-team25,spoof,notrim,eval,neural_vocoder_autoregressive,Task1,team25,MF,E
TMF1,DF_E_2900173,nocodec,vcc2020,Task2-team29,spoof,notrim,eval,neural_vocoder_autoregressive,Task2,team29,FF,M
VCC2SF4,DF_E_3625962,low_m4a,vcc2018,-,bonafide,notrim,eval,bonafide,-,-,-,-
TFF1,DF_E_2163428,high_ogg,vcc2020,Task2-team06,spoof,notrim,eval,traditional_vocoder,Task2,team06,FF,F
LA_0015,DF_E_2478480,nocodec,asvspoof,-,bonafide,notrim,eval,bonafide,-,-,-,-
TEM2,DF_E_3051948,low_m4a,vcc2020,Task1-team26,spoof,notrim,eval,traditional_vocoder,Task1,team26,FM,E
LA_0014,DF_E_2280317,nocodec,asvspoof,-,bonafide,notrim,eval,bonafide,-,-,-,-
VCC2TM2,DF_E_4190744,low_ogg,vcc2018,SPO-N17,spoof,notrim,eval,neural_vocoder_autoregressive,SPO,N17,MM,-
TGM1,DF_E_4004007,high_ogg,vcc2020,Task2-team27,spoof,notrim,eval,neural_vocoder_nonautoregressive,Task2,team27,MM,G
VCC2TM2,DF_E_4464178,nocodec,vcc2018,-,bonafide,notrim,eval,bonafide,-,-,-,-
VCC2TM1,DF_E_2620571,nocodec,vcc2018,HUB-N15,spoof,notrim,eval,traditional_vocoder,HUB,N15,FM,-
VCC2TM2,DF_E_4841542,high_mp3,vcc2018,HUB-N19,spoof,notrim,eval,traditional_vocoder,HUB,N19,FM,-
LA_0003,DF_E_3335849,nocodec,asvspoof,-,bonafide,notrim,eval,bonafide,-,-,-,-
LA_0040,DF_E_4904052,mp3m4a,asvspoof,-,bonafide,notrim,eval,bonafide,-,-,-,-
TEF2,DF_E_2159656,oggm4a,vcc2020,Task1-team21,spoof,notrim,eval,neural_vocoder_nonautoregressive,Task1,team21,MF,E
LA_0001,DF_E_4265380,low_ogg,asvspoof,A13,spoof,notrim,eval,traditional_vocoder,-,-,-,-
TFM1,DF_E_4948773,high_mp3,vcc2020,Task2-team25,spoof,notrim,eval,neural_vocoder_autoregressive,Task2,team25,MM,F
VCC2TF1,DF_E_2574943,high_ogg,vcc2018,HUB-N20,spoof,notrim,eval,traditional_vocoder,HUB,N20,MF,-
LA_0045,DF_E_4698656,low_ogg,asvspoof,-,bonafide,notrim,eval,bonafide,-,-,-,-
VCC2SF3,DF_E_3043270,high_ogg,vcc2018,-,bonafide,notrim,eval,bonafide,-,-,-,-
TFF1,DF_E_4203515,low_m4a,vcc2020,Task2-team23,spoof,notrim,eval,neural_vocoder_autoregressive,Task2,team23,FF,F
LA_0028,DF_E_4347666,high_ogg,asvspoof,-,bonafide,notrim,eval,bonafide,-,-,-,-
TEM2,DF_E_3715959,high_m4a,vcc2020,-,bonafide,notrim,eval,bonafide,-,-,-,-
LA_0035,DF_E_3586193,low_mp3,asvspoof,-,bonafide,notrim,eval,bonafide,-,-,-,-
VCC2TM1,DF_E_3094388,high_m4a,vcc2018,HUB-N06,spoof,notrim,eval,traditional_vocoder,HUB,N06,MM,-
TFF1,DF_E_2859934,nocodec,vcc2020,-,bonafide,notrim,eval,bonafide,-,-,-,-
LA_0038,DF_E_4437869,mp3m4a,asvspoof,-,bonafide,notrim,eval,bonafide,-,-,-,-
TEM1,DF_E_3284063,low_mp3,vcc2020,Task1-team04,spoof,notrim,eval,neural_vocoder_autoregressive,Task1,team04,MM,E
LA_0014,DF_E_4648225,nocodec,asvspoof,A08,spoof,notrim,eval,neural_vocoder_nonautoregressive,-,-,-,-
VCC2TM2,DF_E_4580084,low_mp3,vcc2018,-,bonafide,notrim,eval,bonafide,-,-,-,-
SEF1,DF_E_2143716,high_mp3,vcc2020,-,bonafide,notrim,eval,bonafide,-,-,-,-
LA_0027,DF_E_2878264,mp3m4a,asvspoof,-,bonafide,notrim,eval,bonafide,-,-,-,-
TFF1,DF_E_3999241,low_m4a,vcc2020,-,bonafide,notrim,eval,bonafide,-,-,-,-
LA_0018,DF_E_3330624,high_ogg,asvspoof,-,bonafide,notrim,eval,bonafide,-,-,-,-
LA_0002,DF_E_2898786,low_mp3,asvspoof,A12,spoof,notrim,eval,neural_vocoder_autoregressive,-,-,-,-
LA_0046,DF_E_2953187,low_m4a,asvspoof,A11,spoof,notrim,eval,traditional_vocoder,-,-,-,-
VCC2TF1,DF_E_4421961,high_m4a,vcc2018,HUB-N11,spoof,notrim,eval,traditional_vocoder,HUB,N11,MF,-
LA_0039,DF_E_2128066,high_m4a,asvspoof,-,bonafide,notrim,eval,bonafide,-,-,-,-
TEM1,DF_E_4638792,mp3m4a,vcc2020,Task1-team13,spoof,notrim,eval,neural_vocoder_autoregressive,Task1,team13,FM,E
SEM1,DF_E_2462931,high_m4a,vcc2020,-,bonafide,notrim,eval,bonafide,-,-,-,-
TFM1,DF_E_2311297,high_ogg,vcc2020,-,bonafide,notrim,eval,bonafide,-,-,-,-
VCC2TM2,DF_E_3802829,high_mp3,vcc2018,-,bonafide,notrim,eval,bonafide,-,-,-,-
LA_0012,DF_E_2043729,mp3m4a,asvspoof,-,bonafide,notrim,eval,bonafide,-,-,-,-
TEM2,DF_E_3633492,nocodec,vcc2020,Task1-team24,spoof,notrim,eval,neural_vocoder_autoregressive,Task1,team24,FM,E
VCC2TF1,DF_E_4429107,high_mp3,vcc2018,SPO-N17,spoof,notrim,eval,neural_vocoder_autoregressive,SPO,N17,FF,-
LA_0026,DF_E_3920176,low_m4a,asvspoof,-,bonafide,notrim,eval,bonafide,-,-,-,-
VCC2SF2,DF_E_2908235,low_m4a,vcc2018,-,bonafide,notrim,eval,bonafide,-,-,-,-
TFF1,DF_E_2078493,high_ogg,vcc2020,Task2-team06,spoof,notrim,eval,traditional_vocoder,Task2,team06,MF,F
LA_0015,DF_E_4793488,oggm4a,asvspoof,-,bonafide,notrim,eval,bonafide,-,-,-,-
VCC2SM4,DF_E_4440720,high_mp3,vcc2018,-,bonafide,notrim,eval,bonafide,-,-,-,-
LA_0043,DF_E_2934422,low_ogg,asvspoof,-,bonafide,notrim,eval,bonafide,-,-,-,-
VCC2TM1,DF_E_3088584,high_mp3,vcc2018,HUB-D01,spoof,notrim,eval,traditional_vocoder,HUB,D01,FM,-
VCC2TM1,DF_E_4443457,nocodec,vcc2018,HUB-D05,spoof,notrim,eval,traditional_vocoder,HUB,D05,FM,-
VCC2TM1,DF_E_2057101,oggm4a,vcc2018,HUB-N19,spoof,notrim,eval,traditional_vocoder,HUB,N19,FM,-
VCC2SM2,DF_E_2943562,low_m4a,vcc2018,-,bonafide,notrim,eval,bonafide,-,-,-,-
VCC2TF1,DF_E_4003986,high_m4a,vcc2018,-,bonafide,notrim,eval,bonafide,-,-,-,-
TEF2,DF_E_3138541,low_ogg,vcc2020,Task1-team11,spoof,notrim,eval,neural_vocoder_autoregressive,Task1,team11,MF,E
LA_0015,DF_E_2139148,low_m4a,asvspoof,-,bonafide,notrim,eval,bonafide,-,-,-,-
TMF1,DF_E_3955716,oggm4a,vcc2020,Task2-team05,spoof,notrim,eval,neural_vocoder_nonautoregressive,Task2,team05,FF,M
LA_0036,DF_E_3006038,high_mp3,asvspoof,-,bonafide,notrim,eval,bonafide,-,-,-,-
LA_0018,DF_E_2662858,mp3m4a,asvspoof,A13,spoof,notrim,eval,traditional_vocoder,-,-,-,-
TMF1,DF_E_4848827,low_mp3,vcc2020,Task2-team19,spoof,notrim,eval,neural_vocoder_nonautoregressive,Task2,team19,MF,M
LA_0011,DF_E_4651019,nocodec,asvspoof,A14,spoof,notrim,eval,traditional_vocoder,-,-,-,-
TEF1,DF_E_2882166,low_m4a,vcc2020,-,bonafide,notrim,eval,bonafide,-,-,-,-
VCC2TM2,DF_E_2311509,high_m4a,vcc2018,SPO-N16,spoof,notrim,eval,traditional_vocoder,SPO,N16,FM,-
LA_0058,DF_E_4425732,oggm4a,asvspoof,-,bonafide,notrim,eval,bonafide,-,-,-,-
TEM1,DF_E_2858579,low_m4a,vcc2020,Task1-team12,spoof,notrim,eval,traditional_vocoder,Task1,team12,FM,E
LA_0021,DF_E_4101254,low_mp3,asvspoof,-,bonafide,notrim,eval,bonafide,-,-,-,-
LA_0042,DF_E_3828733,mp3m4a,asvspoof,-,bonafide,notrim,eval,bonafide,-,-,-,-
LA_0014,DF_E_2060671,low_mp3,asvspoof,A09,spoof,notrim,eval,traditional_vocoder,-,-,-,-
VCC2SF3,DF_E_3410469,low_mp3,vcc2018,-,bonafide,notrim,eval,bonafide,-,-,-,-
LA_0029,DF_E_3819335,oggm4a,asvspoof,-,bonafide,notrim,eval,bonafide,-,-,-,-
TEF1,DF_E_4745483,low_m4a,vcc2020,Task1-team24,spoof,notrim,eval,neural_vocoder_autoregressive,Task1,team24,FF,E
VCC2TM2,DF_E_3984906,high_mp3,vcc2018,-,bonafide,notrim,eval,bonafide,-,-,-,-
LA_0051,DF_E_3393064,nocodec,asvspoof,-,bonafide,notrim,eval,bonafide,-,-,-,-
LA_0014,DF_E_3925633,oggm4a,asvspoof,A08,spoof,notrim,eval,neural_vocoder_nonautoregressive,-,-,-,-
VCC2SM4,DF_E_3267209,nocodec,vcc2018,-,bonafide,notrim,eval,bonafide,-,-,-,-
TEF2,DF_E_2013734,high_ogg,vcc2020,Task1-team10,spoof,notrim,eval,neural_vocoder_autoregressive,Task1,team10,MF,E
TFF1,DF_E_3398533,high_m4a,vcc2020,Task2-team08,spoof,notrim,eval,traditional_vocoder,Task2,team08,FF,F
LA_0034,DF_E_3352432,high_ogg,asvspoof,-,bonafide,notrim,eval,bonafide,-,-,-,-
VCC2TM2,DF_E_2912654,high_m4a,vcc2018,HUB-D05,spoof,notrim,eval,traditional_vocoder,HUB,D05,FM,-
LA_0013,DF_E_2061196,low_mp3,asvspoof,-,bonafide,notrim,eval,bonafide,-,-,-,-
TEF1,DF_E_2214058,low_m4a,vcc2020,Task1-team02,spoof,notrim,eval,neural_vocoder_nonautoregressive,Task1,team02,MF,E
VCC2TF2,DF_E_3089460,high_m4a,vcc2018,SPO-B01,spoof,notrim,eval,traditional_vocoder,SPO,B01,MF,-
LA_0018,DF_E_3313370,low_ogg,asvspoof,-,bonafide,notrim,eval,bonafide,-,-,-,-
VCC2SM3,DF_E_4140277,low_ogg,vcc2018,-,bonafide,notrim,eval,bonafide,-,-,-,-
VCC2TM1,DF_E_2673994,oggm4a,vcc2018,HUB-N04,spoof,notrim,eval,traditional_vocoder,HUB,N04,MM,-
TEM2,DF_E_4661466,high_ogg,vcc2020,Task1-team18,spoof,notrim,eval,unknown,Task1,team18,FM,E
TMF1,DF_E_3523411,high_m4a,vcc2020,-,bonafide,notrim,eval,bonafide,-,-,-,-
TEM1,DF_E_2078673,oggm4a,vcc2020,Task1-team22,spoof,notrim,eval,neural_vocoder_nonautoregressive,Task1,team22,MM,E
TEM2,DF_E_3888238,high_m4a,vcc2020,-,bonafide,notrim,eval,bonafide,-,-,-,-
TFF1,DF_E_4318876,low_mp3,vcc2020,Task2-team08,spoof,notrim,eval,traditional_vocoder,Task2,team08,MF,F
TEM2,DF_E_3893487,high_m4a,vcc2020,Task1-team25,spoof,notrim,eval,neural_vocoder_autoregressive,Task1,team25,MM,E
TMF1,DF_E_2600903,low_ogg,vcc2020,Task2-team11,spoof,notrim,eval,neural_vocoder_autoregressive,Task2,team11,FF,M
VCC2SM2,DF_E_2519201,low_m4a,vcc2018,-,bonafide,notrim,eval,bonafide,-,-,-,-
VCC2SM3,DF_E_2544489,high_mp3,vcc2018,-,bonafide,notrim,eval,bonafide,-,-,-,-
TEF1,DF_E_2933032,high_mp3,vcc2020,-,bonafide,notrim,eval,bonafide,-,-,-,-
VCC2TM1,DF_E_2334518,high_m4a,vcc2018,HUB-N18,spoof,notrim,eval,traditional_vocoder,HUB,N18,FM,-
TFM1,DF_E_2050184,low_m4a,vcc2020,Task2-team05,spoof,notrim,eval,neural_vocoder_nonautoregressive,Task2,team05,MM,F
VCC2TM1,DF_E_3253874,oggm4a,vcc2018,HUB-N03,spoof,notrim,eval,unknown,HUB,N03,MM,-
LA_0001,DF_E_3283630,low_mp3,asvspoof,-,bonafide,notrim,eval,bonafide,-,-,-,-
LA_0028,DF_E_4995850,low_ogg,asvspoof,A13,spoof,notrim,eval,traditional_vocoder,-,-,-,-
TFF1,DF_E_3964306,oggm4a,vcc2020,Task2-team31,spoof,notrim,eval,neural_vocoder_nonautoregressive,Task2,team31,MF,F
LA_0036,DF_E_4582369,oggm4a,asvspoof,A16,spoof,notrim,eval,waveform_concatenation,-,-,-,-
SEF1,DF_E_2603551,low_ogg,vcc2020,-,bonafide,notrim,eval,bonafide,-,-,-,-
VCC2SM4,DF_E_3484946,low_m4a,vcc2018,-,bonafide,notrim,eval,bonafide,-,-,-,-
VCC2TF2,DF_E_4863299,low_mp3,vcc2018,HUB-N15,spoof,notrim,eval,traditional_vocoder,HUB,N15,FF,-
SEM1,DF_E_3735381,high_mp3,vcc2020,-,bonafide,notrim,eval,bonafide,-,-,-,-
VCC2TF1,DF_E_2167693,oggm4a,vcc2018,SPO-N11,spoof,notrim,eval,traditional_vocoder,SPO,N11,MF,-
TMF1,DF_E_4497984,low_mp3,vcc2020,Task2-team23,spoof,notrim,eval,neural_vocoder_autoregressive,Task2,team23,FF,M
LA_0046,DF_E_4657386,low_ogg,asvspoof,-,bonafide,notrim,eval,bonafide,-,-,-,-
VCC2TF1,DF_E_4016315,low_m4a,vcc2018,HUB-N17,spoof,notrim,eval,neural_vocoder_autoregressive,HUB,N17,MF,-
VCC2TM1,DF_E_2329113,high_ogg,vcc2018,SPO-N03,spoof,notrim,eval,unknown,SPO,N03,MM,-
LA_0042,DF_E_4967991,high_m4a,asvspoof,-,bonafide,notrim,eval,bonafide,-,-,-,-
SEM1,DF_E_2943979,high_ogg,vcc2020,-,bonafide,notrim,eval,bonafide,-,-,-,-
VCC2TM1,DF_E_3226300,mp3m4a,vcc2018,SPO-N04,spoof,notrim,eval,traditional_vocoder,SPO,N04,FM,-
SEM2,DF_E_3438558,high_m4a,vcc2020,-,bonafide,notrim,eval,bonafide,-,-,-,-
VCC2TM2,DF_E_3283802,high_mp3,vcc2018,-,bonafide,notrim,eval,bonafide,-,-,-,-
LA_0026,DF_E_3570007,high_ogg,asvspoof,A09,spoof,notrim,eval,traditional_vocoder,-,-,-,-
TFM1,DF_E_4244990,low_ogg,vcc2020,Task2-team26,spoof,notrim,eval,traditional_vocoder,Task2,team26,FM,F
TEF1,DF_E_3061894,low_m4a,vcc2020,Task1-team22,spoof,notrim,eval,neural_vocoder_nonautoregressive,Task1,team22,MF,E
TMF1,DF_E_2849040,low_ogg,vcc2020,Task2-team25,spoof,notrim,eval,neural_vocoder_autoregressive,Task2,team25,FF,M
LA_0038,DF_E_2506833,low_ogg,asvspoof,-,bonafide,notrim,eval,bonafide,-,-,-,-
LA_0016,DF_E_4458704,high_ogg,asvspoof,-,bonafide,notrim,eval,bonafide,-,-,-,-
LA_0037,DF_E_3893868,high_m4a,asvspoof,-,bonafide,notrim,eval,bonafide,-,-,-,-
TEM1,DF_E_3412986,mp3m4a,vcc2020,Task1-team26,spoof,notrim,eval,traditional_vocoder,Task1,team26,FM,E
VCC2TF2,DF_E_2541171,nocodec,vcc2018,HUB-D03,spoof,notrim,eval,traditional_vocoder,HUB,D03,FF,-
LA_0033,DF_E_4017278,low_m4a,asvspoof,-,bonafide,notrim,eval,bonafide,-,-,-,-
LA_0030,DF_E_3420904,low_ogg,asvspoof,-,bonafide,notrim,eval,bonafide,-,-,-,-
LA_0039,DF_E_4607174,high_m4a,asvspoof,-,bonafide,notrim,eval,bonafide,-,-,-,-
TMF1,DF_E_3300770,oggm4a,vcc2020,Task2-team16,spoof,notrim,eval,neural_vocoder_nonautoregressive,Task2,team16,MF,M
VCC2TF2,DF_E_4343338,low_m4a,vcc2018,HUB-N08,spoof,notrim,eval,traditional_vocoder,HUB,N08,MF,-
VCC2SF3,DF_E_2875158,nocodec,vcc2018,-,bonafide,notrim,eval,bonafide,-,-,-,-
LA_0005,DF_E_2731627,oggm4a,asvspoof,A15,spoof,notrim,eval,neural_vocoder_autoregressive,-,-,-,-
VCC2TM2,DF_E_4952294,high_mp3,vcc2018,SPO-B01,spoof,notrim,eval,traditional_vocoder,SPO,B01,FM,-
TEM1,DF_E_4199772,high_ogg,vcc2020,Task1-team27,spoof,notrim,eval,neural_vocoder_nonautoregressive,Task1,team27,FM,E
LA_0001,DF_E_3853764,oggm4a,asvspoof,-,bonafide,notrim,eval,bonafide,-,-,-,-
SEF2,DF_E_3393361,high_m4a,vcc2020,-,bonafide,notrim,eval,bonafide,-,-,-,-
TEM1,DF_E_2286253,high_m4a,vcc2020,Task1-team20,spoof,notrim,eval,neural_vocoder_nonautoregressive,Task1,team20,MM,E
VCC2TM2,DF_E_3301015,low_ogg,vcc2018,SPO-N05,spoof,notrim,eval,traditional_vocoder,SPO,N05,MM,-
VCC2TM2,DF_E_2600720,high_ogg,vcc2018,SPO-N11,spoof,notrim,eval,traditional_vocoder,SPO,N11,FM,-
SEF1,DF_E_4117989,oggm4a,vcc2020,-,bonafide,notrim,eval,bonafide,-,-,-,-
TGF1,DF_E_4034059,high_m4a,vcc2020,Task2-team09,spoof,notrim,eval,neural_vocoder_nonautoregressive,Task2,team09,MF,G
SEF2,DF_E_3370324,low_mp3,vcc2020,-,bonafide,notrim,eval,bonafide,-,-,-,-
VCC2TF2,DF_E_3247736,low_mp3,vcc2018,SPO-B01,spoof,notrim,eval,traditional_vocoder,SPO,B01,FF,-
VCC2TM2,DF_E_3668109,low_ogg,vcc2018,HUB-N18,spoof,notrim,eval,traditional_vocoder,HUB,N18,FM,-
TFM1,DF_E_2754006,nocodec,vcc2020,Task2-team25,spoof,notrim,eval,neural_vocoder_autoregressive,Task2,team25,MM,F
LA_0005,DF_E_2067038,low_ogg,asvspoof,A15,spoof,notrim,eval,neural_vocoder_autoregressive,-,-,-,-
LA_0049,DF_E_3829497,high_m4a,asvspoof,-,bonafide,notrim,eval,bonafide,-,-,-,-
TEF2,DF_E_4609683,mp3m4a,vcc2020,Task1-team18,spoof,notrim,eval,unknown,Task1,team18,FF,E
TMF1,DF_E_4840602,high_mp3,vcc2020,-,bonafide,notrim,eval,bonafide,-,-,-,-
TEM2,DF_E_4212860,high_ogg,vcc2020,-,bonafide,notrim,eval,bonafide,-,-,-,-
LA_0009,DF_E_4430582,oggm4a,asvspoof,-,bonafide,notrim,eval,bonafide,-,-,-,-
LA_0023,DF_E_4482116,low_ogg,asvspoof,-,bonafide,notrim,eval,bonafide,-,-,-,-
TEM1,DF_E_2474554,oggm4a,vcc2020,Task1-team04,spoof,notrim,eval,neural_vocoder_autoregressive,Task1,team04,FM,E
LA_0017,DF_E_2988069,low_ogg,asvspoof,-,bonafide,notrim,eval,bonafide,-,-,-,-
VCC2TF2,DF_E_4079986,low_ogg,vcc2018,HUB-N13,spoof,notrim,eval,traditional_vocoder,HUB,N13,MF,-
LA_0030,DF_E_4297093,mp3m4a,asvspoof,-,bonafide,notrim,eval,bonafide,-,-,-,-
VCC2SF2,DF_E_3329946,low_m4a,vcc2018,-,bonafide,notrim,eval,bonafide,-,-,-,-
VCC2TF2,DF_E_4438408,low_ogg,vcc2018,-,bonafide,notrim,eval,bonafide,-,-,-,-
VCC2TF1,DF_E_4909068,low_mp3,vcc2018,SPO-N03,spoof,notrim,eval,unknown,SPO,N03,MF,-
LA_0011,DF_E_3777544,low_mp3,asvspoof,-,bonafide,notrim,eval,bonafide,-,-,-,-
LA_0021,DF_E_2439486,low_m4a,asvspoof,-,bonafide,notrim,eval,bonafide,-,-,-,-
TGF1,DF_E_2259871,mp3m4a,vcc2020,Task2-team09,spoof,notrim,eval,neural_vocoder_nonautoregressive,Task2,team09,FF,G
LA_0029,DF_E_2524255,low_m4a,asvspoof,-,bonafide,notrim,eval,bonafide,-,-,-,-
LA_0042,DF_E_3692441,high_mp3,asvspoof,-,bonafide,notrim,eval,bonafide,-,-,-,-
LA_0030,DF_E_3269006,high_mp3,asvspoof,A09,spoof,notrim,eval,traditional_vocoder,-,-,-,-
LA_0032,DF_E_2014412,mp3m4a,asvspoof,A10,spoof,notrim,eval,neural_vocoder_autoregressive,-,-,-,-
TGF1,DF_E_4228425,low_m4a,vcc2020,Task2-team24,spoof,notrim,eval,neural_vocoder_autoregressive,Task2,team24,MF,G
TFM1,DF_E_4282082,high_ogg,vcc2020,-,bonafide,notrim,eval,bonafide,-,-,-,-
TEM2,DF_E_4349740,oggm4a,vcc2020,Task1-team07,spoof,notrim,eval,neural_vocoder_autoregressive,Task1,team07,FM,E
LA_0021,DF_E_4043613,nocodec,asvspoof,-,bonafide,notrim,eval,bonafide,-,-,-,-
VCC2SF1,DF_E_4066942,low_mp3,vcc2018,-,bonafide,notrim,eval,bonafide,-,-,-,-
VCC2TF1,DF_E_4750678,low_ogg,vcc2018,SPO-N06,spoof,notrim,eval,traditional_vocoder,SPO,N06,MF,-
LA_0040,DF_E_4482419,low_m4a,asvspoof,-,bonafide,notrim,eval,bonafide,-,-,-,-
LA_0014,DF_E_3237731,oggm4a,asvspoof,A19,spoof,notrim,eval,traditional_vocoder,-,-,-,-
TEM2,DF_E_3711488,low_mp3,vcc2020,Task1-team07,spoof,notrim,eval,neural_vocoder_autoregressive,Task1,team07,MM,E
LA_0016,DF_E_4650055,oggm4a,asvspoof,-,bonafide,notrim,eval,bonafide,-,-,-,-
VCC2SM1,DF_E_4998650,high_mp3,vcc2018,-,bonafide,notrim,eval,bonafide,-,-,-,-
LA_0015,DF_E_3209585,low_mp3,asvspoof,-,bonafide,notrim,eval,bonafide,-,-,-,-
VCC2TM1,DF_E_4538688,low_m4a,vcc2018,HUB-N09,spoof,notrim,eval,traditional_vocoder,HUB,N09,FM,-
VCC2TF1,DF_E_4779798,low_ogg,vcc2018,HUB-N11,spoof,notrim,eval,traditional_vocoder,HUB,N11,MF,-
VCC2SF1,DF_E_3652714,high_mp3,vcc2018,-,bonafide,notrim,eval,bonafide,-,-,-,-
LA_0014,DF_E_3737379,low_ogg,asvspoof,-,bonafide,notrim,eval,bonafide,-,-,-,-
TEF1,DF_E_2228310,nocodec,vcc2020,Task1-team31,spoof,notrim,eval,neural_vocoder_nonautoregressive,Task1,team31,MF,E
LA_0013,DF_E_2333505,mp3m4a,asvspoof,A13,spoof,notrim,eval,traditional_vocoder,-,-,-,-
VCC2TF2,DF_E_4960155,low_m4a,vcc2018,HUB-D03,spoof,notrim,eval,traditional_vocoder,HUB,D03,FF,-
VCC2TF2,DF_E_2447805,high_mp3,vcc2018,HUB-N12,spoof,notrim,eval,traditional_vocoder,HUB,N12,MF,-
LA_0018,DF_E_3652696,low_mp3,asvspoof,-,bonafide,notrim,eval,bonafide,-,-,-,-
TMM1,DF_E_3960198,high_ogg,vcc2020,-,bonafide,notrim,eval,bonafide,-,-,-,-
LA_0032,DF_E_2916981,nocodec,asvspoof,-,bonafide,notrim,eval,bonafide,-,-,-,-
VCC2SM2,DF_E_4850807,high_mp3,vcc2018,-,bonafide,notrim,eval,bonafide,-,-,-,-
LA_0044,DF_E_3607933,low_ogg,asvspoof,-,bonafide,notrim,eval,bonafide,-,-,-,-
VCC2SM1,DF_E_2765518,low_mp3,vcc2018,-,bonafide,notrim,eval,bonafide,-,-,-,-
VCC2TM1,DF_E_2999822,mp3m4a,vcc2018,SPO-N06,spoof,notrim,eval,traditional_vocoder,SPO,N06,FM,-
LA_0048,DF_E_3757786,high_ogg,asvspoof,-,bonafide,notrim,eval,bonafide,-,-,-,-
TEF1,DF_E_4907482,high_mp3,vcc2020,Task1-team19,spoof,notrim,eval,neural_vocoder_nonautoregressive,Task1,team19,MF,E
LA_0033,DF_E_3778789,high_ogg,asvspoof,-,bonafide,notrim,eval,bonafide,-,-,-,-
TEF2,DF_E_2981826,low_mp3,vcc2020,Task1-team30,spoof,notrim,eval,unknown,Task1,team30,MF,E
VCC2TF1,DF_E_4783254,nocodec,vcc2018,SPO-N11,spoof,notrim,eval,traditional_vocoder,SPO,N11,MF,-
LA_0042,DF_E_4343565,high_m4a,asvspoof,-,bonafide,notrim,eval,bonafide,-,-,-,-
TEM1,DF_E_4148728,mp3m4a,vcc2020,Task1-team24,spoof,notrim,eval,neural_vocoder_autoregressive,Task1,team24,FM,E
VCC2TM1,DF_E_4107903,low_ogg,vcc2018,HUB-N10,spoof,notrim,eval,neural_vocoder_autoregressive,HUB,N10,FM,-
TEF2,DF_E_3438369,low_ogg,vcc2020,Task1-team17,spoof,notrim,eval,neural_vocoder_nonautoregressive,Task1,team17,MF,E
LA_0003,DF_E_4017463,low_mp3,asvspoof,-,bonafide,notrim,eval,bonafide,-,-,-,-
LA_0018,DF_E_2132956,mp3m4a,asvspoof,A19,spoof,notrim,eval,traditional_vocoder,-,-,-,-
VCC2TF1,DF_E_4840388,oggm4a,vcc2018,HUB-N08,spoof,notrim,eval,traditional_vocoder,HUB,N08,FF,-
VCC2TM1,DF_E_3700167,low_m4a,vcc2018,HUB-B01,spoof,notrim,eval,traditional_vocoder,HUB,B01,MM,-
TFF1,DF_E_4171613,low_mp3,vcc2020,Task2-team24,spoof,notrim,eval,neural_vocoder_autoregressive,Task2,team24,MF,F
SEM2,DF_E_4100678,nocodec,vcc2020,-,bonafide,notrim,eval,bonafide,-,-,-,-
LA_0030,DF_E_2081231,low_m4a,asvspoof,-,bonafide,notrim,eval,bonafide,-,-,-,-
TEM2,DF_E_3439321,mp3m4a,vcc2020,Task1-team11,spoof,notrim,eval,neural_vocoder_autoregressive,Task1,team11,FM,E
TGM1,DF_E_2321126,low_mp3,vcc2020,Task2-team02,spoof,notrim,eval,neural_vocoder_nonautoregressive,Task2,team02,FM,G
LA_0040,DF_E_2176139,mp3m4a,asvspoof,-,bonafide,notrim,eval,bonafide,-,-,-,-
TFM1,DF_E_2675836,low_mp3,vcc2020,-,bonafide,notrim,eval,bonafide,-,-,-,-
VCC2TM1,DF_E_4160736,low_m4a,vcc2018,HUB-N19,spoof,notrim,eval,traditional_vocoder,HUB,N19,FM,-
VCC2SM1,DF_E_3337532,low_ogg,vcc2018,-,bonafide,notrim,eval,bonafide,-,-,-,-
TFM1,DF_E_2591454,low_mp3,vcc2020,Task2-team26,spoof,notrim,eval,traditional_vocoder,Task2,team26,FM,F
VCC2TM1,DF_E_4723080,nocodec,vcc2018,HUB-N19,spoof,notrim,eval,traditional_vocoder,HUB,N19,FM,-
VCC2TM1,DF_E_3653440,low_ogg,vcc2018,SPO-N05,spoof,notrim,eval,traditional_vocoder,SPO,N05,FM,-
TGF1,DF_E_2670167,low_mp3,vcc2020,-,bonafide,notrim,eval,bonafide,-,-,-,-
LA_0048,DF_E_2791803,mp3m4a,asvspoof,-,bonafide,notrim,eval,bonafide,-,-,-,-
LA_0013,DF_E_4428845,low_mp3,asvspoof,-,bonafide,notrim,eval,bonafide,-,-,-,-
LA_0040,DF_E_3767684,oggm4a,asvspoof,-,bonafide,notrim,eval,bonafide,-,-,-,-
VCC2TF1,DF_E_4721192,high_ogg,vcc2018,HUB-N17,spoof,notrim,eval,neural_vocoder_autoregressive,HUB,N17,MF,-
LA_0032,DF_E_4069005,mp3m4a,asvspoof,A12,spoof,notrim,eval,neural_vocoder_autoregressive,-,-,-,-
LA_0036,DF_E_4879871,high_ogg,asvspoof,-,bonafide,notrim,eval,bonafide,-,-,-,-
TEF1,DF_E_4952143,low_mp3,vcc2020,-,bonafide,notrim,eval,bonafide,-,-,-,-
TFM1,DF_E_3940181,oggm4a,vcc2020,-,bonafide,notrim,eval,bonafide,-,-,-,-
LA_0018,DF_E_3881088,high_ogg,asvspoof,-,bonafide,notrim,eval,bonafide,-,-,-,-
LA_0064,DF_E_4636590,nocodec,asvspoof,-,bonafide,notrim,eval,bonafide,-,-,-,-
LA_0018,DF_E_3460421,mp3m4a,asvspoof,-,bonafide,notrim,eval,bonafide,-,-,-,-
LA_0015,DF_E_3638993,low_m4a,asvspoof,-,bonafide,notrim,eval,bonafide,-,-,-,-
VCC2TF2,DF_E_3321897,high_m4a,vcc2018,HUB-N06,spoof,notrim,eval,traditional_vocoder,HUB,N06,FF,-
TMM1,DF_E_3810560,oggm4a,vcc2020,Task2-team28,spoof,notrim,eval,neural_vocoder_autoregressive,Task2,team28,FM,M
VCC2TF1,DF_E_4464474,low_m4a,vcc2018,-,bonafide,notrim,eval,bonafide,-,-,-,-
VCC2TM2,DF_E_3652924,high_m4a,vcc2018,HUB-N12,spoof,notrim,eval,traditional_vocoder,HUB,N12,MM,-
TGF1,DF_E_2067814,high_ogg,vcc2020,Task2-team02,spoof,notrim,eval,neural_vocoder_nonautoregressive,Task2,team02,FF,G
LA_0023,DF_E_2682027,low_ogg,asvspoof,-,bonafide,notrim,eval,bonafide,-,-,-,-
VCC2SF3,DF_E_3401772,mp3m4a,vcc2018,-,bonafide,notrim,eval,bonafide,-,-,-,-
TMF1,DF_E_2586987,mp3m4a,vcc2020,Task2-team05,spoof,notrim,eval,neural_vocoder_nonautoregressive,Task2,team05,MF,M
LA_0005,DF_E_3586779,oggm4a,asvspoof,-,bonafide,notrim,eval,bonafide,-,-,-,-
LA_0036,DF_E_2989312,high_m4a,asvspoof,-,bonafide,notrim,eval,bonafide,-,-,-,-
VCC2TM2,DF_E_2504596,low_m4a,vcc2018,SPO-N10,spoof,notrim,eval,neural_vocoder_autoregressive,SPO,N10,FM,-
LA_0001,DF_E_4454969,high_ogg,asvspoof,-,bonafide,notrim,eval,bonafide,-,-,-,-
VCC2SM1,DF_E_3411307,high_m4a,vcc2018,-,bonafide,notrim,eval,bonafide,-,-,-,-
TEM1,DF_E_2614229,high_mp3,vcc2020,-,bonafide,notrim,eval,bonafide,-,-,-,-
TEF2,DF_E_3525542,nocodec,vcc2020,Task1-team10,spoof,notrim,eval,neural_vocoder_autoregressive,Task1,team10,MF,E
LA_0003,DF_E_4650430,low_ogg,asvspoof,-,bonafide,notrim,eval,bonafide,-,-,-,-
LA_0048,DF_E_4695770,high_ogg,asvspoof,-,bonafide,notrim,eval,bonafide,-,-,-,-
TFM1,DF_E_2537612,low_m4a,vcc2020,Task2-team25,spoof,notrim,eval,neural_vocoder_autoregressive,Task2,team25,MM,F
VCC2SF3,DF_E_3429371,low_ogg,vcc2018,-,bonafide,notrim,eval,bonafide,-,-,-,-
LA_0018,DF_E_3090994,low_m4a,asvspoof,A12,spoof,notrim,eval,neural_vocoder_autoregressive,-,-,-,-
TEF2,DF_E_3195351,nocodec,vcc2020,Task1-team24,spoof,notrim,eval,neural_vocoder_autoregressive,Task1,team24,FF,E
LA_0002,DF_E_2528452,high_ogg,asvspoof,A16,spoof,notrim,eval,waveform_concatenation,-,-,-,-
VCC2TF1,DF_E_4087868,high_mp3,vcc2018,HUB-D02,spoof,notrim,eval,traditional_vocoder,HUB,D02,FF,-
VCC2TM2,DF_E_4699768,high_m4a,vcc2018,HUB-N12,spoof,notrim,eval,traditional_vocoder,HUB,N12,FM,-
VCC2TM2,DF_E_4270925,high_ogg,vcc2018,HUB-N09,spoof,notrim,eval,traditional_vocoder,HUB,N09,FM,-
VCC2SF1,DF_E_4023174,low_m4a,vcc2018,-,bonafide,notrim,eval,bonafide,-,-,-,-
VCC2TF1,DF_E_2577994,low_ogg,vcc2018,SPO-B01,spoof,notrim,eval,traditional_vocoder,SPO,B01,FF,-
LA_0042,DF_E_4154717,high_ogg,asvspoof,A08,spoof,notrim,eval,neural_vocoder_nonautoregressive,-,-,-,-
LA_0024,DF_E_2038448,low_ogg,asvspoof,-,bonafide,notrim,eval,bonafide,-,-,-,-
LA_0042,DF_E_4996222,oggm4a,asvspoof,A19,spoof,notrim,eval,traditional_vocoder,-,-,-,-
TFF1,DF_E_2014150,oggm4a,vcc2020,Task2-team03,spoof,notrim,eval,neural_vocoder_autoregressive,Task2,team03,FF,F
TEM2,DF_E_2842091,high_mp3,vcc2020,Task1-team06,spoof,notrim,eval,traditional_vocoder,Task1,team06,FM,E
VCC2SM3,DF_E_3329383,oggm4a,vcc2018,-,bonafide,notrim,eval,bonafide,-,-,-,-
VCC2SF2,DF_E_4129354,low_m4a,vcc2018,-,bonafide,notrim,eval,bonafide,-,-,-,-
TEM1,DF_E_3918169,low_mp3,vcc2020,Task1-team11,spoof,notrim,eval,neural_vocoder_autoregressive,Task1,team11,FM,E
TMM1,DF_E_4346009,low_m4a,vcc2020,-,bonafide,notrim,eval,bonafide,-,-,-,-
LA_0008,DF_E_2086166,high_mp3,asvspoof,-,bonafide,notrim,eval,bonafide,-,-,-,-
TEM2,DF_E_4177287,low_m4a,vcc2020,Task1-team28,spoof,notrim,eval,neural_vocoder_autoregressive,Task1,team28,FM,E
VCC2SM3,DF_E_2348924,low_ogg,vcc2018,-,bonafide,notrim,eval,bonafide,-,-,-,-
VCC2TF2,DF_E_4367216,low_mp3,vcc2018,HUB-N12,spoof,notrim,eval,traditional_vocoder,HUB,N12,MF,-
LA_0028,DF_E_4459613,low_ogg,asvspoof,-,bonafide,notrim,eval,bonafide,-,-,-,-
SEM2,DF_E_2153010,oggm4a,vcc2020,-,bonafide,notrim,eval,bonafide,-,-,-,-
TEF1,DF_E_4762901,low_m4a,vcc2020,Task1-team24,spoof,notrim,eval,neural_vocoder_autoregressive,Task1,team24,FF,E
VCC2TF2,DF_E_4966354,mp3m4a,vcc2018,-,bonafide,notrim,eval,bonafide,-,-,-,-
LA_0025,DF_E_2470486,high_ogg,asvspoof,A17,spoof,notrim,eval,traditional_vocoder,-,-,-,-
VCC2TF1,DF_E_2329810,high_mp3,vcc2018,-,bonafide,notrim,eval,bonafide,-,-,-,-
TGF1,DF_E_4755870,low_m4a,vcc2020,Task2-team15,spoof,notrim,eval,neural_vocoder_nonautoregressive,Task2,team15,FF,G
VCC2SF3,DF_E_4592510,high_m4a,vcc2018,-,bonafide,notrim,eval,bonafide,-,-,-,-
TEM1,DF_E_3592002,high_mp3,vcc2020,Task1-team31,spoof,notrim,eval,neural_vocoder_nonautoregressive,Task1,team31,MM,E
LA_0010,DF_E_3436235,nocodec,asvspoof,A11,spoof,notrim,eval,traditional_vocoder,-,-,-,-
TGF1,DF_E_3790241,low_ogg,vcc2020,Task2-team13,spoof,notrim,eval,neural_vocoder_autoregressive,Task2,team13,MF,G
SEF2,DF_E_4632347,low_m4a,vcc2020,-,bonafide,notrim,eval,bonafide,-,-,-,-
TEM1,DF_E_3657327,mp3m4a,vcc2020,Task1-team31,spoof,notrim,eval,neural_vocoder_nonautoregressive,Task1,team31,FM,E
TEF1,DF_E_3088554,low_mp3,vcc2020,Task1-team26,spoof,notrim,eval,traditional_vocoder,Task1,team26,FF,E
VCC2SM1,DF_E_4728100,low_mp3,vcc2018,-,bonafide,notrim,eval,bonafide,-,-,-,-
LA_0003,DF_E_2444216,high_ogg,asvspoof,-,bonafide,notrim,eval,bonafide,-,-,-,-
VCC2SM1,DF_E_2064843,low_m4a,vcc2018,-,bonafide,notrim,eval,bonafide,-,-,-,-
VCC2SF3,DF_E_4652754,mp3m4a,vcc2018,-,bonafide,notrim,eval,bonafide,-,-,-,-
TMF1,DF_E_2482024,high_m4a,vcc2020,Task2-team33,spoof,notrim,eval,neural_vocoder_nonautoregressive,Task2,team33,FF,M
TGM1,DF_E_4719560,low_m4a,vcc2020,-,bonafide,notrim,eval,bonafide,-,-,-,-
LA_0001,DF_E_3907126,high_ogg,asvspoof,-,bonafide,notrim,eval,bonafide,-,-,-,-
LA_0054,DF_E_3088693,high_mp3,asvspoof,-,bonafide,notrim,eval,bonafide,-,-,-,-
LA_0011,DF_E_3525248,oggm4a,asvspoof,-,bonafide,notrim,eval,bonafide,-,-,-,-
LA_0013,DF_E_3495644,high_ogg,asvspoof,-,bonafide,notrim,eval,bonafide,-,-,-,-
LA_0028,DF_E_2385121,oggm4a,asvspoof,-,bonafide,notrim,eval,bonafide,-,-,-,-
LA_0031,DF_E_4310818,low_mp3,asvspoof,-,bonafide,notrim,eval,bonafide,-,-,-,-
TEF2,DF_E_2141493,low_ogg,vcc2020,-,bonafide,notrim,eval,bonafide,-,-,-,-
VCC2SM2,DF_E_4463018,nocodec,vcc2018,-,bonafide,notrim,eval,bonafide,-,-,-,-
LA_0005,DF_E_3952157,high_ogg,asvspoof,A07,spoof,notrim,eval,traditional_vocoder,-,-,-,-
LA_0031,DF_E_4821145,mp3m4a,asvspoof,A10,spoof,notrim,eval,neural_vocoder_autoregressive,-,-,-,-
LA_0029,DF_E_4283878,low_mp3,asvspoof,-,bonafide,notrim,eval,bonafide,-,-,-,-
TMF1,DF_E_4326174,mp3m4a,vcc2020,-,bonafide,notrim,eval,bonafide,-,-,-,-
VCC2SM3,DF_E_3260501,low_m4a,vcc2018,-,bonafide,notrim,eval,bonafide,-,-,-,-
LA_0001,DF_E_3591423,high_ogg,asvspoof,-,bonafide,notrim,eval,bonafide,-,-,-,-
TFF1,DF_E_3354345,low_mp3,vcc2020,Task2-team27,spoof,notrim,eval,neural_vocoder_nonautoregressive,Task2,team27,MF,F
LA_0011,DF_E_4809663,nocodec,asvspoof,A08,spoof,notrim,eval,neural_vocoder_nonautoregressive,-,-,-,-
VCC2TF1,DF_E_3381622,low_mp3,vcc2018,HUB-N19,spoof,notrim,eval,traditional_vocoder,HUB,N19,FF,-
LA_0036,DF_E_4078394,high_ogg,asvspoof,-,bonafide,notrim,eval,bonafide,-,-,-,-
TEF1,DF_E_2246986,low_m4a,vcc2020,-,bonafide,notrim,eval,bonafide,-,-,-,-
VCC2TF2,DF_E_3434701,low_m4a,vcc2018,HUB-N18,spoof,notrim,eval,traditional_vocoder,HUB,N18,FF,-
VCC2TM2,DF_E_2306848,high_ogg,vcc2018,HUB-N12,spoof,notrim,eval,traditional_vocoder,HUB,N12,MM,-
TMF1,DF_E_3912784,mp3m4a,vcc2020,-,bonafide,notrim,eval,bonafide,-,-,-,-
LA_0048,DF_E_2077924,high_ogg,asvspoof,-,bonafide,notrim,eval,bonafide,-,-,-,-
LA_0006,DF_E_3390247,oggm4a,asvspoof,-,bonafide,notrim,eval,bonafide,-,-,-,-
VCC2SM1,DF_E_2597403,low_m4a,vcc2018,-,bonafide,notrim,eval,bonafide,-,-,-,-
LA_0026,DF_E_4818763,low_ogg,asvspoof,A11,spoof,notrim,eval,traditional_vocoder,-,-,-,-
VCC2SM3,DF_E_2285698,low_m4a,vcc2018,-,bonafide,notrim,eval,bonafide,-,-,-,-
LA_0045,DF_E_3815332,nocodec,asvspoof,A16,spoof,notrim,eval,waveform_concatenation,-,-,-,-
TGM1,DF_E_2475895,low_mp3,vcc2020,-,bonafide,notrim,eval,bonafide,-,-,-,-
LA_0046,DF_E_4188076,mp3m4a,asvspoof,-,bonafide,notrim,eval,bonafide,-,-,-,-
TFF1,DF_E_2621318,mp3m4a,vcc2020,-,bonafide,notrim,eval,bonafide,-,-,-,-
VCC2TM1,DF_E_2666740,low_m4a,vcc2018,HUB-D03,spoof,notrim,eval,traditional_vocoder,HUB,D03,FM,-
SEF1,DF_E_2752393,low_m4a,vcc2020,-,bonafide,notrim,eval,bonafide,-,-,-,-
TEF1,DF_E_4117729,low_ogg,vcc2020,Task1-team03,spoof,notrim,eval,neural_vocoder_autoregressive,Task1,team03,MF,E
LA_0020,DF_E_4068512,mp3m4a,asvspoof,-,bonafide,notrim,eval,bonafide,-,-,-,-
TFF1,DF_E_2512436,mp3m4a,vcc2020,Task2-team23,spoof,notrim,eval,neural_vocoder_autoregressive,Task2,team23,FF,F
LA_0048,DF_E_3781387,low_mp3,asvspoof,-,bonafide,notrim,eval,bonafide,-,-,-,-
TEF2,DF_E_2993614,oggm4a,vcc2020,-,bonafide,notrim,eval,bonafide,-,-,-,-
VCC2TM1,DF_E_3799371,low_m4a,vcc2018,SPO-N03,spoof,notrim,eval,unknown,SPO,N03,MM,-
VCC2TM2,DF_E_3567304,low_ogg,vcc2018,SPO-N12,spoof,notrim,eval,traditional_vocoder,SPO,N12,MM,-
VCC2TF2,DF_E_2620016,oggm4a,vcc2018,HUB-N18,spoof,notrim,eval,traditional_vocoder,HUB,N18,FF,-
VCC2TF1,DF_E_4181912,low_mp3,vcc2018,HUB-D05,spoof,notrim,eval,traditional_vocoder,HUB,D05,FF,-
TEM2,DF_E_2925605,high_mp3,vcc2020,-,bonafide,notrim,eval,bonafide,-,-,-,-
VCC2TF1,DF_E_3580288,oggm4a,vcc2018,HUB-N06,spoof,notrim,eval,traditional_vocoder,HUB,N06,FF,-
TGF1,DF_E_3874561,high_mp3,vcc2020,Task2-team18,spoof,notrim,eval,unknown,Task2,team18,FF,G
VCC2SF3,DF_E_3430299,high_mp3,vcc2018,-,bonafide,notrim,eval,bonafide,-,-,-,-
VCC2SF2,DF_E_3393481,high_ogg,vcc2018,-,bonafide,notrim,eval,bonafide,-,-,-,-
LA_0044,DF_E_4746077,low_ogg,asvspoof,-,bonafide,notrim,eval,bonafide,-,-,-,-
TMF1,DF_E_3483931,low_mp3,vcc2020,Task2-team15,spoof,notrim,eval,neural_vocoder_nonautoregressive,Task2,team15,MF,M
TEF2,DF_E_2301013,nocodec,vcc2020,Task1-team22,spoof,notrim,eval,neural_vocoder_nonautoregressive,Task1,team22,FF,E
VCC2TF2,DF_E_2636203,low_ogg,vcc2018,HUB-N04,spoof,notrim,eval,traditional_vocoder,HUB,N04,FF,-
VCC2SF4,DF_E_4429223,nocodec,vcc2018,-,bonafide,notrim,eval,bonafide,-,-,-,-
LA_0007,DF_E_3335568,high_ogg,asvspoof,-,bonafide,notrim,eval,bonafide,-,-,-,-
TEF1,DF_E_3149278,low_mp3,vcc2020,Task1-team12,spoof,notrim,eval,traditional_vocoder,Task1,team12,MF,E
TEM1,DF_E_2673853,high_m4a,vcc2020,Task1-team20,spoof,notrim,eval,neural_vocoder_nonautoregressive,Task1,team20,MM,E
VCC2TF2,DF_E_3961347,mp3m4a,vcc2018,HUB-N14,spoof,notrim,eval,traditional_vocoder,HUB,N14,FF,-
VCC2SM2,DF_E_2159994,low_m4a,vcc2018,-,bonafide,notrim,eval,bonafide,-,-,-,-
VCC2TM2,DF_E_2573317,mp3m4a,vcc2018,HUB-N06,spoof,notrim,eval,traditional_vocoder,HUB,N06,MM,-
LA_0048,DF_E_2546575,mp3m4a,asvspoof,-,bonafide,notrim,eval,bonafide,-,-,-,-
LA_0029,DF_E_2295524,mp3m4a,asvspoof,-,bonafide,notrim,eval,bonafide,-,-,-,-
LA_0051,DF_E_4455124,nocodec,asvspoof,-,bonafide,notrim,eval,bonafide,-,-,-,-
VCC2SF1,DF_E_3098277,low_mp3,vcc2018,-,bonafide,notrim,eval,bonafide,-,-,-,-
LA_0021,DF_E_4124863,low_m4a,asvspoof,-,bonafide,notrim,eval,bonafide,-,-,-,-
LA_0044,DF_E_4429314,nocodec,asvspoof,-,bonafide,notrim,eval,bonafide,-,-,-,-
VCC2TF2,DF_E_2232702,high_ogg,vcc2018,HUB-N05,spoof,notrim,eval,traditional_vocoder,HUB,N05,FF,-
TMM1,DF_E_3985818,high_m4a,vcc2020,Task2-team08,spoof,notrim,eval,traditional_vocoder,Task2,team08,MM,M
TMF1,DF_E_4571301,oggm4a,vcc2020,Task2-team28,spoof,notrim,eval,neural_vocoder_autoregressive,Task2,team28,FF,M
VCC2SF1,DF_E_3606176,high_m4a,vcc2018,-,bonafide,notrim,eval,bonafide,-,-,-,-
LA_0015,DF_E_2124883,mp3m4a,asvspoof,-,bonafide,notrim,eval,bonafide,-,-,-,-
LA_0005,DF_E_2249076,oggm4a,asvspoof,-,bonafide,notrim,eval,bonafide,-,-,-,-
LA_0001,DF_E_3151221,oggm4a,asvspoof,A10,spoof,notrim,eval,neural_vocoder_autoregressive,-,-,-,-
VCC2TM1,DF_E_2201190,low_ogg,vcc2018,SPO-N10,spoof,notrim,eval,neural_vocoder_autoregressive,SPO,N10,FM,-
LA_0032,DF_E_3249420,oggm4a,asvspoof,-,bonafide,notrim,eval,bonafide,-,-,-,-
VCC2TM1,DF_E_3838204,low_mp3,vcc2018,-,bonafide,notrim,eval,bonafide,-,-,-,-
TMM1,DF_E_3790802,oggm4a,vcc2020,Task2-team30,spoof,notrim,eval,unknown,Task2,team30,MM,M
VCC2SM2,DF_E_2488260,high_mp3,vcc2018,-,bonafide,notrim,eval,bonafide,-,-,-,-
VCC2TM1,DF_E_2882344,high_mp3,vcc2018,HUB-N16,spoof,notrim,eval,traditional_vocoder,HUB,N16,MM,-
VCC2TM2,DF_E_2840536,high_m4a,vcc2018,HUB-B01,spoof,notrim,eval,traditional_vocoder,HUB,B01,MM,-
VCC2TM2,DF_E_4625874,high_mp3,vcc2018,HUB-N09,spoof,notrim,eval,traditional_vocoder,HUB,N09,MM,-
TMM1,DF_E_2862752,low_m4a,vcc2020,Task2-team16,spoof,notrim,eval,neural_vocoder_nonautoregressive,Task2,team16,FM,M
LA_0013,DF_E_4658972,oggm4a,asvspoof,-,bonafide,notrim,eval,bonafide,-,-,-,-
VCC2SF1,DF_E_3717752,mp3m4a,vcc2018,-,bonafide,notrim,eval,bonafide,-,-,-,-
VCC2TF2,DF_E_2658278,mp3m4a,vcc2018,SPO-N11,spoof,notrim,eval,traditional_vocoder,SPO,N11,MF,-
TEM2,DF_E_2547684,oggm4a,vcc2020,Task1-team16,spoof,notrim,eval,neural_vocoder_nonautoregressive,Task1,team16,FM,E
TEM2,DF_E_2064564,nocodec,vcc2020,Task1-team06,spoof,notrim,eval,traditional_vocoder,Task1,team06,MM,E
TEM1,DF_E_2267916,low_ogg,vcc2020,-,bonafide,notrim,eval,bonafide,-,-,-,-
LA_0040,DF_E_3274654,high_m4a,asvspoof,-,bonafide,notrim,eval,bonafide,-,-,-,-
LA_0058,DF_E_2979878,high_ogg,asvspoof,-,bonafide,notrim,eval,bonafide,-,-,-,-
VCC2TM2,DF_E_4635462,high_m4a,vcc2018,SPO-N18,spoof,notrim,eval,traditional_vocoder,SPO,N18,FM,-
LA_0043,DF_E_2570486,high_m4a,asvspoof,-,bonafide,notrim,eval,bonafide,-,-,-,-
TMF1,DF_E_2667782,high_ogg,vcc2020,Task2-team23,spoof,notrim,eval,neural_vocoder_autoregressive,Task2,team23,FF,M
TMM1,DF_E_4783473,mp3m4a,vcc2020,Task2-team03,spoof,notrim,eval,neural_vocoder_autoregressive,Task2,team03,FM,M
VCC2TM2,DF_E_4017897,nocodec,vcc2018,HUB-N12,spoof,notrim,eval,traditional_vocoder,HUB,N12,MM,-
LA_0048,DF_E_2777654,high_m4a,asvspoof,-,bonafide,notrim,eval,bonafide,-,-,-,-
TGF1,DF_E_4719088,low_ogg,vcc2020,Task2-team25,spoof,notrim,eval,neural_vocoder_autoregressive,Task2,team25,FF,G
LA_0018,DF_E_4186081,low_mp3,asvspoof,-,bonafide,notrim,eval,bonafide,-,-,-,-
TGM1,DF_E_2530913,oggm4a,vcc2020,Task2-team11,spoof,notrim,eval,neural_vocoder_autoregressive,Task2,team11,MM,G
TEF1,DF_E_2094259,nocodec,vcc2020,-,bonafide,notrim,eval,bonafide,-,-,-,-
VCC2TM1,DF_E_4701378,mp3m4a,vcc2018,-,bonafide,notrim,eval,bonafide,-,-,-,-
TEF1,DF_E_2864407,low_ogg,vcc2020,-,bonafide,notrim,eval,bonafide,-,-,-,-
TEM2,DF_E_2287103,high_m4a,vcc2020,Task1-team17,spoof,notrim,eval,neural_vocoder_nonautoregressive,Task1,team17,MM,E
VCC2TF1,DF_E_3010589,oggm4a,vcc2018,SPO-N04,spoof,notrim,eval,traditional_vocoder,SPO,N04,FF,-
VCC2SM4,DF_E_2137191,nocodec,vcc2018,-,bonafide,notrim,eval,bonafide,-,-,-,-
VCC2TF1,DF_E_3329323,high_m4a,vcc2018,HUB-N18,spoof,notrim,eval,traditional_vocoder,HUB,N18,MF,-
LA_0047,DF_E_2895012,high_m4a,asvspoof,-,bonafide,notrim,eval,bonafide,-,-,-,-
LA_0018,DF_E_2133494,high_ogg,asvspoof,A08,spoof,notrim,eval,neural_vocoder_nonautoregressive,-,-,-,-
VCC2TM1,DF_E_3921336,high_ogg,vcc2018,HUB-N11,spoof,notrim,eval,traditional_vocoder,HUB,N11,MM,-
TEF2,DF_E_2507634,low_m4a,vcc2020,Task1-team01,spoof,notrim,eval,neural_vocoder_nonautoregressive,Task1,team01,FF,E
TMM1,DF_E_3722061,low_mp3,vcc2020,Task2-team26,spoof,notrim,eval,traditional_vocoder,Task2,team26,FM,M
VCC2SF1,DF_E_3381573,low_mp3,vcc2018,-,bonafide,notrim,eval,bonafide,-,-,-,-
TEF2,DF_E_3949216,high_m4a,vcc2020,Task1-team20,spoof,notrim,eval,neural_vocoder_nonautoregressive,Task1,team20,FF,E
VCC2SF4,DF_E_2142987,low_mp3,vcc2018,-,bonafide,notrim,eval,bonafide,-,-,-,-
VCC2TM1,DF_E_4349417,high_ogg,vcc2018,HUB-N06,spoof,notrim,eval,traditional_vocoder,HUB,N06,MM,-
VCC2TF2,DF_E_2030257,nocodec,vcc2018,HUB-B01,spoof,notrim,eval,traditional_vocoder,HUB,B01,FF,-
VCC2TF2,DF_E_4449997,oggm4a,vcc2018,HUB-N06,spoof,notrim,eval,traditional_vocoder,HUB,N06,MF,-
VCC2TM1,DF_E_2542158,low_mp3,vcc2018,HUB-N11,spoof,notrim,eval,traditional_vocoder,HUB,N11,FM,-
TFF1,DF_E_3700599,nocodec,vcc2020,Task2-team07,spoof,notrim,eval,neural_vocoder_autoregressive,Task2,team07,MF,F
VCC2TM1,DF_E_3741155,low_mp3,vcc2018,SPO-N06,spoof,notrim,eval,traditional_vocoder,SPO,N06,MM,-
TFF1,DF_E_2731423,high_ogg,vcc2020,-,bonafide,notrim,eval,bonafide,-,-,-,-
VCC2TM2,DF_E_2561421,oggm4a,vcc2018,-,bonafide,notrim,eval,bonafide,-,-,-,-
LA_0065,DF_E_4378981,low_m4a,asvspoof,-,bonafide,notrim,eval,bonafide,-,-,-,-
LA_0004,DF_E_4293605,high_ogg,asvspoof,A11,spoof,notrim,eval,traditional_vocoder,-,-,-,-
TFF1,DF_E_4046510,low_ogg,vcc2020,Task2-team15,spoof,notrim,eval,neural_vocoder_nonautoregressive,Task2,team15,MF,F
TEM1,DF_E_4302955,high_ogg,vcc2020,-,bonafide,notrim,eval,bonafide,-,-,-,-
LA_0010,DF_E_3908431,high_ogg,asvspoof,-,bonafide,notrim,eval,bonafide,-,-,-,-
TEM2,DF_E_2039953,nocodec,vcc2020,Task1-team25,spoof,notrim,eval,neural_vocoder_autoregressive,Task1,team25,FM,E
LA_0015,DF_E_3771032,mp3m4a,asvspoof,-,bonafide,notrim,eval,bonafide,-,-,-,-
TMF1,DF_E_4779599,oggm4a,vcc2020,Task2-team06,spoof,notrim,eval,traditional_vocoder,Task2,team06,MF,M
TEM1,DF_E_3490880,low_m4a,vcc2020,Task1-team22,spoof,notrim,eval,neural_vocoder_nonautoregressive,Task1,team22,MM,E
VCC2TF2,DF_E_4989585,nocodec,vcc2018,HUB-N14,spoof,notrim,eval,traditional_vocoder,HUB,N14,MF,-
VCC2SM1,DF_E_4797060,high_mp3,vcc2018,-,bonafide,notrim,eval,bonafide,-,-,-,-
VCC2TM1,DF_E_4921834,low_mp3,vcc2018,SPO-N06,spoof,notrim,eval,traditional_vocoder,SPO,N06,MM,-
TFF1,DF_E_4232052,oggm4a,vcc2020,Task2-team26,spoof,notrim,eval,traditional_vocoder,Task2,team26,MF,F
LA_0009,DF_E_4402646,oggm4a,asvspoof,-,bonafide,notrim,eval,bonafide,-,-,-,-
LA_0023,DF_E_2877963,oggm4a,asvspoof,-,bonafide,notrim,eval,bonafide,-,-,-,-
LA_0015,DF_E_2070143,nocodec,asvspoof,-,bonafide,notrim,eval,bonafide,-,-,-,-
LA_0045,DF_E_4176533,low_ogg,asvspoof,-,bonafide,notrim,eval,bonafide,-,-,-,-
LA_0041,DF_E_3736973,low_ogg,asvspoof,-,bonafide,notrim,eval,bonafide,-,-,-,-
VCC2TM2,DF_E_4715327,high_ogg,vcc2018,SPO-N05,spoof,notrim,eval,traditional_vocoder,SPO,N05,MM,-
TEM2,DF_E_4074464,low_m4a,vcc2020,Task1-team11,spoof,notrim,eval,neural_vocoder_autoregressive,Task1,team11,MM,E
VCC2TM2,DF_E_2694576,low_m4a,vcc2018,SPO-N06,spoof,notrim,eval,traditional_vocoder,SPO,N06,FM,-
TEF1,DF_E_3922492,high_mp3,vcc2020,Task1-team21,spoof,notrim,eval,neural_vocoder_nonautoregressive,Task1,team21,MF,E
LA_0023,DF_E_4357834,low_m4a,asvspoof,A13,spoof,notrim,eval,traditional_vocoder,-,-,-,-
LA_0025,DF_E_2860978,high_ogg,asvspoof,-,bonafide,notrim,eval,bonafide,-,-,-,-
LA_0019,DF_E_3917403,low_ogg,asvspoof,A14,spoof,notrim,eval,traditional_vocoder,-,-,-,-
VCC2TF2,DF_E_4912490,high_m4a,vcc2018,SPO-B01,spoof,notrim,eval,traditional_vocoder,SPO,B01,MF,-
VCC2TF1,DF_E_2447382,low_ogg,vcc2018,-,bonafide,notrim,eval,bonafide,-,-,-,-
LA_0021,DF_E_3698539,oggm4a,asvspoof,-,bonafide,notrim,eval,bonafide,-,-,-,-
VCC2TF1,DF_E_2987460,low_mp3,vcc2018,HUB-D03,spoof,notrim,eval,traditional_vocoder,HUB,D03,MF,-
TFM1,DF_E_4969253,low_ogg,vcc2020,Task2-team30,spoof,notrim,eval,unknown,Task2,team30,FM,F
VCC2TF2,DF_E_2066291,low_ogg,vcc2018,HUB-N10,spoof,notrim,eval,neural_vocoder_autoregressive,HUB,N10,MF,-
TMF1,DF_E_4303952,high_m4a,vcc2020,Task2-team25,spoof,notrim,eval,neural_vocoder_autoregressive,Task2,team25,FF,M
TEM1,DF_E_3436104,high_ogg,vcc2020,Task1-team19,spoof,notrim,eval,neural_vocoder_nonautoregressive,Task1,team19,MM,E
SEM2,DF_E_4920277,nocodec,vcc2020,-,bonafide,notrim,eval,bonafide,-,-,-,-
LA_0030,DF_E_4347112,oggm4a,asvspoof,-,bonafide,notrim,eval,bonafide,-,-,-,-
TEM1,DF_E_4718025,mp3m4a,vcc2020,Task1-team13,spoof,notrim,eval,neural_vocoder_autoregressive,Task1,team13,FM,E
TFM1,DF_E_4929579,high_mp3,vcc2020,Task2-team16,spoof,notrim,eval,neural_vocoder_nonautoregressive,Task2,team16,FM,F
VCC2SM3,DF_E_2991773,mp3m4a,vcc2018,-,bonafide,notrim,eval,bonafide,-,-,-,-
VCC2TF2,DF_E_2939574,low_ogg,vcc2018,-,bonafide,notrim,eval,bonafide,-,-,-,-
TGF1,DF_E_4275337,oggm4a,vcc2020,Task2-team33,spoof,notrim,eval,neural_vocoder_nonautoregressive,Task2,team33,FF,G
LA_0028,DF_E_2664901,low_ogg,asvspoof,A07,spoof,notrim,eval,traditional_vocoder,-,-,-,-
TGM1,DF_E_3989927,low_m4a,vcc2020,Task2-team06,spoof,notrim,eval,traditional_vocoder,Task2,team06,MM,G
LA_0037,DF_E_2822666,high_m4a,asvspoof,A13,spoof,notrim,eval,traditional_vocoder,-,-,-,-
LA_0060,DF_E_3872814,low_mp3,asvspoof,-,bonafide,notrim,eval,bonafide,-,-,-,-
VCC2TM1,DF_E_3069887,high_ogg,vcc2018,HUB-N14,spoof,notrim,eval,traditional_vocoder,HUB,N14,FM,-
LA_0041,DF_E_2590776,high_ogg,asvspoof,-,bonafide,notrim,eval,bonafide,-,-,-,-
TEF2,DF_E_2447825,nocodec,vcc2020,Task1-team31,spoof,notrim,eval,neural_vocoder_nonautoregressive,Task1,team31,MF,E
TEF2,DF_E_3183379,low_m4a,vcc2020,-,bonafide,notrim,eval,bonafide,-,-,-,-
VCC2TM1,DF_E_4138285,high_m4a,vcc2018,HUB-N06,spoof,notrim,eval,traditional_vocoder,HUB,N06,MM,-
TGM1,DF_E_4327551,high_ogg,vcc2020,-,bonafide,notrim,eval,bonafide,-,-,-,-
VCC2TM2,DF_E_2926852,low_mp3,vcc2018,-,bonafide,notrim,eval,bonafide,-,-,-,-
TEF1,DF_E_2836485,nocodec,vcc2020,Task1-team16,spoof,notrim,eval,neural_vocoder_nonautoregressive,Task1,team16,MF,E
TEM1,DF_E_2495461,nocodec,vcc2020,Task1-team23,spoof,notrim,eval,neural_vocoder_nonautoregressive,Task1,team23,FM,E
TEF1,DF_E_2936840,high_mp3,vcc2020,-,bonafide,notrim,eval,bonafide,-,-,-,-
VCC2TF2,DF_E_4684817,low_m4a,vcc2018,HUB-N06,spoof,notrim,eval,traditional_vocoder,HUB,N06,MF,-
VCC2TF1,DF_E_2601763,low_ogg,vcc2018,HUB-N17,spoof,notrim,eval,neural_vocoder_autoregressive,HUB,N17,FF,-
VCC2TM2,DF_E_4322487,high_m4a,vcc2018,-,bonafide,notrim,eval,bonafide,-,-,-,-
LA_0036,DF_E_2942449,low_ogg,asvspoof,-,bonafide,notrim,eval,bonafide,-,-,-,-
TMM1,DF_E_4073866,oggm4a,vcc2020,Task2-team27,spoof,notrim,eval,neural_vocoder_nonautoregressive,Task2,team27,FM,M
VCC2TF1,DF_E_3897526,nocodec,vcc2018,SPO-N03,spoof,notrim,eval,unknown,SPO,N03,FF,-
TMM1,DF_E_4435765,nocodec,vcc2020,Task2-team16,spoof,notrim,eval,neural_vocoder_nonautoregressive,Task2,team16,MM,M
VCC2SF4,DF_E_3596737,low_m4a,vcc2018,-,bonafide,notrim,eval,bonafide,-,-,-,-
LA_0023,DF_E_3435329,low_mp3,asvspoof,-,bonafide,notrim,eval,bonafide,-,-,-,-
VCC2TF2,DF_E_4234709,high_mp3,vcc2018,HUB-N12,spoof,notrim,eval,traditional_vocoder,HUB,N12,FF,-
TEM2,DF_E_3599068,high_mp3,vcc2020,Task1-team18,spoof,notrim,eval,unknown,Task1,team18,MM,E
TEF2,DF_E_4580482,low_ogg,vcc2020,Task1-team06,spoof,notrim,eval,traditional_vocoder,Task1,team06,FF,E
TMM1,DF_E_3282030,high_mp3,vcc2020,Task2-team26,spoof,notrim,eval,traditional_vocoder,Task2,team26,MM,M
TEF2,DF_E_3803696,high_mp3,vcc2020,Task1-team03,spoof,notrim,eval,neural_vocoder_autoregressive,Task1,team03,FF,E
TEF2,DF_E_4054957,high_mp3,vcc2020,Task1-team07,spoof,notrim,eval,neural_vocoder_autoregressive,Task1,team07,FF,E
LA_0008,DF_E_2947377,low_ogg,asvspoof,A12,spoof,notrim,eval,neural_vocoder_autoregressive,-,-,-,-
VCC2TF1,DF_E_2151923,high_mp3,vcc2018,-,bonafide,notrim,eval,bonafide,-,-,-,-
TEF2,DF_E_3622894,high_ogg,vcc2020,Task1-team01,spoof,notrim,eval,neural_vocoder_nonautoregressive,Task1,team01,MF,E
VCC2TF1,DF_E_2669982,oggm4a,vcc2018,HUB-N13,spoof,notrim,eval,traditional_vocoder,HUB,N13,MF,-
VCC2SM1,DF_E_3033446,low_mp3,vcc2018,-,bonafide,notrim,eval,bonafide,-,-,-,-
TEF1,DF_E_4125938,low_mp3,vcc2020,-,bonafide,notrim,eval,bonafide,-,-,-,-
VCC2TM1,DF_E_2863631,high_m4a,vcc2018,-,bonafide,notrim,eval,bonafide,-,-,-,-
LA_0044,DF_E_4387425,oggm4a,asvspoof,-,bonafide,notrim,eval,bonafide,-,-,-,-
LA_0046,DF_E_2770176,high_m4a,asvspoof,A08,spoof,notrim,eval,neural_vocoder_nonautoregressive,-,-,-,-
VCC2SM1,DF_E_4783678,low_m4a,vcc2018,-,bonafide,notrim,eval,bonafide,-,-,-,-
TFF1,DF_E_3282251,high_m4a,vcc2020,Task2-team16,spoof,notrim,eval,neural_vocoder_nonautoregressive,Task2,team16,FF,F
TFM1,DF_E_3176355,mp3m4a,vcc2020,Task2-team06,spoof,notrim,eval,traditional_vocoder,Task2,team06,FM,F
TEF1,DF_E_3697424,high_m4a,vcc2020,-,bonafide,notrim,eval,bonafide,-,-,-,-
VCC2TM1,DF_E_2394135,mp3m4a,vcc2018,HUB-N15,spoof,notrim,eval,traditional_vocoder,HUB,N15,MM,-
LA_0048,DF_E_4460820,high_ogg,asvspoof,-,bonafide,notrim,eval,bonafide,-,-,-,-
LA_0014,DF_E_3696682,high_m4a,asvspoof,-,bonafide,notrim,eval,bonafide,-,-,-,-
LA_0001,DF_E_4308430,mp3m4a,asvspoof,-,bonafide,notrim,eval,bonafide,-,-,-,-
VCC2TF1,DF_E_3412592,low_mp3,vcc2018,HUB-N12,spoof,notrim,eval,traditional_vocoder,HUB,N12,MF,-
LA_0018,DF_E_3383248,oggm4a,asvspoof,-,bonafide,notrim,eval,bonafide,-,-,-,-
TFM1,DF_E_3132227,nocodec,vcc2020,-,bonafide,notrim,eval,bonafide,-,-,-,-
VCC2SM3,DF_E_2170449,low_mp3,vcc2018,-,bonafide,notrim,eval,bonafide,-,-,-,-
SEM1,DF_E_2249802,low_mp3,vcc2020,-,bonafide,notrim,eval,bonafide,-,-,-,-
VCC2TF2,DF_E_2368743,low_mp3,vcc2018,HUB-B01,spoof,notrim,eval,traditional_vocoder,HUB,B01,FF,-
TEM1,DF_E_2675071,high_ogg,vcc2020,-,bonafide,notrim,eval,bonafide,-,-,-,-
VCC2TF2,DF_E_4715524,oggm4a,vcc2018,-,bonafide,notrim,eval,bonafide,-,-,-,-
LA_0001,DF_E_4199356,oggm4a,asvspoof,A17,spoof,notrim,eval,traditional_vocoder,-,-,-,-
VCC2TM2,DF_E_3899266,low_m4a,vcc2018,HUB-N06,spoof,notrim,eval,traditional_vocoder,HUB,N06,MM,-
TEF1,DF_E_2668099,high_mp3,vcc2020,Task1-team29,spoof,notrim,eval,neural_vocoder_autoregressive,Task1,team29,MF,E
TGF1,DF_E_4912214,mp3m4a,vcc2020,-,bonafide,notrim,eval,bonafide,-,-,-,-
LA_0008,DF_E_3304717,mp3m4a,asvspoof,A10,spoof,notrim,eval,neural_vocoder_autoregressive,-,-,-,-
TEM2,DF_E_4571221,mp3m4a,vcc2020,Task1-team21,spoof,notrim,eval,neural_vocoder_nonautoregressive,Task1,team21,MM,E
LA_0037,DF_E_4067085,low_ogg,asvspoof,A18,spoof,notrim,eval,traditional_vocoder,-,-,-,-
VCC2TF2,DF_E_3224618,low_ogg,vcc2018,SPO-N11,spoof,notrim,eval,traditional_vocoder,SPO,N11,MF,-
TEM2,DF_E_2805404,low_mp3,vcc2020,Task1-team19,spoof,notrim,eval,neural_vocoder_nonautoregressive,Task1,team19,FM,E
TEF1,DF_E_2811417,low_m4a,vcc2020,Task1-team03,spoof,notrim,eval,neural_vocoder_autoregressive,Task1,team03,FF,E
TEF1,DF_E_2591573,low_ogg,vcc2020,Task1-team14,spoof,notrim,eval,neural_vocoder_nonautoregressive,Task1,team14,MF,E
LA_0031,DF_E_4736887,high_ogg,asvspoof,-,bonafide,notrim,eval,bonafide,-,-,-,-
LA_0001,DF_E_3871393,low_m4a,asvspoof,-,bonafide,notrim,eval,bonafide,-,-,-,-
LA_0014,DF_E_4405014,mp3m4a,asvspoof,-,bonafide,notrim,eval,bonafide,-,-,-,-
TMM1,DF_E_4877160,high_m4a,vcc2020,Task2-team24,spoof,notrim,eval,neural_vocoder_autoregressive,Task2,team24,FM,M
VCC2TF2,DF_E_2860367,high_mp3,vcc2018,HUB-N18,spoof,notrim,eval,traditional_vocoder,HUB,N18,FF,-
TGF1,DF_E_3737970,low_ogg,vcc2020,Task2-team26,spoof,notrim,eval,traditional_vocoder,Task2,team26,MF,G
VCC2TF2,DF_E_2911902,high_mp3,vcc2018,-,bonafide,notrim,eval,bonafide,-,-,-,-
TGM1,DF_E_4641041,high_ogg,vcc2020,Task2-team23,spoof,notrim,eval,neural_vocoder_autoregressive,Task2,team23,MM,G
VCC2SM1,DF_E_3467308,mp3m4a,vcc2018,-,bonafide,notrim,eval,bonafide,-,-,-,-
VCC2TM2,DF_E_3178283,high_m4a,vcc2018,-,bonafide,notrim,eval,bonafide,-,-,-,-
TEM2,DF_E_2662538,nocodec,vcc2020,Task1-team20,spoof,notrim,eval,neural_vocoder_nonautoregressive,Task1,team20,MM,E
TMF1,DF_E_4124557,oggm4a,vcc2020,Task2-team08,spoof,notrim,eval,traditional_vocoder,Task2,team08,MF,M
VCC2TF2,DF_E_3996657,low_mp3,vcc2018,-,bonafide,notrim,eval,bonafide,-,-,-,-
TMM1,DF_E_3977992,nocodec,vcc2020,Task2-team12,spoof,notrim,eval,traditional_vocoder,Task2,team12,MM,M
TEF1,DF_E_2107976,high_m4a,vcc2020,-,bonafide,notrim,eval,bonafide,-,-,-,-
LA_0043,DF_E_2426595,low_mp3,asvspoof,A10,spoof,notrim,eval,neural_vocoder_autoregressive,-,-,-,-
LA_0037,DF_E_2078618,low_ogg,asvspoof,-,bonafide,notrim,eval,bonafide,-,-,-,-
LA_0029,DF_E_4179926,mp3m4a,asvspoof,-,bonafide,notrim,eval,bonafide,-,-,-,-
LA_0058,DF_E_4840618,high_mp3,asvspoof,-,bonafide,notrim,eval,bonafide,-,-,-,-
VCC2SF2,DF_E_3112761,high_mp3,vcc2018,-,bonafide,notrim,eval,bonafide,-,-,-,-
LA_0030,DF_E_4411119,oggm4a,asvspoof,-,bonafide,notrim,eval,bonafide,-,-,-,-
LA_0026,DF_E_3415449,high_ogg,asvspoof,A18,spoof,notrim,eval,traditional_vocoder,-,-,-,-
LA_0008,DF_E_2508856,low_ogg,asvspoof,-,bonafide,notrim,eval,bonafide,-,-,-,-
TMF1,DF_E_3168333,high_mp3,vcc2020,-,bonafide,notrim,eval,bonafide,-,-,-,-
VCC2SM3,DF_E_3975861,nocodec,vcc2018,-,bonafide,notrim,eval,bonafide,-,-,-,-
LA_0017,DF_E_3375657,low_ogg,asvspoof,-,bonafide,notrim,eval,bonafide,-,-,-,-
LA_0015,DF_E_3483373,low_ogg,asvspoof,A10,spoof,notrim,eval,neural_vocoder_autoregressive,-,-,-,-
VCC2SF2,DF_E_3757683,high_m4a,vcc2018,-,bonafide,notrim,eval,bonafide,-,-,-,-
TEF2,DF_E_2270772,low_m4a,vcc2020,-,bonafide,notrim,eval,bonafide,-,-,-,-
TGF1,DF_E_2712903,low_m4a,vcc2020,Task2-team31,spoof,notrim,eval,neural_vocoder_nonautoregressive,Task2,team31,MF,G
LA_0032,DF_E_4147711,high_ogg,asvspoof,-,bonafide,notrim,eval,bonafide,-,-,-,-
VCC2TM1,DF_E_3288180,low_ogg,vcc2018,HUB-N08,spoof,notrim,eval,traditional_vocoder,HUB,N08,MM,-
LA_0013,DF_E_3829395,low_m4a,asvspoof,-,bonafide,notrim,eval,bonafide,-,-,-,-
TGM1,DF_E_3621825,low_mp3,vcc2020,Task2-team28,spoof,notrim,eval,neural_vocoder_autoregressive,Task2,team28,FM,G
TFM1,DF_E_2637596,high_ogg,vcc2020,Task2-team02,spoof,notrim,eval,neural_vocoder_nonautoregressive,Task2,team02,MM,F
LA_0014,DF_E_4620671,mp3m4a,asvspoof,-,bonafide,notrim,eval,bonafide,-,-,-,-
LA_0003,DF_E_2958116,high_m4a,asvspoof,-,bonafide,notrim,eval,bonafide,-,-,-,-
LA_0007,DF_E_2918606,oggm4a,asvspoof,-,bonafide,notrim,eval,bonafide,-,-,-,-
VCC2TF2,DF_E_3499750,mp3m4a,vcc2018,-,bonafide,notrim,eval,bonafide,-,-,-,-
VCC2TM2,DF_E_2340734,oggm4a,vcc2018,-,bonafide,notrim,eval,bonafide,-,-,-,-
TEF1,DF_E_2976109,high_mp3,vcc2020,-,bonafide,notrim,eval,bonafide,-,-,-,-
TFF1,DF_E_4965991,nocodec,vcc2020,-,bonafide,notrim,eval,bonafide,-,-,-,-
LA_0021,DF_E_4601880,high_ogg,asvspoof,-,bonafide,notrim,eval,bonafide,-,-,-,-
LA_0007,DF_E_2155083,low_ogg,asvspoof,-,bonafide,notrim,eval,bonafide,-,-,-,-
VCC2TM2,DF_E_2044502,high_mp3,vcc2018,HUB-N15,spoof,notrim,eval,traditional_vocoder,HUB,N15,FM,-
VCC2SF2,DF_E_3409538,mp3m4a,vcc2018,-,bonafide,notrim,eval,bonafide,-,-,-,-
TFM1,DF_E_2077200,low_ogg,vcc2020,Task2-team03,spoof,notrim,eval,neural_vocoder_autoregressive,Task2,team03,FM,F
TMM1,DF_E_2813393,high_mp3,vcc2020,Task2-team33,spoof,notrim,eval,neural_vocoder_nonautoregressive,Task2,team33,MM,M
VCC2TF2,DF_E_3885893,low_m4a,vcc2018,-,bonafide,notrim,eval,bonafide,-,-,-,-
LA_0055,DF_E_2630011,low_ogg,asvspoof,-,bonafide,notrim,eval,bonafide,-,-,-,-
VCC2TF1,DF_E_4933676,high_mp3,vcc2018,-,bonafide,notrim,eval,bonafide,-,-,-,-
VCC2TM1,DF_E_3614397,high_ogg,vcc2018,SPO-N10,spoof,notrim,eval,neural_vocoder_autoregressive,SPO,N10,FM,-
TGF1,DF_E_2766817,low_m4a,vcc2020,-,bonafide,notrim,eval,bonafide,-,-,-,-
TGF1,DF_E_2408767,high_m4a,vcc2020,-,bonafide,notrim,eval,bonafide,-,-,-,-
VCC2TF1,DF_E_2231402,high_m4a,vcc2018,-,bonafide,notrim,eval,bonafide,-,-,-,-
VCC2SM3,DF_E_2421797,low_mp3,vcc2018,-,bonafide,notrim,eval,bonafide,-,-,-,-
LA_0011,DF_E_4294299,high_mp3,asvspoof,-,bonafide,notrim,eval,bonafide,-,-,-,-
LA_0011,DF_E_2376692,mp3m4a,asvspoof,-,bonafide,notrim,eval,bonafide,-,-,-,-
TGM1,DF_E_2201641,high_ogg,vcc2020,Task2-team13,spoof,notrim,eval,neural_vocoder_autoregressive,Task2,team13,FM,G
TEF1,DF_E_2360618,high_mp3,vcc2020,Task1-team08,spoof,notrim,eval,traditional_vocoder,Task1,team08,MF,E
VCC2TM2,DF_E_4556650,low_m4a,vcc2018,HUB-N14,spoof,notrim,eval,traditional_vocoder,HUB,N14,MM,-
VCC2TF2,DF_E_3964672,high_mp3,vcc2018,SPO-N03,spoof,notrim,eval,unknown,SPO,N03,FF,-
TFF1,DF_E_3023426,low_ogg,vcc2020,Task2-team26,spoof,notrim,eval,traditional_vocoder,Task2,team26,MF,F
VCC2TM1,DF_E_4932169,low_mp3,vcc2018,-,bonafide,notrim,eval,bonafide,-,-,-,-
LA_0014,DF_E_3067445,mp3m4a,asvspoof,A14,spoof,notrim,eval,traditional_vocoder,-,-,-,-
LA_0035,DF_E_3213194,high_mp3,asvspoof,-,bonafide,notrim,eval,bonafide,-,-,-,-
VCC2TM1,DF_E_2140281,high_m4a,vcc2018,SPO-N17,spoof,notrim,eval,neural_vocoder_autoregressive,SPO,N17,FM,-
LA_0030,DF_E_3778234,mp3m4a,asvspoof,A13,spoof,notrim,eval,traditional_vocoder,-,-,-,-
VCC2SM2,DF_E_3220534,oggm4a,vcc2018,-,bonafide,notrim,eval,bonafide,-,-,-,-
LA_0003,DF_E_4051508,high_ogg,asvspoof,A17,spoof,notrim,eval,traditional_vocoder,-,-,-,-
TGM1,DF_E_3890333,low_ogg,vcc2020,Task2-team31,spoof,notrim,eval,neural_vocoder_nonautoregressive,Task2,team31,MM,G
TFM1,DF_E_2998828,low_mp3,vcc2020,-,bonafide,notrim,eval,bonafide,-,-,-,-
TEM2,DF_E_2780504,low_m4a,vcc2020,-,bonafide,notrim,eval,bonafide,-,-,-,-
TEF2,DF_E_2771596,low_m4a,vcc2020,Task1-team12,spoof,notrim,eval,traditional_vocoder,Task1,team12,FF,E
LA_0014,DF_E_2517207,oggm4a,asvspoof,A09,spoof,notrim,eval,traditional_vocoder,-,-,-,-
TGF1,DF_E_4532329,high_m4a,vcc2020,Task2-team19,spoof,notrim,eval,neural_vocoder_nonautoregressive,Task2,team19,FF,G
TEF1,DF_E_2917516,oggm4a,vcc2020,Task1-team25,spoof,notrim,eval,neural_vocoder_autoregressive,Task1,team25,FF,E
TEF2,DF_E_4350658,low_m4a,vcc2020,Task1-team06,spoof,notrim,eval,traditional_vocoder,Task1,team06,FF,E
LA_0023,DF_E_4899097,low_ogg,asvspoof,-,bonafide,notrim,eval,bonafide,-,-,-,-
TEM2,DF_E_4124575,high_ogg,vcc2020,Task1-team08,spoof,notrim,eval,traditional_vocoder,Task1,team08,FM,E
VCC2TF2,DF_E_4457632,high_ogg,vcc2018,-,bonafide,notrim,eval,bonafide,-,-,-,-
VCC2TF1,DF_E_3020379,low_m4a,vcc2018,HUB-D04,spoof,notrim,eval,traditional_vocoder,HUB,D04,MF,-
TMM1,DF_E_4143005,high_m4a,vcc2020,Task2-team12,spoof,notrim,eval,traditional_vocoder,Task2,team12,FM,M
TEF2,DF_E_4476889,low_mp3,vcc2020,Task1-team01,spoof,notrim,eval,neural_vocoder_nonautoregressive,Task1,team01,MF,E
LA_0044,DF_E_4687057,high_ogg,asvspoof,-,bonafide,notrim,eval,bonafide,-,-,-,-
VCC2TM2,DF_E_2553850,low_m4a,vcc2018,-,bonafide,notrim,eval,bonafide,-,-,-,-
VCC2TF1,DF_E_4818864,oggm4a,vcc2018,HUB-D05,spoof,notrim,eval,traditional_vocoder,HUB,D05,MF,-
VCC2TF1,DF_E_4901586,high_ogg,vcc2018,HUB-N12,spoof,notrim,eval,traditional_vocoder,HUB,N12,MF,-
LA_0044,DF_E_4200027,high_ogg,asvspoof,-,bonafide,notrim,eval,bonafide,-,-,-,-
VCC2TM1,DF_E_2199541,low_m4a,vcc2018,-,bonafide,notrim,eval,bonafide,-,-,-,-
LA_0043,DF_E_4754724,low_ogg,asvspoof,-,bonafide,notrim,eval,bonafide,-,-,-,-
LA_0028,DF_E_2657384,low_m4a,asvspoof,-,bonafide,notrim,eval,bonafide,-,-,-,-
LA_0016,DF_E_4192130,low_ogg,asvspoof,-,bonafide,notrim,eval,bonafide,-,-,-,-
LA_0030,DF_E_4252501,oggm4a,asvspoof,-,bonafide,notrim,eval,bonafide,-,-,-,-
LA_0046,DF_E_3384162,high_mp3,asvspoof,-,bonafide,notrim,eval,bonafide,-,-,-,-
VCC2TF1,DF_E_4524723,low_m4a,vcc2018,HUB-N10,spoof,notrim,eval,neural_vocoder_autoregressive,HUB,N10,FF,-
LA_0007,DF_E_3865656,low_ogg,asvspoof,-,bonafide,notrim,eval,bonafide,-,-,-,-
TEF1,DF_E_4815002,nocodec,vcc2020,-,bonafide,notrim,eval,bonafide,-,-,-,-
VCC2TF2,DF_E_2326177,high_mp3,vcc2018,SPO-N17,spoof,notrim,eval,neural_vocoder_autoregressive,SPO,N17,MF,-
LA_0025,DF_E_2780150,oggm4a,asvspoof,-,bonafide,notrim,eval,bonafide,-,-,-,-
VCC2TM1,DF_E_3551710,low_m4a,vcc2018,HUB-N16,spoof,notrim,eval,traditional_vocoder,HUB,N16,FM,-
TEM2,DF_E_3145736,nocodec,vcc2020,Task1-team01,spoof,notrim,eval,neural_vocoder_nonautoregressive,Task1,team01,MM,E
LA_0005,DF_E_3327494,oggm4a,asvspoof,-,bonafide,notrim,eval,bonafide,-,-,-,-
VCC2TM2,DF_E_4588864,high_m4a,vcc2018,SPO-N16,spoof,notrim,eval,traditional_vocoder,SPO,N16,FM,-
LA_0018,DF_E_2628770,high_ogg,asvspoof,-,bonafide,notrim,eval,bonafide,-,-,-,-
LA_0049,DF_E_4228483,oggm4a,asvspoof,-,bonafide,notrim,eval,bonafide,-,-,-,-
TFF1,DF_E_4114488,low_mp3,vcc2020,-,bonafide,notrim,eval,bonafide,-,-,-,-
TMM1,DF_E_3737556,high_ogg,vcc2020,Task2-team33,spoof,notrim,eval,neural_vocoder_nonautoregressive,Task2,team33,MM,M
VCC2TM1,DF_E_2677727,high_mp3,vcc2018,HUB-N13,spoof,notrim,eval,traditional_vocoder,HUB,N13,MM,-
VCC2SF4,DF_E_2106461,low_m4a,vcc2018,-,bonafide,notrim,eval,bonafide,-,-,-,-
LA_0027,DF_E_4472185,nocodec,asvspoof,-,bonafide,notrim,eval,bonafide,-,-,-,-
TEF2,DF_E_3975600,high_m4a,vcc2020,Task1-team30,spoof,notrim,eval,unknown,Task1,team30,FF,E
VCC2TF1,DF_E_3980395,high_m4a,vcc2018,-,bonafide,notrim,eval,bonafide,-,-,-,-
LA_0026,DF_E_4437534,high_mp3,asvspoof,-,bonafide,notrim,eval,bonafide,-,-,-,-
VCC2TM2,DF_E_2767325,oggm4a,vcc2018,HUB-N20,spoof,notrim,eval,traditional_vocoder,HUB,N20,MM,-
VCC2SM2,DF_E_3420796,nocodec,vcc2018,-,bonafide,notrim,eval,bonafide,-,-,-,-
TFM1,DF_E_2117133,low_m4a,vcc2020,-,bonafide,notrim,eval,bonafide,-,-,-,-
TGF1,DF_E_2133607,low_ogg,vcc2020,Task2-team24,spoof,notrim,eval,neural_vocoder_autoregressive,Task2,team24,MF,G
VCC2TF2,DF_E_4411538,mp3m4a,vcc2018,-,bonafide,notrim,eval,bonafide,-,-,-,-
VCC2TM2,DF_E_2439602,nocodec,vcc2018,-,bonafide,notrim,eval,bonafide,-,-,-,-
TFM1,DF_E_3710686,mp3m4a,vcc2020,Task2-team29,spoof,notrim,eval,neural_vocoder_autoregressive,Task2,team29,MM,F
LA_0013,DF_E_4658266,high_mp3,asvspoof,-,bonafide,notrim,eval,bonafide,-,-,-,-
TEM1,DF_E_4028073,low_mp3,vcc2020,Task1-team26,spoof,notrim,eval,traditional_vocoder,Task1,team26,FM,E
LA_0045,DF_E_2273066,high_mp3,asvspoof,-,bonafide,notrim,eval,bonafide,-,-,-,-
VCC2TM1,DF_E_4508465,oggm4a,vcc2018,HUB-D04,spoof,notrim,eval,traditional_vocoder,HUB,D04,FM,-
TEF1,DF_E_4265502,low_m4a,vcc2020,Task1-team01,spoof,notrim,eval,neural_vocoder_nonautoregressive,Task1,team01,FF,E
VCC2TM2,DF_E_3945780,nocodec,vcc2018,HUB-N19,spoof,notrim,eval,traditional_vocoder,HUB,N19,MM,-
TEM2,DF_E_3704635,low_ogg,vcc2020,Task1-team11,spoof,notrim,eval,neural_vocoder_autoregressive,Task1,team11,MM,E
TFM1,DF_E_2659416,high_mp3,vcc2020,Task2-team13,spoof,notrim,eval,neural_vocoder_autoregressive,Task2,team13,MM,F
VCC2TF1,DF_E_3564727,low_m4a,vcc2018,SPO-N13,spoof,notrim,eval,traditional_vocoder,SPO,N13,FF,-
TMF1,DF_E_4281715,nocodec,vcc2020,Task2-team29,spoof,notrim,eval,neural_vocoder_autoregressive,Task2,team29,FF,M
VCC2TF2,DF_E_4754465,mp3m4a,vcc2018,-,bonafide,notrim,eval,bonafide,-,-,-,-
TGM1,DF_E_4669278,nocodec,vcc2020,Task2-team32,spoof,notrim,eval,neural_vocoder_autoregressive,Task2,team32,MM,G
LA_0021,DF_E_3855627,oggm4a,asvspoof,-,bonafide,notrim,eval,bonafide,-,-,-,-
LA_0031,DF_E_2811632,nocodec,asvspoof,-,bonafide,notrim,eval,bonafide,-,-,-,-
LA_0043,DF_E_3920519,high_m4a,asvspoof,-,bonafide,notrim,eval,bonafide,-,-,-,-
LA_0017,DF_E_3289815,mp3m4a,asvspoof,A14,spoof,notrim,eval,traditional_vocoder,-,-,-,-
VCC2TF2,DF_E_3951200,low_m4a,vcc2018,SPO-N06,spoof,notrim,eval,traditional_vocoder,SPO,N06,MF,-
TEM1,DF_E_4732479,high_ogg,vcc2020,-,bonafide,notrim,eval,bonafide,-,-,-,-
VCC2SF3,DF_E_2986153,nocodec,vcc2018,-,bonafide,notrim,eval,bonafide,-,-,-,-
TFF1,DF_E_2025402,low_m4a,vcc2020,Task2-team20,spoof,notrim,eval,neural_vocoder_nonautoregressive,Task2,team20,FF,F
SEF1,DF_E_2680875,high_ogg,vcc2020,-,bonafide,notrim,eval,bonafide,-,-,-,-
LA_0024,DF_E_2072387,mp3m4a,asvspoof,-,bonafide,notrim,eval,bonafide,-,-,-,-
LA_0018,DF_E_3185053,low_ogg,asvspoof,-,bonafide,notrim,eval,bonafide,-,-,-,-
LA_0018,DF_E_2528351,oggm4a,asvspoof,-,bonafide,notrim,eval,bonafide,-,-,-,-
VCC2SM4,DF_E_4062985,nocodec,vcc2018,-,bonafide,notrim,eval,bonafide,-,-,-,-
TGM1,DF_E_3973025,high_mp3,vcc2020,-,bonafide,notrim,eval,bonafide,-,-,-,-
VCC2TF2,DF_E_3849767,high_mp3,vcc2018,HUB-N06,spoof,notrim,eval,traditional_vocoder,HUB,N06,MF,-
LA_0011,DF_E_3029471,high_ogg,asvspoof,-,bonafide,notrim,eval,bonafide,-,-,-,-
LA_0048,DF_E_2763929,high_m4a,asvspoof,A14,spoof,notrim,eval,traditional_vocoder,-,-,-,-
SEF2,DF_E_3507193,nocodec,vcc2020,-,bonafide,notrim,eval,bonafide,-,-,-,-
LA_0013,DF_E_4592636,oggm4a,asvspoof,-,bonafide,notrim,eval,bonafide,-,-,-,-
TEM1,DF_E_4324721,nocodec,vcc2020,Task1-team30,spoof,notrim,eval,unknown,Task1,team30,MM,E
LA_0020,DF_E_3318826,nocodec,asvspoof,-,bonafide,notrim,eval,bonafide,-,-,-,-
LA_0032,DF_E_2624888,oggm4a,asvspoof,-,bonafide,notrim,eval,bonafide,-,-,-,-
LA_0017,DF_E_2821277,mp3m4a,asvspoof,-,bonafide,notrim,eval,bonafide,-,-,-,-
SEF2,DF_E_3846432,high_mp3,vcc2020,-,bonafide,notrim,eval,bonafide,-,-,-,-
TGF1,DF_E_2825657,nocodec,vcc2020,Task2-team32,spoof,notrim,eval,neural_vocoder_autoregressive,Task2,team32,FF,G
TEM2,DF_E_2954756,high_ogg,vcc2020,Task1-team11,spoof,notrim,eval,neural_vocoder_autoregressive,Task1,team11,MM,E
LA_0014,DF_E_3464108,high_mp3,asvspoof,-,bonafide,notrim,eval,bonafide,-,-,-,-
VCC2TM2,DF_E_4776060,high_m4a,vcc2018,HUB-D02,spoof,notrim,eval,traditional_vocoder,HUB,D02,FM,-
LA_0003,DF_E_3673488,oggm4a,asvspoof,-,bonafide,notrim,eval,bonafide,-,-,-,-
TEF2,DF_E_2448348,nocodec,vcc2020,-,bonafide,notrim,eval,bonafide,-,-,-,-
VCC2TF1,DF_E_4330257,low_ogg,vcc2018,-,bonafide,notrim,eval,bonafide,-,-,-,-
TFF1,DF_E_3912988,low_mp3,vcc2020,-,bonafide,notrim,eval,bonafide,-,-,-,-
TEF2,DF_E_2215768,low_m4a,vcc2020,Task1-team11,spoof,notrim,eval,neural_vocoder_autoregressive,Task1,team11,FF,E
VCC2TF1,DF_E_2258394,mp3m4a,vcc2018,HUB-N03,spoof,notrim,eval,unknown,HUB,N03,MF,-
LA_0064,DF_E_4830396,low_ogg,asvspoof,-,bonafide,notrim,eval,bonafide,-,-,-,-
VCC2TF1,DF_E_3820563,high_mp3,vcc2018,-,bonafide,notrim,eval,bonafide,-,-,-,-
TMF1,DF_E_2209271,nocodec,vcc2020,Task2-team16,spoof,notrim,eval,neural_vocoder_nonautoregressive,Task2,team16,MF,M
LA_0031,DF_E_4718373,nocodec,asvspoof,-,bonafide,notrim,eval,bonafide,-,-,-,-
TGF1,DF_E_3396675,low_m4a,vcc2020,-,bonafide,notrim,eval,bonafide,-,-,-,-
VCC2TF2,DF_E_4616907,high_m4a,vcc2018,-,bonafide,notrim,eval,bonafide,-,-,-,-
TEM2,DF_E_2951968,high_m4a,vcc2020,Task1-team26,spoof,notrim,eval,traditional_vocoder,Task1,team26,FM,E
TEM2,DF_E_4069259,low_mp3,vcc2020,Task1-team12,spoof,notrim,eval,traditional_vocoder,Task1,team12,FM,E
LA_0007,DF_E_4960350,high_mp3,asvspoof,-,bonafide,notrim,eval,bonafide,-,-,-,-
TFM1,DF_E_3438854,low_m4a,vcc2020,-,bonafide,notrim,eval,bonafide,-,-,-,-
TEM1,DF_E_4012583,nocodec,vcc2020,Task1-team32,spoof,notrim,eval,neural_vocoder_autoregressive,Task1,team32,FM,E
LA_0015,DF_E_3393063,low_mp3,asvspoof,-,bonafide,notrim,eval,bonafide,-,-,-,-
VCC2TF1,DF_E_4726016,nocodec,vcc2018,HUB-B01,spoof,notrim,eval,traditional_vocoder,HUB,B01,MF,-
SEF2,DF_E_3769081,mp3m4a,vcc2020,-,bonafide,notrim,eval,bonafide,-,-,-,-
TFF1,DF_E_2792536,low_m4a,vcc2020,Task2-team28,spoof,notrim,eval,neural_vocoder_autoregressive,Task2,team28,MF,F
TGF1,DF_E_4073167,nocodec,vcc2020,Task2-team05,spoof,notrim,eval,neural_vocoder_nonautoregressive,Task2,team05,MF,G
TFF1,DF_E_3961023,high_ogg,vcc2020,Task2-team10,spoof,notrim,eval,neural_vocoder_autoregressive,Task2,team10,FF,F
TFM1,DF_E_4737228,low_mp3,vcc2020,-,bonafide,notrim,eval,bonafide,-,-,-,-
TMF1,DF_E_3010712,low_mp3,vcc2020,-,bonafide,notrim,eval,bonafide,-,-,-,-
SEF2,DF_E_3493682,high_mp3,vcc2020,-,bonafide,notrim,eval,bonafide,-,-,-,-
VCC2TF1,DF_E_3695947,low_m4a,vcc2018,-,bonafide,notrim,eval,bonafide,-,-,-,-
LA_0001,DF_E_3937759,low_ogg,asvspoof,-,bonafide,notrim,eval,bonafide,-,-,-,-
VCC2TM1,DF_E_3792210,low_mp3,vcc2018,HUB-N10,spoof,notrim,eval,neural_vocoder_autoregressive,HUB,N10,MM,-
VCC2TF2,DF_E_2013884,mp3m4a,vcc2018,HUB-D01,spoof,notrim,eval,traditional_vocoder,HUB,D01,MF,-
TEM2,DF_E_3209901,high_ogg,vcc2020,Task1-team19,spoof,notrim,eval,neural_vocoder_nonautoregressive,Task1,team19,FM,E
VCC2TF2,DF_E_3778485,low_ogg,vcc2018,SPO-N18,spoof,notrim,eval,traditional_vocoder,SPO,N18,FF,-
TEM1,DF_E_2825619,high_m4a,vcc2020,Task1-team25,spoof,notrim,eval,neural_vocoder_autoregressive,Task1,team25,MM,E
TEF1,DF_E_3695840,nocodec,vcc2020,-,bonafide,notrim,eval,bonafide,-,-,-,-
VCC2TF1,DF_E_2593454,nocodec,vcc2018,HUB-N05,spoof,notrim,eval,traditional_vocoder,HUB,N05,MF,-
LA_0026,DF_E_2687742,oggm4a,asvspoof,-,bonafide,notrim,eval,bonafide,-,-,-,-
TGM1,DF_E_2444799,low_m4a,vcc2020,Task2-team08,spoof,notrim,eval,traditional_vocoder,Task2,team08,MM,G
TMF1,DF_E_3929652,low_ogg,vcc2020,-,bonafide,notrim,eval,bonafide,-,-,-,-
VCC2SF3,DF_E_3214405,high_mp3,vcc2018,-,bonafide,notrim,eval,bonafide,-,-,-,-
TFF1,DF_E_3175158,low_mp3,vcc2020,Task2-team26,spoof,notrim,eval,traditional_vocoder,Task2,team26,MF,F
TGF1,DF_E_2058892,low_m4a,vcc2020,Task2-team06,spoof,notrim,eval,traditional_vocoder,Task2,team06,FF,G
LA_0001,DF_E_4855900,nocodec,asvspoof,-,bonafide,notrim,eval,bonafide,-,-,-,-
SEF2,DF_E_4299095,low_m4a,vcc2020,-,bonafide,notrim,eval,bonafide,-,-,-,-
LA_0045,DF_E_4212896,low_ogg,asvspoof,-,bonafide,notrim,eval,bonafide,-,-,-,-
VCC2TF2,DF_E_3690476,low_m4a,vcc2018,HUB-N18,spoof,notrim,eval,traditional_vocoder,HUB,N18,FF,-
TMM1,DF_E_2187493,nocodec,vcc2020,-,bonafide,notrim,eval,bonafide,-,-,-,-
TEM2,DF_E_3979073,low_m4a,vcc2020,Task1-team32,spoof,notrim,eval,neural_vocoder_autoregressive,Task1,team32,MM,E
LA_0044,DF_E_4751163,low_ogg,asvspoof,-,bonafide,notrim,eval,bonafide,-,-,-,-
VCC2TF2,DF_E_4961857,high_ogg,vcc2018,-,bonafide,notrim,eval,bonafide,-,-,-,-
LA_0027,DF_E_2035319,oggm4a,asvspoof,-,bonafide,notrim,eval,bonafide,-,-,-,-
TEF2,DF_E_2056960,high_ogg,vcc2020,Task1-team10,spoof,notrim,eval,neural_vocoder_autoregressive,Task1,team10,MF,E
TGF1,DF_E_3720006,oggm4a,vcc2020,Task2-team29,spoof,notrim,eval,neural_vocoder_autoregressive,Task2,team29,MF,G
TFF1,DF_E_2971558,high_m4a,vcc2020,-,bonafide,notrim,eval,bonafide,-,-,-,-
VCC2SM3,DF_E_3051209,high_m4a,vcc2018,-,bonafide,notrim,eval,bonafide,-,-,-,-
VCC2TF2,DF_E_4285563,nocodec,vcc2018,HUB-N13,spoof,notrim,eval,traditional_vocoder,HUB,N13,FF,-
TEM2,DF_E_4750848,oggm4a,vcc2020,Task1-team17,spoof,notrim,eval,neural_vocoder_nonautoregressive,Task1,team17,FM,E
VCC2SM2,DF_E_2304337,high_mp3,vcc2018,-,bonafide,notrim,eval,bonafide,-,-,-,-
TEF2,DF_E_2043016,high_m4a,vcc2020,Task1-team16,spoof,notrim,eval,neural_vocoder_nonautoregressive,Task1,team16,MF,E
TFF1,DF_E_2283717,high_mp3,vcc2020,Task2-team18,spoof,notrim,eval,unknown,Task2,team18,FF,F
VCC2TM2,DF_E_3996615,high_m4a,vcc2018,SPO-N03,spoof,notrim,eval,unknown,SPO,N03,FM,-
TGF1,DF_E_3056696,nocodec,vcc2020,Task2-team24,spoof,notrim,eval,neural_vocoder_autoregressive,Task2,team24,FF,G
VCC2TF2,DF_E_2291056,low_m4a,vcc2018,HUB-N15,spoof,notrim,eval,traditional_vocoder,HUB,N15,FF,-
VCC2TM2,DF_E_2254851,low_mp3,vcc2018,HUB-N09,spoof,notrim,eval,traditional_vocoder,HUB,N09,FM,-
LA_0037,DF_E_2995889,high_mp3,asvspoof,-,bonafide,notrim,eval,bonafide,-,-,-,-
LA_0016,DF_E_3359654,mp3m4a,asvspoof,-,bonafide,notrim,eval,bonafide,-,-,-,-
TFM1,DF_E_4039436,high_ogg,vcc2020,-,bonafide,notrim,eval,bonafide,-,-,-,-
TEF1,DF_E_4318895,high_mp3,vcc2020,Task1-team06,spoof,notrim,eval,traditional_vocoder,Task1,team06,MF,E
TMF1,DF_E_2315200,low_ogg,vcc2020,Task2-team10,spoof,notrim,eval,neural_vocoder_autoregressive,Task2,team10,MF,M
TEM1,DF_E_3447061,oggm4a,vcc2020,Task1-team01,spoof,notrim,eval,neural_vocoder_nonautoregressive,Task1,team01,FM,E
VCC2TM1,DF_E_4505046,low_ogg,vcc2018,HUB-N20,spoof,notrim,eval,traditional_vocoder,HUB,N20,MM,-
VCC2TF2,DF_E_3252999,low_m4a,vcc2018,HUB-D05,spoof,notrim,eval,traditional_vocoder,HUB,D05,FF,-
SEM2,DF_E_2775342,nocodec,vcc2020,-,bonafide,notrim,eval,bonafide,-,-,-,-
TMM1,DF_E_4688486,nocodec,vcc2020,-,bonafide,notrim,eval,bonafide,-,-,-,-
LA_0010,DF_E_3725697,low_m4a,asvspoof,-,bonafide,notrim,eval,bonafide,-,-,-,-
TMM1,DF_E_4008349,oggm4a,vcc2020,Task2-team03,spoof,notrim,eval,neural_vocoder_autoregressive,Task2,team03,MM,M
LA_0046,DF_E_4416742,low_ogg,asvspoof,-,bonafide,notrim,eval,bonafide,-,-,-,-
LA_0026,DF_E_2806117,oggm4a,asvspoof,-,bonafide,notrim,eval,bonafide,-,-,-,-
LA_0043,DF_E_2062883,oggm4a,asvspoof,-,bonafide,notrim,eval,bonafide,-,-,-,-
VCC2TM2,DF_E_3957832,oggm4a,vcc2018,SPO-N13,spoof,notrim,eval,traditional_vocoder,SPO,N13,FM,-
TMM1,DF_E_3650540,low_mp3,vcc2020,Task2-team05,spoof,notrim,eval,neural_vocoder_nonautoregressive,Task2,team05,MM,M
TFF1,DF_E_2475551,low_ogg,vcc2020,Task2-team24,spoof,notrim,eval,neural_vocoder_autoregressive,Task2,team24,MF,F
LA_0018,DF_E_2589757,high_ogg,asvspoof,A08,spoof,notrim,eval,neural_vocoder_nonautoregressive,-,-,-,-
TGM1,DF_E_3173703,nocodec,vcc2020,Task2-team07,spoof,notrim,eval,neural_vocoder_autoregressive,Task2,team07,FM,G
VCC2SM4,DF_E_2128142,high_mp3,vcc2018,-,bonafide,notrim,eval,bonafide,-,-,-,-
VCC2SM2,DF_E_4731436,low_mp3,vcc2018,-,bonafide,notrim,eval,bonafide,-,-,-,-
TFF1,DF_E_3933764,low_m4a,vcc2020,-,bonafide,notrim,eval,bonafide,-,-,-,-
TEF1,DF_E_4420595,low_m4a,vcc2020,Task1-team11,spoof,notrim,eval,neural_vocoder_autoregressive,Task1,team11,FF,E
VCC2SF1,DF_E_2544753,low_m4a,vcc2018,-,bonafide,notrim,eval,bonafide,-,-,-,-
VCC2TF2,DF_E_2588422,high_mp3,vcc2018,SPO-B01,spoof,notrim,eval,traditional_vocoder,SPO,B01,MF,-
VCC2TF2,DF_E_4046867,mp3m4a,vcc2018,HUB-D02,spoof,notrim,eval,traditional_vocoder,HUB,D02,MF,-
VCC2TF1,DF_E_3763898,low_mp3,vcc2018,HUB-N19,spoof,notrim,eval,traditional_vocoder,HUB,N19,MF,-
TGM1,DF_E_2810778,nocodec,vcc2020,-,bonafide,notrim,eval,bonafide,-,-,-,-
TFM1,DF_E_4062479,high_mp3,vcc2020,Task2-team28,spoof,notrim,eval,neural_vocoder_autoregressive,Task2,team28,MM,F
VCC2TF2,DF_E_4754180,high_m4a,vcc2018,HUB-N04,spoof,notrim,eval,traditional_vocoder,HUB,N04,FF,-
TEF1,DF_E_3799380,nocodec,vcc2020,Task1-team08,spoof,notrim,eval,traditional_vocoder,Task1,team08,MF,E
TMM1,DF_E_4111425,oggm4a,vcc2020,Task2-team31,spoof,notrim,eval,neural_vocoder_nonautoregressive,Task2,team31,MM,M
TEF2,DF_E_2149623,nocodec,vcc2020,Task1-team30,spoof,notrim,eval,unknown,Task1,team30,MF,E
VCC2SF1,DF_E_3429377,oggm4a,vcc2018,-,bonafide,notrim,eval,bonafide,-,-,-,-
TGF1,DF_E_4548052,oggm4a,vcc2020,Task2-team22,spoof,notrim,eval,neural_vocoder_nonautoregressive,Task2,team22,FF,G
TFF1,DF_E_4415134,high_mp3,vcc2020,Task2-team06,spoof,notrim,eval,traditional_vocoder,Task2,team06,FF,F
LA_0034,DF_E_2388808,high_ogg,asvspoof,-,bonafide,notrim,eval,bonafide,-,-,-,-
TFM1,DF_E_3954263,high_ogg,vcc2020,Task2-team22,spoof,notrim,eval,neural_vocoder_nonautoregressive,Task2,team22,MM,F
LA_0039,DF_E_2736942,high_ogg,asvspoof,-,bonafide,notrim,eval,bonafide,-,-,-,-
TMF1,DF_E_2076810,mp3m4a,vcc2020,Task2-team08,spoof,notrim,eval,traditional_vocoder,Task2,team08,MF,M
TEF1,DF_E_3749536,low_m4a,vcc2020,Task1-team20,spoof,notrim,eval,neural_vocoder_nonautoregressive,Task1,team20,MF,E
TFF1,DF_E_4108287,mp3m4a,vcc2020,Task2-team31,spoof,notrim,eval,neural_vocoder_nonautoregressive,Task2,team31,FF,F
LA_0026,DF_E_4667972,high_mp3,asvspoof,-,bonafide,notrim,eval,bonafide,-,-,-,-
LA_0036,DF_E_3014434,high_m4a,asvspoof,-,bonafide,notrim,eval,bonafide,-,-,-,-
TGM1,DF_E_4252212,oggm4a,vcc2020,Task2-team18,spoof,notrim,eval,unknown,Task2,team18,MM,G
VCC2TM1,DF_E_4289320,high_mp3,vcc2018,-,bonafide,notrim,eval,bonafide,-,-,-,-
LA_0018,DF_E_4460685,low_ogg,asvspoof,-,bonafide,notrim,eval,bonafide,-,-,-,-
VCC2TM2,DF_E_4324338,high_m4a,vcc2018,SPO-N13,spoof,notrim,eval,traditional_vocoder,SPO,N13,MM,-
LA_0006,DF_E_3475135,high_ogg,asvspoof,-,bonafide,notrim,eval,bonafide,-,-,-,-
TEM2,DF_E_2221746,low_m4a,vcc2020,Task1-team17,spoof,notrim,eval,neural_vocoder_nonautoregressive,Task1,team17,FM,E
TMF1,DF_E_2297722,low_mp3,vcc2020,Task2-team02,spoof,notrim,eval,neural_vocoder_nonautoregressive,Task2,team02,FF,M
TEM1,DF_E_2533536,oggm4a,vcc2020,-,bonafide,notrim,eval,bonafide,-,-,-,-
LA_0016,DF_E_4758790,mp3m4a,asvspoof,-,bonafide,notrim,eval,bonafide,-,-,-,-
VCC2TF1,DF_E_2521931,high_ogg,vcc2018,-,bonafide,notrim,eval,bonafide,-,-,-,-
LA_0007,DF_E_4075538,nocodec,asvspoof,-,bonafide,notrim,eval,bonafide,-,-,-,-
VCC2SM4,DF_E_2295742,nocodec,vcc2018,-,bonafide,notrim,eval,bonafide,-,-,-,-
VCC2TF2,DF_E_2749499,nocodec,vcc2018,SPO-N11,spoof,notrim,eval,traditional_vocoder,SPO,N11,FF,-
LA_0010,DF_E_2806489,high_mp3,asvspoof,-,bonafide,notrim,eval,bonafide,-,-,-,-
LA_0040,DF_E_2127538,oggm4a,asvspoof,-,bonafide,notrim,eval,bonafide,-,-,-,-
LA_0001,DF_E_2719862,nocodec,asvspoof,A15,spoof,notrim,eval,neural_vocoder_autoregressive,-,-,-,-
TMF1,DF_E_2548637,low_mp3,vcc2020,-,bonafide,notrim,eval,bonafide,-,-,-,-
LA_0020,DF_E_3395697,high_ogg,asvspoof,-,bonafide,notrim,eval,bonafide,-,-,-,-
VCC2TM1,DF_E_2913481,low_mp3,vcc2018,HUB-N12,spoof,notrim,eval,traditional_vocoder,HUB,N12,MM,-
TEM2,DF_E_3668185,nocodec,vcc2020,Task1-team14,spoof,notrim,eval,neural_vocoder_nonautoregressive,Task1,team14,FM,E
VCC2TF1,DF_E_4768648,high_mp3,vcc2018,HUB-N09,spoof,notrim,eval,traditional_vocoder,HUB,N09,MF,-
LA_0042,DF_E_4623362,low_ogg,asvspoof,-,bonafide,notrim,eval,bonafide,-,-,-,-
VCC2TF1,DF_E_2768392,high_mp3,vcc2018,-,bonafide,notrim,eval,bonafide,-,-,-,-
TGM1,DF_E_4223989,mp3m4a,vcc2020,Task2-team19,spoof,notrim,eval,neural_vocoder_nonautoregressive,Task2,team19,FM,G
LA_0030,DF_E_3381799,low_mp3,asvspoof,-,bonafide,notrim,eval,bonafide,-,-,-,-
TFM1,DF_E_3776309,high_ogg,vcc2020,-,bonafide,notrim,eval,bonafide,-,-,-,-
TFF1,DF_E_3649678,mp3m4a,vcc2020,-,bonafide,notrim,eval,bonafide,-,-,-,-
TEM1,DF_E_3570193,nocodec,vcc2020,-,bonafide,notrim,eval,bonafide,-,-,-,-
TGF1,DF_E_2610455,mp3m4a,vcc2020,Task2-team26,spoof,notrim,eval,traditional_vocoder,Task2,team26,MF,G
VCC2TM2,DF_E_3601994,high_m4a,vcc2018,HUB-N19,spoof,notrim,eval,traditional_vocoder,HUB,N19,MM,-
VCC2SF1,DF_E_2446643,low_m4a,vcc2018,-,bonafide,notrim,eval,bonafide,-,-,-,-
LA_0015,DF_E_3751012,high_ogg,asvspoof,-,bonafide,notrim,eval,bonafide,-,-,-,-
TEM1,DF_E_3144289,mp3m4a,vcc2020,Task1-team08,spoof,notrim,eval,traditional_vocoder,Task1,team08,MM,E
LA_0041,DF_E_3839224,high_ogg,asvspoof,-,bonafide,notrim,eval,bonafide,-,-,-,-
TEF2,DF_E_2013369,high_ogg,vcc2020,Task1-team10,spoof,notrim,eval,neural_vocoder_autoregressive,Task1,team10,MF,E
LA_0005,DF_E_2860829,oggm4a,asvspoof,A13,spoof,notrim,eval,traditional_vocoder,-,-,-,-
LA_0031,DF_E_3131444,high_m4a,asvspoof,-,bonafide,notrim,eval,bonafide,-,-,-,-
VCC2TF1,DF_E_2990168,nocodec,vcc2018,SPO-N18,spoof,notrim,eval,traditional_vocoder,SPO,N18,MF,-
LA_0024,DF_E_3026916,mp3m4a,asvspoof,-,bonafide,notrim,eval,bonafide,-,-,-,-
VCC2TF2,DF_E_3806442,high_m4a,vcc2018,HUB-D01,spoof,notrim,eval,traditional_vocoder,HUB,D01,FF,-
VCC2TF2,DF_E_2645095,high_mp3,vcc2018,-,bonafide,notrim,eval,bonafide,-,-,-,-
TGF1,DF_E_2868921,low_m4a,vcc2020,-,bonafide,notrim,eval,bonafide,-,-,-,-
LA_0018,DF_E_3861433,low_ogg,asvspoof,-,bonafide,notrim,eval,bonafide,-,-,-,-
LA_0026,DF_E_3282855,oggm4a,asvspoof,-,bonafide,notrim,eval,bonafide,-,-,-,-
LA_0019,DF_E_3895583,oggm4a,asvspoof,-,bonafide,notrim,eval,bonafide,-,-,-,-
TGF1,DF_E_3417989,low_mp3,vcc2020,-,bonafide,notrim,eval,bonafide,-,-,-,-
VCC2TF2,DF_E_3316242,low_ogg,vcc2018,-,bonafide,notrim,eval,bonafide,-,-,-,-
LA_0014,DF_E_3951022,mp3m4a,asvspoof,A15,spoof,notrim,eval,neural_vocoder_autoregressive,-,-,-,-
LA_0009,DF_E_2399897,high_mp3,asvspoof,A17,spoof,notrim,eval,traditional_vocoder,-,-,-,-
VCC2TM1,DF_E_2922761,nocodec,vcc2018,SPO-N16,spoof,notrim,eval,traditional_vocoder,SPO,N16,MM,-
VCC2SF1,DF_E_3923783,nocodec,vcc2018,-,bonafide,notrim,eval,bonafide,-,-,-,-
VCC2SM1,DF_E_4825953,high_m4a,vcc2018,-,bonafide,notrim,eval,bonafide,-,-,-,-
TEM1,DF_E_3894106,high_ogg,vcc2020,Task1-team26,spoof,notrim,eval,traditional_vocoder,Task1,team26,FM,E
VCC2TM1,DF_E_2786015,high_ogg,vcc2018,SPO-N11,spoof,notrim,eval,traditional_vocoder,SPO,N11,MM,-
LA_0010,DF_E_2418357,low_mp3,asvspoof,-,bonafide,notrim,eval,bonafide,-,-,-,-
LA_0017,DF_E_2675544,high_ogg,asvspoof,-,bonafide,notrim,eval,bonafide,-,-,-,-
VCC2TF1,DF_E_4517912,high_m4a,vcc2018,-,bonafide,notrim,eval,bonafide,-,-,-,-
LA_0011,DF_E_4468871,high_ogg,asvspoof,-,bonafide,notrim,eval,bonafide,-,-,-,-
VCC2TF2,DF_E_2122311,low_m4a,vcc2018,SPO-N06,spoof,notrim,eval,traditional_vocoder,SPO,N06,FF,-
TEF2,DF_E_4228075,low_mp3,vcc2020,-,bonafide,notrim,eval,bonafide,-,-,-,-
LA_0020,DF_E_4728006,high_ogg,asvspoof,-,bonafide,notrim,eval,bonafide,-,-,-,-
LA_0047,DF_E_3127951,high_m4a,asvspoof,-,bonafide,notrim,eval,bonafide,-,-,-,-
LA_0039,DF_E_2860101,low_mp3,asvspoof,-,bonafide,notrim,eval,bonafide,-,-,-,-
VCC2SF4,DF_E_4182772,high_ogg,vcc2018,-,bonafide,notrim,eval,bonafide,-,-,-,-
LA_0002,DF_E_3198479,oggm4a,asvspoof,-,bonafide,notrim,eval,bonafide,-,-,-,-
TEM1,DF_E_2935858,high_mp3,vcc2020,Task1-team23,spoof,notrim,eval,neural_vocoder_nonautoregressive,Task1,team23,MM,E
TEF2,DF_E_2663680,low_mp3,vcc2020,Task1-team09,spoof,notrim,eval,neural_vocoder_nonautoregressive,Task1,team09,MF,E
TEM1,DF_E_4728930,nocodec,vcc2020,Task1-team13,spoof,notrim,eval,neural_vocoder_autoregressive,Task1,team13,FM,E
LA_0004,DF_E_3805510,nocodec,asvspoof,-,bonafide,notrim,eval,bonafide,-,-,-,-
TGM1,DF_E_4182530,low_m4a,vcc2020,Task2-team32,spoof,notrim,eval,neural_vocoder_autoregressive,Task2,team32,MM,G
TFF1,DF_E_3065954,low_ogg,vcc2020,Task2-team18,spoof,notrim,eval,unknown,Task2,team18,FF,F
TFF1,DF_E_2259566,oggm4a,vcc2020,Task2-team10,spoof,notrim,eval,neural_vocoder_autoregressive,Task2,team10,FF,F
SEF1,DF_E_2402528,low_ogg,vcc2020,-,bonafide,notrim,eval,bonafide,-,-,-,-
LA_0026,DF_E_2105335,high_mp3,asvspoof,A10,spoof,notrim,eval,neural_vocoder_autoregressive,-,-,-,-
LA_0044,DF_E_4356811,high_ogg,asvspoof,-,bonafide,notrim,eval,bonafide,-,-,-,-
LA_0049,DF_E_3842122,mp3m4a,asvspoof,-,bonafide,notrim,eval,bonafide,-,-,-,-
TFF1,DF_E_4137118,low_mp3,vcc2020,Task2-team11,spoof,notrim,eval,neural_vocoder_autoregressive,Task2,team11,MF,F
LA_0036,DF_E_2610212,low_m4a,asvspoof,-,bonafide,notrim,eval,bonafide,-,-,-,-
LA_0020,DF_E_4903198,low_ogg,asvspoof,-,bonafide,notrim,eval,bonafide,-,-,-,-
LA_0036,DF_E_3038608,oggm4a,asvspoof,A18,spoof,notrim,eval,traditional_vocoder,-,-,-,-
LA_0014,DF_E_2325762,low_ogg,asvspoof,-,bonafide,notrim,eval,bonafide,-,-,-,-
TMF1,DF_E_2628508,high_mp3,vcc2020,Task2-team11,spoof,notrim,eval,neural_vocoder_autoregressive,Task2,team11,FF,M
TEF1,DF_E_3354660,high_m4a,vcc2020,Task1-team10,spoof,notrim,eval,neural_vocoder_autoregressive,Task1,team10,FF,E
LA_0014,DF_E_2151098,high_ogg,asvspoof,-,bonafide,notrim,eval,bonafide,-,-,-,-
VCC2TM1,DF_E_4368425,high_mp3,vcc2018,SPO-N10,spoof,notrim,eval,neural_vocoder_autoregressive,SPO,N10,MM,-
VCC2TF2,DF_E_2376074,high_ogg,vcc2018,HUB-D03,spoof,notrim,eval,traditional_vocoder,HUB,D03,MF,-
TMM1,DF_E_4968238,high_ogg,vcc2020,Task2-team24,spoof,notrim,eval,neural_vocoder_autoregressive,Task2,team24,MM,M
TGF1,DF_E_3651046,high_m4a,vcc2020,-,bonafide,notrim,eval,bonafide,-,-,-,-
LA_0038,DF_E_4843587,high_m4a,asvspoof,-,bonafide,notrim,eval,bonafide,-,-,-,-
VCC2TF1,DF_E_3394580,high_mp3,vcc2018,-,bonafide,notrim,eval,bonafide,-,-,-,-
VCC2SF3,DF_E_3716733,low_mp3,vcc2018,-,bonafide,notrim,eval,bonafide,-,-,-,-
SEM1,DF_E_4281763,nocodec,vcc2020,-,bonafide,notrim,eval,bonafide,-,-,-,-
TEM2,DF_E_2486634,low_mp3,vcc2020,Task1-team01,spoof,notrim,eval,neural_vocoder_nonautoregressive,Task1,team01,FM,E
LA_0001,DF_E_4528053,high_m4a,asvspoof,-,bonafide,notrim,eval,bonafide,-,-,-,-
VCC2TF1,DF_E_2661067,low_ogg,vcc2018,HUB-N17,spoof,notrim,eval,neural_vocoder_autoregressive,HUB,N17,FF,-
TEM1,DF_E_2139692,low_ogg,vcc2020,Task1-team24,spoof,notrim,eval,neural_vocoder_autoregressive,Task1,team24,MM,E
VCC2TF2,DF_E_2308728,nocodec,vcc2018,SPO-N17,spoof,notrim,eval,neural_vocoder_autoregressive,SPO,N17,FF,-
TFF1,DF_E_2679320,nocodec,vcc2020,Task2-team29,spoof,notrim,eval,neural_vocoder_autoregressive,Task2,team29,MF,F
TEF2,DF_E_2548451,low_ogg,vcc2020,Task1-team21,spoof,notrim,eval,neural_vocoder_nonautoregressive,Task1,team21,MF,E
VCC2TF1,DF_E_3120458,high_mp3,vcc2018,SPO-N04,spoof,notrim,eval,traditional_vocoder,SPO,N04,MF,-
VCC2SF3,DF_E_4927777,low_m4a,vcc2018,-,bonafide,notrim,eval,bonafide,-,-,-,-
TEF2,DF_E_4001433,low_ogg,vcc2020,Task1-team16,spoof,notrim,eval,neural_vocoder_nonautoregressive,Task1,team16,MF,E
VCC2TF1,DF_E_3849122,nocodec,vcc2018,SPO-N17,spoof,notrim,eval,neural_vocoder_autoregressive,SPO,N17,FF,-
TMM1,DF_E_4911710,high_m4a,vcc2020,Task2-team27,spoof,notrim,eval,neural_vocoder_nonautoregressive,Task2,team27,FM,M
VCC2TF2,DF_E_3754952,high_m4a,vcc2018,HUB-B01,spoof,notrim,eval,traditional_vocoder,HUB,B01,FF,-
TEM1,DF_E_2257918,high_ogg,vcc2020,Task1-team24,spoof,notrim,eval,neural_vocoder_autoregressive,Task1,team24,FM,E
LA_0014,DF_E_2957165,low_m4a,asvspoof,A07,spoof,notrim,eval,traditional_vocoder,-,-,-,-
TEM2,DF_E_3890135,mp3m4a,vcc2020,Task1-team17,spoof,notrim,eval,neural_vocoder_nonautoregressive,Task1,team17,MM,E
TGM1,DF_E_4712920,low_ogg,vcc2020,-,bonafide,notrim,eval,bonafide,-,-,-,-
LA_0016,DF_E_4207007,low_m4a,asvspoof,-,bonafide,notrim,eval,bonafide,-,-,-,-
TEF2,DF_E_3954163,high_m4a,vcc2020,-,bonafide,notrim,eval,bonafide,-,-,-,-
LA_0017,DF_E_3745407,high_m4a,asvspoof,-,bonafide,notrim,eval,bonafide,-,-,-,-
TEM1,DF_E_2537384,low_m4a,vcc2020,Task1-team10,spoof,notrim,eval,neural_vocoder_autoregressive,Task1,team10,MM,E
TMM1,DF_E_2086018,low_mp3,vcc2020,-,bonafide,notrim,eval,bonafide,-,-,-,-
VCC2TF2,DF_E_2061743,nocodec,vcc2018,HUB-N14,spoof,notrim,eval,traditional_vocoder,HUB,N14,MF,-
VCC2SM3,DF_E_2847596,high_m4a,vcc2018,-,bonafide,notrim,eval,bonafide,-,-,-,-
VCC2TF2,DF_E_3327840,low_ogg,vcc2018,-,bonafide,notrim,eval,bonafide,-,-,-,-
LA_0011,DF_E_4019238,high_ogg,asvspoof,-,bonafide,notrim,eval,bonafide,-,-,-,-
LA_0011,DF_E_2928756,mp3m4a,asvspoof,-,bonafide,notrim,eval,bonafide,-,-,-,-
LA_0046,DF_E_2679450,low_ogg,asvspoof,-,bonafide,notrim,eval,bonafide,-,-,-,-
VCC2TM2,DF_E_2704861,high_m4a,vcc2018,-,bonafide,notrim,eval,bonafide,-,-,-,-
LA_0011,DF_E_3166495,nocodec,asvspoof,-,bonafide,notrim,eval,bonafide,-,-,-,-
TGM1,DF_E_2296342,high_m4a,vcc2020,Task2-team28,spoof,notrim,eval,neural_vocoder_autoregressive,Task2,team28,MM,G
VCC2TM1,DF_E_3668897,low_m4a,vcc2018,-,bonafide,notrim,eval,bonafide,-,-,-,-
VCC2TF2,DF_E_4061821,high_m4a,vcc2018,-,bonafide,notrim,eval,bonafide,-,-,-,-
VCC2TF2,DF_E_4190638,mp3m4a,vcc2018,SPO-B01,spoof,notrim,eval,traditional_vocoder,SPO,B01,MF,-
TEM1,DF_E_4387469,high_m4a,vcc2020,-,bonafide,notrim,eval,bonafide,-,-,-,-
LA_0026,DF_E_2193946,low_m4a,asvspoof,-,bonafide,notrim,eval,bonafide,-,-,-,-
TEM2,DF_E_4385944,high_m4a,vcc2020,Task1-team11,spoof,notrim,eval,neural_vocoder_autoregressive,Task1,team11,FM,E
TMM1,DF_E_4416276,high_ogg,vcc2020,-,bonafide,notrim,eval,bonafide,-,-,-,-
VCC2TM2,DF_E_3010816,high_mp3,vcc2018,-,bonafide,notrim,eval,bonafide,-,-,-,-
VCC2TF1,DF_E_2378054,mp3m4a,vcc2018,SPO-N17,spoof,notrim,eval,neural_vocoder_autoregressive,SPO,N17,MF,-
VCC2TM2,DF_E_2987915,high_mp3,vcc2018,HUB-D03,spoof,notrim,eval,traditional_vocoder,HUB,D03,FM,-
LA_0013,DF_E_4035000,nocodec,asvspoof,-,bonafide,notrim,eval,bonafide,-,-,-,-
VCC2TM1,DF_E_2721854,low_ogg,vcc2018,HUB-N08,spoof,notrim,eval,traditional_vocoder,HUB,N08,FM,-
VCC2TM1,DF_E_3620248,low_ogg,vcc2018,HUB-N13,spoof,notrim,eval,traditional_vocoder,HUB,N13,MM,-
VCC2TM2,DF_E_2598753,mp3m4a,vcc2018,SPO-B01,spoof,notrim,eval,traditional_vocoder,SPO,B01,FM,-
TEF2,DF_E_2350039,low_mp3,vcc2020,-,bonafide,notrim,eval,bonafide,-,-,-,-
LA_0028,DF_E_3279942,high_ogg,asvspoof,-,bonafide,notrim,eval,bonafide,-,-,-,-
LA_0026,DF_E_2743875,low_ogg,asvspoof,-,bonafide,notrim,eval,bonafide,-,-,-,-
TEF2,DF_E_2195823,low_mp3,vcc2020,Task1-team06,spoof,notrim,eval,traditional_vocoder,Task1,team06,MF,E
TEM2,DF_E_3395605,low_mp3,vcc2020,-,bonafide,notrim,eval,bonafide,-,-,-,-
VCC2TF1,DF_E_3421024,oggm4a,vcc2018,HUB-D02,spoof,notrim,eval,traditional_vocoder,HUB,D02,MF,-
TEF2,DF_E_3033684,low_ogg,vcc2020,-,bonafide,notrim,eval,bonafide,-,-,-,-
LA_0027,DF_E_2760527,high_ogg,asvspoof,A12,spoof,notrim,eval,neural_vocoder_autoregressive,-,-,-,-
TEM2,DF_E_2178806,high_m4a,vcc2020,Task1-team08,spoof,notrim,eval,traditional_vocoder,Task1,team08,FM,E
LA_0038,DF_E_4968146,high_ogg,asvspoof,A11,spoof,notrim,eval,traditional_vocoder,-,-,-,-
VCC2SM2,DF_E_3434984,high_m4a,vcc2018,-,bonafide,notrim,eval,bonafide,-,-,-,-
LA_0032,DF_E_4551509,high_ogg,asvspoof,A16,spoof,notrim,eval,waveform_concatenation,-,-,-,-
VCC2SM4,DF_E_3897245,high_m4a,vcc2018,-,bonafide,notrim,eval,bonafide,-,-,-,-
TFM1,DF_E_4470204,mp3m4a,vcc2020,-,bonafide,notrim,eval,bonafide,-,-,-,-
SEF1,DF_E_3358037,high_ogg,vcc2020,-,bonafide,notrim,eval,bonafide,-,-,-,-
VCC2TM2,DF_E_3707486,high_mp3,vcc2018,HUB-N11,spoof,notrim,eval,traditional_vocoder,HUB,N11,FM,-
LA_0055,DF_E_3721392,low_m4a,asvspoof,-,bonafide,notrim,eval,bonafide,-,-,-,-
TEM2,DF_E_4391178,high_mp3,vcc2020,Task1-team12,spoof,notrim,eval,traditional_vocoder,Task1,team12,MM,E
VCC2TM2,DF_E_3638385,high_mp3,vcc2018,SPO-B01,spoof,notrim,eval,traditional_vocoder,SPO,B01,MM,-
VCC2TF1,DF_E_2542502,nocodec,vcc2018,-,bonafide,notrim,eval,bonafide,-,-,-,-
TMF1,DF_E_3563638,low_mp3,vcc2020,Task2-team15,spoof,notrim,eval,neural_vocoder_nonautoregressive,Task2,team15,MF,M
LA_0004,DF_E_2269939,high_m4a,asvspoof,-,bonafide,notrim,eval,bonafide,-,-,-,-
VCC2SF3,DF_E_4971659,high_m4a,vcc2018,-,bonafide,notrim,eval,bonafide,-,-,-,-
VCC2SM3,DF_E_3997530,high_mp3,vcc2018,-,bonafide,notrim,eval,bonafide,-,-,-,-
LA_0034,DF_E_2411694,high_mp3,asvspoof,-,bonafide,notrim,eval,bonafide,-,-,-,-
VCC2SM2,DF_E_4814646,high_m4a,vcc2018,-,bonafide,notrim,eval,bonafide,-,-,-,-
TEM1,DF_E_2018218,low_mp3,vcc2020,-,bonafide,notrim,eval,bonafide,-,-,-,-
TFM1,DF_E_2883022,high_m4a,vcc2020,-,bonafide,notrim,eval,bonafide,-,-,-,-
TEM2,DF_E_4583929,mp3m4a,vcc2020,Task1-team04,spoof,notrim,eval,neural_vocoder_autoregressive,Task1,team04,FM,E
TMF1,DF_E_4608532,low_mp3,vcc2020,Task2-team19,spoof,notrim,eval,neural_vocoder_nonautoregressive,Task2,team19,MF,M
LA_0013,DF_E_2895450,high_mp3,asvspoof,-,bonafide,notrim,eval,bonafide,-,-,-,-
LA_0024,DF_E_2748514,high_mp3,asvspoof,-,bonafide,notrim,eval,bonafide,-,-,-,-
LA_0028,DF_E_4112038,oggm4a,asvspoof,-,bonafide,notrim,eval,bonafide,-,-,-,-
VCC2SF2,DF_E_4534189,nocodec,vcc2018,-,bonafide,notrim,eval,bonafide,-,-,-,-
TFF1,DF_E_2808244,high_mp3,vcc2020,-,bonafide,notrim,eval,bonafide,-,-,-,-
VCC2SM3,DF_E_3288259,high_m4a,vcc2018,-,bonafide,notrim,eval,bonafide,-,-,-,-
VCC2TF1,DF_E_3080271,oggm4a,vcc2018,SPO-N11,spoof,notrim,eval,traditional_vocoder,SPO,N11,MF,-
TEM1,DF_E_4167268,low_mp3,vcc2020,Task1-team08,spoof,notrim,eval,traditional_vocoder,Task1,team08,FM,E
SEF2,DF_E_2866086,low_mp3,vcc2020,-,bonafide,notrim,eval,bonafide,-,-,-,-
TFF1,DF_E_4902042,mp3m4a,vcc2020,Task2-team23,spoof,notrim,eval,neural_vocoder_autoregressive,Task2,team23,MF,F
LA_0047,DF_E_4577006,oggm4a,asvspoof,-,bonafide,notrim,eval,bonafide,-,-,-,-
TEM1,DF_E_4109615,high_mp3,vcc2020,-,bonafide,notrim,eval,bonafide,-,-,-,-
LA_0019,DF_E_3472069,high_ogg,asvspoof,-,bonafide,notrim,eval,bonafide,-,-,-,-
LA_0017,DF_E_2765123,low_mp3,asvspoof,-,bonafide,notrim,eval,bonafide,-,-,-,-
LA_0024,DF_E_2440829,low_mp3,asvspoof,A15,spoof,notrim,eval,neural_vocoder_autoregressive,-,-,-,-
LA_0054,DF_E_4953124,nocodec,asvspoof,-,bonafide,notrim,eval,bonafide,-,-,-,-
TEM1,DF_E_2779509,high_mp3,vcc2020,Task1-team30,spoof,notrim,eval,unknown,Task1,team30,FM,E
LA_0032,DF_E_2539850,high_m4a,asvspoof,-,bonafide,notrim,eval,bonafide,-,-,-,-
TEF1,DF_E_2304740,oggm4a,vcc2020,Task1-team29,spoof,notrim,eval,neural_vocoder_autoregressive,Task1,team29,FF,E
LA_0014,DF_E_3180161,mp3m4a,asvspoof,-,bonafide,notrim,eval,bonafide,-,-,-,-
LA_0036,DF_E_2312207,high_ogg,asvspoof,A08,spoof,notrim,eval,neural_vocoder_nonautoregressive,-,-,-,-
LA_0013,DF_E_4168887,high_m4a,asvspoof,-,bonafide,notrim,eval,bonafide,-,-,-,-
VCC2TM2,DF_E_3336951,low_m4a,vcc2018,-,bonafide,notrim,eval,bonafide,-,-,-,-
VCC2SF1,DF_E_2062355,high_m4a,vcc2018,-,bonafide,notrim,eval,bonafide,-,-,-,-
TEF2,DF_E_3689508,nocodec,vcc2020,Task1-team01,spoof,notrim,eval,neural_vocoder_nonautoregressive,Task1,team01,MF,E
VCC2TM2,DF_E_3669371,high_ogg,vcc2018,SPO-N06,spoof,notrim,eval,traditional_vocoder,SPO,N06,MM,-
TEM1,DF_E_2781315,oggm4a,vcc2020,-,bonafide,notrim,eval,bonafide,-,-,-,-
LA_0024,DF_E_4756273,mp3m4a,asvspoof,A07,spoof,notrim,eval,traditional_vocoder,-,-,-,-
TMM1,DF_E_3483684,mp3m4a,vcc2020,Task2-team31,spoof,notrim,eval,neural_vocoder_nonautoregressive,Task2,team31,FM,M
LA_0003,DF_E_3205404,low_ogg,asvspoof,A17,spoof,notrim,eval,traditional_vocoder,-,-,-,-
LA_0001,DF_E_2675939,mp3m4a,asvspoof,-,bonafide,notrim,eval,bonafide,-,-,-,-
LA_0039,DF_E_2967400,oggm4a,asvspoof,-,bonafide,notrim,eval,bonafide,-,-,-,-
LA_0044,DF_E_4428218,low_m4a,asvspoof,-,bonafide,notrim,eval,bonafide,-,-,-,-
LA_0037,DF_E_2593152,high_ogg,asvspoof,-,bonafide,notrim,eval,bonafide,-,-,-,-
TMF1,DF_E_3096178,low_mp3,vcc2020,Task2-team20,spoof,notrim,eval,neural_vocoder_nonautoregressive,Task2,team20,MF,M
SEF1,DF_E_4725338,high_ogg,vcc2020,-,bonafide,notrim,eval,bonafide,-,-,-,-
TMM1,DF_E_3360806,high_mp3,vcc2020,Task2-team33,spoof,notrim,eval,neural_vocoder_nonautoregressive,Task2,team33,FM,M
LA_0026,DF_E_3364932,high_mp3,asvspoof,-,bonafide,notrim,eval,bonafide,-,-,-,-
LA_0015,DF_E_2611598,low_ogg,asvspoof,A12,spoof,notrim,eval,neural_vocoder_autoregressive,-,-,-,-
TFF1,DF_E_2543061,mp3m4a,vcc2020,-,bonafide,notrim,eval,bonafide,-,-,-,-
LA_0053,DF_E_4441768,high_ogg,asvspoof,-,bonafide,notrim,eval,bonafide,-,-,-,-
TEM2,DF_E_3673119,low_mp3,vcc2020,Task1-team08,spoof,notrim,eval,traditional_vocoder,Task1,team08,MM,E
VCC2TF1,DF_E_4899821,oggm4a,vcc2018,HUB-N03,spoof,notrim,eval,unknown,HUB,N03,MF,-
LA_0048,DF_E_2935514,high_m4a,asvspoof,-,bonafide,notrim,eval,bonafide,-,-,-,-
LA_0013,DF_E_3603188,high_m4a,asvspoof,-,bonafide,notrim,eval,bonafide,-,-,-,-
TEM2,DF_E_3294192,low_mp3,vcc2020,Task1-team18,spoof,notrim,eval,unknown,Task1,team18,MM,E
TEF1,DF_E_3143834,mp3m4a,vcc2020,Task1-team26,spoof,notrim,eval,traditional_vocoder,Task1,team26,FF,E
LA_0045,DF_E_2864011,low_mp3,asvspoof,-,bonafide,notrim,eval,bonafide,-,-,-,-
LA_0045,DF_E_3326588,mp3m4a,asvspoof,-,bonafide,notrim,eval,bonafide,-,-,-,-
VCC2TM2,DF_E_4972050,nocodec,vcc2018,SPO-N05,spoof,notrim,eval,traditional_vocoder,SPO,N05,FM,-
VCC2TM2,DF_E_2841314,low_mp3,vcc2018,HUB-N13,spoof,notrim,eval,traditional_vocoder,HUB,N13,FM,-
VCC2SF4,DF_E_2659806,high_m4a,vcc2018,-,bonafide,notrim,eval,bonafide,-,-,-,-
TGF1,DF_E_3808533,low_m4a,vcc2020,Task2-team10,spoof,notrim,eval,neural_vocoder_autoregressive,Task2,team10,FF,G
VCC2TM1,DF_E_2576933,high_m4a,vcc2018,HUB-N13,spoof,notrim,eval,traditional_vocoder,HUB,N13,FM,-
TFF1,DF_E_4762207,high_m4a,vcc2020,Task2-team20,spoof,notrim,eval,neural_vocoder_nonautoregressive,Task2,team20,MF,F
LA_0016,DF_E_3483613,high_ogg,asvspoof,A15,spoof,notrim,eval,neural_vocoder_autoregressive,-,-,-,-
VCC2SF4,DF_E_4306588,high_m4a,vcc2018,-,bonafide,notrim,eval,bonafide,-,-,-,-
TEM2,DF_E_4112297,high_ogg,vcc2020,Task1-team21,spoof,notrim,eval,neural_vocoder_nonautoregressive,Task1,team21,FM,E
LA_0040,DF_E_3259078,mp3m4a,asvspoof,-,bonafide,notrim,eval,bonafide,-,-,-,-
VCC2TM2,DF_E_2068168,oggm4a,vcc2018,HUB-N20,spoof,notrim,eval,traditional_vocoder,HUB,N20,MM,-
TFM1,DF_E_2296124,high_m4a,vcc2020,Task2-team10,spoof,notrim,eval,neural_vocoder_autoregressive,Task2,team10,FM,F
VCC2SF1,DF_E_4636463,mp3m4a,vcc2018,-,bonafide,notrim,eval,bonafide,-,-,-,-
LA_0018,DF_E_4539720,oggm4a,asvspoof,A07,spoof,notrim,eval,traditional_vocoder,-,-,-,-
TMF1,DF_E_4542473,high_ogg,vcc2020,Task2-team03,spoof,notrim,eval,neural_vocoder_autoregressive,Task2,team03,MF,M
TEM2,DF_E_3952354,low_ogg,vcc2020,Task1-team16,spoof,notrim,eval,neural_vocoder_nonautoregressive,Task1,team16,MM,E
VCC2TM2,DF_E_2281807,low_mp3,vcc2018,SPO-N03,spoof,notrim,eval,unknown,SPO,N03,FM,-
TGM1,DF_E_3222437,low_m4a,vcc2020,-,bonafide,notrim,eval,bonafide,-,-,-,-
TGM1,DF_E_2128275,mp3m4a,vcc2020,Task2-team11,spoof,notrim,eval,neural_vocoder_autoregressive,Task2,team11,FM,G
LA_0044,DF_E_3177989,high_ogg,asvspoof,A19,spoof,notrim,eval,traditional_vocoder,-,-,-,-
TFM1,DF_E_3335897,low_m4a,vcc2020,Task2-team10,spoof,notrim,eval,neural_vocoder_autoregressive,Task2,team10,MM,F
SEM1,DF_E_3820763,high_m4a,vcc2020,-,bonafide,notrim,eval,bonafide,-,-,-,-
VCC2SF3,DF_E_3493182,mp3m4a,vcc2018,-,bonafide,notrim,eval,bonafide,-,-,-,-
LA_0044,DF_E_4623485,high_ogg,asvspoof,A19,spoof,notrim,eval,traditional_vocoder,-,-,-,-
VCC2SM1,DF_E_4577517,nocodec,vcc2018,-,bonafide,notrim,eval,bonafide,-,-,-,-
LA_0037,DF_E_4932792,high_m4a,asvspoof,-,bonafide,notrim,eval,bonafide,-,-,-,-
LA_0047,DF_E_3389061,nocodec,asvspoof,-,bonafide,notrim,eval,bonafide,-,-,-,-
TEF2,DF_E_3161801,low_m4a,vcc2020,Task1-team16,spoof,notrim,eval,neural_vocoder_nonautoregressive,Task1,team16,FF,E
VCC2SM3,DF_E_4702490,high_ogg,vcc2018,-,bonafide,notrim,eval,bonafide,-,-,-,-
SEM2,DF_E_4441078,high_mp3,vcc2020,-,bonafide,notrim,eval,bonafide,-,-,-,-
TGF1,DF_E_2971997,high_m4a,vcc2020,Task2-team29,spoof,notrim,eval,neural_vocoder_autoregressive,Task2,team29,FF,G
VCC2TM2,DF_E_4444299,low_m4a,vcc2018,-,bonafide,notrim,eval,bonafide,-,-,-,-
VCC2TF1,DF_E_3536261,low_m4a,vcc2018,SPO-N12,spoof,notrim,eval,traditional_vocoder,SPO,N12,FF,-
VCC2TM2,DF_E_3587034,high_mp3,vcc2018,HUB-D05,spoof,notrim,eval,traditional_vocoder,HUB,D05,MM,-
TEF2,DF_E_2655895,nocodec,vcc2020,Task1-team19,spoof,notrim,eval,neural_vocoder_nonautoregressive,Task1,team19,FF,E
TFM1,DF_E_2786594,low_mp3,vcc2020,Task2-team10,spoof,notrim,eval,neural_vocoder_autoregressive,Task2,team10,FM,F
LA_0013,DF_E_2054370,low_ogg,asvspoof,A11,spoof,notrim,eval,traditional_vocoder,-,-,-,-
TFM1,DF_E_2783060,high_ogg,vcc2020,Task2-team23,spoof,notrim,eval,neural_vocoder_autoregressive,Task2,team23,MM,F
TEM2,DF_E_2790415,high_m4a,vcc2020,-,bonafide,notrim,eval,bonafide,-,-,-,-
LA_0039,DF_E_2305806,low_mp3,asvspoof,-,bonafide,notrim,eval,bonafide,-,-,-,-
LA_0046,DF_E_4839741,mp3m4a,asvspoof,-,bonafide,notrim,eval,bonafide,-,-,-,-
LA_0025,DF_E_2684402,high_ogg,asvspoof,-,bonafide,notrim,eval,bonafide,-,-,-,-
VCC2SM3,DF_E_2851132,nocodec,vcc2018,-,bonafide,notrim,eval,bonafide,-,-,-,-
VCC2TF1,DF_E_4055726,low_m4a,vcc2018,-,bonafide,notrim,eval,bonafide,-,-,-,-
LA_0008,DF_E_4105930,oggm4a,asvspoof,-,bonafide,notrim,eval,bonafide,-,-,-,-
LA_0021,DF_E_2449324,oggm4a,asvspoof,-,bonafide,notrim,eval,bonafide,-,-,-,-
TFM1,DF_E_4113147,mp3m4a,vcc2020,Task2-team05,spoof,notrim,eval,neural_vocoder_nonautoregressive,Task2,team05,MM,F
LA_0005,DF_E_4818561,high_ogg,asvspoof,A14,spoof,notrim,eval,traditional_vocoder,-,-,-,-
VCC2TM1,DF_E_3148642,low_mp3,vcc2018,-,bonafide,notrim,eval,bonafide,-,-,-,-
LA_0018,DF_E_3001496,high_ogg,asvspoof,A15,spoof,notrim,eval,neural_vocoder_autoregressive,-,-,-,-
LA_0020,DF_E_4968248,mp3m4a,asvspoof,A09,spoof,notrim,eval,traditional_vocoder,-,-,-,-
TGM1,DF_E_2810135,high_mp3,vcc2020,Task2-team10,spoof,notrim,eval,neural_vocoder_autoregressive,Task2,team10,FM,G
LA_0065,DF_E_3324999,oggm4a,asvspoof,-,bonafide,notrim,eval,bonafide,-,-,-,-
VCC2SM2,DF_E_2776353,low_mp3,vcc2018,-,bonafide,notrim,eval,bonafide,-,-,-,-
LA_0036,DF_E_2909622,mp3m4a,asvspoof,-,bonafide,notrim,eval,bonafide,-,-,-,-
TGF1,DF_E_4892486,nocodec,vcc2020,Task2-team10,spoof,notrim,eval,neural_vocoder_autoregressive,Task2,team10,MF,G
TMM1,DF_E_2898771,nocodec,vcc2020,-,bonafide,notrim,eval,bonafide,-,-,-,-
LA_0032,DF_E_2620988,mp3m4a,asvspoof,-,bonafide,notrim,eval,bonafide,-,-,-,-
VCC2SM4,DF_E_3014474,low_mp3,vcc2018,-,bonafide,notrim,eval,bonafide,-,-,-,-
TEM2,DF_E_2197858,high_mp3,vcc2020,Task1-team17,spoof,notrim,eval,neural_vocoder_nonautoregressive,Task1,team17,MM,E
LA_0046,DF_E_4088753,mp3m4a,asvspoof,-,bonafide,notrim,eval,bonafide,-,-,-,-
VCC2TF2,DF_E_4175007,low_m4a,vcc2018,HUB-D05,spoof,notrim,eval,traditional_vocoder,HUB,D05,FF,-
VCC2TM2,DF_E_4213797,low_m4a,vcc2018,HUB-N10,spoof,notrim,eval,neural_vocoder_autoregressive,HUB,N10,FM,-
TFF1,DF_E_2622942,high_mp3,vcc2020,Task2-team24,spoof,notrim,eval,neural_vocoder_autoregressive,Task2,team24,FF,F
VCC2TM2,DF_E_2526002,high_m4a,vcc2018,HUB-N12,spoof,notrim,eval,traditional_vocoder,HUB,N12,MM,-
TEM1,DF_E_2125231,low_m4a,vcc2020,-,bonafide,notrim,eval,bonafide,-,-,-,-
LA_0028,DF_E_4723699,mp3m4a,asvspoof,-,bonafide,notrim,eval,bonafide,-,-,-,-
VCC2TF1,DF_E_4438989,low_mp3,vcc2018,SPO-N16,spoof,notrim,eval,traditional_vocoder,SPO,N16,FF,-
LA_0018,DF_E_4772287,low_m4a,asvspoof,-,bonafide,notrim,eval,bonafide,-,-,-,-
LA_0046,DF_E_4263783,oggm4a,asvspoof,-,bonafide,notrim,eval,bonafide,-,-,-,-
VCC2TM1,DF_E_4331720,nocodec,vcc2018,-,bonafide,notrim,eval,bonafide,-,-,-,-
VCC2SF2,DF_E_2622559,mp3m4a,vcc2018,-,bonafide,notrim,eval,bonafide,-,-,-,-
TFM1,DF_E_4891523,high_m4a,vcc2020,Task2-team25,spoof,notrim,eval,neural_vocoder_autoregressive,Task2,team25,FM,F
VCC2TF1,DF_E_3568025,oggm4a,vcc2018,-,bonafide,notrim,eval,bonafide,-,-,-,-
TEM2,DF_E_4129587,low_mp3,vcc2020,Task1-team26,spoof,notrim,eval,traditional_vocoder,Task1,team26,FM,E
TEF2,DF_E_3601449,low_mp3,vcc2020,Task1-team12,spoof,notrim,eval,traditional_vocoder,Task1,team12,MF,E
TFF1,DF_E_3355368,low_mp3,vcc2020,Task2-team23,spoof,notrim,eval,neural_vocoder_autoregressive,Task2,team23,FF,F
VCC2TF2,DF_E_4478912,low_mp3,vcc2018,SPO-N13,spoof,notrim,eval,traditional_vocoder,SPO,N13,FF,-
TGF1,DF_E_3614011,low_ogg,vcc2020,Task2-team02,spoof,notrim,eval,neural_vocoder_nonautoregressive,Task2,team02,FF,G
TEM1,DF_E_3971426,high_ogg,vcc2020,Task1-team14,spoof,notrim,eval,neural_vocoder_nonautoregressive,Task1,team14,MM,E
TMF1,DF_E_3625086,mp3m4a,vcc2020,Task2-team24,spoof,notrim,eval,neural_vocoder_autoregressive,Task2,team24,FF,M
TEF1,DF_E_4621983,mp3m4a,vcc2020,Task1-team02,spoof,notrim,eval,neural_vocoder_nonautoregressive,Task1,team02,FF,E
VCC2TF1,DF_E_3711271,high_ogg,vcc2018,HUB-D02,spoof,notrim,eval,traditional_vocoder,HUB,D02,MF,-
VCC2TF2,DF_E_2591767,nocodec,vcc2018,-,bonafide,notrim,eval,bonafide,-,-,-,-
TGF1,DF_E_2923408,high_m4a,vcc2020,-,bonafide,notrim,eval,bonafide,-,-,-,-
TMM1,DF_E_3967566,high_mp3,vcc2020,Task2-team31,spoof,notrim,eval,neural_vocoder_nonautoregressive,Task2,team31,MM,M
VCC2SM3,DF_E_4882545,nocodec,vcc2018,-,bonafide,notrim,eval,bonafide,-,-,-,-
TEM1,DF_E_4086913,high_ogg,vcc2020,Task1-team13,spoof,notrim,eval,neural_vocoder_autoregressive,Task1,team13,FM,E
LA_0002,DF_E_2140481,mp3m4a,asvspoof,-,bonafide,notrim,eval,bonafide,-,-,-,-
VCC2TM1,DF_E_2649433,low_mp3,vcc2018,SPO-N03,spoof,notrim,eval,unknown,SPO,N03,MM,-
VCC2TF2,DF_E_2161006,high_m4a,vcc2018,-,bonafide,notrim,eval,bonafide,-,-,-,-
TEM2,DF_E_4548974,high_mp3,vcc2020,-,bonafide,notrim,eval,bonafide,-,-,-,-
VCC2TM2,DF_E_3693799,high_mp3,vcc2018,HUB-N17,spoof,notrim,eval,neural_vocoder_autoregressive,HUB,N17,FM,-
LA_0043,DF_E_4696749,oggm4a,asvspoof,-,bonafide,notrim,eval,bonafide,-,-,-,-
TFF1,DF_E_2067109,mp3m4a,vcc2020,Task2-team29,spoof,notrim,eval,neural_vocoder_autoregressive,Task2,team29,FF,F
TEM1,DF_E_4302858,nocodec,vcc2020,-,bonafide,notrim,eval,bonafide,-,-,-,-
TMF1,DF_E_4566910,high_mp3,vcc2020,Task2-team03,spoof,notrim,eval,neural_vocoder_autoregressive,Task2,team03,MF,M
VCC2TM2,DF_E_4061030,low_mp3,vcc2018,-,bonafide,notrim,eval,bonafide,-,-,-,-
VCC2TF2,DF_E_4284888,mp3m4a,vcc2018,SPO-N16,spoof,notrim,eval,traditional_vocoder,SPO,N16,FF,-
VCC2SM4,DF_E_3598436,low_m4a,vcc2018,-,bonafide,notrim,eval,bonafide,-,-,-,-
TMM1,DF_E_4810797,low_m4a,vcc2020,-,bonafide,notrim,eval,bonafide,-,-,-,-
VCC2TM2,DF_E_2483212,high_m4a,vcc2018,HUB-D02,spoof,notrim,eval,traditional_vocoder,HUB,D02,FM,-
VCC2SF1,DF_E_4699263,oggm4a,vcc2018,-,bonafide,notrim,eval,bonafide,-,-,-,-
LA_0010,DF_E_3807718,nocodec,asvspoof,-,bonafide,notrim,eval,bonafide,-,-,-,-
VCC2TM2,DF_E_3493004,oggm4a,vcc2018,SPO-N03,spoof,notrim,eval,unknown,SPO,N03,MM,-
LA_0013,DF_E_3290105,low_mp3,asvspoof,-,bonafide,notrim,eval,bonafide,-,-,-,-
VCC2TF1,DF_E_4657747,low_mp3,vcc2018,HUB-N20,spoof,notrim,eval,traditional_vocoder,HUB,N20,FF,-
TEM1,DF_E_3208927,low_mp3,vcc2020,Task1-team10,spoof,notrim,eval,neural_vocoder_autoregressive,Task1,team10,MM,E
TGM1,DF_E_2242939,low_ogg,vcc2020,Task2-team19,spoof,notrim,eval,neural_vocoder_nonautoregressive,Task2,team19,FM,G
SEF1,DF_E_3376110,low_ogg,vcc2020,-,bonafide,notrim,eval,bonafide,-,-,-,-
VCC2SM2,DF_E_4735124,high_mp3,vcc2018,-,bonafide,notrim,eval,bonafide,-,-,-,-
TEM2,DF_E_4418644,high_mp3,vcc2020,Task1-team30,spoof,notrim,eval,unknown,Task1,team30,MM,E
TEM1,DF_E_4672197,high_m4a,vcc2020,-,bonafide,notrim,eval,bonafide,-,-,-,-
LA_0044,DF_E_4697921,mp3m4a,asvspoof,-,bonafide,notrim,eval,bonafide,-,-,-,-
LA_0022,DF_E_4689415,high_m4a,asvspoof,-,bonafide,notrim,eval,bonafide,-,-,-,-
TEM1,DF_E_2789600,oggm4a,vcc2020,Task1-team28,spoof,notrim,eval,neural_vocoder_autoregressive,Task1,team28,FM,E
VCC2TF2,DF_E_3675757,high_mp3,vcc2018,HUB-N11,spoof,notrim,eval,traditional_vocoder,HUB,N11,FF,-
VCC2SF1,DF_E_3005360,nocodec,vcc2018,-,bonafide,notrim,eval,bonafide,-,-,-,-
TGF1,DF_E_3116372,low_m4a,vcc2020,Task2-team31,spoof,notrim,eval,neural_vocoder_nonautoregressive,Task2,team31,FF,G
LA_0044,DF_E_3155557,oggm4a,asvspoof,A15,spoof,notrim,eval,neural_vocoder_autoregressive,-,-,-,-
TGF1,DF_E_2210345,high_m4a,vcc2020,Task2-team07,spoof,notrim,eval,neural_vocoder_autoregressive,Task2,team07,FF,G
TMF1,DF_E_3343427,high_mp3,vcc2020,Task2-team18,spoof,notrim,eval,unknown,Task2,team18,MF,M
TMF1,DF_E_3421222,nocodec,vcc2020,Task2-team09,spoof,notrim,eval,neural_vocoder_nonautoregressive,Task2,team09,MF,M
VCC2TF1,DF_E_2260899,oggm4a,vcc2018,SPO-N13,spoof,notrim,eval,traditional_vocoder,SPO,N13,MF,-
LA_0004,DF_E_2200188,low_mp3,asvspoof,-,bonafide,notrim,eval,bonafide,-,-,-,-
TGM1,DF_E_3300594,low_m4a,vcc2020,-,bonafide,notrim,eval,bonafide,-,-,-,-
TMF1,DF_E_4988789,high_mp3,vcc2020,Task2-team09,spoof,notrim,eval,neural_vocoder_nonautoregressive,Task2,team09,MF,M
TEM2,DF_E_4154237,high_m4a,vcc2020,-,bonafide,notrim,eval,bonafide,-,-,-,-
VCC2TF1,DF_E_2470731,high_mp3,vcc2018,HUB-D01,spoof,notrim,eval,traditional_vocoder,HUB,D01,MF,-
VCC2TM2,DF_E_2295129,low_m4a,vcc2018,SPO-N11,spoof,notrim,eval,traditional_vocoder,SPO,N11,MM,-
TEF2,DF_E_2403790,nocodec,vcc2020,Task1-team28,spoof,notrim,eval,neural_vocoder_autoregressive,Task1,team28,MF,E
TEM2,DF_E_3585130,oggm4a,vcc2020,-,bonafide,notrim,eval,bonafide,-,-,-,-
SEM2,DF_E_2581700,high_mp3,vcc2020,-,bonafide,notrim,eval,bonafide,-,-,-,-
TEF2,DF_E_3415890,low_m4a,vcc2020,Task1-team19,spoof,notrim,eval,neural_vocoder_nonautoregressive,Task1,team19,FF,E
TEM2,DF_E_4596901,high_mp3,vcc2020,Task1-team10,spoof,notrim,eval,neural_vocoder_autoregressive,Task1,team10,FM,E
LA_0044,DF_E_2723085,high_ogg,asvspoof,A19,spoof,notrim,eval,traditional_vocoder,-,-,-,-
LA_0003,DF_E_4537775,low_ogg,asvspoof,A09,spoof,notrim,eval,traditional_vocoder,-,-,-,-
LA_0003,DF_E_2871614,oggm4a,asvspoof,-,bonafide,notrim,eval,bonafide,-,-,-,-
TFF1,DF_E_4662125,low_mp3,vcc2020,-,bonafide,notrim,eval,bonafide,-,-,-,-
TEF2,DF_E_2619569,oggm4a,vcc2020,-,bonafide,notrim,eval,bonafide,-,-,-,-
TEF2,DF_E_3453059,high_m4a,vcc2020,Task1-team02,spoof,notrim,eval,neural_vocoder_nonautoregressive,Task1,team02,MF,E
VCC2TF2,DF_E_3780845,high_m4a,vcc2018,HUB-N19,spoof,notrim,eval,traditional_vocoder,HUB,N19,MF,-
LA_0023,DF_E_4490803,low_ogg,asvspoof,-,bonafide,notrim,eval,bonafide,-,-,-,-
VCC2SF3,DF_E_3488502,mp3m4a,vcc2018,-,bonafide,notrim,eval,bonafide,-,-,-,-
VCC2SM1,DF_E_4489396,low_ogg,vcc2018,-,bonafide,notrim,eval,bonafide,-,-,-,-
LA_0044,DF_E_2260291,high_ogg,asvspoof,-,bonafide,notrim,eval,bonafide,-,-,-,-
LA_0002,DF_E_3892754,mp3m4a,asvspoof,-,bonafide,notrim,eval,bonafide,-,-,-,-
LA_0043,DF_E_4639062,oggm4a,asvspoof,A07,spoof,notrim,eval,traditional_vocoder,-,-,-,-
VCC2TM2,DF_E_3958602,low_ogg,vcc2018,SPO-N04,spoof,notrim,eval,traditional_vocoder,SPO,N04,FM,-
VCC2TF2,DF_E_3882280,high_mp3,vcc2018,SPO-N16,spoof,notrim,eval,traditional_vocoder,SPO,N16,MF,-
TEF2,DF_E_3531660,low_mp3,vcc2020,Task1-team28,spoof,notrim,eval,neural_vocoder_autoregressive,Task1,team28,MF,E
TEF1,DF_E_3881358,low_m4a,vcc2020,Task1-team13,spoof,notrim,eval,neural_vocoder_autoregressive,Task1,team13,MF,E
TEF1,DF_E_2518188,low_ogg,vcc2020,Task1-team33,spoof,notrim,eval,neural_vocoder_nonautoregressive,Task1,team33,FF,E
LA_0063,DF_E_4863469,oggm4a,asvspoof,-,bonafide,notrim,eval,bonafide,-,-,-,-
VCC2TF2,DF_E_3858861,high_mp3,vcc2018,SPO-N12,spoof,notrim,eval,traditional_vocoder,SPO,N12,MF,-
TEF2,DF_E_3179237,high_m4a,vcc2020,Task1-team29,spoof,notrim,eval,neural_vocoder_autoregressive,Task1,team29,FF,E
TEF2,DF_E_2907293,high_m4a,vcc2020,-,bonafide,notrim,eval,bonafide,-,-,-,-
VCC2TF1,DF_E_4187772,low_mp3,vcc2018,HUB-N20,spoof,notrim,eval,traditional_vocoder,HUB,N20,FF,-
VCC2SM4,DF_E_2610152,low_ogg,vcc2018,-,bonafide,notrim,eval,bonafide,-,-,-,-
LA_0003,DF_E_4784197,high_mp3,asvspoof,A15,spoof,notrim,eval,neural_vocoder_autoregressive,-,-,-,-
TEF2,DF_E_4577986,high_mp3,vcc2020,Task1-team27,spoof,notrim,eval,neural_vocoder_nonautoregressive,Task1,team27,FF,E
LA_0040,DF_E_3698444,oggm4a,asvspoof,-,bonafide,notrim,eval,bonafide,-,-,-,-
SEM2,DF_E_2312148,oggm4a,vcc2020,-,bonafide,notrim,eval,bonafide,-,-,-,-
VCC2TF2,DF_E_2177527,high_m4a,vcc2018,HUB-N13,spoof,notrim,eval,traditional_vocoder,HUB,N13,MF,-
VCC2TM2,DF_E_3910391,low_m4a,vcc2018,HUB-N10,spoof,notrim,eval,neural_vocoder_autoregressive,HUB,N10,MM,-
TGM1,DF_E_2391142,nocodec,vcc2020,Task2-team22,spoof,notrim,eval,neural_vocoder_nonautoregressive,Task2,team22,FM,G
VCC2TF1,DF_E_2817334,low_mp3,vcc2018,HUB-N07,spoof,notrim,eval,traditional_vocoder,HUB,N07,FF,-
TMM1,DF_E_3084673,nocodec,vcc2020,-,bonafide,notrim,eval,bonafide,-,-,-,-
LA_0005,DF_E_3418267,mp3m4a,asvspoof,A07,spoof,notrim,eval,traditional_vocoder,-,-,-,-
LA_0016,DF_E_2155794,nocodec,asvspoof,-,bonafide,notrim,eval,bonafide,-,-,-,-
VCC2TF2,DF_E_4031776,mp3m4a,vcc2018,-,bonafide,notrim,eval,bonafide,-,-,-,-
LA_0021,DF_E_3591607,mp3m4a,asvspoof,-,bonafide,notrim,eval,bonafide,-,-,-,-
VCC2SF4,DF_E_4347155,low_mp3,vcc2018,-,bonafide,notrim,eval,bonafide,-,-,-,-
LA_0010,DF_E_4817597,high_ogg,asvspoof,-,bonafide,notrim,eval,bonafide,-,-,-,-
LA_0023,DF_E_3532038,high_m4a,asvspoof,-,bonafide,notrim,eval,bonafide,-,-,-,-
TMF1,DF_E_2162399,low_ogg,vcc2020,Task2-team10,spoof,notrim,eval,neural_vocoder_autoregressive,Task2,team10,FF,M
LA_0015,DF_E_4026723,low_mp3,asvspoof,-,bonafide,notrim,eval,bonafide,-,-,-,-
LA_0028,DF_E_4985359,low_m4a,asvspoof,-,bonafide,notrim,eval,bonafide,-,-,-,-
TEF2,DF_E_4683203,high_mp3,vcc2020,-,bonafide,notrim,eval,bonafide,-,-,-,-
TEM1,DF_E_3330238,high_m4a,vcc2020,Task1-team20,spoof,notrim,eval,neural_vocoder_nonautoregressive,Task1,team20,FM,E
LA_0007,DF_E_4995070,mp3m4a,asvspoof,A07,spoof,notrim,eval,traditional_vocoder,-,-,-,-
TEM2,DF_E_2664176,low_m4a,vcc2020,Task1-team02,spoof,notrim,eval,neural_vocoder_nonautoregressive,Task1,team02,MM,E
LA_0036,DF_E_3378488,low_m4a,asvspoof,A08,spoof,notrim,eval,neural_vocoder_nonautoregressive,-,-,-,-
LA_0028,DF_E_4960342,low_ogg,asvspoof,-,bonafide,notrim,eval,bonafide,-,-,-,-
VCC2SM2,DF_E_2557466,high_m4a,vcc2018,-,bonafide,notrim,eval,bonafide,-,-,-,-
TEF1,DF_E_4586217,high_ogg,vcc2020,Task1-team18,spoof,notrim,eval,unknown,Task1,team18,FF,E
VCC2SM4,DF_E_2853285,nocodec,vcc2018,-,bonafide,notrim,eval,bonafide,-,-,-,-
VCC2TM1,DF_E_3294952,low_mp3,vcc2018,HUB-N10,spoof,notrim,eval,neural_vocoder_autoregressive,HUB,N10,FM,-
TFM1,DF_E_3955725,nocodec,vcc2020,Task2-team20,spoof,notrim,eval,neural_vocoder_nonautoregressive,Task2,team20,MM,F
VCC2TF2,DF_E_3503338,high_ogg,vcc2018,-,bonafide,notrim,eval,bonafide,-,-,-,-
TEM2,DF_E_4762486,high_m4a,vcc2020,-,bonafide,notrim,eval,bonafide,-,-,-,-
VCC2TM2,DF_E_3626066,oggm4a,vcc2018,HUB-N08,spoof,notrim,eval,traditional_vocoder,HUB,N08,FM,-
VCC2SF1,DF_E_4467674,low_ogg,vcc2018,-,bonafide,notrim,eval,bonafide,-,-,-,-
TGF1,DF_E_3220797,oggm4a,vcc2020,Task2-team28,spoof,notrim,eval,neural_vocoder_autoregressive,Task2,team28,FF,G
TMM1,DF_E_2434791,low_mp3,vcc2020,Task2-team20,spoof,notrim,eval,neural_vocoder_nonautoregressive,Task2,team20,FM,M
LA_0022,DF_E_2675497,oggm4a,asvspoof,-,bonafide,notrim,eval,bonafide,-,-,-,-
TFF1,DF_E_4682154,low_ogg,vcc2020,Task2-team20,spoof,notrim,eval,neural_vocoder_nonautoregressive,Task2,team20,MF,F
LA_0036,DF_E_4966913,mp3m4a,asvspoof,-,bonafide,notrim,eval,bonafide,-,-,-,-
LA_0039,DF_E_2829251,high_mp3,asvspoof,-,bonafide,notrim,eval,bonafide,-,-,-,-
VCC2SF1,DF_E_4018633,oggm4a,vcc2018,-,bonafide,notrim,eval,bonafide,-,-,-,-
TGM1,DF_E_3890837,low_mp3,vcc2020,-,bonafide,notrim,eval,bonafide,-,-,-,-
LA_0003,DF_E_4343037,mp3m4a,asvspoof,-,bonafide,notrim,eval,bonafide,-,-,-,-
LA_0040,DF_E_4457503,mp3m4a,asvspoof,-,bonafide,notrim,eval,bonafide,-,-,-,-
TFF1,DF_E_4649771,nocodec,vcc2020,Task2-team33,spoof,notrim,eval,neural_vocoder_nonautoregressive,Task2,team33,MF,F
TEF1,DF_E_2995996,low_ogg,vcc2020,Task1-team21,spoof,notrim,eval,neural_vocoder_nonautoregressive,Task1,team21,MF,E
VCC2TM2,DF_E_3293426,mp3m4a,vcc2018,-,bonafide,notrim,eval,bonafide,-,-,-,-
VCC2SM4,DF_E_4289938,low_m4a,vcc2018,-,bonafide,notrim,eval,bonafide,-,-,-,-
VCC2TM1,DF_E_2986814,high_m4a,vcc2018,HUB-N04,spoof,notrim,eval,traditional_vocoder,HUB,N04,MM,-
VCC2SM1,DF_E_2873406,nocodec,vcc2018,-,bonafide,notrim,eval,bonafide,-,-,-,-
VCC2TM1,DF_E_2903112,low_ogg,vcc2018,HUB-D04,spoof,notrim,eval,traditional_vocoder,HUB,D04,MM,-
VCC2SM3,DF_E_3685510,low_ogg,vcc2018,-,bonafide,notrim,eval,bonafide,-,-,-,-
TGF1,DF_E_3244227,high_mp3,vcc2020,-,bonafide,notrim,eval,bonafide,-,-,-,-
LA_0046,DF_E_4567119,low_m4a,asvspoof,-,bonafide,notrim,eval,bonafide,-,-,-,-
TEM2,DF_E_3190269,oggm4a,vcc2020,Task1-team33,spoof,notrim,eval,neural_vocoder_nonautoregressive,Task1,team33,MM,E
VCC2SF4,DF_E_4133199,oggm4a,vcc2018,-,bonafide,notrim,eval,bonafide,-,-,-,-
SEF2,DF_E_3883212,low_ogg,vcc2020,-,bonafide,notrim,eval,bonafide,-,-,-,-
TEM2,DF_E_3975090,oggm4a,vcc2020,Task1-team19,spoof,notrim,eval,neural_vocoder_nonautoregressive,Task1,team19,MM,E
TEF2,DF_E_2889296,high_m4a,vcc2020,-,bonafide,notrim,eval,bonafide,-,-,-,-
VCC2SM2,DF_E_3388506,nocodec,vcc2018,-,bonafide,notrim,eval,bonafide,-,-,-,-
TEM1,DF_E_4745573,low_mp3,vcc2020,Task1-team19,spoof,notrim,eval,neural_vocoder_nonautoregressive,Task1,team19,FM,E
VCC2TF1,DF_E_2231823,oggm4a,vcc2018,HUB-D03,spoof,notrim,eval,traditional_vocoder,HUB,D03,MF,-
LA_0043,DF_E_4287987,mp3m4a,asvspoof,-,bonafide,notrim,eval,bonafide,-,-,-,-
SEF1,DF_E_4950114,low_mp3,vcc2020,-,bonafide,notrim,eval,bonafide,-,-,-,-
VCC2TM2,DF_E_2666584,high_ogg,vcc2018,HUB-N18,spoof,notrim,eval,traditional_vocoder,HUB,N18,FM,-
TEF1,DF_E_3653941,high_ogg,vcc2020,Task1-team31,spoof,notrim,eval,neural_vocoder_nonautoregressive,Task1,team31,MF,E
VCC2SF4,DF_E_2213931,high_m4a,vcc2018,-,bonafide,notrim,eval,bonafide,-,-,-,-
VCC2SF2,DF_E_3380690,low_m4a,vcc2018,-,bonafide,notrim,eval,bonafide,-,-,-,-
VCC2SF1,DF_E_3300632,high_ogg,vcc2018,-,bonafide,notrim,eval,bonafide,-,-,-,-
TGM1,DF_E_2132791,high_m4a,vcc2020,Task2-team31,spoof,notrim,eval,neural_vocoder_nonautoregressive,Task2,team31,FM,G
TEM1,DF_E_4862640,high_mp3,vcc2020,Task1-team27,spoof,notrim,eval,neural_vocoder_nonautoregressive,Task1,team27,MM,E
VCC2TM2,DF_E_3241909,mp3m4a,vcc2018,HUB-N05,spoof,notrim,eval,traditional_vocoder,HUB,N05,FM,-
LA_0002,DF_E_2875579,mp3m4a,asvspoof,-,bonafide,notrim,eval,bonafide,-,-,-,-
TEM2,DF_E_4505011,mp3m4a,vcc2020,Task1-team24,spoof,notrim,eval,neural_vocoder_autoregressive,Task1,team24,FM,E
VCC2TM1,DF_E_3063737,nocodec,vcc2018,HUB-B01,spoof,notrim,eval,traditional_vocoder,HUB,B01,FM,-
LA_0022,DF_E_3957824,mp3m4a,asvspoof,-,bonafide,notrim,eval,bonafide,-,-,-,-
LA_0018,DF_E_3054860,nocodec,asvspoof,-,bonafide,notrim,eval,bonafide,-,-,-,-
VCC2SF2,DF_E_4770952,high_mp3,vcc2018,-,bonafide,notrim,eval,bonafide,-,-,-,-
LA_0033,DF_E_2524724,oggm4a,asvspoof,-,bonafide,notrim,eval,bonafide,-,-,-,-
VCC2TF1,DF_E_4607085,low_ogg,vcc2018,SPO-N11,spoof,notrim,eval,traditional_vocoder,SPO,N11,MF,-
LA_0044,DF_E_2036280,high_ogg,asvspoof,-,bonafide,notrim,eval,bonafide,-,-,-,-
VCC2TF2,DF_E_3288797,low_m4a,vcc2018,-,bonafide,notrim,eval,bonafide,-,-,-,-
VCC2TM2,DF_E_2842987,nocodec,vcc2018,SPO-N05,spoof,notrim,eval,traditional_vocoder,SPO,N05,FM,-
VCC2TF1,DF_E_4472758,high_m4a,vcc2018,HUB-N12,spoof,notrim,eval,traditional_vocoder,HUB,N12,MF,-
VCC2SM4,DF_E_4973087,low_mp3,vcc2018,-,bonafide,notrim,eval,bonafide,-,-,-,-
TGF1,DF_E_2969474,low_m4a,vcc2020,Task2-team25,spoof,notrim,eval,neural_vocoder_autoregressive,Task2,team25,FF,G
TEF2,DF_E_3590101,high_m4a,vcc2020,Task1-team16,spoof,notrim,eval,neural_vocoder_nonautoregressive,Task1,team16,FF,E
LA_0045,DF_E_4479394,mp3m4a,asvspoof,-,bonafide,notrim,eval,bonafide,-,-,-,-
TFM1,DF_E_3738384,mp3m4a,vcc2020,Task2-team33,spoof,notrim,eval,neural_vocoder_nonautoregressive,Task2,team33,MM,F
LA_0057,DF_E_4644250,mp3m4a,asvspoof,-,bonafide,notrim,eval,bonafide,-,-,-,-
VCC2TF1,DF_E_4841634,high_ogg,vcc2018,HUB-N13,spoof,notrim,eval,traditional_vocoder,HUB,N13,FF,-
TEM1,DF_E_4902034,high_mp3,vcc2020,Task1-team21,spoof,notrim,eval,neural_vocoder_nonautoregressive,Task1,team21,FM,E
TGM1,DF_E_4070039,low_mp3,vcc2020,Task2-team30,spoof,notrim,eval,unknown,Task2,team30,FM,G
TEF2,DF_E_2594612,oggm4a,vcc2020,Task1-team11,spoof,notrim,eval,neural_vocoder_autoregressive,Task1,team11,FF,E
LA_0042,DF_E_3248862,low_mp3,asvspoof,-,bonafide,notrim,eval,bonafide,-,-,-,-
TFF1,DF_E_2932125,high_m4a,vcc2020,-,bonafide,notrim,eval,bonafide,-,-,-,-
LA_0014,DF_E_3249877,low_m4a,asvspoof,-,bonafide,notrim,eval,bonafide,-,-,-,-
LA_0036,DF_E_4780476,high_ogg,asvspoof,A13,spoof,notrim,eval,traditional_vocoder,-,-,-,-
TGF1,DF_E_2138695,high_ogg,vcc2020,Task2-team09,spoof,notrim,eval,neural_vocoder_nonautoregressive,Task2,team09,FF,G
VCC2TF2,DF_E_4687802,mp3m4a,vcc2018,HUB-N17,spoof,notrim,eval,neural_vocoder_autoregressive,HUB,N17,MF,-
LA_0043,DF_E_2269166,low_m4a,asvspoof,-,bonafide,notrim,eval,bonafide,-,-,-,-
LA_0041,DF_E_3380763,low_m4a,asvspoof,-,bonafide,notrim,eval,bonafide,-,-,-,-
LA_0018,DF_E_2264870,low_mp3,asvspoof,-,bonafide,notrim,eval,bonafide,-,-,-,-
LA_0010,DF_E_3265541,high_mp3,asvspoof,-,bonafide,notrim,eval,bonafide,-,-,-,-
LA_0047,DF_E_3898067,oggm4a,asvspoof,-,bonafide,notrim,eval,bonafide,-,-,-,-
VCC2TF2,DF_E_2602137,high_ogg,vcc2018,HUB-D02,spoof,notrim,eval,traditional_vocoder,HUB,D02,MF,-
LA_0034,DF_E_4547006,low_ogg,asvspoof,A15,spoof,notrim,eval,neural_vocoder_autoregressive,-,-,-,-
VCC2TF1,DF_E_3031295,high_m4a,vcc2018,HUB-N05,spoof,notrim,eval,traditional_vocoder,HUB,N05,MF,-
TEF1,DF_E_2130858,oggm4a,vcc2020,Task1-team20,spoof,notrim,eval,neural_vocoder_nonautoregressive,Task1,team20,FF,E
VCC2TM2,DF_E_2016856,high_m4a,vcc2018,-,bonafide,notrim,eval,bonafide,-,-,-,-
VCC2TF1,DF_E_3678878,high_m4a,vcc2018,HUB-N11,spoof,notrim,eval,traditional_vocoder,HUB,N11,FF,-
VCC2TM1,DF_E_3471270,high_m4a,vcc2018,HUB-N14,spoof,notrim,eval,traditional_vocoder,HUB,N14,MM,-
TGM1,DF_E_4525938,high_m4a,vcc2020,Task2-team05,spoof,notrim,eval,neural_vocoder_nonautoregressive,Task2,team05,FM,G
TMM1,DF_E_2242401,oggm4a,vcc2020,Task2-team08,spoof,notrim,eval,traditional_vocoder,Task2,team08,FM,M
TFF1,DF_E_4511329,high_ogg,vcc2020,Task2-team09,spoof,notrim,eval,neural_vocoder_nonautoregressive,Task2,team09,MF,F
LA_0018,DF_E_2796522,mp3m4a,asvspoof,-,bonafide,notrim,eval,bonafide,-,-,-,-
TMF1,DF_E_4641242,nocodec,vcc2020,Task2-team18,spoof,notrim,eval,unknown,Task2,team18,MF,M
LA_0014,DF_E_4344896,oggm4a,asvspoof,-,bonafide,notrim,eval,bonafide,-,-,-,-
TGF1,DF_E_4360534,high_mp3,vcc2020,-,bonafide,notrim,eval,bonafide,-,-,-,-
VCC2TF1,DF_E_3422476,high_m4a,vcc2018,HUB-N09,spoof,notrim,eval,traditional_vocoder,HUB,N09,FF,-
TEF2,DF_E_3569483,mp3m4a,vcc2020,Task1-team32,spoof,notrim,eval,neural_vocoder_autoregressive,Task1,team32,FF,E
VCC2TF1,DF_E_2372721,oggm4a,vcc2018,HUB-N19,spoof,notrim,eval,traditional_vocoder,HUB,N19,MF,-
VCC2TF1,DF_E_2386560,nocodec,vcc2018,-,bonafide,notrim,eval,bonafide,-,-,-,-
VCC2SM4,DF_E_3811706,low_ogg,vcc2018,-,bonafide,notrim,eval,bonafide,-,-,-,-
LA_0039,DF_E_4450784,mp3m4a,asvspoof,-,bonafide,notrim,eval,bonafide,-,-,-,-
VCC2TF1,DF_E_3062510,high_mp3,vcc2018,HUB-N16,spoof,notrim,eval,traditional_vocoder,HUB,N16,MF,-
TGM1,DF_E_4072138,high_ogg,vcc2020,Task2-team08,spoof,notrim,eval,traditional_vocoder,Task2,team08,FM,G
VCC2TM1,DF_E_3799570,low_ogg,vcc2018,HUB-N03,spoof,notrim,eval,unknown,HUB,N03,MM,-
VCC2TF1,DF_E_4250795,high_ogg,vcc2018,SPO-N18,spoof,notrim,eval,traditional_vocoder,SPO,N18,FF,-
VCC2TM1,DF_E_2482431,low_mp3,vcc2018,-,bonafide,notrim,eval,bonafide,-,-,-,-
LA_0018,DF_E_3886007,low_ogg,asvspoof,-,bonafide,notrim,eval,bonafide,-,-,-,-
TEF2,DF_E_2150194,high_mp3,vcc2020,Task1-team02,spoof,notrim,eval,neural_vocoder_nonautoregressive,Task1,team02,MF,E
TEF2,DF_E_2387164,high_mp3,vcc2020,Task1-team25,spoof,notrim,eval,neural_vocoder_autoregressive,Task1,team25,FF,E
VCC2TF2,DF_E_3988943,nocodec,vcc2018,-,bonafide,notrim,eval,bonafide,-,-,-,-
VCC2SF3,DF_E_3169025,low_mp3,vcc2018,-,bonafide,notrim,eval,bonafide,-,-,-,-
LA_0013,DF_E_4294303,low_ogg,asvspoof,-,bonafide,notrim,eval,bonafide,-,-,-,-
TEM1,DF_E_2311176,oggm4a,vcc2020,Task1-team16,spoof,notrim,eval,neural_vocoder_nonautoregressive,Task1,team16,MM,E
TGF1,DF_E_4156815,nocodec,vcc2020,Task2-team31,spoof,notrim,eval,neural_vocoder_nonautoregressive,Task2,team31,MF,G
VCC2TM2,DF_E_4533209,low_mp3,vcc2018,HUB-N20,spoof,notrim,eval,traditional_vocoder,HUB,N20,MM,-
VCC2TM2,DF_E_4480040,high_mp3,vcc2018,SPO-B01,spoof,notrim,eval,traditional_vocoder,SPO,B01,MM,-
VCC2TM2,DF_E_4393352,nocodec,vcc2018,-,bonafide,notrim,eval,bonafide,-,-,-,-
LA_0004,DF_E_2322932,high_mp3,asvspoof,-,bonafide,notrim,eval,bonafide,-,-,-,-
LA_0044,DF_E_2578411,mp3m4a,asvspoof,-,bonafide,notrim,eval,bonafide,-,-,-,-
TGF1,DF_E_4843585,mp3m4a,vcc2020,Task2-team27,spoof,notrim,eval,neural_vocoder_nonautoregressive,Task2,team27,MF,G
VCC2TM2,DF_E_2567360,high_m4a,vcc2018,HUB-N13,spoof,notrim,eval,traditional_vocoder,HUB,N13,FM,-
SEM2,DF_E_2226129,nocodec,vcc2020,-,bonafide,notrim,eval,bonafide,-,-,-,-
VCC2SM4,DF_E_4713388,high_mp3,vcc2018,-,bonafide,notrim,eval,bonafide,-,-,-,-
VCC2TM2,DF_E_3011432,low_ogg,vcc2018,-,bonafide,notrim,eval,bonafide,-,-,-,-
VCC2TF2,DF_E_3714235,oggm4a,vcc2018,SPO-N17,spoof,notrim,eval,neural_vocoder_autoregressive,SPO,N17,FF,-
LA_0022,DF_E_4005357,low_ogg,asvspoof,-,bonafide,notrim,eval,bonafide,-,-,-,-
VCC2SF3,DF_E_2735660,low_m4a,vcc2018,-,bonafide,notrim,eval,bonafide,-,-,-,-
VCC2TF1,DF_E_4872972,high_ogg,vcc2018,-,bonafide,notrim,eval,bonafide,-,-,-,-
VCC2SM1,DF_E_3697628,low_ogg,vcc2018,-,bonafide,notrim,eval,bonafide,-,-,-,-
SEF2,DF_E_4643721,oggm4a,vcc2020,-,bonafide,notrim,eval,bonafide,-,-,-,-
TFF1,DF_E_3256854,nocodec,vcc2020,-,bonafide,notrim,eval,bonafide,-,-,-,-
TGF1,DF_E_2923600,nocodec,vcc2020,-,bonafide,notrim,eval,bonafide,-,-,-,-
VCC2TM2,DF_E_4656023,high_m4a,vcc2018,-,bonafide,notrim,eval,bonafide,-,-,-,-
VCC2TF2,DF_E_2152281,low_m4a,vcc2018,SPO-N18,spoof,notrim,eval,traditional_vocoder,SPO,N18,FF,-
TEF2,DF_E_2166333,mp3m4a,vcc2020,Task1-team04,spoof,notrim,eval,neural_vocoder_autoregressive,Task1,team04,MF,E
LA_0026,DF_E_3668359,oggm4a,asvspoof,-,bonafide,notrim,eval,bonafide,-,-,-,-
VCC2SF2,DF_E_3009546,nocodec,vcc2018,-,bonafide,notrim,eval,bonafide,-,-,-,-
LA_0031,DF_E_4462410,mp3m4a,asvspoof,-,bonafide,notrim,eval,bonafide,-,-,-,-
TEF2,DF_E_3885968,high_mp3,vcc2020,Task1-team24,spoof,notrim,eval,neural_vocoder_autoregressive,Task1,team24,MF,E
VCC2TF2,DF_E_3024846,low_mp3,vcc2018,HUB-N19,spoof,notrim,eval,traditional_vocoder,HUB,N19,MF,-
VCC2SF4,DF_E_3387972,high_m4a,vcc2018,-,bonafide,notrim,eval,bonafide,-,-,-,-
TGM1,DF_E_3476478,high_m4a,vcc2020,Task2-team24,spoof,notrim,eval,neural_vocoder_autoregressive,Task2,team24,FM,G
TMM1,DF_E_2851409,mp3m4a,vcc2020,Task2-team05,spoof,notrim,eval,neural_vocoder_nonautoregressive,Task2,team05,FM,M
LA_0026,DF_E_2141313,high_ogg,asvspoof,-,bonafide,notrim,eval,bonafide,-,-,-,-
TEM1,DF_E_3709935,low_ogg,vcc2020,Task1-team30,spoof,notrim,eval,unknown,Task1,team30,FM,E
TGM1,DF_E_3783765,nocodec,vcc2020,Task2-team33,spoof,notrim,eval,neural_vocoder_nonautoregressive,Task2,team33,MM,G
LA_0029,DF_E_3492416,low_m4a,asvspoof,-,bonafide,notrim,eval,bonafide,-,-,-,-
VCC2TM1,DF_E_2528319,high_m4a,vcc2018,HUB-N11,spoof,notrim,eval,traditional_vocoder,HUB,N11,MM,-
TEF1,DF_E_2130651,high_m4a,vcc2020,Task1-team12,spoof,notrim,eval,traditional_vocoder,Task1,team12,FF,E
LA_0042,DF_E_2127202,nocodec,asvspoof,-,bonafide,notrim,eval,bonafide,-,-,-,-
TFF1,DF_E_2321229,nocodec,vcc2020,Task2-team16,spoof,notrim,eval,neural_vocoder_nonautoregressive,Task2,team16,MF,F
LA_0037,DF_E_3638797,high_ogg,asvspoof,-,bonafide,notrim,eval,bonafide,-,-,-,-
TEM2,DF_E_4187282,low_m4a,vcc2020,Task1-team24,spoof,notrim,eval,neural_vocoder_autoregressive,Task1,team24,FM,E
TMM1,DF_E_4900615,low_ogg,vcc2020,Task2-team27,spoof,notrim,eval,neural_vocoder_nonautoregressive,Task2,team27,FM,M
LA_0023,DF_E_4307269,high_ogg,asvspoof,-,bonafide,notrim,eval,bonafide,-,-,-,-
LA_0002,DF_E_3224359,high_mp3,asvspoof,-,bonafide,notrim,eval,bonafide,-,-,-,-
LA_0002,DF_E_3303571,high_mp3,asvspoof,A15,spoof,notrim,eval,neural_vocoder_autoregressive,-,-,-,-
TFF1,DF_E_4496929,high_mp3,vcc2020,Task2-team28,spoof,notrim,eval,neural_vocoder_autoregressive,Task2,team28,MF,F
VCC2SM3,DF_E_4724790,low_ogg,vcc2018,-,bonafide,notrim,eval,bonafide,-,-,-,-
VCC2TM2,DF_E_4153006,high_m4a,vcc2018,-,bonafide,notrim,eval,bonafide,-,-,-,-
TFF1,DF_E_4160123,low_mp3,vcc2020,Task2-team09,spoof,notrim,eval,neural_vocoder_nonautoregressive,Task2,team09,FF,F
VCC2SF2,DF_E_4769502,mp3m4a,vcc2018,-,bonafide,notrim,eval,bonafide,-,-,-,-
VCC2SM1,DF_E_3154939,nocodec,vcc2018,-,bonafide,notrim,eval,bonafide,-,-,-,-
TGM1,DF_E_2065880,low_m4a,vcc2020,Task2-team06,spoof,notrim,eval,traditional_vocoder,Task2,team06,MM,G
VCC2TM2,DF_E_3400769,high_mp3,vcc2018,SPO-N10,spoof,notrim,eval,neural_vocoder_autoregressive,SPO,N10,FM,-
VCC2TF1,DF_E_3347944,high_mp3,vcc2018,SPO-N06,spoof,notrim,eval,traditional_vocoder,SPO,N06,MF,-
LA_0056,DF_E_3102919,low_mp3,asvspoof,-,bonafide,notrim,eval,bonafide,-,-,-,-
VCC2TM2,DF_E_3276478,oggm4a,vcc2018,-,bonafide,notrim,eval,bonafide,-,-,-,-
VCC2TF1,DF_E_2193333,low_ogg,vcc2018,-,bonafide,notrim,eval,bonafide,-,-,-,-
VCC2TM1,DF_E_2826860,low_m4a,vcc2018,-,bonafide,notrim,eval,bonafide,-,-,-,-
LA_0031,DF_E_3065303,low_mp3,asvspoof,-,bonafide,notrim,eval,bonafide,-,-,-,-
SEF2,DF_E_2178398,high_ogg,vcc2020,-,bonafide,notrim,eval,bonafide,-,-,-,-
LA_0014,DF_E_3982661,high_m4a,asvspoof,-,bonafide,notrim,eval,bonafide,-,-,-,-
LA_0003,DF_E_3889422,mp3m4a,asvspoof,-,bonafide,notrim,eval,bonafide,-,-,-,-
VCC2TM1,DF_E_2204672,high_m4a,vcc2018,-,bonafide,notrim,eval,bonafide,-,-,-,-
TGF1,DF_E_4271336,oggm4a,vcc2020,-,bonafide,notrim,eval,bonafide,-,-,-,-
VCC2TF2,DF_E_3768745,nocodec,vcc2018,SPO-N17,spoof,notrim,eval,neural_vocoder_autoregressive,SPO,N17,FF,-
VCC2SF2,DF_E_4603055,nocodec,vcc2018,-,bonafide,notrim,eval,bonafide,-,-,-,-
VCC2TM2,DF_E_2203954,nocodec,vcc2018,SPO-N17,spoof,notrim,eval,neural_vocoder_autoregressive,SPO,N17,FM,-
SEM1,DF_E_2840246,low_m4a,vcc2020,-,bonafide,notrim,eval,bonafide,-,-,-,-
TEF1,DF_E_4438145,oggm4a,vcc2020,-,bonafide,notrim,eval,bonafide,-,-,-,-
VCC2SM1,DF_E_2377592,low_mp3,vcc2018,-,bonafide,notrim,eval,bonafide,-,-,-,-
LA_0025,DF_E_4361137,mp3m4a,asvspoof,-,bonafide,notrim,eval,bonafide,-,-,-,-
TEF1,DF_E_4684861,oggm4a,vcc2020,Task1-team20,spoof,notrim,eval,neural_vocoder_nonautoregressive,Task1,team20,FF,E
VCC2TF1,DF_E_3436848,high_m4a,vcc2018,HUB-N15,spoof,notrim,eval,traditional_vocoder,HUB,N15,MF,-
TMF1,DF_E_3683491,high_mp3,vcc2020,Task2-team09,spoof,notrim,eval,neural_vocoder_nonautoregressive,Task2,team09,FF,M
LA_0033,DF_E_3966236,high_ogg,asvspoof,-,bonafide,notrim,eval,bonafide,-,-,-,-
TEF2,DF_E_2258689,low_m4a,vcc2020,Task1-team16,spoof,notrim,eval,neural_vocoder_nonautoregressive,Task1,team16,FF,E
TEF2,DF_E_4031401,high_mp3,vcc2020,Task1-team17,spoof,notrim,eval,neural_vocoder_nonautoregressive,Task1,team17,MF,E
LA_0041,DF_E_3447248,nocodec,asvspoof,-,bonafide,notrim,eval,bonafide,-,-,-,-
TFM1,DF_E_3177377,mp3m4a,vcc2020,Task2-team09,spoof,notrim,eval,neural_vocoder_nonautoregressive,Task2,team09,FM,F
VCC2TF2,DF_E_2727239,low_mp3,vcc2018,-,bonafide,notrim,eval,bonafide,-,-,-,-
LA_0023,DF_E_2496897,high_mp3,asvspoof,-,bonafide,notrim,eval,bonafide,-,-,-,-
TMF1,DF_E_2896767,oggm4a,vcc2020,-,bonafide,notrim,eval,bonafide,-,-,-,-
VCC2TM1,DF_E_4382234,nocodec,vcc2018,-,bonafide,notrim,eval,bonafide,-,-,-,-
LA_0002,DF_E_3778915,high_ogg,asvspoof,A09,spoof,notrim,eval,traditional_vocoder,-,-,-,-
LA_0004,DF_E_3371544,low_ogg,asvspoof,-,bonafide,notrim,eval,bonafide,-,-,-,-
TMM1,DF_E_4730951,mp3m4a,vcc2020,-,bonafide,notrim,eval,bonafide,-,-,-,-
TEM1,DF_E_3418412,low_ogg,vcc2020,Task1-team06,spoof,notrim,eval,traditional_vocoder,Task1,team06,FM,E
LA_0018,DF_E_4348810,low_ogg,asvspoof,-,bonafide,notrim,eval,bonafide,-,-,-,-
VCC2TM1,DF_E_4608868,oggm4a,vcc2018,HUB-N14,spoof,notrim,eval,traditional_vocoder,HUB,N14,FM,-
LA_0046,DF_E_2086856,high_m4a,asvspoof,-,bonafide,notrim,eval,bonafide,-,-,-,-
VCC2SF2,DF_E_3902279,high_mp3,vcc2018,-,bonafide,notrim,eval,bonafide,-,-,-,-
LA_0021,DF_E_4606829,low_m4a,asvspoof,A14,spoof,notrim,eval,traditional_vocoder,-,-,-,-
TEM2,DF_E_2851849,high_ogg,vcc2020,Task1-team27,spoof,notrim,eval,neural_vocoder_nonautoregressive,Task1,team27,MM,E
LA_0014,DF_E_3746669,oggm4a,asvspoof,A09,spoof,notrim,eval,traditional_vocoder,-,-,-,-
VCC2SM4,DF_E_4865612,oggm4a,vcc2018,-,bonafide,notrim,eval,bonafide,-,-,-,-
LA_0056,DF_E_4300628,oggm4a,asvspoof,-,bonafide,notrim,eval,bonafide,-,-,-,-
TMM1,DF_E_3191400,oggm4a,vcc2020,Task2-team18,spoof,notrim,eval,unknown,Task2,team18,MM,M
TMF1,DF_E_2383956,high_mp3,vcc2020,-,bonafide,notrim,eval,bonafide,-,-,-,-
TEM2,DF_E_2443238,high_mp3,vcc2020,Task1-team26,spoof,notrim,eval,traditional_vocoder,Task1,team26,MM,E
LA_0013,DF_E_4571177,oggm4a,asvspoof,-,bonafide,notrim,eval,bonafide,-,-,-,-
LA_0040,DF_E_3801705,oggm4a,asvspoof,A19,spoof,notrim,eval,traditional_vocoder,-,-,-,-
VCC2TM1,DF_E_4447997,low_ogg,vcc2018,SPO-N05,spoof,notrim,eval,traditional_vocoder,SPO,N05,FM,-
LA_0003,DF_E_3567725,low_ogg,asvspoof,-,bonafide,notrim,eval,bonafide,-,-,-,-
TFM1,DF_E_3601240,high_mp3,vcc2020,-,bonafide,notrim,eval,bonafide,-,-,-,-
SEM2,DF_E_4315924,high_ogg,vcc2020,-,bonafide,notrim,eval,bonafide,-,-,-,-
LA_0046,DF_E_3587838,low_mp3,asvspoof,-,bonafide,notrim,eval,bonafide,-,-,-,-
VCC2TF1,DF_E_2661680,mp3m4a,vcc2018,HUB-N14,spoof,notrim,eval,traditional_vocoder,HUB,N14,FF,-
TGF1,DF_E_4661072,mp3m4a,vcc2020,Task2-team33,spoof,notrim,eval,neural_vocoder_nonautoregressive,Task2,team33,FF,G
TGM1,DF_E_4306248,nocodec,vcc2020,Task2-team27,spoof,notrim,eval,neural_vocoder_nonautoregressive,Task2,team27,MM,G
VCC2TF1,DF_E_3661563,oggm4a,vcc2018,HUB-D03,spoof,notrim,eval,traditional_vocoder,HUB,D03,MF,-
TGM1,DF_E_4109755,low_mp3,vcc2020,-,bonafide,notrim,eval,bonafide,-,-,-,-
LA_0021,DF_E_2643088,oggm4a,asvspoof,A08,spoof,notrim,eval,neural_vocoder_nonautoregressive,-,-,-,-
TMF1,DF_E_3984905,high_m4a,vcc2020,Task2-team05,spoof,notrim,eval,neural_vocoder_nonautoregressive,Task2,team05,MF,M
TEF2,DF_E_2836614,low_mp3,vcc2020,-,bonafide,notrim,eval,bonafide,-,-,-,-
LA_0047,DF_E_2247820,high_mp3,asvspoof,-,bonafide,notrim,eval,bonafide,-,-,-,-
TGF1,DF_E_2543720,high_ogg,vcc2020,Task2-team25,spoof,notrim,eval,neural_vocoder_autoregressive,Task2,team25,MF,G
LA_0020,DF_E_3223188,high_mp3,asvspoof,A10,spoof,notrim,eval,neural_vocoder_autoregressive,-,-,-,-
VCC2TM1,DF_E_3154125,high_m4a,vcc2018,-,bonafide,notrim,eval,bonafide,-,-,-,-
TEM2,DF_E_3129451,low_mp3,vcc2020,Task1-team27,spoof,notrim,eval,neural_vocoder_nonautoregressive,Task1,team27,FM,E
VCC2TM1,DF_E_3497801,high_m4a,vcc2018,HUB-N08,spoof,notrim,eval,traditional_vocoder,HUB,N08,FM,-
LA_0005,DF_E_4622298,oggm4a,asvspoof,A10,spoof,notrim,eval,neural_vocoder_autoregressive,-,-,-,-
VCC2TF2,DF_E_4820670,low_mp3,vcc2018,-,bonafide,notrim,eval,bonafide,-,-,-,-
TEM2,DF_E_4955696,low_mp3,vcc2020,Task1-team25,spoof,notrim,eval,neural_vocoder_autoregressive,Task1,team25,FM,E
LA_0013,DF_E_3693774,low_ogg,asvspoof,-,bonafide,notrim,eval,bonafide,-,-,-,-
VCC2TF2,DF_E_2261263,low_ogg,vcc2018,HUB-N07,spoof,notrim,eval,traditional_vocoder,HUB,N07,MF,-
TGM1,DF_E_3681732,high_m4a,vcc2020,Task2-team07,spoof,notrim,eval,neural_vocoder_autoregressive,Task2,team07,MM,G
TFF1,DF_E_2758451,low_ogg,vcc2020,Task2-team16,spoof,notrim,eval,neural_vocoder_nonautoregressive,Task2,team16,MF,F
TGM1,DF_E_3557087,low_mp3,vcc2020,Task2-team27,spoof,notrim,eval,neural_vocoder_nonautoregressive,Task2,team27,MM,G
VCC2SM4,DF_E_3116427,oggm4a,vcc2018,-,bonafide,notrim,eval,bonafide,-,-,-,-
VCC2TF2,DF_E_3679145,nocodec,vcc2018,SPO-N06,spoof,notrim,eval,traditional_vocoder,SPO,N06,FF,-
LA_0040,DF_E_3733599,high_ogg,asvspoof,-,bonafide,notrim,eval,bonafide,-,-,-,-
TGM1,DF_E_4720579,nocodec,vcc2020,-,bonafide,notrim,eval,bonafide,-,-,-,-
LA_0013,DF_E_4146537,low_ogg,asvspoof,A18,spoof,notrim,eval,traditional_vocoder,-,-,-,-
SEF1,DF_E_4582424,high_ogg,vcc2020,-,bonafide,notrim,eval,bonafide,-,-,-,-
LA_0017,DF_E_3412509,high_m4a,asvspoof,-,bonafide,notrim,eval,bonafide,-,-,-,-
VCC2TM2,DF_E_4264545,mp3m4a,vcc2018,HUB-N03,spoof,notrim,eval,unknown,HUB,N03,FM,-
SEM2,DF_E_4375035,low_m4a,vcc2020,-,bonafide,notrim,eval,bonafide,-,-,-,-
LA_0045,DF_E_3314551,oggm4a,asvspoof,A14,spoof,notrim,eval,traditional_vocoder,-,-,-,-
TEF1,DF_E_4659475,low_m4a,vcc2020,Task1-team20,spoof,notrim,eval,neural_vocoder_nonautoregressive,Task1,team20,MF,E
TMM1,DF_E_2586503,high_ogg,vcc2020,-,bonafide,notrim,eval,bonafide,-,-,-,-
LA_0036,DF_E_4245023,high_m4a,asvspoof,-,bonafide,notrim,eval,bonafide,-,-,-,-
TMF1,DF_E_3356104,mp3m4a,vcc2020,-,bonafide,notrim,eval,bonafide,-,-,-,-
VCC2TF2,DF_E_3654216,high_m4a,vcc2018,HUB-N07,spoof,notrim,eval,traditional_vocoder,HUB,N07,FF,-
VCC2TF1,DF_E_3573811,low_m4a,vcc2018,HUB-N12,spoof,notrim,eval,traditional_vocoder,HUB,N12,FF,-
LA_0013,DF_E_2118513,low_mp3,asvspoof,-,bonafide,notrim,eval,bonafide,-,-,-,-
TEM1,DF_E_2241581,mp3m4a,vcc2020,Task1-team13,spoof,notrim,eval,neural_vocoder_autoregressive,Task1,team13,FM,E
TEM2,DF_E_2330242,oggm4a,vcc2020,Task1-team32,spoof,notrim,eval,neural_vocoder_autoregressive,Task1,team32,FM,E
SEM1,DF_E_4453444,mp3m4a,vcc2020,-,bonafide,notrim,eval,bonafide,-,-,-,-
VCC2TM1,DF_E_2579526,nocodec,vcc2018,HUB-D03,spoof,notrim,eval,traditional_vocoder,HUB,D03,MM,-
TMF1,DF_E_3456934,low_ogg,vcc2020,-,bonafide,notrim,eval,bonafide,-,-,-,-
VCC2TF1,DF_E_2056582,mp3m4a,vcc2018,HUB-N12,spoof,notrim,eval,traditional_vocoder,HUB,N12,FF,-
VCC2TM2,DF_E_4450773,high_mp3,vcc2018,HUB-N18,spoof,notrim,eval,traditional_vocoder,HUB,N18,FM,-
VCC2TF2,DF_E_2273338,high_mp3,vcc2018,SPO-B01,spoof,notrim,eval,traditional_vocoder,SPO,B01,MF,-
VCC2TM2,DF_E_2961531,low_m4a,vcc2018,HUB-N03,spoof,notrim,eval,unknown,HUB,N03,FM,-
TEM1,DF_E_4556219,low_mp3,vcc2020,Task1-team04,spoof,notrim,eval,neural_vocoder_autoregressive,Task1,team04,FM,E
LA_0010,DF_E_4638154,low_ogg,asvspoof,A19,spoof,notrim,eval,traditional_vocoder,-,-,-,-
VCC2TF1,DF_E_3243334,high_ogg,vcc2018,SPO-N18,spoof,notrim,eval,traditional_vocoder,SPO,N18,MF,-
TGM1,DF_E_4869215,nocodec,vcc2020,Task2-team07,spoof,notrim,eval,neural_vocoder_autoregressive,Task2,team07,FM,G
TMM1,DF_E_3445195,nocodec,vcc2020,-,bonafide,notrim,eval,bonafide,-,-,-,-
TEM2,DF_E_2781127,low_ogg,vcc2020,Task1-team19,spoof,notrim,eval,neural_vocoder_nonautoregressive,Task1,team19,FM,E
LA_0032,DF_E_3917507,high_mp3,asvspoof,-,bonafide,notrim,eval,bonafide,-,-,-,-
LA_0013,DF_E_3959752,oggm4a,asvspoof,-,bonafide,notrim,eval,bonafide,-,-,-,-
VCC2TF1,DF_E_2397803,high_mp3,vcc2018,HUB-N15,spoof,notrim,eval,traditional_vocoder,HUB,N15,MF,-
LA_0044,DF_E_2485112,nocodec,asvspoof,-,bonafide,notrim,eval,bonafide,-,-,-,-
LA_0046,DF_E_4339919,mp3m4a,asvspoof,A12,spoof,notrim,eval,neural_vocoder_autoregressive,-,-,-,-
LA_0042,DF_E_4767571,nocodec,asvspoof,-,bonafide,notrim,eval,bonafide,-,-,-,-
LA_0021,DF_E_3778977,oggm4a,asvspoof,-,bonafide,notrim,eval,bonafide,-,-,-,-
VCC2SF3,DF_E_3078147,high_mp3,vcc2018,-,bonafide,notrim,eval,bonafide,-,-,-,-
VCC2TF2,DF_E_4384342,nocodec,vcc2018,HUB-D04,spoof,notrim,eval,traditional_vocoder,HUB,D04,FF,-
VCC2TF2,DF_E_3798827,mp3m4a,vcc2018,HUB-N09,spoof,notrim,eval,traditional_vocoder,HUB,N09,MF,-
LA_0003,DF_E_3455075,low_mp3,asvspoof,-,bonafide,notrim,eval,bonafide,-,-,-,-
VCC2TF1,DF_E_4152632,high_mp3,vcc2018,HUB-N17,spoof,notrim,eval,neural_vocoder_autoregressive,HUB,N17,FF,-
TEF1,DF_E_3288677,high_ogg,vcc2020,Task1-team01,spoof,notrim,eval,neural_vocoder_nonautoregressive,Task1,team01,MF,E
VCC2TM1,DF_E_2198041,mp3m4a,vcc2018,SPO-N12,spoof,notrim,eval,traditional_vocoder,SPO,N12,FM,-
TEF1,DF_E_3791743,high_m4a,vcc2020,-,bonafide,notrim,eval,bonafide,-,-,-,-
LA_0032,DF_E_3166519,low_mp3,asvspoof,A07,spoof,notrim,eval,traditional_vocoder,-,-,-,-
TFF1,DF_E_4272227,low_m4a,vcc2020,Task2-team22,spoof,notrim,eval,neural_vocoder_nonautoregressive,Task2,team22,FF,F
LA_0013,DF_E_4085267,low_ogg,asvspoof,-,bonafide,notrim,eval,bonafide,-,-,-,-
TMM1,DF_E_2158148,mp3m4a,vcc2020,Task2-team07,spoof,notrim,eval,neural_vocoder_autoregressive,Task2,team07,FM,M
TFM1,DF_E_3525981,high_mp3,vcc2020,Task2-team26,spoof,notrim,eval,traditional_vocoder,Task2,team26,MM,F
LA_0040,DF_E_2851170,high_m4a,asvspoof,-,bonafide,notrim,eval,bonafide,-,-,-,-
VCC2SM3,DF_E_2769961,high_mp3,vcc2018,-,bonafide,notrim,eval,bonafide,-,-,-,-
LA_0003,DF_E_2229711,low_m4a,asvspoof,-,bonafide,notrim,eval,bonafide,-,-,-,-
VCC2TF2,DF_E_2672981,oggm4a,vcc2018,HUB-N06,spoof,notrim,eval,traditional_vocoder,HUB,N06,MF,-
TEM2,DF_E_2737048,high_mp3,vcc2020,-,bonafide,notrim,eval,bonafide,-,-,-,-
VCC2TF1,DF_E_3427064,oggm4a,vcc2018,HUB-B00,spoof,notrim,eval,unknown,HUB,B00,FF,-
TFF1,DF_E_4688688,high_mp3,vcc2020,Task2-team30,spoof,notrim,eval,unknown,Task2,team30,FF,F
LA_0046,DF_E_4896941,oggm4a,asvspoof,A18,spoof,notrim,eval,traditional_vocoder,-,-,-,-
VCC2TM1,DF_E_2322971,high_m4a,vcc2018,-,bonafide,notrim,eval,bonafide,-,-,-,-
LA_0004,DF_E_3233224,high_m4a,asvspoof,A12,spoof,notrim,eval,neural_vocoder_autoregressive,-,-,-,-
TFF1,DF_E_2068842,oggm4a,vcc2020,Task2-team09,spoof,notrim,eval,neural_vocoder_nonautoregressive,Task2,team09,FF,F
TEF1,DF_E_2930684,high_m4a,vcc2020,Task1-team26,spoof,notrim,eval,traditional_vocoder,Task1,team26,FF,E
SEF1,DF_E_3943494,low_mp3,vcc2020,-,bonafide,notrim,eval,bonafide,-,-,-,-
LA_0037,DF_E_4095808,high_ogg,asvspoof,-,bonafide,notrim,eval,bonafide,-,-,-,-
TEM1,DF_E_2663770,high_ogg,vcc2020,Task1-team25,spoof,notrim,eval,neural_vocoder_autoregressive,Task1,team25,FM,E
LA_0018,DF_E_2053750,oggm4a,asvspoof,-,bonafide,notrim,eval,bonafide,-,-,-,-
VCC2TM1,DF_E_3789946,mp3m4a,vcc2018,SPO-N16,spoof,notrim,eval,traditional_vocoder,SPO,N16,FM,-
TGF1,DF_E_4534144,nocodec,vcc2020,-,bonafide,notrim,eval,bonafide,-,-,-,-
LA_0034,DF_E_2012113,low_ogg,asvspoof,A18,spoof,notrim,eval,traditional_vocoder,-,-,-,-
TEM2,DF_E_2791928,oggm4a,vcc2020,Task1-team30,spoof,notrim,eval,unknown,Task1,team30,MM,E
LA_0008,DF_E_4033235,low_ogg,asvspoof,-,bonafide,notrim,eval,bonafide,-,-,-,-
LA_0008,DF_E_4254558,low_m4a,asvspoof,-,bonafide,notrim,eval,bonafide,-,-,-,-
TEF2,DF_E_2471554,mp3m4a,vcc2020,Task1-team13,spoof,notrim,eval,neural_vocoder_autoregressive,Task1,team13,MF,E
LA_0005,DF_E_4959200,high_ogg,asvspoof,-,bonafide,notrim,eval,bonafide,-,-,-,-
LA_0001,DF_E_2332868,low_ogg,asvspoof,A13,spoof,notrim,eval,traditional_vocoder,-,-,-,-
TEF1,DF_E_3142029,high_ogg,vcc2020,Task1-team13,spoof,notrim,eval,neural_vocoder_autoregressive,Task1,team13,FF,E
VCC2TM2,DF_E_3547739,low_m4a,vcc2018,HUB-N18,spoof,notrim,eval,traditional_vocoder,HUB,N18,FM,-
VCC2TF1,DF_E_3647534,high_mp3,vcc2018,-,bonafide,notrim,eval,bonafide,-,-,-,-
LA_0036,DF_E_2739255,low_mp3,asvspoof,-,bonafide,notrim,eval,bonafide,-,-,-,-
LA_0005,DF_E_4489014,low_ogg,asvspoof,-,bonafide,notrim,eval,bonafide,-,-,-,-
TGF1,DF_E_4053797,oggm4a,vcc2020,Task2-team22,spoof,notrim,eval,neural_vocoder_nonautoregressive,Task2,team22,FF,G
TEF1,DF_E_4634570,nocodec,vcc2020,Task1-team06,spoof,notrim,eval,traditional_vocoder,Task1,team06,MF,E
LA_0007,DF_E_2774882,low_mp3,asvspoof,-,bonafide,notrim,eval,bonafide,-,-,-,-
TEF1,DF_E_4343616,nocodec,vcc2020,Task1-team03,spoof,notrim,eval,neural_vocoder_autoregressive,Task1,team03,MF,E
LA_0025,DF_E_4959093,oggm4a,asvspoof,-,bonafide,notrim,eval,bonafide,-,-,-,-
VCC2TF2,DF_E_4714869,low_mp3,vcc2018,-,bonafide,notrim,eval,bonafide,-,-,-,-
TGF1,DF_E_3102321,nocodec,vcc2020,Task2-team29,spoof,notrim,eval,neural_vocoder_autoregressive,Task2,team29,FF,G
VCC2TM1,DF_E_4172502,high_mp3,vcc2018,SPO-N03,spoof,notrim,eval,unknown,SPO,N03,FM,-
VCC2SF3,DF_E_2064068,high_mp3,vcc2018,-,bonafide,notrim,eval,bonafide,-,-,-,-
LA_0011,DF_E_4245666,mp3m4a,asvspoof,A15,spoof,notrim,eval,neural_vocoder_autoregressive,-,-,-,-
TMF1,DF_E_2013886,oggm4a,vcc2020,Task2-team12,spoof,notrim,eval,traditional_vocoder,Task2,team12,FF,M
LA_0007,DF_E_4752471,low_m4a,asvspoof,-,bonafide,notrim,eval,bonafide,-,-,-,-
VCC2TF2,DF_E_3829276,oggm4a,vcc2018,-,bonafide,notrim,eval,bonafide,-,-,-,-
TGM1,DF_E_2481494,nocodec,vcc2020,Task2-team27,spoof,notrim,eval,neural_vocoder_nonautoregressive,Task2,team27,FM,G
SEM1,DF_E_4644926,low_ogg,vcc2020,-,bonafide,notrim,eval,bonafide,-,-,-,-
VCC2TF2,DF_E_4370399,low_m4a,vcc2018,SPO-N18,spoof,notrim,eval,traditional_vocoder,SPO,N18,MF,-
LA_0030,DF_E_3111510,low_mp3,asvspoof,-,bonafide,notrim,eval,bonafide,-,-,-,-
TEM2,DF_E_3494112,low_m4a,vcc2020,Task1-team21,spoof,notrim,eval,neural_vocoder_nonautoregressive,Task1,team21,MM,E
VCC2TM1,DF_E_2958989,high_mp3,vcc2018,-,bonafide,notrim,eval,bonafide,-,-,-,-
TEF2,DF_E_3799167,high_mp3,vcc2020,Task1-team16,spoof,notrim,eval,neural_vocoder_nonautoregressive,Task1,team16,MF,E
LA_0015,DF_E_4898461,high_ogg,asvspoof,A09,spoof,notrim,eval,traditional_vocoder,-,-,-,-
LA_0054,DF_E_3627811,low_ogg,asvspoof,-,bonafide,notrim,eval,bonafide,-,-,-,-
VCC2TF2,DF_E_4294637,high_mp3,vcc2018,-,bonafide,notrim,eval,bonafide,-,-,-,-
TFM1,DF_E_4476692,mp3m4a,vcc2020,-,bonafide,notrim,eval,bonafide,-,-,-,-
TGM1,DF_E_2240464,low_mp3,vcc2020,Task2-team03,spoof,notrim,eval,neural_vocoder_autoregressive,Task2,team03,FM,G
LA_0013,DF_E_3179018,oggm4a,asvspoof,-,bonafide,notrim,eval,bonafide,-,-,-,-
LA_0037,DF_E_3944466,high_mp3,asvspoof,-,bonafide,notrim,eval,bonafide,-,-,-,-
VCC2TF1,DF_E_3240588,low_ogg,vcc2018,HUB-N16,spoof,notrim,eval,traditional_vocoder,HUB,N16,FF,-
LA_0048,DF_E_4071606,nocodec,asvspoof,-,bonafide,notrim,eval,bonafide,-,-,-,-
LA_0013,DF_E_3659029,high_ogg,asvspoof,-,bonafide,notrim,eval,bonafide,-,-,-,-
LA_0045,DF_E_3201444,high_ogg,asvspoof,-,bonafide,notrim,eval,bonafide,-,-,-,-
TEM1,DF_E_3469344,nocodec,vcc2020,Task1-team12,spoof,notrim,eval,traditional_vocoder,Task1,team12,FM,E
VCC2SF4,DF_E_3430449,low_m4a,vcc2018,-,bonafide,notrim,eval,bonafide,-,-,-,-
LA_0021,DF_E_2243112,high_mp3,asvspoof,-,bonafide,notrim,eval,bonafide,-,-,-,-
TEM1,DF_E_2150934,high_mp3,vcc2020,Task1-team04,spoof,notrim,eval,neural_vocoder_autoregressive,Task1,team04,FM,E
LA_0017,DF_E_4033999,high_mp3,asvspoof,-,bonafide,notrim,eval,bonafide,-,-,-,-
TGM1,DF_E_3086554,low_mp3,vcc2020,Task2-team20,spoof,notrim,eval,neural_vocoder_nonautoregressive,Task2,team20,FM,G
LA_0046,DF_E_2143984,nocodec,asvspoof,-,bonafide,notrim,eval,bonafide,-,-,-,-
VCC2SM3,DF_E_2934754,high_ogg,vcc2018,-,bonafide,notrim,eval,bonafide,-,-,-,-
TFF1,DF_E_3481735,low_m4a,vcc2020,Task2-team31,spoof,notrim,eval,neural_vocoder_nonautoregressive,Task2,team31,FF,F
VCC2TF1,DF_E_3617707,mp3m4a,vcc2018,HUB-N16,spoof,notrim,eval,traditional_vocoder,HUB,N16,FF,-
TEF1,DF_E_4714075,oggm4a,vcc2020,Task1-team29,spoof,notrim,eval,neural_vocoder_autoregressive,Task1,team29,MF,E
LA_0036,DF_E_4547733,mp3m4a,asvspoof,A19,spoof,notrim,eval,traditional_vocoder,-,-,-,-
LA_0001,DF_E_4395844,nocodec,asvspoof,A10,spoof,notrim,eval,neural_vocoder_autoregressive,-,-,-,-
TEM1,DF_E_3904200,high_mp3,vcc2020,Task1-team01,spoof,notrim,eval,neural_vocoder_nonautoregressive,Task1,team01,MM,E
LA_0046,DF_E_4902676,low_ogg,asvspoof,A19,spoof,notrim,eval,traditional_vocoder,-,-,-,-
TGM1,DF_E_4221358,low_m4a,vcc2020,Task2-team32,spoof,notrim,eval,neural_vocoder_autoregressive,Task2,team32,FM,G
VCC2SM3,DF_E_3973157,low_m4a,vcc2018,-,bonafide,notrim,eval,bonafide,-,-,-,-
VCC2TF1,DF_E_2527581,mp3m4a,vcc2018,SPO-N18,spoof,notrim,eval,traditional_vocoder,SPO,N18,FF,-
LA_0024,DF_E_4206848,nocodec,asvspoof,-,bonafide,notrim,eval,bonafide,-,-,-,-
TFM1,DF_E_2799930,low_ogg,vcc2020,Task2-team05,spoof,notrim,eval,neural_vocoder_nonautoregressive,Task2,team05,MM,F
LA_0045,DF_E_4205918,high_mp3,asvspoof,-,bonafide,notrim,eval,bonafide,-,-,-,-
LA_0018,DF_E_4202040,low_ogg,asvspoof,-,bonafide,notrim,eval,bonafide,-,-,-,-
VCC2TF1,DF_E_2253425,high_m4a,vcc2018,-,bonafide,notrim,eval,bonafide,-,-,-,-
LA_0026,DF_E_4398166,high_mp3,asvspoof,-,bonafide,notrim,eval,bonafide,-,-,-,-
LA_0019,DF_E_4481138,mp3m4a,asvspoof,-,bonafide,notrim,eval,bonafide,-,-,-,-
TMM1,DF_E_3632268,oggm4a,vcc2020,Task2-team24,spoof,notrim,eval,neural_vocoder_autoregressive,Task2,team24,FM,M
VCC2SM4,DF_E_4074071,oggm4a,vcc2018,-,bonafide,notrim,eval,bonafide,-,-,-,-
VCC2TF2,DF_E_4969331,low_ogg,vcc2018,SPO-N04,spoof,notrim,eval,traditional_vocoder,SPO,N04,FF,-
TGF1,DF_E_2260078,low_ogg,vcc2020,Task2-team23,spoof,notrim,eval,neural_vocoder_autoregressive,Task2,team23,MF,G
TEF2,DF_E_4469369,nocodec,vcc2020,Task1-team14,spoof,notrim,eval,neural_vocoder_nonautoregressive,Task1,team14,FF,E
VCC2TM1,DF_E_4230471,low_m4a,vcc2018,HUB-D04,spoof,notrim,eval,traditional_vocoder,HUB,D04,FM,-
TEF2,DF_E_4261733,low_m4a,vcc2020,Task1-team10,spoof,notrim,eval,neural_vocoder_autoregressive,Task1,team10,FF,E
TGM1,DF_E_2299861,low_mp3,vcc2020,Task2-team18,spoof,notrim,eval,unknown,Task2,team18,FM,G
VCC2TF2,DF_E_4995885,high_ogg,vcc2018,HUB-D03,spoof,notrim,eval,traditional_vocoder,HUB,D03,FF,-
TEF1,DF_E_2448424,nocodec,vcc2020,Task1-team01,spoof,notrim,eval,neural_vocoder_nonautoregressive,Task1,team01,MF,E
SEF2,DF_E_2304436,low_m4a,vcc2020,-,bonafide,notrim,eval,bonafide,-,-,-,-
TGF1,DF_E_2860550,low_mp3,vcc2020,Task2-team33,spoof,notrim,eval,neural_vocoder_nonautoregressive,Task2,team33,MF,G
VCC2TF2,DF_E_4432761,high_mp3,vcc2018,SPO-N10,spoof,notrim,eval,neural_vocoder_autoregressive,SPO,N10,MF,-
TEM1,DF_E_3919331,mp3m4a,vcc2020,Task1-team22,spoof,notrim,eval,neural_vocoder_nonautoregressive,Task1,team22,FM,E
LA_0014,DF_E_2802049,high_ogg,asvspoof,A13,spoof,notrim,eval,traditional_vocoder,-,-,-,-
VCC2TM2,DF_E_2634815,nocodec,vcc2018,HUB-D03,spoof,notrim,eval,traditional_vocoder,HUB,D03,MM,-
VCC2TF1,DF_E_3172986,low_ogg,vcc2018,HUB-N16,spoof,notrim,eval,traditional_vocoder,HUB,N16,MF,-
LA_0003,DF_E_2230044,mp3m4a,asvspoof,A14,spoof,notrim,eval,traditional_vocoder,-,-,-,-
TGM1,DF_E_3135127,low_m4a,vcc2020,Task2-team23,spoof,notrim,eval,neural_vocoder_autoregressive,Task2,team23,MM,G
LA_0039,DF_E_4413733,low_ogg,asvspoof,-,bonafide,notrim,eval,bonafide,-,-,-,-
TEF1,DF_E_3538656,nocodec,vcc2020,Task1-team11,spoof,notrim,eval,neural_vocoder_autoregressive,Task1,team11,MF,E
TFM1,DF_E_4575394,high_ogg,vcc2020,Task2-team30,spoof,notrim,eval,unknown,Task2,team30,FM,F
VCC2TM2,DF_E_2757059,mp3m4a,vcc2018,HUB-N07,spoof,notrim,eval,traditional_vocoder,HUB,N07,FM,-
TGF1,DF_E_2798733,mp3m4a,vcc2020,Task2-team32,spoof,notrim,eval,neural_vocoder_autoregressive,Task2,team32,FF,G
LA_0013,DF_E_4609544,high_ogg,asvspoof,-,bonafide,notrim,eval,bonafide,-,-,-,-
LA_0026,DF_E_3241597,low_ogg,asvspoof,-,bonafide,notrim,eval,bonafide,-,-,-,-
VCC2TM2,DF_E_3922222,low_m4a,vcc2018,HUB-N14,spoof,notrim,eval,traditional_vocoder,HUB,N14,FM,-
TGM1,DF_E_4775944,low_mp3,vcc2020,Task2-team10,spoof,notrim,eval,neural_vocoder_autoregressive,Task2,team10,FM,G
LA_0043,DF_E_2421184,mp3m4a,asvspoof,-,bonafide,notrim,eval,bonafide,-,-,-,-
VCC2TF1,DF_E_4323767,low_m4a,vcc2018,HUB-N16,spoof,notrim,eval,traditional_vocoder,HUB,N16,FF,-
VCC2TM1,DF_E_3304403,high_ogg,vcc2018,HUB-N08,spoof,notrim,eval,traditional_vocoder,HUB,N08,FM,-
LA_0026,DF_E_3416814,oggm4a,asvspoof,-,bonafide,notrim,eval,bonafide,-,-,-,-
TEF2,DF_E_4961362,low_ogg,vcc2020,-,bonafide,notrim,eval,bonafide,-,-,-,-
LA_0010,DF_E_3799971,low_ogg,asvspoof,-,bonafide,notrim,eval,bonafide,-,-,-,-
VCC2TM2,DF_E_2906747,high_ogg,vcc2018,SPO-N05,spoof,notrim,eval,traditional_vocoder,SPO,N05,MM,-
VCC2TM2,DF_E_3774109,low_m4a,vcc2018,HUB-N18,spoof,notrim,eval,traditional_vocoder,HUB,N18,MM,-
LA_0019,DF_E_2223308,low_m4a,asvspoof,A08,spoof,notrim,eval,neural_vocoder_nonautoregressive,-,-,-,-
LA_0026,DF_E_2242493,high_ogg,asvspoof,A15,spoof,notrim,eval,neural_vocoder_autoregressive,-,-,-,-
LA_0032,DF_E_3899058,oggm4a,asvspoof,A08,spoof,notrim,eval,neural_vocoder_nonautoregressive,-,-,-,-
TEM2,DF_E_2067176,high_ogg,vcc2020,Task1-team25,spoof,notrim,eval,neural_vocoder_autoregressive,Task1,team25,MM,E
TEF1,DF_E_2705990,low_mp3,vcc2020,Task1-team03,spoof,notrim,eval,neural_vocoder_autoregressive,Task1,team03,FF,E
VCC2TM2,DF_E_4890680,low_m4a,vcc2018,HUB-N12,spoof,notrim,eval,traditional_vocoder,HUB,N12,FM,-
TFM1,DF_E_2626251,low_mp3,vcc2020,Task2-team23,spoof,notrim,eval,neural_vocoder_autoregressive,Task2,team23,MM,F
TEF1,DF_E_4286430,low_ogg,vcc2020,Task1-team10,spoof,notrim,eval,neural_vocoder_autoregressive,Task1,team10,MF,E
TGM1,DF_E_3879394,low_m4a,vcc2020,Task2-team28,spoof,notrim,eval,neural_vocoder_autoregressive,Task2,team28,FM,G
TFF1,DF_E_4116731,oggm4a,vcc2020,Task2-team25,spoof,notrim,eval,neural_vocoder_autoregressive,Task2,team25,FF,F
TEM2,DF_E_3677936,oggm4a,vcc2020,Task1-team11,spoof,notrim,eval,neural_vocoder_autoregressive,Task1,team11,FM,E
VCC2TM1,DF_E_2012451,low_ogg,vcc2018,HUB-D05,spoof,notrim,eval,traditional_vocoder,HUB,D05,FM,-
VCC2TF1,DF_E_4081444,nocodec,vcc2018,HUB-N04,spoof,notrim,eval,traditional_vocoder,HUB,N04,FF,-
TEM1,DF_E_4548697,nocodec,vcc2020,-,bonafide,notrim,eval,bonafide,-,-,-,-
LA_0033,DF_E_4705038,low_ogg,asvspoof,-,bonafide,notrim,eval,bonafide,-,-,-,-
VCC2TM1,DF_E_4064605,high_m4a,vcc2018,HUB-N07,spoof,notrim,eval,traditional_vocoder,HUB,N07,FM,-
TGM1,DF_E_2832474,nocodec,vcc2020,Task2-team11,spoof,notrim,eval,neural_vocoder_autoregressive,Task2,team11,MM,G
VCC2TM1,DF_E_4720475,low_ogg,vcc2018,-,bonafide,notrim,eval,bonafide,-,-,-,-
LA_0028,DF_E_3320170,mp3m4a,asvspoof,-,bonafide,notrim,eval,bonafide,-,-,-,-
LA_0025,DF_E_3461620,low_ogg,asvspoof,-,bonafide,notrim,eval,bonafide,-,-,-,-
TEF1,DF_E_4806470,high_m4a,vcc2020,Task1-team25,spoof,notrim,eval,neural_vocoder_autoregressive,Task1,team25,MF,E
TEM1,DF_E_3227197,high_ogg,vcc2020,Task1-team28,spoof,notrim,eval,neural_vocoder_autoregressive,Task1,team28,FM,E
VCC2TM1,DF_E_4003984,mp3m4a,vcc2018,HUB-N09,spoof,notrim,eval,traditional_vocoder,HUB,N09,FM,-
VCC2TF1,DF_E_2853468,high_mp3,vcc2018,HUB-N14,spoof,notrim,eval,traditional_vocoder,HUB,N14,FF,-
LA_0013,DF_E_2778076,low_mp3,asvspoof,-,bonafide,notrim,eval,bonafide,-,-,-,-
TFM1,DF_E_3132272,high_m4a,vcc2020,Task2-team27,spoof,notrim,eval,neural_vocoder_nonautoregressive,Task2,team27,MM,F
VCC2TM1,DF_E_2673196,low_mp3,vcc2018,-,bonafide,notrim,eval,bonafide,-,-,-,-
VCC2TM1,DF_E_2276101,high_mp3,vcc2018,HUB-N19,spoof,notrim,eval,traditional_vocoder,HUB,N19,MM,-
VCC2TF1,DF_E_3671535,mp3m4a,vcc2018,HUB-N06,spoof,notrim,eval,traditional_vocoder,HUB,N06,FF,-
LA_0042,DF_E_3630142,mp3m4a,asvspoof,-,bonafide,notrim,eval,bonafide,-,-,-,-
TMF1,DF_E_4444290,nocodec,vcc2020,Task2-team27,spoof,notrim,eval,neural_vocoder_nonautoregressive,Task2,team27,MF,M
TEM1,DF_E_4788613,low_m4a,vcc2020,Task1-team03,spoof,notrim,eval,neural_vocoder_autoregressive,Task1,team03,MM,E
TEM1,DF_E_2777628,low_mp3,vcc2020,-,bonafide,notrim,eval,bonafide,-,-,-,-
LA_0023,DF_E_3139465,mp3m4a,asvspoof,A16,spoof,notrim,eval,waveform_concatenation,-,-,-,-
LA_0029,DF_E_2783425,high_m4a,asvspoof,-,bonafide,notrim,eval,bonafide,-,-,-,-
VCC2TF1,DF_E_2216844,high_m4a,vcc2018,HUB-N09,spoof,notrim,eval,traditional_vocoder,HUB,N09,FF,-
VCC2SM2,DF_E_2057031,low_ogg,vcc2018,-,bonafide,notrim,eval,bonafide,-,-,-,-
LA_0018,DF_E_2171190,high_ogg,asvspoof,A16,spoof,notrim,eval,waveform_concatenation,-,-,-,-
LA_0018,DF_E_2879193,mp3m4a,asvspoof,-,bonafide,notrim,eval,bonafide,-,-,-,-
LA_0021,DF_E_3741465,nocodec,asvspoof,-,bonafide,notrim,eval,bonafide,-,-,-,-
TEM1,DF_E_4658091,low_ogg,vcc2020,Task1-team07,spoof,notrim,eval,neural_vocoder_autoregressive,Task1,team07,FM,E
TGF1,DF_E_2778491,mp3m4a,vcc2020,Task2-team20,spoof,notrim,eval,neural_vocoder_nonautoregressive,Task2,team20,FF,G
TMF1,DF_E_2934586,low_mp3,vcc2020,Task2-team06,spoof,notrim,eval,traditional_vocoder,Task2,team06,MF,M
LA_0014,DF_E_4556540,oggm4a,asvspoof,-,bonafide,notrim,eval,bonafide,-,-,-,-
LA_0026,DF_E_3171838,low_ogg,asvspoof,A14,spoof,notrim,eval,traditional_vocoder,-,-,-,-
VCC2TM2,DF_E_4945673,high_m4a,vcc2018,HUB-N19,spoof,notrim,eval,traditional_vocoder,HUB,N19,MM,-
SEM1,DF_E_3046115,high_mp3,vcc2020,-,bonafide,notrim,eval,bonafide,-,-,-,-
VCC2TM1,DF_E_3383922,low_m4a,vcc2018,-,bonafide,notrim,eval,bonafide,-,-,-,-
TGM1,DF_E_4524335,nocodec,vcc2020,-,bonafide,notrim,eval,bonafide,-,-,-,-
LA_0002,DF_E_2794943,nocodec,asvspoof,-,bonafide,notrim,eval,bonafide,-,-,-,-
LA_0033,DF_E_4927148,low_m4a,asvspoof,-,bonafide,notrim,eval,bonafide,-,-,-,-
LA_0019,DF_E_3736268,mp3m4a,asvspoof,-,bonafide,notrim,eval,bonafide,-,-,-,-
VCC2TM1,DF_E_2401533,nocodec,vcc2018,HUB-N09,spoof,notrim,eval,traditional_vocoder,HUB,N09,MM,-
VCC2TM2,DF_E_3704768,high_ogg,vcc2018,SPO-N13,spoof,notrim,eval,traditional_vocoder,SPO,N13,FM,-
VCC2TF1,DF_E_4814905,high_m4a,vcc2018,HUB-D01,spoof,notrim,eval,traditional_vocoder,HUB,D01,FF,-
LA_0015,DF_E_4827166,nocodec,asvspoof,A12,spoof,notrim,eval,neural_vocoder_autoregressive,-,-,-,-
LA_0022,DF_E_4315708,low_ogg,asvspoof,-,bonafide,notrim,eval,bonafide,-,-,-,-
LA_0021,DF_E_2579840,oggm4a,asvspoof,A19,spoof,notrim,eval,traditional_vocoder,-,-,-,-
LA_0041,DF_E_3626328,low_ogg,asvspoof,-,bonafide,notrim,eval,bonafide,-,-,-,-
LA_0002,DF_E_2632263,mp3m4a,asvspoof,A07,spoof,notrim,eval,traditional_vocoder,-,-,-,-
LA_0013,DF_E_4959722,oggm4a,asvspoof,-,bonafide,notrim,eval,bonafide,-,-,-,-
LA_0015,DF_E_4344633,low_ogg,asvspoof,A15,spoof,notrim,eval,neural_vocoder_autoregressive,-,-,-,-
VCC2TF2,DF_E_2320347,mp3m4a,vcc2018,-,bonafide,notrim,eval,bonafide,-,-,-,-
LA_0046,DF_E_4996161,mp3m4a,asvspoof,-,bonafide,notrim,eval,bonafide,-,-,-,-
VCC2SM2,DF_E_4054272,high_m4a,vcc2018,-,bonafide,notrim,eval,bonafide,-,-,-,-
VCC2SM1,DF_E_3246264,nocodec,vcc2018,-,bonafide,notrim,eval,bonafide,-,-,-,-
TGM1,DF_E_2306723,mp3m4a,vcc2020,Task2-team28,spoof,notrim,eval,neural_vocoder_autoregressive,Task2,team28,FM,G
VCC2TM2,DF_E_2170537,low_ogg,vcc2018,HUB-N20,spoof,notrim,eval,traditional_vocoder,HUB,N20,FM,-
TGF1,DF_E_4831675,low_m4a,vcc2020,-,bonafide,notrim,eval,bonafide,-,-,-,-
LA_0042,DF_E_2548008,low_mp3,asvspoof,-,bonafide,notrim,eval,bonafide,-,-,-,-
VCC2TM1,DF_E_3846831,high_m4a,vcc2018,SPO-N04,spoof,notrim,eval,traditional_vocoder,SPO,N04,FM,-
VCC2TM2,DF_E_2812896,high_m4a,vcc2018,HUB-N03,spoof,notrim,eval,unknown,HUB,N03,FM,-
LA_0036,DF_E_2111730,oggm4a,asvspoof,-,bonafide,notrim,eval,bonafide,-,-,-,-
VCC2SM1,DF_E_2302175,nocodec,vcc2018,-,bonafide,notrim,eval,bonafide,-,-,-,-
TGM1,DF_E_2831272,high_mp3,vcc2020,-,bonafide,notrim,eval,bonafide,-,-,-,-
VCC2SM4,DF_E_2445416,high_mp3,vcc2018,-,bonafide,notrim,eval,bonafide,-,-,-,-
TFF1,DF_E_2767240,high_m4a,vcc2020,Task2-team08,spoof,notrim,eval,traditional_vocoder,Task2,team08,FF,F
LA_0034,DF_E_3178794,high_m4a,asvspoof,-,bonafide,notrim,eval,bonafide,-,-,-,-
VCC2TF1,DF_E_2169810,high_m4a,vcc2018,SPO-N16,spoof,notrim,eval,traditional_vocoder,SPO,N16,FF,-
LA_0027,DF_E_2052772,high_ogg,asvspoof,-,bonafide,notrim,eval,bonafide,-,-,-,-
TMM1,DF_E_4355533,low_mp3,vcc2020,Task2-team20,spoof,notrim,eval,neural_vocoder_nonautoregressive,Task2,team20,MM,M
TGF1,DF_E_4323016,nocodec,vcc2020,Task2-team30,spoof,notrim,eval,unknown,Task2,team30,MF,G
TEF2,DF_E_2400291,low_m4a,vcc2020,-,bonafide,notrim,eval,bonafide,-,-,-,-
TGF1,DF_E_3885378,high_ogg,vcc2020,-,bonafide,notrim,eval,bonafide,-,-,-,-
LA_0002,DF_E_2334606,low_m4a,asvspoof,-,bonafide,notrim,eval,bonafide,-,-,-,-
VCC2TF2,DF_E_2066350,mp3m4a,vcc2018,HUB-N13,spoof,notrim,eval,traditional_vocoder,HUB,N13,MF,-
VCC2SF1,DF_E_3141516,low_m4a,vcc2018,-,bonafide,notrim,eval,bonafide,-,-,-,-
LA_0041,DF_E_4451582,low_ogg,asvspoof,-,bonafide,notrim,eval,bonafide,-,-,-,-
VCC2TM1,DF_E_2958526,low_mp3,vcc2018,HUB-N12,spoof,notrim,eval,traditional_vocoder,HUB,N12,FM,-
TMF1,DF_E_2611056,high_mp3,vcc2020,Task2-team30,spoof,notrim,eval,unknown,Task2,team30,MF,M
TEM2,DF_E_4293142,high_m4a,vcc2020,Task1-team04,spoof,notrim,eval,neural_vocoder_autoregressive,Task1,team04,MM,E
VCC2TM2,DF_E_3482680,low_mp3,vcc2018,HUB-N20,spoof,notrim,eval,traditional_vocoder,HUB,N20,MM,-
LA_0014,DF_E_4378225,low_ogg,asvspoof,-,bonafide,notrim,eval,bonafide,-,-,-,-
TMF1,DF_E_3912984,high_mp3,vcc2020,Task2-team29,spoof,notrim,eval,neural_vocoder_autoregressive,Task2,team29,FF,M
TEM1,DF_E_4010356,low_m4a,vcc2020,Task1-team29,spoof,notrim,eval,neural_vocoder_autoregressive,Task1,team29,MM,E
TEF2,DF_E_3938258,low_mp3,vcc2020,-,bonafide,notrim,eval,bonafide,-,-,-,-
TMF1,DF_E_2868695,nocodec,vcc2020,Task2-team06,spoof,notrim,eval,traditional_vocoder,Task2,team06,FF,M
LA_0003,DF_E_3422592,high_m4a,asvspoof,-,bonafide,notrim,eval,bonafide,-,-,-,-
TGM1,DF_E_2926436,nocodec,vcc2020,Task2-team05,spoof,notrim,eval,neural_vocoder_nonautoregressive,Task2,team05,MM,G
SEF2,DF_E_4967326,high_m4a,vcc2020,-,bonafide,notrim,eval,bonafide,-,-,-,-
TGM1,DF_E_2857111,high_mp3,vcc2020,Task2-team27,spoof,notrim,eval,neural_vocoder_nonautoregressive,Task2,team27,MM,G
TFM1,DF_E_3984709,high_m4a,vcc2020,Task2-team23,spoof,notrim,eval,neural_vocoder_autoregressive,Task2,team23,MM,F
VCC2TM2,DF_E_4414164,low_mp3,vcc2018,-,bonafide,notrim,eval,bonafide,-,-,-,-
SEF2,DF_E_4453044,low_m4a,vcc2020,-,bonafide,notrim,eval,bonafide,-,-,-,-
VCC2SF2,DF_E_2716533,high_mp3,vcc2018,-,bonafide,notrim,eval,bonafide,-,-,-,-
LA_0043,DF_E_3409998,mp3m4a,asvspoof,-,bonafide,notrim,eval,bonafide,-,-,-,-
LA_0030,DF_E_2571207,high_mp3,asvspoof,-,bonafide,notrim,eval,bonafide,-,-,-,-
LA_0046,DF_E_2367565,nocodec,asvspoof,-,bonafide,notrim,eval,bonafide,-,-,-,-
TMM1,DF_E_3967383,high_m4a,vcc2020,Task2-team11,spoof,notrim,eval,neural_vocoder_autoregressive,Task2,team11,FM,M
TMF1,DF_E_2267507,nocodec,vcc2020,-,bonafide,notrim,eval,bonafide,-,-,-,-
TEM2,DF_E_2810420,low_m4a,vcc2020,-,bonafide,notrim,eval,bonafide,-,-,-,-
TFF1,DF_E_4904735,mp3m4a,vcc2020,Task2-team06,spoof,notrim,eval,traditional_vocoder,Task2,team06,FF,F
TFM1,DF_E_3651135,mp3m4a,vcc2020,-,bonafide,notrim,eval,bonafide,-,-,-,-
VCC2TF2,DF_E_4968214,mp3m4a,vcc2018,HUB-N18,spoof,notrim,eval,traditional_vocoder,HUB,N18,FF,-
LA_0031,DF_E_2969750,high_ogg,asvspoof,-,bonafide,notrim,eval,bonafide,-,-,-,-
TMM1,DF_E_4120466,mp3m4a,vcc2020,Task2-team19,spoof,notrim,eval,neural_vocoder_nonautoregressive,Task2,team19,MM,M
VCC2TM2,DF_E_4630528,high_m4a,vcc2018,SPO-N18,spoof,notrim,eval,traditional_vocoder,SPO,N18,MM,-
VCC2TF1,DF_E_3409400,high_ogg,vcc2018,SPO-N13,spoof,notrim,eval,traditional_vocoder,SPO,N13,FF,-
VCC2TM1,DF_E_2906266,mp3m4a,vcc2018,SPO-N17,spoof,notrim,eval,neural_vocoder_autoregressive,SPO,N17,MM,-
LA_0015,DF_E_3171344,low_mp3,asvspoof,A16,spoof,notrim,eval,waveform_concatenation,-,-,-,-
TFM1,DF_E_2247555,low_mp3,vcc2020,-,bonafide,notrim,eval,bonafide,-,-,-,-
TMM1,DF_E_4294382,oggm4a,vcc2020,Task2-team19,spoof,notrim,eval,neural_vocoder_nonautoregressive,Task2,team19,MM,M
TFF1,DF_E_4169646,nocodec,vcc2020,-,bonafide,notrim,eval,bonafide,-,-,-,-
TEF1,DF_E_3904788,nocodec,vcc2020,Task1-team06,spoof,notrim,eval,traditional_vocoder,Task1,team06,MF,E
LA_0014,DF_E_4683041,high_ogg,asvspoof,-,bonafide,notrim,eval,bonafide,-,-,-,-
LA_0032,DF_E_4414597,oggm4a,asvspoof,-,bonafide,notrim,eval,bonafide,-,-,-,-
LA_0030,DF_E_2938944,high_mp3,asvspoof,-,bonafide,notrim,eval,bonafide,-,-,-,-
VCC2SM1,DF_E_2988920,high_mp3,vcc2018,-,bonafide,notrim,eval,bonafide,-,-,-,-
TFF1,DF_E_4843905,low_ogg,vcc2020,Task2-team31,spoof,notrim,eval,neural_vocoder_nonautoregressive,Task2,team31,MF,F
TEM1,DF_E_4143966,mp3m4a,vcc2020,-,bonafide,notrim,eval,bonafide,-,-,-,-
TGM1,DF_E_4561801,low_m4a,vcc2020,-,bonafide,notrim,eval,bonafide,-,-,-,-
VCC2SF4,DF_E_2477593,mp3m4a,vcc2018,-,bonafide,notrim,eval,bonafide,-,-,-,-
VCC2TM2,DF_E_2426005,low_mp3,vcc2018,HUB-B01,spoof,notrim,eval,traditional_vocoder,HUB,B01,MM,-
TMF1,DF_E_2709983,nocodec,vcc2020,Task2-team25,spoof,notrim,eval,neural_vocoder_autoregressive,Task2,team25,MF,M
VCC2TM2,DF_E_3422292,nocodec,vcc2018,SPO-N10,spoof,notrim,eval,neural_vocoder_autoregressive,SPO,N10,FM,-
TMF1,DF_E_2328508,high_mp3,vcc2020,Task2-team07,spoof,notrim,eval,neural_vocoder_autoregressive,Task2,team07,MF,M
LA_0003,DF_E_3269414,low_ogg,asvspoof,-,bonafide,notrim,eval,bonafide,-,-,-,-
LA_0010,DF_E_2375936,low_m4a,asvspoof,A16,spoof,notrim,eval,waveform_concatenation,-,-,-,-
TEM1,DF_E_2936240,high_m4a,vcc2020,Task1-team26,spoof,notrim,eval,traditional_vocoder,Task1,team26,FM,E
TMF1,DF_E_4827850,high_m4a,vcc2020,Task2-team22,spoof,notrim,eval,neural_vocoder_nonautoregressive,Task2,team22,FF,M
LA_0010,DF_E_4758082,low_m4a,asvspoof,A19,spoof,notrim,eval,traditional_vocoder,-,-,-,-
VCC2TM1,DF_E_2606226,oggm4a,vcc2018,HUB-D04,spoof,notrim,eval,traditional_vocoder,HUB,D04,FM,-
LA_0005,DF_E_3968461,low_ogg,asvspoof,A18,spoof,notrim,eval,traditional_vocoder,-,-,-,-
VCC2TM1,DF_E_4200935,high_m4a,vcc2018,HUB-D03,spoof,notrim,eval,traditional_vocoder,HUB,D03,FM,-
VCC2SF4,DF_E_3462993,high_mp3,vcc2018,-,bonafide,notrim,eval,bonafide,-,-,-,-
VCC2SF1,DF_E_2876337,high_m4a,vcc2018,-,bonafide,notrim,eval,bonafide,-,-,-,-
LA_0018,DF_E_3954970,mp3m4a,asvspoof,-,bonafide,notrim,eval,bonafide,-,-,-,-
TEM1,DF_E_4961627,low_mp3,vcc2020,-,bonafide,notrim,eval,bonafide,-,-,-,-
TEM2,DF_E_3248405,low_mp3,vcc2020,Task1-team12,spoof,notrim,eval,traditional_vocoder,Task1,team12,MM,E
TEF1,DF_E_2366893,low_mp3,vcc2020,Task1-team29,spoof,notrim,eval,neural_vocoder_autoregressive,Task1,team29,MF,E
LA_0021,DF_E_4967783,oggm4a,asvspoof,A13,spoof,notrim,eval,traditional_vocoder,-,-,-,-
VCC2TM2,DF_E_2949104,low_m4a,vcc2018,HUB-N20,spoof,notrim,eval,traditional_vocoder,HUB,N20,MM,-
LA_0002,DF_E_2873334,high_m4a,asvspoof,-,bonafide,notrim,eval,bonafide,-,-,-,-
TGF1,DF_E_4904956,low_m4a,vcc2020,Task2-team06,spoof,notrim,eval,traditional_vocoder,Task2,team06,MF,G
LA_0011,DF_E_4290015,oggm4a,asvspoof,-,bonafide,notrim,eval,bonafide,-,-,-,-
LA_0008,DF_E_4366042,low_ogg,asvspoof,-,bonafide,notrim,eval,bonafide,-,-,-,-
VCC2TM2,DF_E_2920739,low_m4a,vcc2018,SPO-N04,spoof,notrim,eval,traditional_vocoder,SPO,N04,MM,-
LA_0019,DF_E_4713003,mp3m4a,asvspoof,-,bonafide,notrim,eval,bonafide,-,-,-,-
LA_0005,DF_E_4711081,high_ogg,asvspoof,-,bonafide,notrim,eval,bonafide,-,-,-,-
VCC2SF2,DF_E_3281769,high_m4a,vcc2018,-,bonafide,notrim,eval,bonafide,-,-,-,-
LA_0014,DF_E_3248956,high_ogg,asvspoof,-,bonafide,notrim,eval,bonafide,-,-,-,-
LA_0013,DF_E_4737085,low_ogg,asvspoof,-,bonafide,notrim,eval,bonafide,-,-,-,-
LA_0018,DF_E_3481880,low_m4a,asvspoof,-,bonafide,notrim,eval,bonafide,-,-,-,-
LA_0040,DF_E_3027812,high_ogg,asvspoof,A07,spoof,notrim,eval,traditional_vocoder,-,-,-,-
TGF1,DF_E_2200739,high_mp3,vcc2020,-,bonafide,notrim,eval,bonafide,-,-,-,-
LA_0014,DF_E_2589635,nocodec,asvspoof,-,bonafide,notrim,eval,bonafide,-,-,-,-
VCC2TF1,DF_E_2275229,high_m4a,vcc2018,-,bonafide,notrim,eval,bonafide,-,-,-,-
LA_0003,DF_E_4322822,low_ogg,asvspoof,-,bonafide,notrim,eval,bonafide,-,-,-,-
TEF2,DF_E_2584749,nocodec,vcc2020,Task1-team11,spoof,notrim,eval,neural_vocoder_autoregressive,Task1,team11,FF,E
TEF2,DF_E_3518038,low_mp3,vcc2020,Task1-team30,spoof,notrim,eval,unknown,Task1,team30,FF,E
TMM1,DF_E_4038757,high_mp3,vcc2020,Task2-team33,spoof,notrim,eval,neural_vocoder_nonautoregressive,Task2,team33,FM,M
TGM1,DF_E_2068227,low_mp3,vcc2020,Task2-team27,spoof,notrim,eval,neural_vocoder_nonautoregressive,Task2,team27,FM,G
VCC2SM1,DF_E_2720183,nocodec,vcc2018,-,bonafide,notrim,eval,bonafide,-,-,-,-
VCC2TF1,DF_E_4751808,high_ogg,vcc2018,HUB-N13,spoof,notrim,eval,traditional_vocoder,HUB,N13,MF,-
VCC2TM2,DF_E_4569164,low_ogg,vcc2018,HUB-N19,spoof,notrim,eval,traditional_vocoder,HUB,N19,MM,-
TEF2,DF_E_2388640,oggm4a,vcc2020,Task1-team11,spoof,notrim,eval,neural_vocoder_autoregressive,Task1,team11,MF,E
TEM1,DF_E_2602591,low_ogg,vcc2020,-,bonafide,notrim,eval,bonafide,-,-,-,-
TMF1,DF_E_4087427,oggm4a,vcc2020,Task2-team24,spoof,notrim,eval,neural_vocoder_autoregressive,Task2,team24,MF,M
LA_0024,DF_E_4174681,mp3m4a,asvspoof,-,bonafide,notrim,eval,bonafide,-,-,-,-
TGF1,DF_E_2622411,oggm4a,vcc2020,-,bonafide,notrim,eval,bonafide,-,-,-,-
VCC2TF1,DF_E_4717971,high_mp3,vcc2018,-,bonafide,notrim,eval,bonafide,-,-,-,-
VCC2TM2,DF_E_3050782,nocodec,vcc2018,SPO-N16,spoof,notrim,eval,traditional_vocoder,SPO,N16,FM,-
SEF1,DF_E_4243824,oggm4a,vcc2020,-,bonafide,notrim,eval,bonafide,-,-,-,-
VCC2SF1,DF_E_2627715,mp3m4a,vcc2018,-,bonafide,notrim,eval,bonafide,-,-,-,-
VCC2TM1,DF_E_2523394,low_mp3,vcc2018,HUB-N10,spoof,notrim,eval,neural_vocoder_autoregressive,HUB,N10,FM,-
TFF1,DF_E_2950237,mp3m4a,vcc2020,Task2-team09,spoof,notrim,eval,neural_vocoder_nonautoregressive,Task2,team09,MF,F
VCC2TF2,DF_E_3765432,low_mp3,vcc2018,-,bonafide,notrim,eval,bonafide,-,-,-,-
TEF2,DF_E_4438687,high_m4a,vcc2020,Task1-team23,spoof,notrim,eval,neural_vocoder_nonautoregressive,Task1,team23,FF,E
SEF2,DF_E_2313915,low_mp3,vcc2020,-,bonafide,notrim,eval,bonafide,-,-,-,-
LA_0033,DF_E_2231996,low_ogg,asvspoof,A11,spoof,notrim,eval,traditional_vocoder,-,-,-,-
SEM2,DF_E_3491955,nocodec,vcc2020,-,bonafide,notrim,eval,bonafide,-,-,-,-
VCC2TM1,DF_E_4199952,mp3m4a,vcc2018,-,bonafide,notrim,eval,bonafide,-,-,-,-
LA_0046,DF_E_2862205,high_ogg,asvspoof,-,bonafide,notrim,eval,bonafide,-,-,-,-
LA_0014,DF_E_2289492,high_m4a,asvspoof,-,bonafide,notrim,eval,bonafide,-,-,-,-
TFM1,DF_E_4765195,low_m4a,vcc2020,Task2-team07,spoof,notrim,eval,neural_vocoder_autoregressive,Task2,team07,FM,F
LA_0001,DF_E_4352627,low_mp3,asvspoof,-,bonafide,notrim,eval,bonafide,-,-,-,-
LA_0009,DF_E_3988821,high_mp3,asvspoof,A18,spoof,notrim,eval,traditional_vocoder,-,-,-,-
LA_0028,DF_E_2938429,high_ogg,asvspoof,-,bonafide,notrim,eval,bonafide,-,-,-,-
LA_0014,DF_E_2293974,oggm4a,asvspoof,-,bonafide,notrim,eval,bonafide,-,-,-,-
VCC2TM1,DF_E_3450399,high_mp3,vcc2018,HUB-D03,spoof,notrim,eval,traditional_vocoder,HUB,D03,FM,-
SEF2,DF_E_3403407,low_m4a,vcc2020,-,bonafide,notrim,eval,bonafide,-,-,-,-
LA_0002,DF_E_2886368,nocodec,asvspoof,-,bonafide,notrim,eval,bonafide,-,-,-,-
VCC2TF1,DF_E_4791547,low_m4a,vcc2018,SPO-N06,spoof,notrim,eval,traditional_vocoder,SPO,N06,MF,-
VCC2TM2,DF_E_4948064,low_mp3,vcc2018,HUB-N09,spoof,notrim,eval,traditional_vocoder,HUB,N09,MM,-
LA_0002,DF_E_2836990,low_m4a,asvspoof,-,bonafide,notrim,eval,bonafide,-,-,-,-
LA_0024,DF_E_3731516,mp3m4a,asvspoof,-,bonafide,notrim,eval,bonafide,-,-,-,-
TGM1,DF_E_3802424,high_ogg,vcc2020,Task2-team24,spoof,notrim,eval,neural_vocoder_autoregressive,Task2,team24,MM,G
TEM2,DF_E_3705325,mp3m4a,vcc2020,Task1-team23,spoof,notrim,eval,neural_vocoder_nonautoregressive,Task1,team23,FM,E
VCC2TF2,DF_E_3145942,high_mp3,vcc2018,-,bonafide,notrim,eval,bonafide,-,-,-,-
TEF2,DF_E_2541948,mp3m4a,vcc2020,Task1-team04,spoof,notrim,eval,neural_vocoder_autoregressive,Task1,team04,FF,E
VCC2SF2,DF_E_3896763,nocodec,vcc2018,-,bonafide,notrim,eval,bonafide,-,-,-,-
TMM1,DF_E_3144776,high_mp3,vcc2020,Task2-team22,spoof,notrim,eval,neural_vocoder_nonautoregressive,Task2,team22,FM,M
TEM1,DF_E_2546624,low_m4a,vcc2020,Task1-team09,spoof,notrim,eval,neural_vocoder_nonautoregressive,Task1,team09,MM,E
TEF2,DF_E_3339945,high_m4a,vcc2020,-,bonafide,notrim,eval,bonafide,-,-,-,-
VCC2TM1,DF_E_4378062,low_mp3,vcc2018,HUB-N15,spoof,notrim,eval,traditional_vocoder,HUB,N15,FM,-
SEM1,DF_E_4413389,high_ogg,vcc2020,-,bonafide,notrim,eval,bonafide,-,-,-,-
LA_0013,DF_E_4686522,high_ogg,asvspoof,A15,spoof,notrim,eval,neural_vocoder_autoregressive,-,-,-,-
VCC2TF1,DF_E_4549163,low_mp3,vcc2018,-,bonafide,notrim,eval,bonafide,-,-,-,-
VCC2SF3,DF_E_4022739,high_mp3,vcc2018,-,bonafide,notrim,eval,bonafide,-,-,-,-
LA_0023,DF_E_4620912,low_ogg,asvspoof,A11,spoof,notrim,eval,traditional_vocoder,-,-,-,-
TFF1,DF_E_3698576,high_m4a,vcc2020,Task2-team11,spoof,notrim,eval,neural_vocoder_autoregressive,Task2,team11,FF,F
TGM1,DF_E_4539551,mp3m4a,vcc2020,Task2-team24,spoof,notrim,eval,neural_vocoder_autoregressive,Task2,team24,MM,G
VCC2TF1,DF_E_3897675,high_m4a,vcc2018,HUB-N06,spoof,notrim,eval,traditional_vocoder,HUB,N06,FF,-
TEF2,DF_E_3842553,high_mp3,vcc2020,Task1-team06,spoof,notrim,eval,traditional_vocoder,Task1,team06,MF,E
TEF2,DF_E_2513876,high_ogg,vcc2020,Task1-team22,spoof,notrim,eval,neural_vocoder_nonautoregressive,Task1,team22,FF,E
VCC2TF2,DF_E_2312945,nocodec,vcc2018,-,bonafide,notrim,eval,bonafide,-,-,-,-
TEF2,DF_E_2137879,low_mp3,vcc2020,Task1-team12,spoof,notrim,eval,traditional_vocoder,Task1,team12,FF,E
TFM1,DF_E_3836707,high_mp3,vcc2020,Task2-team27,spoof,notrim,eval,neural_vocoder_nonautoregressive,Task2,team27,MM,F
