speaker_id,trial_id,codec,source,attack,label,trim,subset,vocoder,field10,field11,field12,field13,hf_row_index,hf_shard,hf_shard_file
TFF1,DF_E_4923632,nocodec,vcc2020,Task2-team32,spoof,notrim,eval,neural_vocoder_autoregressive,Task2,team32,MF,F,596274,77,test-00077-of-00080.parquet
VCC2TM2,DF_E_3374443,low_m4a,vcc2018,-,bonafide,notrim,eval,bonafide,-,-,-,-,280399,36,test-00036-of-00080.parquet
TFM1,DF_E_4183813,low_m4a,vcc2020,Task2-team02,spoof,notrim,eval,neural_vocoder_nonautoregressive,Task2,team02,FM,F,445430,58,test-00058-of-00080.parquet
LA_0044,DF_E_4985395,oggm4a,asvspoof,-,bonafide,notrim,eval,bonafide,-,-,-,-,608837,79,test-00079-of-00080.parquet
VCC2TF1,DF_E_3791195,high_ogg,vcc2018,SPO-N11,spoof,notrim,eval,traditional_vocoder,SPO,N11,FF,-,365437,47,test-00047-of-00080.parquet
TGM1,DF_E_2613245,high_ogg,vcc2020,Task2-team10,spoof,notrim,eval,neural_vocoder_autoregressive,Task2,team10,MM,G,125244,16,test-00016-of-00080.parquet
VCC2TM1,DF_E_3254236,oggm4a,vcc2018,-,bonafide,notrim,eval,bonafide,-,-,-,-,256096,33,test-00033-of-00080.parquet
VCC2TM1,DF_E_3209593,mp3m4a,vcc2018,SPO-N04,spoof,notrim,eval,traditional_vocoder,SPO,N04,FM,-,246973,32,test-00032-of-00080.parquet
VCC2SM3,DF_E_2831248,high_m4a,vcc2018,-,bonafide,notrim,eval,bonafide,-,-,-,-,169633,22,test-00022-of-00080.parquet
TEM2,DF_E_4454657,high_ogg,vcc2020,Task1-team06,spoof,notrim,eval,traditional_vocoder,Task1,team06,FM,E,500721,65,test-00065-of-00080.parquet
LA_0046,DF_E_2823098,high_m4a,asvspoof,-,bonafide,notrim,eval,bonafide,-,-,-,-,167954,21,test-00021-of-00080.parquet
VCC2TM1,DF_E_2259085,high_ogg,vcc2018,HUB-N07,spoof,notrim,eval,traditional_vocoder,HUB,N07,MM,-,52821,6,test-00006-of-00080.parquet
VCC2TM2,DF_E_4668897,high_mp3,vcc2018,SPO-N03,spoof,notrim,eval,unknown,SPO,N03,MM,-,544311,71,test-00071-of-00080.parquet
LA_0040,DF_E_2894452,low_ogg,asvspoof,-,bonafide,notrim,eval,bonafide,-,-,-,-,182599,23,test-00023-of-00080.parquet
SEF2,DF_E_4382674,low_m4a,vcc2020,-,bonafide,notrim,eval,bonafide,-,-,-,-,486044,63,test-00063-of-00080.parquet
LA_0008,DF_E_3659955,high_ogg,asvspoof,-,bonafide,notrim,eval,bonafide,-,-,-,-,338942,44,test-00044-of-00080.parquet
LA_0029,DF_E_4015349,mp3m4a,asvspoof,-,bonafide,notrim,eval,bonafide,-,-,-,-,410989,53,test-00053-of-00080.parquet
LA_0003,DF_E_4162082,high_mp3,asvspoof,-,bonafide,notrim,eval,bonafide,-,-,-,-,440998,57,test-00057-of-00080.parquet
VCC2TM1,DF_E_3133374,low_ogg,vcc2018,SPO-N05,spoof,notrim,eval,traditional_vocoder,SPO,N05,MM,-,231388,30,test-00030-of-00080.parquet
TMM1,DF_E_3204719,nocodec,vcc2020,Task2-team18,spoof,notrim,eval,unknown,Task2,team18,FM,M,245994,32,test-00032-of-00080.parquet
LA_0021,DF_E_2061999,mp3m4a,asvspoof,-,bonafide,notrim,eval,bonafide,-,-,-,-,12599,1,test-00001-of-00080.parquet
VCC2TF2,DF_E_2376806,low_ogg,vcc2018,HUB-D05,spoof,notrim,eval,traditional_vocoder,HUB,D05,MF,-,76731,10,test-00010-of-00080.parquet
VCC2TM2,DF_E_4967815,oggm4a,vcc2018,SPO-N13,spoof,notrim,eval,traditional_vocoder,SPO,N13,MM,-,605182,79,test-00079-of-00080.parquet
TEM2,DF_E_3988172,high_m4a,vcc2020,Task1-team11,spoof,notrim,eval,neural_vocoder_autoregressive,Task1,team11,MM,E,405461,53,test-00053-of-00080.parquet
VCC2TF1,DF_E_2807935,oggm4a,vcc2018,HUB-N18,spoof,notrim,eval,traditional_vocoder,HUB,N18,FF,-,164804,21,test-00021-of-00080.parquet
LA_0043,DF_E_3328449,high_m4a,asvspoof,-,bonafide,notrim,eval,bonafide,-,-,-,-,271020,35,test-00035-of-00080.parquet
TMM1,DF_E_3930869,high_mp3,vcc2020,Task2-team06,spoof,notrim,eval,traditional_vocoder,Task2,team06,MM,M,393880,51,test-00051-of-00080.parquet
LA_0028,DF_E_2879339,oggm4a,asvspoof,-,bonafide,notrim,eval,bonafide,-,-,-,-,179530,23,test-00023-of-00080.parquet
VCC2SF2,DF_E_4824234,nocodec,vcc2018,-,bonafide,notrim,eval,bonafide,-,-,-,-,575875,75,test-00075-of-00080.parquet
VCC2SM3,DF_E_2414524,high_m4a,vcc2018,-,bonafide,notrim,eval,bonafide,-,-,-,-,84386,11,test-00011-of-00080.parquet
VCC2SF3,DF_E_2970010,low_ogg,vcc2018,-,bonafide,notrim,eval,bonafide,-,-,-,-,198039,25,test-00025-of-00080.parquet
LA_0003,DF_E_3437321,oggm4a,asvspoof,-,bonafide,notrim,eval,bonafide,-,-,-,-,293308,38,test-00038-of-00080.parquet
LA_0019,DF_E_4985047,low_ogg,asvspoof,-,bonafide,notrim,eval,bonafide,-,-,-,-,608768,79,test-00079-of-00080.parquet
VCC2SM2,DF_E_4681101,oggm4a,vcc2018,-,bonafide,notrim,eval,bonafide,-,-,-,-,546824,71,test-00071-of-00080.parquet
TEM2,DF_E_2347800,high_m4a,vcc2020,Task1-team14,spoof,notrim,eval,neural_vocoder_nonautoregressive,Task1,team14,MM,E,70893,9,test-00009-of-00080.parquet
VCC2TF2,DF_E_3365854,low_mp3,vcc2018,-,bonafide,notrim,eval,bonafide,-,-,-,-,278729,36,test-00036-of-00080.parquet
TGM1,DF_E_2663902,low_ogg,vcc2020,Task2-team23,spoof,notrim,eval,neural_vocoder_autoregressive,Task2,team23,MM,G,135657,17,test-00017-of-00080.parquet
LA_0041,DF_E_4229890,high_ogg,asvspoof,A07,spoof,notrim,eval,traditional_vocoder,-,-,-,-,454811,59,test-00059-of-00080.parquet
TGM1,DF_E_2769079,high_m4a,vcc2020,Task2-team05,spoof,notrim,eval,neural_vocoder_nonautoregressive,Task2,team05,MM,G,156936,20,test-00020-of-00080.parquet
VCC2SF1,DF_E_4477656,high_ogg,vcc2018,-,bonafide,notrim,eval,bonafide,-,-,-,-,505416,66,test-00066-of-00080.parquet
LA_0036,DF_E_4041491,high_mp3,asvspoof,-,bonafide,notrim,eval,bonafide,-,-,-,-,416407,54,test-00054-of-00080.parquet
VCC2TM1,DF_E_2964946,oggm4a,vcc2018,SPO-N13,spoof,notrim,eval,traditional_vocoder,SPO,N13,FM,-,196968,25,test-00025-of-00080.parquet
LA_0014,DF_E_2878301,high_ogg,asvspoof,-,bonafide,notrim,eval,bonafide,-,-,-,-,179344,23,test-00023-of-00080.parquet
VCC2SF3,DF_E_2865615,low_ogg,vcc2018,-,bonafide,notrim,eval,bonafide,-,-,-,-,176701,23,test-00023-of-00080.parquet
LA_0033,DF_E_4712727,low_ogg,asvspoof,A13,spoof,notrim,eval,traditional_vocoder,-,-,-,-,553253,72,test-00072-of-00080.parquet
LA_0011,DF_E_4385462,nocodec,asvspoof,-,bonafide,notrim,eval,bonafide,-,-,-,-,486608,63,test-00063-of-00080.parquet
SEM2,DF_E_3046882,low_mp3,vcc2020,-,bonafide,notrim,eval,bonafide,-,-,-,-,213825,27,test-00027-of-00080.parquet
LA_0051,DF_E_4666488,oggm4a,asvspoof,-,bonafide,notrim,eval,bonafide,-,-,-,-,543827,71,test-00071-of-00080.parquet
VCC2TM2,DF_E_4247252,high_m4a,vcc2018,-,bonafide,notrim,eval,bonafide,-,-,-,-,458399,59,test-00059-of-00080.parquet
VCC2TM2,DF_E_3412290,low_ogg,vcc2018,HUB-N07,spoof,notrim,eval,traditional_vocoder,HUB,N07,MM,-,288145,37,test-00037-of-00080.parquet
VCC2TM1,DF_E_4669716,low_mp3,vcc2018,HUB-N17,spoof,notrim,eval,neural_vocoder_autoregressive,HUB,N17,MM,-,544487,71,test-00071-of-00080.parquet
TGM1,DF_E_3854101,high_ogg,vcc2020,-,bonafide,notrim,eval,bonafide,-,-,-,-,378228,49,test-00049-of-00080.parquet
VCC2TF2,DF_E_4542594,low_mp3,vcc2018,HUB-N07,spoof,notrim,eval,traditional_vocoder,HUB,N07,FF,-,518638,67,test-00067-of-00080.parquet
VCC2SF1,DF_E_2033328,high_mp3,vcc2018,-,bonafide,notrim,eval,bonafide,-,-,-,-,6762,0,test-00000-of-00080.parquet
LA_0017,DF_E_4406569,oggm4a,asvspoof,-,bonafide,notrim,eval,bonafide,-,-,-,-,490934,64,test-00064-of-00080.parquet
LA_0046,DF_E_3027728,mp3m4a,asvspoof,A13,spoof,notrim,eval,traditional_vocoder,-,-,-,-,209903,27,test-00027-of-00080.parquet
TMF1,DF_E_3176556,high_ogg,vcc2020,Task2-team18,spoof,notrim,eval,unknown,Task2,team18,MF,M,240293,31,test-00031-of-00080.parquet
TMF1,DF_E_3970021,mp3m4a,vcc2020,Task2-team08,spoof,notrim,eval,traditional_vocoder,Task2,team08,FF,M,401816,52,test-00052-of-00080.parquet
VCC2TM1,DF_E_3914911,high_mp3,vcc2018,HUB-N08,spoof,notrim,eval,traditional_vocoder,HUB,N08,MM,-,390574,51,test-00051-of-00080.parquet
VCC2SF1,DF_E_2974149,low_m4a,vcc2018,-,bonafide,notrim,eval,bonafide,-,-,-,-,198887,26,test-00026-of-00080.parquet
TFF1,DF_E_3259550,low_mp3,vcc2020,Task2-team12,spoof,notrim,eval,traditional_vocoder,Task2,team12,MF,F,257180,33,test-00033-of-00080.parquet
LA_0014,DF_E_2251120,mp3m4a,asvspoof,-,bonafide,notrim,eval,bonafide,-,-,-,-,51211,6,test-00006-of-00080.parquet
VCC2TF2,DF_E_4103973,low_ogg,vcc2018,SPO-N16,spoof,notrim,eval,traditional_vocoder,SPO,N16,FF,-,429159,56,test-00056-of-00080.parquet
TFM1,DF_E_3858958,high_m4a,vcc2020,Task2-team22,spoof,notrim,eval,neural_vocoder_nonautoregressive,Task2,team22,MM,F,379187,49,test-00049-of-00080.parquet
TFM1,DF_E_3156119,oggm4a,vcc2020,Task2-team31,spoof,notrim,eval,neural_vocoder_nonautoregressive,Task2,team31,MM,F,236072,30,test-00030-of-00080.parquet
VCC2TF2,DF_E_3871582,nocodec,vcc2018,HUB-N20,spoof,notrim,eval,traditional_vocoder,HUB,N20,MF,-,381738,49,test-00049-of-00080.parquet
LA_0051,DF_E_2620215,oggm4a,asvspoof,-,bonafide,notrim,eval,bonafide,-,-,-,-,126740,16,test-00016-of-00080.parquet
VCC2TF1,DF_E_4458121,low_mp3,vcc2018,HUB-N09,spoof,notrim,eval,traditional_vocoder,HUB,N09,FF,-,501433,65,test-00065-of-00080.parquet
VCC2TM2,DF_E_4078389,high_mp3,vcc2018,-,bonafide,notrim,eval,bonafide,-,-,-,-,423876,55,test-00055-of-00080.parquet
VCC2TM2,DF_E_4763960,low_mp3,vcc2018,HUB-D01,spoof,notrim,eval,traditional_vocoder,HUB,D01,FM,-,563644,73,test-00073-of-00080.parquet
VCC2TF1,DF_E_2339845,low_mp3,vcc2018,SPO-N05,spoof,notrim,eval,traditional_vocoder,SPO,N05,FF,-,69265,9,test-00009-of-00080.parquet
LA_0033,DF_E_4238399,low_m4a,asvspoof,-,bonafide,notrim,eval,bonafide,-,-,-,-,456536,59,test-00059-of-00080.parquet
TGM1,DF_E_4303799,low_m4a,vcc2020,Task2-team15,spoof,notrim,eval,neural_vocoder_nonautoregressive,Task2,team15,MM,G,469823,61,test-00061-of-00080.parquet
VCC2TF2,DF_E_3715478,high_m4a,vcc2018,HUB-N08,spoof,notrim,eval,traditional_vocoder,HUB,N08,FF,-,350226,45,test-00045-of-00080.parquet
LA_0015,DF_E_2667085,mp3m4a,asvspoof,-,bonafide,notrim,eval,bonafide,-,-,-,-,136300,17,test-00017-of-00080.parquet
LA_0028,DF_E_4476637,high_ogg,asvspoof,-,bonafide,notrim,eval,bonafide,-,-,-,-,505206,66,test-00066-of-00080.parquet
VCC2TM1,DF_E_4225119,low_ogg,vcc2018,HUB-N18,spoof,notrim,eval,traditional_vocoder,HUB,N18,MM,-,453819,59,test-00059-of-00080.parquet
LA_0005,DF_E_3024545,nocodec,asvspoof,-,bonafide,notrim,eval,bonafide,-,-,-,-,209254,27,test-00027-of-00080.parquet
LA_0028,DF_E_3090532,low_m4a,asvspoof,-,bonafide,notrim,eval,bonafide,-,-,-,-,222698,29,test-00029-of-00080.parquet
LA_0039,DF_E_3983129,nocodec,asvspoof,A10,spoof,notrim,eval,neural_vocoder_autoregressive,-,-,-,-,404452,52,test-00052-of-00080.parquet
LA_0049,DF_E_4302284,high_m4a,asvspoof,-,bonafide,notrim,eval,bonafide,-,-,-,-,469522,61,test-00061-of-00080.parquet
TEF1,DF_E_3178006,nocodec,vcc2020,-,bonafide,notrim,eval,bonafide,-,-,-,-,240605,31,test-00031-of-00080.parquet
TEM2,DF_E_3394559,low_mp3,vcc2020,Task1-team11,spoof,notrim,eval,neural_vocoder_autoregressive,Task1,team11,FM,E,284623,37,test-00037-of-00080.parquet
VCC2TF1,DF_E_2783875,low_ogg,vcc2018,SPO-N12,spoof,notrim,eval,traditional_vocoder,SPO,N12,FF,-,159967,20,test-00020-of-00080.parquet
TGF1,DF_E_3953883,mp3m4a,vcc2020,Task2-team02,spoof,notrim,eval,neural_vocoder_nonautoregressive,Task2,team02,FF,G,398594,52,test-00052-of-00080.parquet
LA_0002,DF_E_3987070,low_mp3,asvspoof,A07,spoof,notrim,eval,traditional_vocoder,-,-,-,-,405226,52,test-00052-of-00080.parquet
VCC2TM2,DF_E_2536770,nocodec,vcc2018,HUB-D01,spoof,notrim,eval,traditional_vocoder,HUB,D01,FM,-,109631,14,test-00014-of-00080.parquet
TFF1,DF_E_4142531,low_mp3,vcc2020,-,bonafide,notrim,eval,bonafide,-,-,-,-,437004,57,test-00057-of-00080.parquet
TFM1,DF_E_2337613,high_ogg,vcc2020,-,bonafide,notrim,eval,bonafide,-,-,-,-,68842,9,test-00009-of-00080.parquet
VCC2TM2,DF_E_2531753,low_ogg,vcc2018,HUB-N07,spoof,notrim,eval,traditional_vocoder,HUB,N07,FM,-,108590,14,test-00014-of-00080.parquet
LA_0046,DF_E_3137918,low_ogg,asvspoof,A15,spoof,notrim,eval,neural_vocoder_autoregressive,-,-,-,-,232305,30,test-00030-of-00080.parquet
VCC2TM2,DF_E_4082407,mp3m4a,vcc2018,HUB-N07,spoof,notrim,eval,traditional_vocoder,HUB,N07,FM,-,424705,55,test-00055-of-00080.parquet
TGM1,DF_E_2998426,high_mp3,vcc2020,-,bonafide,notrim,eval,bonafide,-,-,-,-,203918,26,test-00026-of-00080.parquet
VCC2SF2,DF_E_4616623,high_ogg,vcc2018,-,bonafide,notrim,eval,bonafide,-,-,-,-,533630,69,test-00069-of-00080.parquet
TEF2,DF_E_2802020,nocodec,vcc2020,Task1-team13,spoof,notrim,eval,neural_vocoder_autoregressive,Task1,team13,MF,E,163571,21,test-00021-of-00080.parquet
LA_0004,DF_E_4925041,nocodec,asvspoof,A13,spoof,notrim,eval,traditional_vocoder,-,-,-,-,596567,78,test-00078-of-00080.parquet
LA_0045,DF_E_2750993,low_ogg,asvspoof,-,bonafide,notrim,eval,bonafide,-,-,-,-,153224,20,test-00020-of-00080.parquet
TEM2,DF_E_2390578,high_ogg,vcc2020,Task1-team23,spoof,notrim,eval,neural_vocoder_nonautoregressive,Task1,team23,MM,E,79529,10,test-00010-of-00080.parquet
VCC2TM2,DF_E_4660608,low_mp3,vcc2018,HUB-N15,spoof,notrim,eval,traditional_vocoder,HUB,N15,FM,-,542616,70,test-00070-of-00080.parquet
LA_0042,DF_E_4660631,oggm4a,asvspoof,A19,spoof,notrim,eval,traditional_vocoder,-,-,-,-,542624,70,test-00070-of-00080.parquet
LA_0033,DF_E_4001453,oggm4a,asvspoof,-,bonafide,notrim,eval,bonafide,-,-,-,-,408200,53,test-00053-of-00080.parquet
LA_0046,DF_E_4725252,oggm4a,asvspoof,-,bonafide,notrim,eval,bonafide,-,-,-,-,555839,72,test-00072-of-00080.parquet
VCC2TM2,DF_E_4695008,low_m4a,vcc2018,-,bonafide,notrim,eval,bonafide,-,-,-,-,549661,71,test-00071-of-00080.parquet
TMM1,DF_E_3335958,low_m4a,vcc2020,Task2-team20,spoof,notrim,eval,neural_vocoder_nonautoregressive,Task2,team20,MM,M,272534,35,test-00035-of-00080.parquet
LA_0026,DF_E_4992995,high_ogg,asvspoof,-,bonafide,notrim,eval,bonafide,-,-,-,-,610403,79,test-00079-of-00080.parquet
LA_0049,DF_E_3636010,nocodec,asvspoof,-,bonafide,notrim,eval,bonafide,-,-,-,-,334028,43,test-00043-of-00080.parquet
LA_0045,DF_E_2674615,low_ogg,asvspoof,-,bonafide,notrim,eval,bonafide,-,-,-,-,137849,18,test-00018-of-00080.parquet
VCC2SM1,DF_E_3395141,high_ogg,vcc2018,-,bonafide,notrim,eval,bonafide,-,-,-,-,284731,37,test-00037-of-00080.parquet
VCC2SM4,DF_E_3470340,low_ogg,vcc2018,-,bonafide,notrim,eval,bonafide,-,-,-,-,300109,39,test-00039-of-00080.parquet
LA_0018,DF_E_3497935,low_mp3,asvspoof,-,bonafide,notrim,eval,bonafide,-,-,-,-,305814,39,test-00039-of-00080.parquet
LA_0014,DF_E_4777584,mp3m4a,asvspoof,-,bonafide,notrim,eval,bonafide,-,-,-,-,566294,74,test-00074-of-00080.parquet
VCC2TM1,DF_E_4015834,low_m4a,vcc2018,HUB-N11,spoof,notrim,eval,traditional_vocoder,HUB,N11,MM,-,411082,53,test-00053-of-00080.parquet
VCC2TM2,DF_E_2911388,high_m4a,vcc2018,SPO-N06,spoof,notrim,eval,traditional_vocoder,SPO,N06,FM,-,185988,24,test-00024-of-00080.parquet
TGF1,DF_E_2807406,nocodec,vcc2020,Task2-team22,spoof,notrim,eval,neural_vocoder_nonautoregressive,Task2,team22,FF,G,164698,21,test-00021-of-00080.parquet
LA_0054,DF_E_3235333,mp3m4a,asvspoof,-,bonafide,notrim,eval,bonafide,-,-,-,-,252239,32,test-00032-of-00080.parquet
VCC2SM2,DF_E_4202528,low_m4a,vcc2018,-,bonafide,notrim,eval,bonafide,-,-,-,-,449215,58,test-00058-of-00080.parquet
VCC2TF1,DF_E_4273738,high_m4a,vcc2018,SPO-B01,spoof,notrim,eval,traditional_vocoder,SPO,B01,FF,-,463805,60,test-00060-of-00080.parquet
LA_0048,DF_E_4428003,oggm4a,asvspoof,-,bonafide,notrim,eval,bonafide,-,-,-,-,495296,64,test-00064-of-00080.parquet
VCC2SF2,DF_E_3141150,low_m4a,vcc2018,-,bonafide,notrim,eval,bonafide,-,-,-,-,232937,30,test-00030-of-00080.parquet
TGF1,DF_E_3949740,low_ogg,vcc2020,Task2-team02,spoof,notrim,eval,neural_vocoder_nonautoregressive,Task2,team02,MF,G,397751,52,test-00052-of-00080.parquet
VCC2TM1,DF_E_3016443,nocodec,vcc2018,SPO-N06,spoof,notrim,eval,traditional_vocoder,SPO,N06,FM,-,207602,27,test-00027-of-00080.parquet
LA_0001,DF_E_3365625,high_m4a,asvspoof,A09,spoof,notrim,eval,traditional_vocoder,-,-,-,-,278683,36,test-00036-of-00080.parquet
TEM1,DF_E_2556831,high_m4a,vcc2020,Task1-team28,spoof,notrim,eval,neural_vocoder_autoregressive,Task1,team28,FM,E,113721,14,test-00014-of-00080.parquet
TGF1,DF_E_4171146,low_mp3,vcc2020,-,bonafide,notrim,eval,bonafide,-,-,-,-,442854,57,test-00057-of-00080.parquet
VCC2SM4,DF_E_3464308,low_m4a,vcc2018,-,bonafide,notrim,eval,bonafide,-,-,-,-,298857,39,test-00039-of-00080.parquet
TGF1,DF_E_3322754,low_mp3,vcc2020,Task2-team06,spoof,notrim,eval,traditional_vocoder,Task2,team06,FF,G,269850,35,test-00035-of-00080.parquet
VCC2SF1,DF_E_2290822,low_mp3,vcc2018,-,bonafide,notrim,eval,bonafide,-,-,-,-,59241,7,test-00007-of-00080.parquet
VCC2SF1,DF_E_3476887,nocodec,vcc2018,-,bonafide,notrim,eval,bonafide,-,-,-,-,301499,39,test-00039-of-00080.parquet
TGM1,DF_E_3782031,high_mp3,vcc2020,Task2-team22,spoof,notrim,eval,neural_vocoder_nonautoregressive,Task2,team22,FM,G,363615,47,test-00047-of-00080.parquet
VCC2SF3,DF_E_4444349,low_m4a,vcc2018,-,bonafide,notrim,eval,bonafide,-,-,-,-,498601,65,test-00065-of-00080.parquet
VCC2TF1,DF_E_2607803,oggm4a,vcc2018,HUB-D04,spoof,notrim,eval,traditional_vocoder,HUB,D04,MF,-,124163,16,test-00016-of-00080.parquet
VCC2TF1,DF_E_4831007,nocodec,vcc2018,HUB-D04,spoof,notrim,eval,traditional_vocoder,HUB,D04,FF,-,577326,75,test-00075-of-00080.parquet
LA_0045,DF_E_4262420,mp3m4a,asvspoof,-,bonafide,notrim,eval,bonafide,-,-,-,-,461544,60,test-00060-of-00080.parquet
TEM1,DF_E_3363446,low_mp3,vcc2020,-,bonafide,notrim,eval,bonafide,-,-,-,-,278234,36,test-00036-of-00080.parquet
TEF2,DF_E_3514408,nocodec,vcc2020,-,bonafide,notrim,eval,bonafide,-,-,-,-,309186,40,test-00040-of-00080.parquet
TFM1,DF_E_3141471,high_ogg,vcc2020,Task2-team30,spoof,notrim,eval,unknown,Task2,team30,FM,F,233014,30,test-00030-of-00080.parquet
TMF1,DF_E_2136234,oggm4a,vcc2020,Task2-team03,spoof,notrim,eval,neural_vocoder_autoregressive,Task2,team03,MF,M,27699,3,test-00003-of-00080.parquet
VCC2TF1,DF_E_2198801,oggm4a,vcc2018,HUB-B00,spoof,notrim,eval,unknown,HUB,B00,FF,-,40638,5,test-00005-of-00080.parquet
VCC2TM2,DF_E_2313390,mp3m4a,vcc2018,HUB-N16,spoof,notrim,eval,traditional_vocoder,HUB,N16,MM,-,63854,8,test-00008-of-00080.parquet
TEF1,DF_E_4026714,low_mp3,vcc2020,Task1-team07,spoof,notrim,eval,neural_vocoder_autoregressive,Task1,team07,MF,E,413305,54,test-00054-of-00080.parquet
TFM1,DF_E_3137236,high_ogg,vcc2020,Task2-team02,spoof,notrim,eval,neural_vocoder_nonautoregressive,Task2,team02,FM,F,232165,30,test-00030-of-00080.parquet
LA_0003,DF_E_3486888,high_ogg,asvspoof,-,bonafide,notrim,eval,bonafide,-,-,-,-,303569,39,test-00039-of-00080.parquet
VCC2TF1,DF_E_2781446,mp3m4a,vcc2018,HUB-N05,spoof,notrim,eval,traditional_vocoder,HUB,N05,FF,-,159472,20,test-00020-of-00080.parquet
TEF2,DF_E_4143435,nocodec,vcc2020,-,bonafide,notrim,eval,bonafide,-,-,-,-,437203,57,test-00057-of-00080.parquet
TGF1,DF_E_2392857,low_ogg,vcc2020,Task2-team08,spoof,notrim,eval,traditional_vocoder,Task2,team08,FF,G,79994,10,test-00010-of-00080.parquet
LA_0041,DF_E_3490728,low_mp3,asvspoof,-,bonafide,notrim,eval,bonafide,-,-,-,-,304323,39,test-00039-of-00080.parquet
VCC2SF3,DF_E_2677272,low_ogg,vcc2018,-,bonafide,notrim,eval,bonafide,-,-,-,-,138399,18,test-00018-of-00080.parquet
LA_0021,DF_E_4116882,high_ogg,asvspoof,A07,spoof,notrim,eval,traditional_vocoder,-,-,-,-,431776,56,test-00056-of-00080.parquet
LA_0011,DF_E_4190631,high_ogg,asvspoof,-,bonafide,notrim,eval,bonafide,-,-,-,-,446777,58,test-00058-of-00080.parquet
VCC2TM1,DF_E_4552668,high_mp3,vcc2018,-,bonafide,notrim,eval,bonafide,-,-,-,-,520666,68,test-00068-of-00080.parquet
TFM1,DF_E_2720130,mp3m4a,vcc2020,Task2-team19,spoof,notrim,eval,neural_vocoder_nonautoregressive,Task2,team19,MM,F,147027,19,test-00019-of-00080.parquet
LA_0018,DF_E_3650975,oggm4a,asvspoof,-,bonafide,notrim,eval,bonafide,-,-,-,-,337167,44,test-00044-of-00080.parquet
LA_0002,DF_E_3287170,low_ogg,asvspoof,-,bonafide,notrim,eval,bonafide,-,-,-,-,262725,34,test-00034-of-00080.parquet
TFF1,DF_E_3237437,high_mp3,vcc2020,Task2-team06,spoof,notrim,eval,traditional_vocoder,Task2,team06,FF,F,252676,33,test-00033-of-00080.parquet
LA_0015,DF_E_4474175,high_ogg,asvspoof,-,bonafide,notrim,eval,bonafide,-,-,-,-,504698,65,test-00065-of-00080.parquet
VCC2SM1,DF_E_2450412,high_mp3,vcc2018,-,bonafide,notrim,eval,bonafide,-,-,-,-,91911,12,test-00012-of-00080.parquet
VCC2SM1,DF_E_2951843,low_mp3,vcc2018,-,bonafide,notrim,eval,bonafide,-,-,-,-,194301,25,test-00025-of-00080.parquet
VCC2TF2,DF_E_2597289,mp3m4a,vcc2018,SPO-N16,spoof,notrim,eval,traditional_vocoder,SPO,N16,FF,-,121998,15,test-00015-of-00080.parquet
LA_0034,DF_E_4067981,low_ogg,asvspoof,-,bonafide,notrim,eval,bonafide,-,-,-,-,421753,55,test-00055-of-00080.parquet
LA_0043,DF_E_2309332,low_ogg,asvspoof,A17,spoof,notrim,eval,traditional_vocoder,-,-,-,-,63024,8,test-00008-of-00080.parquet
LA_0044,DF_E_3916724,mp3m4a,asvspoof,-,bonafide,notrim,eval,bonafide,-,-,-,-,390941,51,test-00051-of-00080.parquet
TEF1,DF_E_3207810,nocodec,vcc2020,-,bonafide,notrim,eval,bonafide,-,-,-,-,246597,32,test-00032-of-00080.parquet
TGM1,DF_E_2098160,high_m4a,vcc2020,-,bonafide,notrim,eval,bonafide,-,-,-,-,19938,2,test-00002-of-00080.parquet
VCC2TF2,DF_E_4434973,high_mp3,vcc2018,HUB-N18,spoof,notrim,eval,traditional_vocoder,HUB,N18,FF,-,496702,64,test-00064-of-00080.parquet
VCC2TF1,DF_E_4156401,oggm4a,vcc2018,HUB-N10,spoof,notrim,eval,neural_vocoder_autoregressive,HUB,N10,FF,-,439861,57,test-00057-of-00080.parquet
TMM1,DF_E_2645301,low_mp3,vcc2020,Task2-team31,spoof,notrim,eval,neural_vocoder_nonautoregressive,Task2,team31,FM,M,131900,17,test-00017-of-00080.parquet
TMF1,DF_E_4726123,mp3m4a,vcc2020,Task2-team12,spoof,notrim,eval,traditional_vocoder,Task2,team12,MF,M,556013,72,test-00072-of-00080.parquet
TEF2,DF_E_4611443,high_ogg,vcc2020,Task1-team27,spoof,notrim,eval,neural_vocoder_nonautoregressive,Task1,team27,MF,E,532545,69,test-00069-of-00080.parquet
VCC2SF3,DF_E_3849096,high_mp3,vcc2018,-,bonafide,notrim,eval,bonafide,-,-,-,-,377158,49,test-00049-of-00080.parquet
TFM1,DF_E_4444168,mp3m4a,vcc2020,Task2-team18,spoof,notrim,eval,unknown,Task2,team18,FM,F,498564,65,test-00065-of-00080.parquet
LA_0028,DF_E_3142051,high_mp3,asvspoof,A09,spoof,notrim,eval,traditional_vocoder,-,-,-,-,233129,30,test-00030-of-00080.parquet
LA_0027,DF_E_2550213,mp3m4a,asvspoof,-,bonafide,notrim,eval,bonafide,-,-,-,-,112416,14,test-00014-of-00080.parquet
TEF2,DF_E_4720829,oggm4a,vcc2020,Task1-team25,spoof,notrim,eval,neural_vocoder_autoregressive,Task1,team25,MF,E,554953,72,test-00072-of-00080.parquet
TMF1,DF_E_2900173,nocodec,vcc2020,Task2-team29,spoof,notrim,eval,neural_vocoder_autoregressive,Task2,team29,FF,M,183743,24,test-00024-of-00080.parquet
VCC2SF4,DF_E_3625962,low_m4a,vcc2018,-,bonafide,notrim,eval,bonafide,-,-,-,-,331898,43,test-00043-of-00080.parquet
TFF1,DF_E_2163428,high_ogg,vcc2020,Task2-team06,spoof,notrim,eval,traditional_vocoder,Task2,team06,FF,F,33350,4,test-00004-of-00080.parquet
LA_0015,DF_E_2478480,nocodec,asvspoof,-,bonafide,notrim,eval,bonafide,-,-,-,-,97693,12,test-00012-of-00080.parquet
TEM2,DF_E_3051948,low_m4a,vcc2020,Task1-team26,spoof,notrim,eval,traditional_vocoder,Task1,team26,FM,E,214847,28,test-00028-of-00080.parquet
LA_0014,DF_E_2280317,nocodec,asvspoof,-,bonafide,notrim,eval,bonafide,-,-,-,-,57129,7,test-00007-of-00080.parquet
VCC2TM2,DF_E_4190744,low_ogg,vcc2018,SPO-N17,spoof,notrim,eval,neural_vocoder_autoregressive,SPO,N17,MM,-,446806,58,test-00058-of-00080.parquet
TGM1,DF_E_4004007,high_ogg,vcc2020,Task2-team27,spoof,notrim,eval,neural_vocoder_nonautoregressive,Task2,team27,MM,G,408708,53,test-00053-of-00080.parquet
VCC2TM2,DF_E_4464178,nocodec,vcc2018,-,bonafide,notrim,eval,bonafide,-,-,-,-,502650,65,test-00065-of-00080.parquet
VCC2TM1,DF_E_2620571,nocodec,vcc2018,HUB-N15,spoof,notrim,eval,traditional_vocoder,HUB,N15,FM,-,126831,16,test-00016-of-00080.parquet
VCC2TM2,DF_E_4841542,high_mp3,vcc2018,HUB-N19,spoof,notrim,eval,traditional_vocoder,HUB,N19,FM,-,579489,75,test-00075-of-00080.parquet
LA_0003,DF_E_3335849,nocodec,asvspoof,-,bonafide,notrim,eval,bonafide,-,-,-,-,272502,35,test-00035-of-00080.parquet
LA_0040,DF_E_4904052,mp3m4a,asvspoof,-,bonafide,notrim,eval,bonafide,-,-,-,-,592320,77,test-00077-of-00080.parquet
TEF2,DF_E_2159656,oggm4a,vcc2020,Task1-team21,spoof,notrim,eval,neural_vocoder_nonautoregressive,Task1,team21,MF,E,32558,4,test-00004-of-00080.parquet
LA_0001,DF_E_4265380,low_ogg,asvspoof,A13,spoof,notrim,eval,traditional_vocoder,-,-,-,-,462173,60,test-00060-of-00080.parquet
TFM1,DF_E_4948773,high_mp3,vcc2020,Task2-team25,spoof,notrim,eval,neural_vocoder_autoregressive,Task2,team25,MM,F,601378,78,test-00078-of-00080.parquet
VCC2TF1,DF_E_2574943,high_ogg,vcc2018,HUB-N20,spoof,notrim,eval,traditional_vocoder,HUB,N20,MF,-,117435,15,test-00015-of-00080.parquet
LA_0045,DF_E_4698656,low_ogg,asvspoof,-,bonafide,notrim,eval,bonafide,-,-,-,-,550396,71,test-00071-of-00080.parquet
VCC2SF3,DF_E_3043270,high_ogg,vcc2018,-,bonafide,notrim,eval,bonafide,-,-,-,-,213084,27,test-00027-of-00080.parquet
TFF1,DF_E_4203515,low_m4a,vcc2020,Task2-team23,spoof,notrim,eval,neural_vocoder_autoregressive,Task2,team23,FF,F,449408,58,test-00058-of-00080.parquet
LA_0028,DF_E_4347666,high_ogg,asvspoof,-,bonafide,notrim,eval,bonafide,-,-,-,-,478883,62,test-00062-of-00080.parquet
TEM2,DF_E_3715959,high_m4a,vcc2020,-,bonafide,notrim,eval,bonafide,-,-,-,-,350327,45,test-00045-of-00080.parquet
LA_0035,DF_E_3586193,low_mp3,asvspoof,-,bonafide,notrim,eval,bonafide,-,-,-,-,323842,42,test-00042-of-00080.parquet
VCC2TM1,DF_E_3094388,high_m4a,vcc2018,HUB-N06,spoof,notrim,eval,traditional_vocoder,HUB,N06,MM,-,223521,29,test-00029-of-00080.parquet
TFF1,DF_E_2859934,nocodec,vcc2020,-,bonafide,notrim,eval,bonafide,-,-,-,-,175565,22,test-00022-of-00080.parquet
LA_0038,DF_E_4437869,mp3m4a,asvspoof,-,bonafide,notrim,eval,bonafide,-,-,-,-,497290,65,test-00065-of-00080.parquet
TEM1,DF_E_3284063,low_mp3,vcc2020,Task1-team04,spoof,notrim,eval,neural_vocoder_autoregressive,Task1,team04,MM,E,262130,34,test-00034-of-00080.parquet
LA_0014,DF_E_4648225,nocodec,asvspoof,A08,spoof,notrim,eval,neural_vocoder_nonautoregressive,-,-,-,-,540091,70,test-00070-of-00080.parquet
VCC2TM2,DF_E_4580084,low_mp3,vcc2018,-,bonafide,notrim,eval,bonafide,-,-,-,-,526247,68,test-00068-of-00080.parquet
SEF1,DF_E_2143716,high_mp3,vcc2020,-,bonafide,notrim,eval,bonafide,-,-,-,-,29221,3,test-00003-of-00080.parquet
LA_0027,DF_E_2878264,mp3m4a,asvspoof,-,bonafide,notrim,eval,bonafide,-,-,-,-,179333,23,test-00023-of-00080.parquet
TFF1,DF_E_3999241,low_m4a,vcc2020,-,bonafide,notrim,eval,bonafide,-,-,-,-,407729,53,test-00053-of-00080.parquet
LA_0018,DF_E_3330624,high_ogg,asvspoof,-,bonafide,notrim,eval,bonafide,-,-,-,-,271445,35,test-00035-of-00080.parquet
LA_0002,DF_E_2898786,low_mp3,asvspoof,A12,spoof,notrim,eval,neural_vocoder_autoregressive,-,-,-,-,183426,23,test-00023-of-00080.parquet
LA_0046,DF_E_2953187,low_m4a,asvspoof,A11,spoof,notrim,eval,traditional_vocoder,-,-,-,-,194609,25,test-00025-of-00080.parquet
VCC2TF1,DF_E_4421961,high_m4a,vcc2018,HUB-N11,spoof,notrim,eval,traditional_vocoder,HUB,N11,MF,-,494061,64,test-00064-of-00080.parquet
LA_0039,DF_E_2128066,high_m4a,asvspoof,-,bonafide,notrim,eval,bonafide,-,-,-,-,25947,3,test-00003-of-00080.parquet
TEM1,DF_E_4638792,mp3m4a,vcc2020,Task1-team13,spoof,notrim,eval,neural_vocoder_autoregressive,Task1,team13,FM,E,538222,70,test-00070-of-00080.parquet
SEM1,DF_E_2462931,high_m4a,vcc2020,-,bonafide,notrim,eval,bonafide,-,-,-,-,94459,12,test-00012-of-00080.parquet
TFM1,DF_E_2311297,high_ogg,vcc2020,-,bonafide,notrim,eval,bonafide,-,-,-,-,63431,8,test-00008-of-00080.parquet
VCC2TM2,DF_E_3802829,high_mp3,vcc2018,-,bonafide,notrim,eval,bonafide,-,-,-,-,367833,48,test-00048-of-00080.parquet
LA_0012,DF_E_2043729,mp3m4a,asvspoof,-,bonafide,notrim,eval,bonafide,-,-,-,-,8845,1,test-00001-of-00080.parquet
TEM2,DF_E_3633492,nocodec,vcc2020,Task1-team24,spoof,notrim,eval,neural_vocoder_autoregressive,Task1,team24,FM,E,333499,43,test-00043-of-00080.parquet
VCC2TF1,DF_E_4429107,high_mp3,vcc2018,SPO-N17,spoof,notrim,eval,neural_vocoder_autoregressive,SPO,N17,FF,-,495526,64,test-00064-of-00080.parquet
LA_0026,DF_E_3920176,low_m4a,asvspoof,-,bonafide,notrim,eval,bonafide,-,-,-,-,391677,51,test-00051-of-00080.parquet
VCC2SF2,DF_E_2908235,low_m4a,vcc2018,-,bonafide,notrim,eval,bonafide,-,-,-,-,185296,24,test-00024-of-00080.parquet
TFF1,DF_E_2078493,high_ogg,vcc2020,Task2-team06,spoof,notrim,eval,traditional_vocoder,Task2,team06,MF,F,15973,2,test-00002-of-00080.parquet
LA_0015,DF_E_4793488,oggm4a,asvspoof,-,bonafide,notrim,eval,bonafide,-,-,-,-,569457,74,test-00074-of-00080.parquet
VCC2SM4,DF_E_4440720,high_mp3,vcc2018,-,bonafide,notrim,eval,bonafide,-,-,-,-,497868,65,test-00065-of-00080.parquet
LA_0043,DF_E_2934422,low_ogg,asvspoof,-,bonafide,notrim,eval,bonafide,-,-,-,-,190679,24,test-00024-of-00080.parquet
VCC2TM1,DF_E_3088584,high_mp3,vcc2018,HUB-D01,spoof,notrim,eval,traditional_vocoder,HUB,D01,FM,-,222300,29,test-00029-of-00080.parquet
VCC2TM1,DF_E_4443457,nocodec,vcc2018,HUB-D05,spoof,notrim,eval,traditional_vocoder,HUB,D05,FM,-,498429,65,test-00065-of-00080.parquet
VCC2TM1,DF_E_2057101,oggm4a,vcc2018,HUB-N19,spoof,notrim,eval,traditional_vocoder,HUB,N19,FM,-,11575,1,test-00001-of-00080.parquet
VCC2SM2,DF_E_2943562,low_m4a,vcc2018,-,bonafide,notrim,eval,bonafide,-,-,-,-,192606,25,test-00025-of-00080.parquet
VCC2TF1,DF_E_4003986,high_m4a,vcc2018,-,bonafide,notrim,eval,bonafide,-,-,-,-,408702,53,test-00053-of-00080.parquet
TEF2,DF_E_3138541,low_ogg,vcc2020,Task1-team11,spoof,notrim,eval,neural_vocoder_autoregressive,Task1,team11,MF,E,232438,30,test-00030-of-00080.parquet
LA_0015,DF_E_2139148,low_m4a,asvspoof,-,bonafide,notrim,eval,bonafide,-,-,-,-,28315,3,test-00003-of-00080.parquet
TMF1,DF_E_3955716,oggm4a,vcc2020,Task2-team05,spoof,notrim,eval,neural_vocoder_nonautoregressive,Task2,team05,FF,M,398975,52,test-00052-of-00080.parquet
LA_0036,DF_E_3006038,high_mp3,asvspoof,-,bonafide,notrim,eval,bonafide,-,-,-,-,205474,26,test-00026-of-00080.parquet
LA_0018,DF_E_2662858,mp3m4a,asvspoof,A13,spoof,notrim,eval,traditional_vocoder,-,-,-,-,135431,17,test-00017-of-00080.parquet
TMF1,DF_E_4848827,low_mp3,vcc2020,Task2-team19,spoof,notrim,eval,neural_vocoder_nonautoregressive,Task2,team19,MF,M,580922,75,test-00075-of-00080.parquet
LA_0011,DF_E_4651019,nocodec,asvspoof,A14,spoof,notrim,eval,traditional_vocoder,-,-,-,-,540660,70,test-00070-of-00080.parquet
TEF1,DF_E_2882166,low_m4a,vcc2020,-,bonafide,notrim,eval,bonafide,-,-,-,-,180131,23,test-00023-of-00080.parquet
VCC2TM2,DF_E_2311509,high_m4a,vcc2018,SPO-N16,spoof,notrim,eval,traditional_vocoder,SPO,N16,FM,-,63469,8,test-00008-of-00080.parquet
LA_0058,DF_E_4425732,oggm4a,asvspoof,-,bonafide,notrim,eval,bonafide,-,-,-,-,494831,64,test-00064-of-00080.parquet
TEM1,DF_E_2858579,low_m4a,vcc2020,Task1-team12,spoof,notrim,eval,traditional_vocoder,Task1,team12,FM,E,175294,22,test-00022-of-00080.parquet
LA_0021,DF_E_4101254,low_mp3,asvspoof,-,bonafide,notrim,eval,bonafide,-,-,-,-,428611,56,test-00056-of-00080.parquet
LA_0042,DF_E_3828733,mp3m4a,asvspoof,-,bonafide,notrim,eval,bonafide,-,-,-,-,373111,48,test-00048-of-00080.parquet
LA_0014,DF_E_2060671,low_mp3,asvspoof,A09,spoof,notrim,eval,traditional_vocoder,-,-,-,-,12320,1,test-00001-of-00080.parquet
VCC2SF3,DF_E_3410469,low_mp3,vcc2018,-,bonafide,notrim,eval,bonafide,-,-,-,-,287747,37,test-00037-of-00080.parquet
LA_0029,DF_E_3819335,oggm4a,asvspoof,-,bonafide,notrim,eval,bonafide,-,-,-,-,371146,48,test-00048-of-00080.parquet
TEF1,DF_E_4745483,low_m4a,vcc2020,Task1-team24,spoof,notrim,eval,neural_vocoder_autoregressive,Task1,team24,FF,E,559847,73,test-00073-of-00080.parquet
VCC2TM2,DF_E_3984906,high_mp3,vcc2018,-,bonafide,notrim,eval,bonafide,-,-,-,-,404797,52,test-00052-of-00080.parquet
LA_0051,DF_E_3393064,nocodec,asvspoof,-,bonafide,notrim,eval,bonafide,-,-,-,-,284311,37,test-00037-of-00080.parquet
LA_0014,DF_E_3925633,oggm4a,asvspoof,A08,spoof,notrim,eval,neural_vocoder_nonautoregressive,-,-,-,-,392798,51,test-00051-of-00080.parquet
VCC2SM4,DF_E_3267209,nocodec,vcc2018,-,bonafide,notrim,eval,bonafide,-,-,-,-,258758,33,test-00033-of-00080.parquet
TEF2,DF_E_2013734,high_ogg,vcc2020,Task1-team10,spoof,notrim,eval,neural_vocoder_autoregressive,Task1,team10,MF,E,2761,0,test-00000-of-00080.parquet
TFF1,DF_E_3398533,high_m4a,vcc2020,Task2-team08,spoof,notrim,eval,traditional_vocoder,Task2,team08,FF,F,285393,37,test-00037-of-00080.parquet
LA_0034,DF_E_3352432,high_ogg,asvspoof,-,bonafide,notrim,eval,bonafide,-,-,-,-,275975,36,test-00036-of-00080.parquet
VCC2TM2,DF_E_2912654,high_m4a,vcc2018,HUB-D05,spoof,notrim,eval,traditional_vocoder,HUB,D05,FM,-,186246,24,test-00024-of-00080.parquet
LA_0013,DF_E_2061196,low_mp3,asvspoof,-,bonafide,notrim,eval,bonafide,-,-,-,-,12428,1,test-00001-of-00080.parquet
TEF1,DF_E_2214058,low_m4a,vcc2020,Task1-team02,spoof,notrim,eval,neural_vocoder_nonautoregressive,Task1,team02,MF,E,43656,5,test-00005-of-00080.parquet
VCC2TF2,DF_E_3089460,high_m4a,vcc2018,SPO-B01,spoof,notrim,eval,traditional_vocoder,SPO,B01,MF,-,222467,29,test-00029-of-00080.parquet
LA_0018,DF_E_3313370,low_ogg,asvspoof,-,bonafide,notrim,eval,bonafide,-,-,-,-,267931,35,test-00035-of-00080.parquet
VCC2SM3,DF_E_4140277,low_ogg,vcc2018,-,bonafide,notrim,eval,bonafide,-,-,-,-,436562,57,test-00057-of-00080.parquet
VCC2TM1,DF_E_2673994,oggm4a,vcc2018,HUB-N04,spoof,notrim,eval,traditional_vocoder,HUB,N04,MM,-,137728,18,test-00018-of-00080.parquet
TEM2,DF_E_4661466,high_ogg,vcc2020,Task1-team18,spoof,notrim,eval,unknown,Task1,team18,FM,E,542823,70,test-00070-of-00080.parquet
TMF1,DF_E_3523411,high_m4a,vcc2020,-,bonafide,notrim,eval,bonafide,-,-,-,-,311015,40,test-00040-of-00080.parquet
TEM1,DF_E_2078673,oggm4a,vcc2020,Task1-team22,spoof,notrim,eval,neural_vocoder_nonautoregressive,Task1,team22,MM,E,16014,2,test-00002-of-00080.parquet
TEM2,DF_E_3888238,high_m4a,vcc2020,-,bonafide,notrim,eval,bonafide,-,-,-,-,385183,50,test-00050-of-00080.parquet
TFF1,DF_E_4318876,low_mp3,vcc2020,Task2-team08,spoof,notrim,eval,traditional_vocoder,Task2,team08,MF,F,472948,61,test-00061-of-00080.parquet
TEM2,DF_E_3893487,high_m4a,vcc2020,Task1-team25,spoof,notrim,eval,neural_vocoder_autoregressive,Task1,team25,MM,E,386228,50,test-00050-of-00080.parquet
TMF1,DF_E_2600903,low_ogg,vcc2020,Task2-team11,spoof,notrim,eval,neural_vocoder_autoregressive,Task2,team11,FF,M,122718,16,test-00016-of-00080.parquet
VCC2SM2,DF_E_2519201,low_m4a,vcc2018,-,bonafide,notrim,eval,bonafide,-,-,-,-,105980,13,test-00013-of-00080.parquet
VCC2SM3,DF_E_2544489,high_mp3,vcc2018,-,bonafide,notrim,eval,bonafide,-,-,-,-,111256,14,test-00014-of-00080.parquet
TEF1,DF_E_2933032,high_mp3,vcc2020,-,bonafide,notrim,eval,bonafide,-,-,-,-,190388,24,test-00024-of-00080.parquet
VCC2TM1,DF_E_2334518,high_m4a,vcc2018,HUB-N18,spoof,notrim,eval,traditional_vocoder,HUB,N18,FM,-,68220,8,test-00008-of-00080.parquet
TFM1,DF_E_2050184,low_m4a,vcc2020,Task2-team05,spoof,notrim,eval,neural_vocoder_nonautoregressive,Task2,team05,MM,F,10201,1,test-00001-of-00080.parquet
VCC2TM1,DF_E_3253874,oggm4a,vcc2018,HUB-N03,spoof,notrim,eval,unknown,HUB,N03,MM,-,256022,33,test-00033-of-00080.parquet
LA_0001,DF_E_3283630,low_mp3,asvspoof,-,bonafide,notrim,eval,bonafide,-,-,-,-,262040,34,test-00034-of-00080.parquet
LA_0028,DF_E_4995850,low_ogg,asvspoof,A13,spoof,notrim,eval,traditional_vocoder,-,-,-,-,610984,79,test-00079-of-00080.parquet
TFF1,DF_E_3964306,oggm4a,vcc2020,Task2-team31,spoof,notrim,eval,neural_vocoder_nonautoregressive,Task2,team31,MF,F,400679,52,test-00052-of-00080.parquet
LA_0036,DF_E_4582369,oggm4a,asvspoof,A16,spoof,notrim,eval,waveform_concatenation,-,-,-,-,526698,68,test-00068-of-00080.parquet
SEF1,DF_E_2603551,low_ogg,vcc2020,-,bonafide,notrim,eval,bonafide,-,-,-,-,123296,16,test-00016-of-00080.parquet
VCC2SM4,DF_E_3484946,low_m4a,vcc2018,-,bonafide,notrim,eval,bonafide,-,-,-,-,303149,39,test-00039-of-00080.parquet
VCC2TF2,DF_E_4863299,low_mp3,vcc2018,HUB-N15,spoof,notrim,eval,traditional_vocoder,HUB,N15,FF,-,583981,76,test-00076-of-00080.parquet
SEM1,DF_E_3735381,high_mp3,vcc2020,-,bonafide,notrim,eval,bonafide,-,-,-,-,354216,46,test-00046-of-00080.parquet
VCC2TF1,DF_E_2167693,oggm4a,vcc2018,SPO-N11,spoof,notrim,eval,traditional_vocoder,SPO,N11,MF,-,34181,4,test-00004-of-00080.parquet
TMF1,DF_E_4497984,low_mp3,vcc2020,Task2-team23,spoof,notrim,eval,neural_vocoder_autoregressive,Task2,team23,FF,M,509582,66,test-00066-of-00080.parquet
LA_0046,DF_E_4657386,low_ogg,asvspoof,-,bonafide,notrim,eval,bonafide,-,-,-,-,541942,70,test-00070-of-00080.parquet
VCC2TF1,DF_E_4016315,low_m4a,vcc2018,HUB-N17,spoof,notrim,eval,neural_vocoder_autoregressive,HUB,N17,MF,-,411193,53,test-00053-of-00080.parquet
VCC2TM1,DF_E_2329113,high_ogg,vcc2018,SPO-N03,spoof,notrim,eval,unknown,SPO,N03,MM,-,67082,8,test-00008-of-00080.parquet
LA_0042,DF_E_4967991,high_m4a,asvspoof,-,bonafide,notrim,eval,bonafide,-,-,-,-,605206,79,test-00079-of-00080.parquet
SEM1,DF_E_2943979,high_ogg,vcc2020,-,bonafide,notrim,eval,bonafide,-,-,-,-,192692,25,test-00025-of-00080.parquet
VCC2TM1,DF_E_3226300,mp3m4a,vcc2018,SPO-N04,spoof,notrim,eval,traditional_vocoder,SPO,N04,FM,-,250420,32,test-00032-of-00080.parquet
SEM2,DF_E_3438558,high_m4a,vcc2020,-,bonafide,notrim,eval,bonafide,-,-,-,-,293581,38,test-00038-of-00080.parquet
VCC2TM2,DF_E_3283802,high_mp3,vcc2018,-,bonafide,notrim,eval,bonafide,-,-,-,-,262069,34,test-00034-of-00080.parquet
LA_0026,DF_E_3570007,high_ogg,asvspoof,A09,spoof,notrim,eval,traditional_vocoder,-,-,-,-,320513,41,test-00041-of-00080.parquet
TFM1,DF_E_4244990,low_ogg,vcc2020,Task2-team26,spoof,notrim,eval,traditional_vocoder,Task2,team26,FM,F,457939,59,test-00059-of-00080.parquet
TEF1,DF_E_3061894,low_m4a,vcc2020,Task1-team22,spoof,notrim,eval,neural_vocoder_nonautoregressive,Task1,team22,MF,E,216945,28,test-00028-of-00080.parquet
TMF1,DF_E_2849040,low_ogg,vcc2020,Task2-team25,spoof,notrim,eval,neural_vocoder_autoregressive,Task2,team25,FF,M,173316,22,test-00022-of-00080.parquet
LA_0038,DF_E_2506833,low_ogg,asvspoof,-,bonafide,notrim,eval,bonafide,-,-,-,-,103539,13,test-00013-of-00080.parquet
LA_0016,DF_E_4458704,high_ogg,asvspoof,-,bonafide,notrim,eval,bonafide,-,-,-,-,501558,65,test-00065-of-00080.parquet
LA_0037,DF_E_3893868,high_m4a,asvspoof,-,bonafide,notrim,eval,bonafide,-,-,-,-,386303,50,test-00050-of-00080.parquet
TEM1,DF_E_3412986,mp3m4a,vcc2020,Task1-team26,spoof,notrim,eval,traditional_vocoder,Task1,team26,FM,E,288278,37,test-00037-of-00080.parquet
VCC2TF2,DF_E_2541171,nocodec,vcc2018,HUB-D03,spoof,notrim,eval,traditional_vocoder,HUB,D03,FF,-,110580,14,test-00014-of-00080.parquet
LA_0033,DF_E_4017278,low_m4a,asvspoof,-,bonafide,notrim,eval,bonafide,-,-,-,-,411390,53,test-00053-of-00080.parquet
LA_0030,DF_E_3420904,low_ogg,asvspoof,-,bonafide,notrim,eval,bonafide,-,-,-,-,289890,37,test-00037-of-00080.parquet
LA_0039,DF_E_4607174,high_m4a,asvspoof,-,bonafide,notrim,eval,bonafide,-,-,-,-,531705,69,test-00069-of-00080.parquet
TMF1,DF_E_3300770,oggm4a,vcc2020,Task2-team16,spoof,notrim,eval,neural_vocoder_nonautoregressive,Task2,team16,MF,M,265376,34,test-00034-of-00080.parquet
VCC2TF2,DF_E_4343338,low_m4a,vcc2018,HUB-N08,spoof,notrim,eval,traditional_vocoder,HUB,N08,MF,-,478017,62,test-00062-of-00080.parquet
VCC2SF3,DF_E_2875158,nocodec,vcc2018,-,bonafide,notrim,eval,bonafide,-,-,-,-,178695,23,test-00023-of-00080.parquet
LA_0005,DF_E_2731627,oggm4a,asvspoof,A15,spoof,notrim,eval,neural_vocoder_autoregressive,-,-,-,-,149290,19,test-00019-of-00080.parquet
VCC2TM2,DF_E_4952294,high_mp3,vcc2018,SPO-B01,spoof,notrim,eval,traditional_vocoder,SPO,B01,FM,-,602071,78,test-00078-of-00080.parquet
TEM1,DF_E_4199772,high_ogg,vcc2020,Task1-team27,spoof,notrim,eval,neural_vocoder_nonautoregressive,Task1,team27,FM,E,448659,58,test-00058-of-00080.parquet
LA_0001,DF_E_3853764,oggm4a,asvspoof,-,bonafide,notrim,eval,bonafide,-,-,-,-,378157,49,test-00049-of-00080.parquet
SEF2,DF_E_3393361,high_m4a,vcc2020,-,bonafide,notrim,eval,bonafide,-,-,-,-,284360,37,test-00037-of-00080.parquet
TEM1,DF_E_2286253,high_m4a,vcc2020,Task1-team20,spoof,notrim,eval,neural_vocoder_nonautoregressive,Task1,team20,MM,E,58317,7,test-00007-of-00080.parquet
VCC2TM2,DF_E_3301015,low_ogg,vcc2018,SPO-N05,spoof,notrim,eval,traditional_vocoder,SPO,N05,MM,-,265424,34,test-00034-of-00080.parquet
VCC2TM2,DF_E_2600720,high_ogg,vcc2018,SPO-N11,spoof,notrim,eval,traditional_vocoder,SPO,N11,FM,-,122680,16,test-00016-of-00080.parquet
SEF1,DF_E_4117989,oggm4a,vcc2020,-,bonafide,notrim,eval,bonafide,-,-,-,-,432007,56,test-00056-of-00080.parquet
TGF1,DF_E_4034059,high_m4a,vcc2020,Task2-team09,spoof,notrim,eval,neural_vocoder_nonautoregressive,Task2,team09,MF,G,414858,54,test-00054-of-00080.parquet
SEF2,DF_E_3370324,low_mp3,vcc2020,-,bonafide,notrim,eval,bonafide,-,-,-,-,279589,36,test-00036-of-00080.parquet
VCC2TF2,DF_E_3247736,low_mp3,vcc2018,SPO-B01,spoof,notrim,eval,traditional_vocoder,SPO,B01,FF,-,254802,33,test-00033-of-00080.parquet
VCC2TM2,DF_E_3668109,low_ogg,vcc2018,HUB-N18,spoof,notrim,eval,traditional_vocoder,HUB,N18,FM,-,340573,44,test-00044-of-00080.parquet
TFM1,DF_E_2754006,nocodec,vcc2020,Task2-team25,spoof,notrim,eval,neural_vocoder_autoregressive,Task2,team25,MM,F,153846,20,test-00020-of-00080.parquet
LA_0005,DF_E_2067038,low_ogg,asvspoof,A15,spoof,notrim,eval,neural_vocoder_autoregressive,-,-,-,-,13583,1,test-00001-of-00080.parquet
LA_0049,DF_E_3829497,high_m4a,asvspoof,-,bonafide,notrim,eval,bonafide,-,-,-,-,373264,48,test-00048-of-00080.parquet
TEF2,DF_E_4609683,mp3m4a,vcc2020,Task1-team18,spoof,notrim,eval,unknown,Task1,team18,FF,E,532212,69,test-00069-of-00080.parquet
TMF1,DF_E_4840602,high_mp3,vcc2020,-,bonafide,notrim,eval,bonafide,-,-,-,-,579286,75,test-00075-of-00080.parquet
TEM2,DF_E_4212860,high_ogg,vcc2020,-,bonafide,notrim,eval,bonafide,-,-,-,-,451309,59,test-00059-of-00080.parquet
LA_0009,DF_E_4430582,oggm4a,asvspoof,-,bonafide,notrim,eval,bonafide,-,-,-,-,495810,64,test-00064-of-00080.parquet
LA_0023,DF_E_4482116,low_ogg,asvspoof,-,bonafide,notrim,eval,bonafide,-,-,-,-,506320,66,test-00066-of-00080.parquet
TEM1,DF_E_2474554,oggm4a,vcc2020,Task1-team04,spoof,notrim,eval,neural_vocoder_autoregressive,Task1,team04,FM,E,96858,12,test-00012-of-00080.parquet
LA_0017,DF_E_2988069,low_ogg,asvspoof,-,bonafide,notrim,eval,bonafide,-,-,-,-,201699,26,test-00026-of-00080.parquet
VCC2TF2,DF_E_4079986,low_ogg,vcc2018,HUB-N13,spoof,notrim,eval,traditional_vocoder,HUB,N13,MF,-,424210,55,test-00055-of-00080.parquet
LA_0030,DF_E_4297093,mp3m4a,asvspoof,-,bonafide,notrim,eval,bonafide,-,-,-,-,468458,61,test-00061-of-00080.parquet
VCC2SF2,DF_E_3329946,low_m4a,vcc2018,-,bonafide,notrim,eval,bonafide,-,-,-,-,271304,35,test-00035-of-00080.parquet
VCC2TF2,DF_E_4438408,low_ogg,vcc2018,-,bonafide,notrim,eval,bonafide,-,-,-,-,497407,65,test-00065-of-00080.parquet
VCC2TF1,DF_E_4909068,low_mp3,vcc2018,SPO-N03,spoof,notrim,eval,unknown,SPO,N03,MF,-,593346,77,test-00077-of-00080.parquet
LA_0011,DF_E_3777544,low_mp3,asvspoof,-,bonafide,notrim,eval,bonafide,-,-,-,-,362688,47,test-00047-of-00080.parquet
LA_0021,DF_E_2439486,low_m4a,asvspoof,-,bonafide,notrim,eval,bonafide,-,-,-,-,89602,11,test-00011-of-00080.parquet
TGF1,DF_E_2259871,mp3m4a,vcc2020,Task2-team09,spoof,notrim,eval,neural_vocoder_nonautoregressive,Task2,team09,FF,G,52972,6,test-00006-of-00080.parquet
LA_0029,DF_E_2524255,low_m4a,asvspoof,-,bonafide,notrim,eval,bonafide,-,-,-,-,107012,13,test-00013-of-00080.parquet
LA_0042,DF_E_3692441,high_mp3,asvspoof,-,bonafide,notrim,eval,bonafide,-,-,-,-,345557,45,test-00045-of-00080.parquet
LA_0030,DF_E_3269006,high_mp3,asvspoof,A09,spoof,notrim,eval,traditional_vocoder,-,-,-,-,259134,33,test-00033-of-00080.parquet
LA_0032,DF_E_2014412,mp3m4a,asvspoof,A10,spoof,notrim,eval,neural_vocoder_autoregressive,-,-,-,-,2910,0,test-00000-of-00080.parquet
TGF1,DF_E_4228425,low_m4a,vcc2020,Task2-team24,spoof,notrim,eval,neural_vocoder_autoregressive,Task2,team24,MF,G,454506,59,test-00059-of-00080.parquet
TFM1,DF_E_4282082,high_ogg,vcc2020,-,bonafide,notrim,eval,bonafide,-,-,-,-,465475,60,test-00060-of-00080.parquet
TEM2,DF_E_4349740,oggm4a,vcc2020,Task1-team07,spoof,notrim,eval,neural_vocoder_autoregressive,Task1,team07,FM,E,479347,62,test-00062-of-00080.parquet
LA_0021,DF_E_4043613,nocodec,asvspoof,-,bonafide,notrim,eval,bonafide,-,-,-,-,416802,54,test-00054-of-00080.parquet
VCC2SF1,DF_E_4066942,low_mp3,vcc2018,-,bonafide,notrim,eval,bonafide,-,-,-,-,421525,55,test-00055-of-00080.parquet
VCC2TF1,DF_E_4750678,low_ogg,vcc2018,SPO-N06,spoof,notrim,eval,traditional_vocoder,SPO,N06,MF,-,560934,73,test-00073-of-00080.parquet
LA_0040,DF_E_4482419,low_m4a,asvspoof,-,bonafide,notrim,eval,bonafide,-,-,-,-,506391,66,test-00066-of-00080.parquet
LA_0014,DF_E_3237731,oggm4a,asvspoof,A19,spoof,notrim,eval,traditional_vocoder,-,-,-,-,252734,33,test-00033-of-00080.parquet
TEM2,DF_E_3711488,low_mp3,vcc2020,Task1-team07,spoof,notrim,eval,neural_vocoder_autoregressive,Task1,team07,MM,E,349412,45,test-00045-of-00080.parquet
LA_0016,DF_E_4650055,oggm4a,asvspoof,-,bonafide,notrim,eval,bonafide,-,-,-,-,540460,70,test-00070-of-00080.parquet
VCC2SM1,DF_E_4998650,high_mp3,vcc2018,-,bonafide,notrim,eval,bonafide,-,-,-,-,611543,79,test-00079-of-00080.parquet
LA_0015,DF_E_3209585,low_mp3,asvspoof,-,bonafide,notrim,eval,bonafide,-,-,-,-,246971,32,test-00032-of-00080.parquet
VCC2TM1,DF_E_4538688,low_m4a,vcc2018,HUB-N09,spoof,notrim,eval,traditional_vocoder,HUB,N09,FM,-,517877,67,test-00067-of-00080.parquet
VCC2TF1,DF_E_4779798,low_ogg,vcc2018,HUB-N11,spoof,notrim,eval,traditional_vocoder,HUB,N11,MF,-,566719,74,test-00074-of-00080.parquet
VCC2SF1,DF_E_3652714,high_mp3,vcc2018,-,bonafide,notrim,eval,bonafide,-,-,-,-,337521,44,test-00044-of-00080.parquet
LA_0014,DF_E_3737379,low_ogg,asvspoof,-,bonafide,notrim,eval,bonafide,-,-,-,-,354624,46,test-00046-of-00080.parquet
TEF1,DF_E_2228310,nocodec,vcc2020,Task1-team31,spoof,notrim,eval,neural_vocoder_nonautoregressive,Task1,team31,MF,E,46550,6,test-00006-of-00080.parquet
LA_0013,DF_E_2333505,mp3m4a,asvspoof,A13,spoof,notrim,eval,traditional_vocoder,-,-,-,-,68010,8,test-00008-of-00080.parquet
VCC2TF2,DF_E_4960155,low_m4a,vcc2018,HUB-D03,spoof,notrim,eval,traditional_vocoder,HUB,D03,FF,-,603601,78,test-00078-of-00080.parquet
VCC2TF2,DF_E_2447805,high_mp3,vcc2018,HUB-N12,spoof,notrim,eval,traditional_vocoder,HUB,N12,MF,-,91337,11,test-00011-of-00080.parquet
LA_0018,DF_E_3652696,low_mp3,asvspoof,-,bonafide,notrim,eval,bonafide,-,-,-,-,337515,44,test-00044-of-00080.parquet
TMM1,DF_E_3960198,high_ogg,vcc2020,-,bonafide,notrim,eval,bonafide,-,-,-,-,399855,52,test-00052-of-00080.parquet
LA_0032,DF_E_2916981,nocodec,asvspoof,-,bonafide,notrim,eval,bonafide,-,-,-,-,187126,24,test-00024-of-00080.parquet
VCC2SM2,DF_E_4850807,high_mp3,vcc2018,-,bonafide,notrim,eval,bonafide,-,-,-,-,581355,76,test-00076-of-00080.parquet
LA_0044,DF_E_3607933,low_ogg,asvspoof,-,bonafide,notrim,eval,bonafide,-,-,-,-,328265,42,test-00042-of-00080.parquet
VCC2SM1,DF_E_2765518,low_mp3,vcc2018,-,bonafide,notrim,eval,bonafide,-,-,-,-,156202,20,test-00020-of-00080.parquet
VCC2TM1,DF_E_2999822,mp3m4a,vcc2018,SPO-N06,spoof,notrim,eval,traditional_vocoder,SPO,N06,FM,-,204225,26,test-00026-of-00080.parquet
LA_0048,DF_E_3757786,high_ogg,asvspoof,-,bonafide,notrim,eval,bonafide,-,-,-,-,358775,46,test-00046-of-00080.parquet
TEF1,DF_E_4907482,high_mp3,vcc2020,Task1-team19,spoof,notrim,eval,neural_vocoder_nonautoregressive,Task1,team19,MF,E,593000,77,test-00077-of-00080.parquet
LA_0033,DF_E_3778789,high_ogg,asvspoof,-,bonafide,notrim,eval,bonafide,-,-,-,-,362947,47,test-00047-of-00080.parquet
TEF2,DF_E_2981826,low_mp3,vcc2020,Task1-team30,spoof,notrim,eval,unknown,Task1,team30,MF,E,200427,26,test-00026-of-00080.parquet
VCC2TF1,DF_E_4783254,nocodec,vcc2018,SPO-N11,spoof,notrim,eval,traditional_vocoder,SPO,N11,MF,-,567402,74,test-00074-of-00080.parquet
LA_0042,DF_E_4343565,high_m4a,asvspoof,-,bonafide,notrim,eval,bonafide,-,-,-,-,478062,62,test-00062-of-00080.parquet
TEM1,DF_E_4148728,mp3m4a,vcc2020,Task1-team24,spoof,notrim,eval,neural_vocoder_autoregressive,Task1,team24,FM,E,438253,57,test-00057-of-00080.parquet
VCC2TM1,DF_E_4107903,low_ogg,vcc2018,HUB-N10,spoof,notrim,eval,neural_vocoder_autoregressive,HUB,N10,FM,-,430006,56,test-00056-of-00080.parquet
TEF2,DF_E_3438369,low_ogg,vcc2020,Task1-team17,spoof,notrim,eval,neural_vocoder_nonautoregressive,Task1,team17,MF,E,293542,38,test-00038-of-00080.parquet
LA_0003,DF_E_4017463,low_mp3,asvspoof,-,bonafide,notrim,eval,bonafide,-,-,-,-,411431,53,test-00053-of-00080.parquet
LA_0018,DF_E_2132956,mp3m4a,asvspoof,A19,spoof,notrim,eval,traditional_vocoder,-,-,-,-,26989,3,test-00003-of-00080.parquet
VCC2TF1,DF_E_4840388,oggm4a,vcc2018,HUB-N08,spoof,notrim,eval,traditional_vocoder,HUB,N08,FF,-,579241,75,test-00075-of-00080.parquet
VCC2TM1,DF_E_3700167,low_m4a,vcc2018,HUB-B01,spoof,notrim,eval,traditional_vocoder,HUB,B01,MM,-,347128,45,test-00045-of-00080.parquet
TFF1,DF_E_4171613,low_mp3,vcc2020,Task2-team24,spoof,notrim,eval,neural_vocoder_autoregressive,Task2,team24,MF,F,442957,57,test-00057-of-00080.parquet
SEM2,DF_E_4100678,nocodec,vcc2020,-,bonafide,notrim,eval,bonafide,-,-,-,-,428495,56,test-00056-of-00080.parquet
LA_0030,DF_E_2081231,low_m4a,asvspoof,-,bonafide,notrim,eval,bonafide,-,-,-,-,16539,2,test-00002-of-00080.parquet
TEM2,DF_E_3439321,mp3m4a,vcc2020,Task1-team11,spoof,notrim,eval,neural_vocoder_autoregressive,Task1,team11,FM,E,293733,38,test-00038-of-00080.parquet
TGM1,DF_E_2321126,low_mp3,vcc2020,Task2-team02,spoof,notrim,eval,neural_vocoder_nonautoregressive,Task2,team02,FM,G,65415,8,test-00008-of-00080.parquet
LA_0040,DF_E_2176139,mp3m4a,asvspoof,-,bonafide,notrim,eval,bonafide,-,-,-,-,35935,4,test-00004-of-00080.parquet
TFM1,DF_E_2675836,low_mp3,vcc2020,-,bonafide,notrim,eval,bonafide,-,-,-,-,138114,18,test-00018-of-00080.parquet
VCC2TM1,DF_E_4160736,low_m4a,vcc2018,HUB-N19,spoof,notrim,eval,traditional_vocoder,HUB,N19,FM,-,440726,57,test-00057-of-00080.parquet
VCC2SM1,DF_E_3337532,low_ogg,vcc2018,-,bonafide,notrim,eval,bonafide,-,-,-,-,272857,35,test-00035-of-00080.parquet
TFM1,DF_E_2591454,low_mp3,vcc2020,Task2-team26,spoof,notrim,eval,traditional_vocoder,Task2,team26,FM,F,120800,15,test-00015-of-00080.parquet
VCC2TM1,DF_E_4723080,nocodec,vcc2018,HUB-N19,spoof,notrim,eval,traditional_vocoder,HUB,N19,FM,-,555418,72,test-00072-of-00080.parquet
VCC2TM1,DF_E_3653440,low_ogg,vcc2018,SPO-N05,spoof,notrim,eval,traditional_vocoder,SPO,N05,FM,-,337665,44,test-00044-of-00080.parquet
TGF1,DF_E_2670167,low_mp3,vcc2020,-,bonafide,notrim,eval,bonafide,-,-,-,-,136961,17,test-00017-of-00080.parquet
LA_0048,DF_E_2791803,mp3m4a,asvspoof,-,bonafide,notrim,eval,bonafide,-,-,-,-,161547,21,test-00021-of-00080.parquet
LA_0013,DF_E_4428845,low_mp3,asvspoof,-,bonafide,notrim,eval,bonafide,-,-,-,-,495457,64,test-00064-of-00080.parquet
LA_0040,DF_E_3767684,oggm4a,asvspoof,-,bonafide,notrim,eval,bonafide,-,-,-,-,360755,47,test-00047-of-00080.parquet
VCC2TF1,DF_E_4721192,high_ogg,vcc2018,HUB-N17,spoof,notrim,eval,neural_vocoder_autoregressive,HUB,N17,MF,-,555025,72,test-00072-of-00080.parquet
LA_0032,DF_E_4069005,mp3m4a,asvspoof,A12,spoof,notrim,eval,neural_vocoder_autoregressive,-,-,-,-,421968,55,test-00055-of-00080.parquet
LA_0036,DF_E_4879871,high_ogg,asvspoof,-,bonafide,notrim,eval,bonafide,-,-,-,-,587432,76,test-00076-of-00080.parquet
TEF1,DF_E_4952143,low_mp3,vcc2020,-,bonafide,notrim,eval,bonafide,-,-,-,-,602040,78,test-00078-of-00080.parquet
TFM1,DF_E_3940181,oggm4a,vcc2020,-,bonafide,notrim,eval,bonafide,-,-,-,-,395802,51,test-00051-of-00080.parquet
LA_0018,DF_E_3881088,high_ogg,asvspoof,-,bonafide,notrim,eval,bonafide,-,-,-,-,383680,50,test-00050-of-00080.parquet
LA_0064,DF_E_4636590,nocodec,asvspoof,-,bonafide,notrim,eval,bonafide,-,-,-,-,537783,70,test-00070-of-00080.parquet
LA_0018,DF_E_3460421,mp3m4a,asvspoof,-,bonafide,notrim,eval,bonafide,-,-,-,-,298093,38,test-00038-of-00080.parquet
LA_0015,DF_E_3638993,low_m4a,asvspoof,-,bonafide,notrim,eval,bonafide,-,-,-,-,334659,43,test-00043-of-00080.parquet
VCC2TF2,DF_E_3321897,high_m4a,vcc2018,HUB-N06,spoof,notrim,eval,traditional_vocoder,HUB,N06,FF,-,269672,35,test-00035-of-00080.parquet
TMM1,DF_E_3810560,oggm4a,vcc2020,Task2-team28,spoof,notrim,eval,neural_vocoder_autoregressive,Task2,team28,FM,M,369389,48,test-00048-of-00080.parquet
VCC2TF1,DF_E_4464474,low_m4a,vcc2018,-,bonafide,notrim,eval,bonafide,-,-,-,-,502704,65,test-00065-of-00080.parquet
VCC2TM2,DF_E_3652924,high_m4a,vcc2018,HUB-N12,spoof,notrim,eval,traditional_vocoder,HUB,N12,MM,-,337556,44,test-00044-of-00080.parquet
TGF1,DF_E_2067814,high_ogg,vcc2020,Task2-team02,spoof,notrim,eval,neural_vocoder_nonautoregressive,Task2,team02,FF,G,13753,1,test-00001-of-00080.parquet
LA_0023,DF_E_2682027,low_ogg,asvspoof,-,bonafide,notrim,eval,bonafide,-,-,-,-,139335,18,test-00018-of-00080.parquet
VCC2SF3,DF_E_3401772,mp3m4a,vcc2018,-,bonafide,notrim,eval,bonafide,-,-,-,-,286046,37,test-00037-of-00080.parquet
TMF1,DF_E_2586987,mp3m4a,vcc2020,Task2-team05,spoof,notrim,eval,neural_vocoder_nonautoregressive,Task2,team05,MF,M,119878,15,test-00015-of-00080.parquet
LA_0005,DF_E_3586779,oggm4a,asvspoof,-,bonafide,notrim,eval,bonafide,-,-,-,-,323958,42,test-00042-of-00080.parquet
LA_0036,DF_E_2989312,high_m4a,asvspoof,-,bonafide,notrim,eval,bonafide,-,-,-,-,201937,26,test-00026-of-00080.parquet
VCC2TM2,DF_E_2504596,low_m4a,vcc2018,SPO-N10,spoof,notrim,eval,neural_vocoder_autoregressive,SPO,N10,FM,-,103059,13,test-00013-of-00080.parquet
LA_0001,DF_E_4454969,high_ogg,asvspoof,-,bonafide,notrim,eval,bonafide,-,-,-,-,500786,65,test-00065-of-00080.parquet
VCC2SM1,DF_E_3411307,high_m4a,vcc2018,-,bonafide,notrim,eval,bonafide,-,-,-,-,287917,37,test-00037-of-00080.parquet
TEM1,DF_E_2614229,high_mp3,vcc2020,-,bonafide,notrim,eval,bonafide,-,-,-,-,125448,16,test-00016-of-00080.parquet
TEF2,DF_E_3525542,nocodec,vcc2020,Task1-team10,spoof,notrim,eval,neural_vocoder_autoregressive,Task1,team10,MF,E,311441,40,test-00040-of-00080.parquet
LA_0003,DF_E_4650430,low_ogg,asvspoof,-,bonafide,notrim,eval,bonafide,-,-,-,-,540533,70,test-00070-of-00080.parquet
LA_0048,DF_E_4695770,high_ogg,asvspoof,-,bonafide,notrim,eval,bonafide,-,-,-,-,549796,71,test-00071-of-00080.parquet
TFM1,DF_E_2537612,low_m4a,vcc2020,Task2-team25,spoof,notrim,eval,neural_vocoder_autoregressive,Task2,team25,MM,F,109819,14,test-00014-of-00080.parquet
VCC2SF3,DF_E_3429371,low_ogg,vcc2018,-,bonafide,notrim,eval,bonafide,-,-,-,-,291643,38,test-00038-of-00080.parquet
LA_0018,DF_E_3090994,low_m4a,asvspoof,A12,spoof,notrim,eval,neural_vocoder_autoregressive,-,-,-,-,222812,29,test-00029-of-00080.parquet
TEF2,DF_E_3195351,nocodec,vcc2020,Task1-team24,spoof,notrim,eval,neural_vocoder_autoregressive,Task1,team24,FF,E,244056,31,test-00031-of-00080.parquet
LA_0002,DF_E_2528452,high_ogg,asvspoof,A16,spoof,notrim,eval,waveform_concatenation,-,-,-,-,107888,14,test-00014-of-00080.parquet
VCC2TF1,DF_E_4087868,high_mp3,vcc2018,HUB-D02,spoof,notrim,eval,traditional_vocoder,HUB,D02,FF,-,425849,55,test-00055-of-00080.parquet
VCC2TM2,DF_E_4699768,high_m4a,vcc2018,HUB-N12,spoof,notrim,eval,traditional_vocoder,HUB,N12,FM,-,550622,71,test-00071-of-00080.parquet
VCC2TM2,DF_E_4270925,high_ogg,vcc2018,HUB-N09,spoof,notrim,eval,traditional_vocoder,HUB,N09,FM,-,463250,60,test-00060-of-00080.parquet
VCC2SF1,DF_E_4023174,low_m4a,vcc2018,-,bonafide,notrim,eval,bonafide,-,-,-,-,412595,53,test-00053-of-00080.parquet
VCC2TF1,DF_E_2577994,low_ogg,vcc2018,SPO-B01,spoof,notrim,eval,traditional_vocoder,SPO,B01,FF,-,118093,15,test-00015-of-00080.parquet
LA_0042,DF_E_4154717,high_ogg,asvspoof,A08,spoof,notrim,eval,neural_vocoder_nonautoregressive,-,-,-,-,439519,57,test-00057-of-00080.parquet
LA_0024,DF_E_2038448,low_ogg,asvspoof,-,bonafide,notrim,eval,bonafide,-,-,-,-,7788,1,test-00001-of-00080.parquet
LA_0042,DF_E_4996222,oggm4a,asvspoof,A19,spoof,notrim,eval,traditional_vocoder,-,-,-,-,611055,79,test-00079-of-00080.parquet
TFF1,DF_E_2014150,oggm4a,vcc2020,Task2-team03,spoof,notrim,eval,neural_vocoder_autoregressive,Task2,team03,FF,F,2859,0,test-00000-of-00080.parquet
TEM2,DF_E_2842091,high_mp3,vcc2020,Task1-team06,spoof,notrim,eval,traditional_vocoder,Task1,team06,FM,E,171849,22,test-00022-of-00080.parquet
VCC2SM3,DF_E_3329383,oggm4a,vcc2018,-,bonafide,notrim,eval,bonafide,-,-,-,-,271199,35,test-00035-of-00080.parquet
VCC2SF2,DF_E_4129354,low_m4a,vcc2018,-,bonafide,notrim,eval,bonafide,-,-,-,-,434375,56,test-00056-of-00080.parquet
TEM1,DF_E_3918169,low_mp3,vcc2020,Task1-team11,spoof,notrim,eval,neural_vocoder_autoregressive,Task1,team11,FM,E,391261,51,test-00051-of-00080.parquet
TMM1,DF_E_4346009,low_m4a,vcc2020,-,bonafide,notrim,eval,bonafide,-,-,-,-,478557,62,test-00062-of-00080.parquet
LA_0008,DF_E_2086166,high_mp3,asvspoof,-,bonafide,notrim,eval,bonafide,-,-,-,-,17559,2,test-00002-of-00080.parquet
TEM2,DF_E_4177287,low_m4a,vcc2020,Task1-team28,spoof,notrim,eval,neural_vocoder_autoregressive,Task1,team28,FM,E,444130,58,test-00058-of-00080.parquet
VCC2SM3,DF_E_2348924,low_ogg,vcc2018,-,bonafide,notrim,eval,bonafide,-,-,-,-,71123,9,test-00009-of-00080.parquet
VCC2TF2,DF_E_4367216,low_mp3,vcc2018,HUB-N12,spoof,notrim,eval,traditional_vocoder,HUB,N12,MF,-,482847,63,test-00063-of-00080.parquet
LA_0028,DF_E_4459613,low_ogg,asvspoof,-,bonafide,notrim,eval,bonafide,-,-,-,-,501736,65,test-00065-of-00080.parquet
SEM2,DF_E_2153010,oggm4a,vcc2020,-,bonafide,notrim,eval,bonafide,-,-,-,-,31174,4,test-00004-of-00080.parquet
TEF1,DF_E_4762901,low_m4a,vcc2020,Task1-team24,spoof,notrim,eval,neural_vocoder_autoregressive,Task1,team24,FF,E,563435,73,test-00073-of-00080.parquet
VCC2TF2,DF_E_4966354,mp3m4a,vcc2018,-,bonafide,notrim,eval,bonafide,-,-,-,-,604878,79,test-00079-of-00080.parquet
LA_0025,DF_E_2470486,high_ogg,asvspoof,A17,spoof,notrim,eval,traditional_vocoder,-,-,-,-,96009,12,test-00012-of-00080.parquet
VCC2TF1,DF_E_2329810,high_mp3,vcc2018,-,bonafide,notrim,eval,bonafide,-,-,-,-,67233,8,test-00008-of-00080.parquet
TGF1,DF_E_4755870,low_m4a,vcc2020,Task2-team15,spoof,notrim,eval,neural_vocoder_nonautoregressive,Task2,team15,FF,G,561986,73,test-00073-of-00080.parquet
VCC2SF3,DF_E_4592510,high_m4a,vcc2018,-,bonafide,notrim,eval,bonafide,-,-,-,-,528760,69,test-00069-of-00080.parquet
TEM1,DF_E_3592002,high_mp3,vcc2020,Task1-team31,spoof,notrim,eval,neural_vocoder_nonautoregressive,Task1,team31,MM,E,325033,42,test-00042-of-00080.parquet
LA_0010,DF_E_3436235,nocodec,asvspoof,A11,spoof,notrim,eval,traditional_vocoder,-,-,-,-,293093,38,test-00038-of-00080.parquet
TGF1,DF_E_3790241,low_ogg,vcc2020,Task2-team13,spoof,notrim,eval,neural_vocoder_autoregressive,Task2,team13,MF,G,365238,47,test-00047-of-00080.parquet
SEF2,DF_E_4632347,low_m4a,vcc2020,-,bonafide,notrim,eval,bonafide,-,-,-,-,536888,70,test-00070-of-00080.parquet
TEM1,DF_E_3657327,mp3m4a,vcc2020,Task1-team31,spoof,notrim,eval,neural_vocoder_nonautoregressive,Task1,team31,FM,E,338427,44,test-00044-of-00080.parquet
TEF1,DF_E_3088554,low_mp3,vcc2020,Task1-team26,spoof,notrim,eval,traditional_vocoder,Task1,team26,FF,E,222294,29,test-00029-of-00080.parquet
VCC2SM1,DF_E_4728100,low_mp3,vcc2018,-,bonafide,notrim,eval,bonafide,-,-,-,-,556437,72,test-00072-of-00080.parquet
LA_0003,DF_E_2444216,high_ogg,asvspoof,-,bonafide,notrim,eval,bonafide,-,-,-,-,90627,11,test-00011-of-00080.parquet
VCC2SM1,DF_E_2064843,low_m4a,vcc2018,-,bonafide,notrim,eval,bonafide,-,-,-,-,13130,1,test-00001-of-00080.parquet
VCC2SF3,DF_E_4652754,mp3m4a,vcc2018,-,bonafide,notrim,eval,bonafide,-,-,-,-,541016,70,test-00070-of-00080.parquet
TMF1,DF_E_2482024,high_m4a,vcc2020,Task2-team33,spoof,notrim,eval,neural_vocoder_nonautoregressive,Task2,team33,FF,M,98448,12,test-00012-of-00080.parquet
TGM1,DF_E_4719560,low_m4a,vcc2020,-,bonafide,notrim,eval,bonafide,-,-,-,-,554678,72,test-00072-of-00080.parquet
LA_0001,DF_E_3907126,high_ogg,asvspoof,-,bonafide,notrim,eval,bonafide,-,-,-,-,388943,50,test-00050-of-00080.parquet
LA_0054,DF_E_3088693,high_mp3,asvspoof,-,bonafide,notrim,eval,bonafide,-,-,-,-,222316,29,test-00029-of-00080.parquet
LA_0011,DF_E_3525248,oggm4a,asvspoof,-,bonafide,notrim,eval,bonafide,-,-,-,-,311377,40,test-00040-of-00080.parquet
LA_0013,DF_E_3495644,high_ogg,asvspoof,-,bonafide,notrim,eval,bonafide,-,-,-,-,305312,39,test-00039-of-00080.parquet
LA_0028,DF_E_2385121,oggm4a,asvspoof,-,bonafide,notrim,eval,bonafide,-,-,-,-,78415,10,test-00010-of-00080.parquet
LA_0031,DF_E_4310818,low_mp3,asvspoof,-,bonafide,notrim,eval,bonafide,-,-,-,-,471287,61,test-00061-of-00080.parquet
TEF2,DF_E_2141493,low_ogg,vcc2020,-,bonafide,notrim,eval,bonafide,-,-,-,-,28768,3,test-00003-of-00080.parquet
VCC2SM2,DF_E_4463018,nocodec,vcc2018,-,bonafide,notrim,eval,bonafide,-,-,-,-,502412,65,test-00065-of-00080.parquet
LA_0005,DF_E_3952157,high_ogg,asvspoof,A07,spoof,notrim,eval,traditional_vocoder,-,-,-,-,398239,52,test-00052-of-00080.parquet
LA_0031,DF_E_4821145,mp3m4a,asvspoof,A10,spoof,notrim,eval,neural_vocoder_autoregressive,-,-,-,-,575236,75,test-00075-of-00080.parquet
LA_0029,DF_E_4283878,low_mp3,asvspoof,-,bonafide,notrim,eval,bonafide,-,-,-,-,465829,60,test-00060-of-00080.parquet
TMF1,DF_E_4326174,mp3m4a,vcc2020,-,bonafide,notrim,eval,bonafide,-,-,-,-,474437,62,test-00062-of-00080.parquet
VCC2SM3,DF_E_3260501,low_m4a,vcc2018,-,bonafide,notrim,eval,bonafide,-,-,-,-,257367,33,test-00033-of-00080.parquet
LA_0001,DF_E_3591423,high_ogg,asvspoof,-,bonafide,notrim,eval,bonafide,-,-,-,-,324922,42,test-00042-of-00080.parquet
TFF1,DF_E_3354345,low_mp3,vcc2020,Task2-team27,spoof,notrim,eval,neural_vocoder_nonautoregressive,Task2,team27,MF,F,276393,36,test-00036-of-00080.parquet
LA_0011,DF_E_4809663,nocodec,asvspoof,A08,spoof,notrim,eval,neural_vocoder_nonautoregressive,-,-,-,-,572872,74,test-00074-of-00080.parquet
VCC2TF1,DF_E_3381622,low_mp3,vcc2018,HUB-N19,spoof,notrim,eval,traditional_vocoder,HUB,N19,FF,-,281929,36,test-00036-of-00080.parquet
LA_0036,DF_E_4078394,high_ogg,asvspoof,-,bonafide,notrim,eval,bonafide,-,-,-,-,423877,55,test-00055-of-00080.parquet
TEF1,DF_E_2246986,low_m4a,vcc2020,-,bonafide,notrim,eval,bonafide,-,-,-,-,50357,6,test-00006-of-00080.parquet
VCC2TF2,DF_E_3434701,low_m4a,vcc2018,HUB-N18,spoof,notrim,eval,traditional_vocoder,HUB,N18,FF,-,292784,38,test-00038-of-00080.parquet
VCC2TM2,DF_E_2306848,high_ogg,vcc2018,HUB-N12,spoof,notrim,eval,traditional_vocoder,HUB,N12,MM,-,62514,8,test-00008-of-00080.parquet
TMF1,DF_E_3912784,mp3m4a,vcc2020,-,bonafide,notrim,eval,bonafide,-,-,-,-,390123,51,test-00051-of-00080.parquet
LA_0048,DF_E_2077924,high_ogg,asvspoof,-,bonafide,notrim,eval,bonafide,-,-,-,-,15867,2,test-00002-of-00080.parquet
LA_0006,DF_E_3390247,oggm4a,asvspoof,-,bonafide,notrim,eval,bonafide,-,-,-,-,283729,37,test-00037-of-00080.parquet
VCC2SM1,DF_E_2597403,low_m4a,vcc2018,-,bonafide,notrim,eval,bonafide,-,-,-,-,122025,15,test-00015-of-00080.parquet
LA_0026,DF_E_4818763,low_ogg,asvspoof,A11,spoof,notrim,eval,traditional_vocoder,-,-,-,-,574762,75,test-00075-of-00080.parquet
VCC2SM3,DF_E_2285698,low_m4a,vcc2018,-,bonafide,notrim,eval,bonafide,-,-,-,-,58212,7,test-00007-of-00080.parquet
LA_0045,DF_E_3815332,nocodec,asvspoof,A16,spoof,notrim,eval,waveform_concatenation,-,-,-,-,370328,48,test-00048-of-00080.parquet
TGM1,DF_E_2475895,low_mp3,vcc2020,-,bonafide,notrim,eval,bonafide,-,-,-,-,97141,12,test-00012-of-00080.parquet
LA_0046,DF_E_4188076,mp3m4a,asvspoof,-,bonafide,notrim,eval,bonafide,-,-,-,-,446268,58,test-00058-of-00080.parquet
TFF1,DF_E_2621318,mp3m4a,vcc2020,-,bonafide,notrim,eval,bonafide,-,-,-,-,126989,16,test-00016-of-00080.parquet
VCC2TM1,DF_E_2666740,low_m4a,vcc2018,HUB-D03,spoof,notrim,eval,traditional_vocoder,HUB,D03,FM,-,136228,17,test-00017-of-00080.parquet
SEF1,DF_E_2752393,low_m4a,vcc2020,-,bonafide,notrim,eval,bonafide,-,-,-,-,153507,20,test-00020-of-00080.parquet
TEF1,DF_E_4117729,low_ogg,vcc2020,Task1-team03,spoof,notrim,eval,neural_vocoder_autoregressive,Task1,team03,MF,E,431945,56,test-00056-of-00080.parquet
LA_0020,DF_E_4068512,mp3m4a,asvspoof,-,bonafide,notrim,eval,bonafide,-,-,-,-,421866,55,test-00055-of-00080.parquet
TFF1,DF_E_2512436,mp3m4a,vcc2020,Task2-team23,spoof,notrim,eval,neural_vocoder_autoregressive,Task2,team23,FF,F,104629,13,test-00013-of-00080.parquet
LA_0048,DF_E_3781387,low_mp3,asvspoof,-,bonafide,notrim,eval,bonafide,-,-,-,-,363488,47,test-00047-of-00080.parquet
TEF2,DF_E_2993614,oggm4a,vcc2020,-,bonafide,notrim,eval,bonafide,-,-,-,-,202868,26,test-00026-of-00080.parquet
VCC2TM1,DF_E_3799371,low_m4a,vcc2018,SPO-N03,spoof,notrim,eval,unknown,SPO,N03,MM,-,367120,48,test-00048-of-00080.parquet
VCC2TM2,DF_E_3567304,low_ogg,vcc2018,SPO-N12,spoof,notrim,eval,traditional_vocoder,SPO,N12,MM,-,319951,41,test-00041-of-00080.parquet
VCC2TF2,DF_E_2620016,oggm4a,vcc2018,HUB-N18,spoof,notrim,eval,traditional_vocoder,HUB,N18,FF,-,126688,16,test-00016-of-00080.parquet
VCC2TF1,DF_E_4181912,low_mp3,vcc2018,HUB-D05,spoof,notrim,eval,traditional_vocoder,HUB,D05,FF,-,445050,58,test-00058-of-00080.parquet
TEM2,DF_E_2925605,high_mp3,vcc2020,-,bonafide,notrim,eval,bonafide,-,-,-,-,188888,24,test-00024-of-00080.parquet
VCC2TF1,DF_E_3580288,oggm4a,vcc2018,HUB-N06,spoof,notrim,eval,traditional_vocoder,HUB,N06,FF,-,322593,42,test-00042-of-00080.parquet
TGF1,DF_E_3874561,high_mp3,vcc2020,Task2-team18,spoof,notrim,eval,unknown,Task2,team18,FF,G,382382,49,test-00049-of-00080.parquet
VCC2SF3,DF_E_3430299,high_mp3,vcc2018,-,bonafide,notrim,eval,bonafide,-,-,-,-,291841,38,test-00038-of-00080.parquet
VCC2SF2,DF_E_3393481,high_ogg,vcc2018,-,bonafide,notrim,eval,bonafide,-,-,-,-,284394,37,test-00037-of-00080.parquet
LA_0044,DF_E_4746077,low_ogg,asvspoof,-,bonafide,notrim,eval,bonafide,-,-,-,-,559981,73,test-00073-of-00080.parquet
TMF1,DF_E_3483931,low_mp3,vcc2020,Task2-team15,spoof,notrim,eval,neural_vocoder_nonautoregressive,Task2,team15,MF,M,302950,39,test-00039-of-00080.parquet
TEF2,DF_E_2301013,nocodec,vcc2020,Task1-team22,spoof,notrim,eval,neural_vocoder_nonautoregressive,Task1,team22,FF,E,61384,8,test-00008-of-00080.parquet
VCC2TF2,DF_E_2636203,low_ogg,vcc2018,HUB-N04,spoof,notrim,eval,traditional_vocoder,HUB,N04,FF,-,130056,17,test-00017-of-00080.parquet
VCC2SF4,DF_E_4429223,nocodec,vcc2018,-,bonafide,notrim,eval,bonafide,-,-,-,-,495549,64,test-00064-of-00080.parquet
LA_0007,DF_E_3335568,high_ogg,asvspoof,-,bonafide,notrim,eval,bonafide,-,-,-,-,272435,35,test-00035-of-00080.parquet
TEF1,DF_E_3149278,low_mp3,vcc2020,Task1-team12,spoof,notrim,eval,traditional_vocoder,Task1,team12,MF,E,234661,30,test-00030-of-00080.parquet
TEM1,DF_E_2673853,high_m4a,vcc2020,Task1-team20,spoof,notrim,eval,neural_vocoder_nonautoregressive,Task1,team20,MM,E,137698,18,test-00018-of-00080.parquet
VCC2TF2,DF_E_3961347,mp3m4a,vcc2018,HUB-N14,spoof,notrim,eval,traditional_vocoder,HUB,N14,FF,-,400092,52,test-00052-of-00080.parquet
VCC2SM2,DF_E_2159994,low_m4a,vcc2018,-,bonafide,notrim,eval,bonafide,-,-,-,-,32640,4,test-00004-of-00080.parquet
VCC2TM2,DF_E_2573317,mp3m4a,vcc2018,HUB-N06,spoof,notrim,eval,traditional_vocoder,HUB,N06,MM,-,117100,15,test-00015-of-00080.parquet
LA_0048,DF_E_2546575,mp3m4a,asvspoof,-,bonafide,notrim,eval,bonafide,-,-,-,-,111678,14,test-00014-of-00080.parquet
LA_0029,DF_E_2295524,mp3m4a,asvspoof,-,bonafide,notrim,eval,bonafide,-,-,-,-,60231,7,test-00007-of-00080.parquet
LA_0051,DF_E_4455124,nocodec,asvspoof,-,bonafide,notrim,eval,bonafide,-,-,-,-,500820,65,test-00065-of-00080.parquet
VCC2SF1,DF_E_3098277,low_mp3,vcc2018,-,bonafide,notrim,eval,bonafide,-,-,-,-,224290,29,test-00029-of-00080.parquet
LA_0021,DF_E_4124863,low_m4a,asvspoof,-,bonafide,notrim,eval,bonafide,-,-,-,-,433447,56,test-00056-of-00080.parquet
LA_0044,DF_E_4429314,nocodec,asvspoof,-,bonafide,notrim,eval,bonafide,-,-,-,-,495569,64,test-00064-of-00080.parquet
VCC2TF2,DF_E_2232702,high_ogg,vcc2018,HUB-N05,spoof,notrim,eval,traditional_vocoder,HUB,N05,FF,-,47434,6,test-00006-of-00080.parquet
TMM1,DF_E_3985818,high_m4a,vcc2020,Task2-team08,spoof,notrim,eval,traditional_vocoder,Task2,team08,MM,M,404988,52,test-00052-of-00080.parquet
TMF1,DF_E_4571301,oggm4a,vcc2020,Task2-team28,spoof,notrim,eval,neural_vocoder_autoregressive,Task2,team28,FF,M,524402,68,test-00068-of-00080.parquet
VCC2SF1,DF_E_3606176,high_m4a,vcc2018,-,bonafide,notrim,eval,bonafide,-,-,-,-,327941,42,test-00042-of-00080.parquet
LA_0015,DF_E_2124883,mp3m4a,asvspoof,-,bonafide,notrim,eval,bonafide,-,-,-,-,25278,3,test-00003-of-00080.parquet
LA_0005,DF_E_2249076,oggm4a,asvspoof,-,bonafide,notrim,eval,bonafide,-,-,-,-,50796,6,test-00006-of-00080.parquet
LA_0001,DF_E_3151221,oggm4a,asvspoof,A10,spoof,notrim,eval,neural_vocoder_autoregressive,-,-,-,-,235047,30,test-00030-of-00080.parquet
VCC2TM1,DF_E_2201190,low_ogg,vcc2018,SPO-N10,spoof,notrim,eval,neural_vocoder_autoregressive,SPO,N10,FM,-,41109,5,test-00005-of-00080.parquet
LA_0032,DF_E_3249420,oggm4a,asvspoof,-,bonafide,notrim,eval,bonafide,-,-,-,-,255148,33,test-00033-of-00080.parquet
VCC2TM1,DF_E_3838204,low_mp3,vcc2018,-,bonafide,notrim,eval,bonafide,-,-,-,-,374964,49,test-00049-of-00080.parquet
TMM1,DF_E_3790802,oggm4a,vcc2020,Task2-team30,spoof,notrim,eval,unknown,Task2,team30,MM,M,365355,47,test-00047-of-00080.parquet
VCC2SM2,DF_E_2488260,high_mp3,vcc2018,-,bonafide,notrim,eval,bonafide,-,-,-,-,99712,13,test-00013-of-00080.parquet
VCC2TM1,DF_E_2882344,high_mp3,vcc2018,HUB-N16,spoof,notrim,eval,traditional_vocoder,HUB,N16,MM,-,180160,23,test-00023-of-00080.parquet
VCC2TM2,DF_E_2840536,high_m4a,vcc2018,HUB-B01,spoof,notrim,eval,traditional_vocoder,HUB,B01,MM,-,171548,22,test-00022-of-00080.parquet
VCC2TM2,DF_E_4625874,high_mp3,vcc2018,HUB-N09,spoof,notrim,eval,traditional_vocoder,HUB,N09,MM,-,535521,70,test-00070-of-00080.parquet
TMM1,DF_E_2862752,low_m4a,vcc2020,Task2-team16,spoof,notrim,eval,neural_vocoder_nonautoregressive,Task2,team16,FM,M,176123,23,test-00023-of-00080.parquet
LA_0013,DF_E_4658972,oggm4a,asvspoof,-,bonafide,notrim,eval,bonafide,-,-,-,-,542286,70,test-00070-of-00080.parquet
VCC2SF1,DF_E_3717752,mp3m4a,vcc2018,-,bonafide,notrim,eval,bonafide,-,-,-,-,350680,45,test-00045-of-00080.parquet
VCC2TF2,DF_E_2658278,mp3m4a,vcc2018,SPO-N11,spoof,notrim,eval,traditional_vocoder,SPO,N11,MF,-,134528,17,test-00017-of-00080.parquet
TEM2,DF_E_2547684,oggm4a,vcc2020,Task1-team16,spoof,notrim,eval,neural_vocoder_nonautoregressive,Task1,team16,FM,E,111903,14,test-00014-of-00080.parquet
TEM2,DF_E_2064564,nocodec,vcc2020,Task1-team06,spoof,notrim,eval,traditional_vocoder,Task1,team06,MM,E,13077,1,test-00001-of-00080.parquet
TEM1,DF_E_2267916,low_ogg,vcc2020,-,bonafide,notrim,eval,bonafide,-,-,-,-,54605,7,test-00007-of-00080.parquet
LA_0040,DF_E_3274654,high_m4a,asvspoof,-,bonafide,notrim,eval,bonafide,-,-,-,-,260234,34,test-00034-of-00080.parquet
LA_0058,DF_E_2979878,high_ogg,asvspoof,-,bonafide,notrim,eval,bonafide,-,-,-,-,200036,26,test-00026-of-00080.parquet
VCC2TM2,DF_E_4635462,high_m4a,vcc2018,SPO-N18,spoof,notrim,eval,traditional_vocoder,SPO,N18,FM,-,537540,70,test-00070-of-00080.parquet
LA_0043,DF_E_2570486,high_m4a,asvspoof,-,bonafide,notrim,eval,bonafide,-,-,-,-,116537,15,test-00015-of-00080.parquet
TMF1,DF_E_2667782,high_ogg,vcc2020,Task2-team23,spoof,notrim,eval,neural_vocoder_autoregressive,Task2,team23,FF,M,136433,17,test-00017-of-00080.parquet
TMM1,DF_E_4783473,mp3m4a,vcc2020,Task2-team03,spoof,notrim,eval,neural_vocoder_autoregressive,Task2,team03,FM,M,567452,74,test-00074-of-00080.parquet
VCC2TM2,DF_E_4017897,nocodec,vcc2018,HUB-N12,spoof,notrim,eval,traditional_vocoder,HUB,N12,MM,-,411524,53,test-00053-of-00080.parquet
LA_0048,DF_E_2777654,high_m4a,asvspoof,-,bonafide,notrim,eval,bonafide,-,-,-,-,158719,20,test-00020-of-00080.parquet
TGF1,DF_E_4719088,low_ogg,vcc2020,Task2-team25,spoof,notrim,eval,neural_vocoder_autoregressive,Task2,team25,FF,G,554592,72,test-00072-of-00080.parquet
LA_0018,DF_E_4186081,low_mp3,asvspoof,-,bonafide,notrim,eval,bonafide,-,-,-,-,445861,58,test-00058-of-00080.parquet
TGM1,DF_E_2530913,oggm4a,vcc2020,Task2-team11,spoof,notrim,eval,neural_vocoder_autoregressive,Task2,team11,MM,G,108415,14,test-00014-of-00080.parquet
TEF1,DF_E_2094259,nocodec,vcc2020,-,bonafide,notrim,eval,bonafide,-,-,-,-,19178,2,test-00002-of-00080.parquet
VCC2TM1,DF_E_4701378,mp3m4a,vcc2018,-,bonafide,notrim,eval,bonafide,-,-,-,-,550957,72,test-00072-of-00080.parquet
TEF1,DF_E_2864407,low_ogg,vcc2020,-,bonafide,notrim,eval,bonafide,-,-,-,-,176448,23,test-00023-of-00080.parquet
TEM2,DF_E_2287103,high_m4a,vcc2020,Task1-team17,spoof,notrim,eval,neural_vocoder_nonautoregressive,Task1,team17,MM,E,58476,7,test-00007-of-00080.parquet
VCC2TF1,DF_E_3010589,oggm4a,vcc2018,SPO-N04,spoof,notrim,eval,traditional_vocoder,SPO,N04,FF,-,206388,26,test-00026-of-00080.parquet
VCC2SM4,DF_E_2137191,nocodec,vcc2018,-,bonafide,notrim,eval,bonafide,-,-,-,-,27906,3,test-00003-of-00080.parquet
VCC2TF1,DF_E_3329323,high_m4a,vcc2018,HUB-N18,spoof,notrim,eval,traditional_vocoder,HUB,N18,MF,-,271186,35,test-00035-of-00080.parquet
LA_0047,DF_E_2895012,high_m4a,asvspoof,-,bonafide,notrim,eval,bonafide,-,-,-,-,182715,23,test-00023-of-00080.parquet
LA_0018,DF_E_2133494,high_ogg,asvspoof,A08,spoof,notrim,eval,neural_vocoder_nonautoregressive,-,-,-,-,27112,3,test-00003-of-00080.parquet
VCC2TM1,DF_E_3921336,high_ogg,vcc2018,HUB-N11,spoof,notrim,eval,traditional_vocoder,HUB,N11,MM,-,391914,51,test-00051-of-00080.parquet
TEF2,DF_E_2507634,low_m4a,vcc2020,Task1-team01,spoof,notrim,eval,neural_vocoder_nonautoregressive,Task1,team01,FF,E,103697,13,test-00013-of-00080.parquet
TMM1,DF_E_3722061,low_mp3,vcc2020,Task2-team26,spoof,notrim,eval,traditional_vocoder,Task2,team26,FM,M,351543,45,test-00045-of-00080.parquet
VCC2SF1,DF_E_3381573,low_mp3,vcc2018,-,bonafide,notrim,eval,bonafide,-,-,-,-,281916,36,test-00036-of-00080.parquet
TEF2,DF_E_3949216,high_m4a,vcc2020,Task1-team20,spoof,notrim,eval,neural_vocoder_nonautoregressive,Task1,team20,FF,E,397635,51,test-00051-of-00080.parquet
VCC2SF4,DF_E_2142987,low_mp3,vcc2018,-,bonafide,notrim,eval,bonafide,-,-,-,-,29079,3,test-00003-of-00080.parquet
VCC2TM1,DF_E_4349417,high_ogg,vcc2018,HUB-N06,spoof,notrim,eval,traditional_vocoder,HUB,N06,MM,-,479257,62,test-00062-of-00080.parquet
VCC2TF2,DF_E_2030257,nocodec,vcc2018,HUB-B01,spoof,notrim,eval,traditional_vocoder,HUB,B01,FF,-,6135,0,test-00000-of-00080.parquet
VCC2TF2,DF_E_4449997,oggm4a,vcc2018,HUB-N06,spoof,notrim,eval,traditional_vocoder,HUB,N06,MF,-,499771,65,test-00065-of-00080.parquet
VCC2TM1,DF_E_2542158,low_mp3,vcc2018,HUB-N11,spoof,notrim,eval,traditional_vocoder,HUB,N11,FM,-,110791,14,test-00014-of-00080.parquet
TFF1,DF_E_3700599,nocodec,vcc2020,Task2-team07,spoof,notrim,eval,neural_vocoder_autoregressive,Task2,team07,MF,F,347217,45,test-00045-of-00080.parquet
VCC2TM1,DF_E_3741155,low_mp3,vcc2018,SPO-N06,spoof,notrim,eval,traditional_vocoder,SPO,N06,MM,-,355396,46,test-00046-of-00080.parquet
TFF1,DF_E_2731423,high_ogg,vcc2020,-,bonafide,notrim,eval,bonafide,-,-,-,-,149246,19,test-00019-of-00080.parquet
VCC2TM2,DF_E_2561421,oggm4a,vcc2018,-,bonafide,notrim,eval,bonafide,-,-,-,-,114668,14,test-00014-of-00080.parquet
LA_0065,DF_E_4378981,low_m4a,asvspoof,-,bonafide,notrim,eval,bonafide,-,-,-,-,485269,63,test-00063-of-00080.parquet
LA_0004,DF_E_4293605,high_ogg,asvspoof,A11,spoof,notrim,eval,traditional_vocoder,-,-,-,-,467782,61,test-00061-of-00080.parquet
TFF1,DF_E_4046510,low_ogg,vcc2020,Task2-team15,spoof,notrim,eval,neural_vocoder_nonautoregressive,Task2,team15,MF,F,417387,54,test-00054-of-00080.parquet
TEM1,DF_E_4302955,high_ogg,vcc2020,-,bonafide,notrim,eval,bonafide,-,-,-,-,469660,61,test-00061-of-00080.parquet
LA_0010,DF_E_3908431,high_ogg,asvspoof,-,bonafide,notrim,eval,bonafide,-,-,-,-,389206,50,test-00050-of-00080.parquet
TEM2,DF_E_2039953,nocodec,vcc2020,Task1-team25,spoof,notrim,eval,neural_vocoder_autoregressive,Task1,team25,FM,E,8084,1,test-00001-of-00080.parquet
LA_0015,DF_E_3771032,mp3m4a,asvspoof,-,bonafide,notrim,eval,bonafide,-,-,-,-,361474,47,test-00047-of-00080.parquet
TMF1,DF_E_4779599,oggm4a,vcc2020,Task2-team06,spoof,notrim,eval,traditional_vocoder,Task2,team06,MF,M,566683,74,test-00074-of-00080.parquet
TEM1,DF_E_3490880,low_m4a,vcc2020,Task1-team22,spoof,notrim,eval,neural_vocoder_nonautoregressive,Task1,team22,MM,E,304357,39,test-00039-of-00080.parquet
VCC2TF2,DF_E_4989585,nocodec,vcc2018,HUB-N14,spoof,notrim,eval,traditional_vocoder,HUB,N14,MF,-,609704,79,test-00079-of-00080.parquet
VCC2SM1,DF_E_4797060,high_mp3,vcc2018,-,bonafide,notrim,eval,bonafide,-,-,-,-,570208,74,test-00074-of-00080.parquet
VCC2TM1,DF_E_4921834,low_mp3,vcc2018,SPO-N06,spoof,notrim,eval,traditional_vocoder,SPO,N06,MM,-,595928,77,test-00077-of-00080.parquet
TFF1,DF_E_4232052,oggm4a,vcc2020,Task2-team26,spoof,notrim,eval,traditional_vocoder,Task2,team26,MF,F,455256,59,test-00059-of-00080.parquet
LA_0009,DF_E_4402646,oggm4a,asvspoof,-,bonafide,notrim,eval,bonafide,-,-,-,-,490126,64,test-00064-of-00080.parquet
LA_0023,DF_E_2877963,oggm4a,asvspoof,-,bonafide,notrim,eval,bonafide,-,-,-,-,179274,23,test-00023-of-00080.parquet
LA_0015,DF_E_2070143,nocodec,asvspoof,-,bonafide,notrim,eval,bonafide,-,-,-,-,14236,1,test-00001-of-00080.parquet
LA_0045,DF_E_4176533,low_ogg,asvspoof,-,bonafide,notrim,eval,bonafide,-,-,-,-,443956,58,test-00058-of-00080.parquet
LA_0041,DF_E_3736973,low_ogg,asvspoof,-,bonafide,notrim,eval,bonafide,-,-,-,-,354542,46,test-00046-of-00080.parquet
VCC2TM2,DF_E_4715327,high_ogg,vcc2018,SPO-N05,spoof,notrim,eval,traditional_vocoder,SPO,N05,MM,-,553794,72,test-00072-of-00080.parquet
TEM2,DF_E_4074464,low_m4a,vcc2020,Task1-team11,spoof,notrim,eval,neural_vocoder_autoregressive,Task1,team11,MM,E,423113,55,test-00055-of-00080.parquet
VCC2TM2,DF_E_2694576,low_m4a,vcc2018,SPO-N06,spoof,notrim,eval,traditional_vocoder,SPO,N06,FM,-,141866,18,test-00018-of-00080.parquet
TEF1,DF_E_3922492,high_mp3,vcc2020,Task1-team21,spoof,notrim,eval,neural_vocoder_nonautoregressive,Task1,team21,MF,E,392159,51,test-00051-of-00080.parquet
LA_0023,DF_E_4357834,low_m4a,asvspoof,A13,spoof,notrim,eval,traditional_vocoder,-,-,-,-,480971,62,test-00062-of-00080.parquet
LA_0025,DF_E_2860978,high_ogg,asvspoof,-,bonafide,notrim,eval,bonafide,-,-,-,-,175782,22,test-00022-of-00080.parquet
LA_0019,DF_E_3917403,low_ogg,asvspoof,A14,spoof,notrim,eval,traditional_vocoder,-,-,-,-,391096,51,test-00051-of-00080.parquet
VCC2TF2,DF_E_4912490,high_m4a,vcc2018,SPO-B01,spoof,notrim,eval,traditional_vocoder,SPO,B01,MF,-,594037,77,test-00077-of-00080.parquet
VCC2TF1,DF_E_2447382,low_ogg,vcc2018,-,bonafide,notrim,eval,bonafide,-,-,-,-,91267,11,test-00011-of-00080.parquet
LA_0021,DF_E_3698539,oggm4a,asvspoof,-,bonafide,notrim,eval,bonafide,-,-,-,-,346816,45,test-00045-of-00080.parquet
VCC2TF1,DF_E_2987460,low_mp3,vcc2018,HUB-D03,spoof,notrim,eval,traditional_vocoder,HUB,D03,MF,-,201579,26,test-00026-of-00080.parquet
TFM1,DF_E_4969253,low_ogg,vcc2020,Task2-team30,spoof,notrim,eval,unknown,Task2,team30,FM,F,605481,79,test-00079-of-00080.parquet
VCC2TF2,DF_E_2066291,low_ogg,vcc2018,HUB-N10,spoof,notrim,eval,neural_vocoder_autoregressive,HUB,N10,MF,-,13423,1,test-00001-of-00080.parquet
TMF1,DF_E_4303952,high_m4a,vcc2020,Task2-team25,spoof,notrim,eval,neural_vocoder_autoregressive,Task2,team25,FF,M,469857,61,test-00061-of-00080.parquet
TEM1,DF_E_3436104,high_ogg,vcc2020,Task1-team19,spoof,notrim,eval,neural_vocoder_nonautoregressive,Task1,team19,MM,E,293072,38,test-00038-of-00080.parquet
SEM2,DF_E_4920277,nocodec,vcc2020,-,bonafide,notrim,eval,bonafide,-,-,-,-,595616,77,test-00077-of-00080.parquet
LA_0030,DF_E_4347112,oggm4a,asvspoof,-,bonafide,notrim,eval,bonafide,-,-,-,-,478777,62,test-00062-of-00080.parquet
TEM1,DF_E_4718025,mp3m4a,vcc2020,Task1-team13,spoof,notrim,eval,neural_vocoder_autoregressive,Task1,team13,FM,E,554363,72,test-00072-of-00080.parquet
TFM1,DF_E_4929579,high_mp3,vcc2020,Task2-team16,spoof,notrim,eval,neural_vocoder_nonautoregressive,Task2,team16,FM,F,597528,78,test-00078-of-00080.parquet
VCC2SM3,DF_E_2991773,mp3m4a,vcc2018,-,bonafide,notrim,eval,bonafide,-,-,-,-,202489,26,test-00026-of-00080.parquet
VCC2TF2,DF_E_2939574,low_ogg,vcc2018,-,bonafide,notrim,eval,bonafide,-,-,-,-,191794,25,test-00025-of-00080.parquet
TGF1,DF_E_4275337,oggm4a,vcc2020,Task2-team33,spoof,notrim,eval,neural_vocoder_nonautoregressive,Task2,team33,FF,G,464126,60,test-00060-of-00080.parquet
LA_0028,DF_E_2664901,low_ogg,asvspoof,A07,spoof,notrim,eval,traditional_vocoder,-,-,-,-,135860,17,test-00017-of-00080.parquet
TGM1,DF_E_3989927,low_m4a,vcc2020,Task2-team06,spoof,notrim,eval,traditional_vocoder,Task2,team06,MM,G,405832,53,test-00053-of-00080.parquet
LA_0037,DF_E_2822666,high_m4a,asvspoof,A13,spoof,notrim,eval,traditional_vocoder,-,-,-,-,167873,21,test-00021-of-00080.parquet
LA_0060,DF_E_3872814,low_mp3,asvspoof,-,bonafide,notrim,eval,bonafide,-,-,-,-,382029,49,test-00049-of-00080.parquet
VCC2TM1,DF_E_3069887,high_ogg,vcc2018,HUB-N14,spoof,notrim,eval,traditional_vocoder,HUB,N14,FM,-,218639,28,test-00028-of-00080.parquet
LA_0041,DF_E_2590776,high_ogg,asvspoof,-,bonafide,notrim,eval,bonafide,-,-,-,-,120669,15,test-00015-of-00080.parquet
TEF2,DF_E_2447825,nocodec,vcc2020,Task1-team31,spoof,notrim,eval,neural_vocoder_nonautoregressive,Task1,team31,MF,E,91343,11,test-00011-of-00080.parquet
TEF2,DF_E_3183379,low_m4a,vcc2020,-,bonafide,notrim,eval,bonafide,-,-,-,-,241665,31,test-00031-of-00080.parquet
VCC2TM1,DF_E_4138285,high_m4a,vcc2018,HUB-N06,spoof,notrim,eval,traditional_vocoder,HUB,N06,MM,-,436143,57,test-00057-of-00080.parquet
TGM1,DF_E_4327551,high_ogg,vcc2020,-,bonafide,notrim,eval,bonafide,-,-,-,-,474731,62,test-00062-of-00080.parquet
VCC2TM2,DF_E_2926852,low_mp3,vcc2018,-,bonafide,notrim,eval,bonafide,-,-,-,-,189118,24,test-00024-of-00080.parquet
TEF1,DF_E_2836485,nocodec,vcc2020,Task1-team16,spoof,notrim,eval,neural_vocoder_nonautoregressive,Task1,team16,MF,E,170703,22,test-00022-of-00080.parquet
TEM1,DF_E_2495461,nocodec,vcc2020,Task1-team23,spoof,notrim,eval,neural_vocoder_nonautoregressive,Task1,team23,FM,E,101228,13,test-00013-of-00080.parquet
TEF1,DF_E_2936840,high_mp3,vcc2020,-,bonafide,notrim,eval,bonafide,-,-,-,-,191217,25,test-00025-of-00080.parquet
VCC2TF2,DF_E_4684817,low_m4a,vcc2018,HUB-N06,spoof,notrim,eval,traditional_vocoder,HUB,N06,MF,-,547578,71,test-00071-of-00080.parquet
VCC2TF1,DF_E_2601763,low_ogg,vcc2018,HUB-N17,spoof,notrim,eval,neural_vocoder_autoregressive,HUB,N17,FF,-,122929,16,test-00016-of-00080.parquet
VCC2TM2,DF_E_4322487,high_m4a,vcc2018,-,bonafide,notrim,eval,bonafide,-,-,-,-,473678,61,test-00061-of-00080.parquet
LA_0036,DF_E_2942449,low_ogg,asvspoof,-,bonafide,notrim,eval,bonafide,-,-,-,-,192380,25,test-00025-of-00080.parquet
TMM1,DF_E_4073866,oggm4a,vcc2020,Task2-team27,spoof,notrim,eval,neural_vocoder_nonautoregressive,Task2,team27,FM,M,422991,55,test-00055-of-00080.parquet
VCC2TF1,DF_E_3897526,nocodec,vcc2018,SPO-N03,spoof,notrim,eval,unknown,SPO,N03,FF,-,386986,50,test-00050-of-00080.parquet
TMM1,DF_E_4435765,nocodec,vcc2020,Task2-team16,spoof,notrim,eval,neural_vocoder_nonautoregressive,Task2,team16,MM,M,496861,64,test-00064-of-00080.parquet
VCC2SF4,DF_E_3596737,low_m4a,vcc2018,-,bonafide,notrim,eval,bonafide,-,-,-,-,326021,42,test-00042-of-00080.parquet
LA_0023,DF_E_3435329,low_mp3,asvspoof,-,bonafide,notrim,eval,bonafide,-,-,-,-,292912,38,test-00038-of-00080.parquet
VCC2TF2,DF_E_4234709,high_mp3,vcc2018,HUB-N12,spoof,notrim,eval,traditional_vocoder,HUB,N12,FF,-,455802,59,test-00059-of-00080.parquet
TEM2,DF_E_3599068,high_mp3,vcc2020,Task1-team18,spoof,notrim,eval,unknown,Task1,team18,MM,E,326484,42,test-00042-of-00080.parquet
TEF2,DF_E_4580482,low_ogg,vcc2020,Task1-team06,spoof,notrim,eval,traditional_vocoder,Task1,team06,FF,E,526324,68,test-00068-of-00080.parquet
TMM1,DF_E_3282030,high_mp3,vcc2020,Task2-team26,spoof,notrim,eval,traditional_vocoder,Task2,team26,MM,M,261713,34,test-00034-of-00080.parquet
TEF2,DF_E_3803696,high_mp3,vcc2020,Task1-team03,spoof,notrim,eval,neural_vocoder_autoregressive,Task1,team03,FF,E,368017,48,test-00048-of-00080.parquet
TEF2,DF_E_4054957,high_mp3,vcc2020,Task1-team07,spoof,notrim,eval,neural_vocoder_autoregressive,Task1,team07,FF,E,419118,54,test-00054-of-00080.parquet
LA_0008,DF_E_2947377,low_ogg,asvspoof,A12,spoof,notrim,eval,neural_vocoder_autoregressive,-,-,-,-,193383,25,test-00025-of-00080.parquet
VCC2TF1,DF_E_2151923,high_mp3,vcc2018,-,bonafide,notrim,eval,bonafide,-,-,-,-,30960,4,test-00004-of-00080.parquet
TEF2,DF_E_3622894,high_ogg,vcc2020,Task1-team01,spoof,notrim,eval,neural_vocoder_nonautoregressive,Task1,team01,MF,E,331289,43,test-00043-of-00080.parquet
VCC2TF1,DF_E_2669982,oggm4a,vcc2018,HUB-N13,spoof,notrim,eval,traditional_vocoder,HUB,N13,MF,-,136919,17,test-00017-of-00080.parquet
VCC2SM1,DF_E_3033446,low_mp3,vcc2018,-,bonafide,notrim,eval,bonafide,-,-,-,-,211043,27,test-00027-of-00080.parquet
TEF1,DF_E_4125938,low_mp3,vcc2020,-,bonafide,notrim,eval,bonafide,-,-,-,-,433671,56,test-00056-of-00080.parquet
VCC2TM1,DF_E_2863631,high_m4a,vcc2018,-,bonafide,notrim,eval,bonafide,-,-,-,-,176292,23,test-00023-of-00080.parquet
LA_0044,DF_E_4387425,oggm4a,asvspoof,-,bonafide,notrim,eval,bonafide,-,-,-,-,487009,63,test-00063-of-00080.parquet
LA_0046,DF_E_2770176,high_m4a,asvspoof,A08,spoof,notrim,eval,neural_vocoder_nonautoregressive,-,-,-,-,157180,20,test-00020-of-00080.parquet
VCC2SM1,DF_E_4783678,low_m4a,vcc2018,-,bonafide,notrim,eval,bonafide,-,-,-,-,567491,74,test-00074-of-00080.parquet
TFF1,DF_E_3282251,high_m4a,vcc2020,Task2-team16,spoof,notrim,eval,neural_vocoder_nonautoregressive,Task2,team16,FF,F,261752,34,test-00034-of-00080.parquet
TFM1,DF_E_3176355,mp3m4a,vcc2020,Task2-team06,spoof,notrim,eval,traditional_vocoder,Task2,team06,FM,F,240251,31,test-00031-of-00080.parquet
TEF1,DF_E_3697424,high_m4a,vcc2020,-,bonafide,notrim,eval,bonafide,-,-,-,-,346606,45,test-00045-of-00080.parquet
VCC2TM1,DF_E_2394135,mp3m4a,vcc2018,HUB-N15,spoof,notrim,eval,traditional_vocoder,HUB,N15,MM,-,80220,10,test-00010-of-00080.parquet
LA_0048,DF_E_4460820,high_ogg,asvspoof,-,bonafide,notrim,eval,bonafide,-,-,-,-,501981,65,test-00065-of-00080.parquet
LA_0014,DF_E_3696682,high_m4a,asvspoof,-,bonafide,notrim,eval,bonafide,-,-,-,-,346439,45,test-00045-of-00080.parquet
LA_0001,DF_E_4308430,mp3m4a,asvspoof,-,bonafide,notrim,eval,bonafide,-,-,-,-,470764,61,test-00061-of-00080.parquet
VCC2TF1,DF_E_3412592,low_mp3,vcc2018,HUB-N12,spoof,notrim,eval,traditional_vocoder,HUB,N12,MF,-,288202,37,test-00037-of-00080.parquet
LA_0018,DF_E_3383248,oggm4a,asvspoof,-,bonafide,notrim,eval,bonafide,-,-,-,-,282259,36,test-00036-of-00080.parquet
TFM1,DF_E_3132227,nocodec,vcc2020,-,bonafide,notrim,eval,bonafide,-,-,-,-,231173,30,test-00030-of-00080.parquet
VCC2SM3,DF_E_2170449,low_mp3,vcc2018,-,bonafide,notrim,eval,bonafide,-,-,-,-,34755,4,test-00004-of-00080.parquet
SEM1,DF_E_2249802,low_mp3,vcc2020,-,bonafide,notrim,eval,bonafide,-,-,-,-,50949,6,test-00006-of-00080.parquet
VCC2TF2,DF_E_2368743,low_mp3,vcc2018,HUB-B01,spoof,notrim,eval,traditional_vocoder,HUB,B01,FF,-,75117,9,test-00009-of-00080.parquet
TEM1,DF_E_2675071,high_ogg,vcc2020,-,bonafide,notrim,eval,bonafide,-,-,-,-,137946,18,test-00018-of-00080.parquet
VCC2TF2,DF_E_4715524,oggm4a,vcc2018,-,bonafide,notrim,eval,bonafide,-,-,-,-,553835,72,test-00072-of-00080.parquet
LA_0001,DF_E_4199356,oggm4a,asvspoof,A17,spoof,notrim,eval,traditional_vocoder,-,-,-,-,448565,58,test-00058-of-00080.parquet
VCC2TM2,DF_E_3899266,low_m4a,vcc2018,HUB-N06,spoof,notrim,eval,traditional_vocoder,HUB,N06,MM,-,387343,50,test-00050-of-00080.parquet
TEF1,DF_E_2668099,high_mp3,vcc2020,Task1-team29,spoof,notrim,eval,neural_vocoder_autoregressive,Task1,team29,MF,E,136505,17,test-00017-of-00080.parquet
TGF1,DF_E_4912214,mp3m4a,vcc2020,-,bonafide,notrim,eval,bonafide,-,-,-,-,593993,77,test-00077-of-00080.parquet
LA_0008,DF_E_3304717,mp3m4a,asvspoof,A10,spoof,notrim,eval,neural_vocoder_autoregressive,-,-,-,-,266215,34,test-00034-of-00080.parquet
TEM2,DF_E_4571221,mp3m4a,vcc2020,Task1-team21,spoof,notrim,eval,neural_vocoder_nonautoregressive,Task1,team21,MM,E,524384,68,test-00068-of-00080.parquet
LA_0037,DF_E_4067085,low_ogg,asvspoof,A18,spoof,notrim,eval,traditional_vocoder,-,-,-,-,421555,55,test-00055-of-00080.parquet
VCC2TF2,DF_E_3224618,low_ogg,vcc2018,SPO-N11,spoof,notrim,eval,traditional_vocoder,SPO,N11,MF,-,250048,32,test-00032-of-00080.parquet
TEM2,DF_E_2805404,low_mp3,vcc2020,Task1-team19,spoof,notrim,eval,neural_vocoder_nonautoregressive,Task1,team19,FM,E,164285,21,test-00021-of-00080.parquet
TEF1,DF_E_2811417,low_m4a,vcc2020,Task1-team03,spoof,notrim,eval,neural_vocoder_autoregressive,Task1,team03,FF,E,165511,21,test-00021-of-00080.parquet
TEF1,DF_E_2591573,low_ogg,vcc2020,Task1-team14,spoof,notrim,eval,neural_vocoder_nonautoregressive,Task1,team14,MF,E,120825,15,test-00015-of-00080.parquet
LA_0031,DF_E_4736887,high_ogg,asvspoof,-,bonafide,notrim,eval,bonafide,-,-,-,-,558172,72,test-00072-of-00080.parquet
LA_0001,DF_E_3871393,low_m4a,asvspoof,-,bonafide,notrim,eval,bonafide,-,-,-,-,381701,49,test-00049-of-00080.parquet
LA_0014,DF_E_4405014,mp3m4a,asvspoof,-,bonafide,notrim,eval,bonafide,-,-,-,-,490592,64,test-00064-of-00080.parquet
TMM1,DF_E_4877160,high_m4a,vcc2020,Task2-team24,spoof,notrim,eval,neural_vocoder_autoregressive,Task2,team24,FM,M,586867,76,test-00076-of-00080.parquet
VCC2TF2,DF_E_2860367,high_mp3,vcc2018,HUB-N18,spoof,notrim,eval,traditional_vocoder,HUB,N18,FF,-,175657,22,test-00022-of-00080.parquet
TGF1,DF_E_3737970,low_ogg,vcc2020,Task2-team26,spoof,notrim,eval,traditional_vocoder,Task2,team26,MF,G,354747,46,test-00046-of-00080.parquet
VCC2TF2,DF_E_2911902,high_mp3,vcc2018,-,bonafide,notrim,eval,bonafide,-,-,-,-,186098,24,test-00024-of-00080.parquet
TGM1,DF_E_4641041,high_ogg,vcc2020,Task2-team23,spoof,notrim,eval,neural_vocoder_autoregressive,Task2,team23,MM,G,538652,70,test-00070-of-00080.parquet
VCC2SM1,DF_E_3467308,mp3m4a,vcc2018,-,bonafide,notrim,eval,bonafide,-,-,-,-,299486,39,test-00039-of-00080.parquet
VCC2TM2,DF_E_3178283,high_m4a,vcc2018,-,bonafide,notrim,eval,bonafide,-,-,-,-,240662,31,test-00031-of-00080.parquet
TEM2,DF_E_2662538,nocodec,vcc2020,Task1-team20,spoof,notrim,eval,neural_vocoder_nonautoregressive,Task1,team20,MM,E,135375,17,test-00017-of-00080.parquet
TMF1,DF_E_4124557,oggm4a,vcc2020,Task2-team08,spoof,notrim,eval,traditional_vocoder,Task2,team08,MF,M,433377,56,test-00056-of-00080.parquet
VCC2TF2,DF_E_3996657,low_mp3,vcc2018,-,bonafide,notrim,eval,bonafide,-,-,-,-,407223,53,test-00053-of-00080.parquet
TMM1,DF_E_3977992,nocodec,vcc2020,Task2-team12,spoof,notrim,eval,traditional_vocoder,Task2,team12,MM,M,403384,52,test-00052-of-00080.parquet
TEF1,DF_E_2107976,high_m4a,vcc2020,-,bonafide,notrim,eval,bonafide,-,-,-,-,21814,2,test-00002-of-00080.parquet
LA_0043,DF_E_2426595,low_mp3,asvspoof,A10,spoof,notrim,eval,neural_vocoder_autoregressive,-,-,-,-,86943,11,test-00011-of-00080.parquet
LA_0037,DF_E_2078618,low_ogg,asvspoof,-,bonafide,notrim,eval,bonafide,-,-,-,-,16004,2,test-00002-of-00080.parquet
LA_0029,DF_E_4179926,mp3m4a,asvspoof,-,bonafide,notrim,eval,bonafide,-,-,-,-,444675,58,test-00058-of-00080.parquet
LA_0058,DF_E_4840618,high_mp3,asvspoof,-,bonafide,notrim,eval,bonafide,-,-,-,-,579290,75,test-00075-of-00080.parquet
VCC2SF2,DF_E_3112761,high_mp3,vcc2018,-,bonafide,notrim,eval,bonafide,-,-,-,-,227236,29,test-00029-of-00080.parquet
LA_0030,DF_E_4411119,oggm4a,asvspoof,-,bonafide,notrim,eval,bonafide,-,-,-,-,491850,64,test-00064-of-00080.parquet
LA_0026,DF_E_3415449,high_ogg,asvspoof,A18,spoof,notrim,eval,traditional_vocoder,-,-,-,-,288813,37,test-00037-of-00080.parquet
LA_0008,DF_E_2508856,low_ogg,asvspoof,-,bonafide,notrim,eval,bonafide,-,-,-,-,103936,13,test-00013-of-00080.parquet
TMF1,DF_E_3168333,high_mp3,vcc2020,-,bonafide,notrim,eval,bonafide,-,-,-,-,238577,31,test-00031-of-00080.parquet
VCC2SM3,DF_E_3975861,nocodec,vcc2018,-,bonafide,notrim,eval,bonafide,-,-,-,-,402970,52,test-00052-of-00080.parquet
LA_0017,DF_E_3375657,low_ogg,asvspoof,-,bonafide,notrim,eval,bonafide,-,-,-,-,280650,36,test-00036-of-00080.parquet
LA_0015,DF_E_3483373,low_ogg,asvspoof,A10,spoof,notrim,eval,neural_vocoder_autoregressive,-,-,-,-,302828,39,test-00039-of-00080.parquet
VCC2SF2,DF_E_3757683,high_m4a,vcc2018,-,bonafide,notrim,eval,bonafide,-,-,-,-,358761,46,test-00046-of-00080.parquet
TEF2,DF_E_2270772,low_m4a,vcc2020,-,bonafide,notrim,eval,bonafide,-,-,-,-,55167,7,test-00007-of-00080.parquet
TGF1,DF_E_2712903,low_m4a,vcc2020,Task2-team31,spoof,notrim,eval,neural_vocoder_nonautoregressive,Task2,team31,MF,G,145563,19,test-00019-of-00080.parquet
LA_0032,DF_E_4147711,high_ogg,asvspoof,-,bonafide,notrim,eval,bonafide,-,-,-,-,438037,57,test-00057-of-00080.parquet
VCC2TM1,DF_E_3288180,low_ogg,vcc2018,HUB-N08,spoof,notrim,eval,traditional_vocoder,HUB,N08,MM,-,262939,34,test-00034-of-00080.parquet
LA_0013,DF_E_3829395,low_m4a,asvspoof,-,bonafide,notrim,eval,bonafide,-,-,-,-,373244,48,test-00048-of-00080.parquet
TGM1,DF_E_3621825,low_mp3,vcc2020,Task2-team28,spoof,notrim,eval,neural_vocoder_autoregressive,Task2,team28,FM,G,331076,43,test-00043-of-00080.parquet
TFM1,DF_E_2637596,high_ogg,vcc2020,Task2-team02,spoof,notrim,eval,neural_vocoder_nonautoregressive,Task2,team02,MM,F,130346,17,test-00017-of-00080.parquet
LA_0014,DF_E_4620671,mp3m4a,asvspoof,-,bonafide,notrim,eval,bonafide,-,-,-,-,534470,69,test-00069-of-00080.parquet
LA_0003,DF_E_2958116,high_m4a,asvspoof,-,bonafide,notrim,eval,bonafide,-,-,-,-,195624,25,test-00025-of-00080.parquet
LA_0007,DF_E_2918606,oggm4a,asvspoof,-,bonafide,notrim,eval,bonafide,-,-,-,-,187454,24,test-00024-of-00080.parquet
VCC2TF2,DF_E_3499750,mp3m4a,vcc2018,-,bonafide,notrim,eval,bonafide,-,-,-,-,306182,40,test-00040-of-00080.parquet
VCC2TM2,DF_E_2340734,oggm4a,vcc2018,-,bonafide,notrim,eval,bonafide,-,-,-,-,69450,9,test-00009-of-00080.parquet
TEF1,DF_E_2976109,high_mp3,vcc2020,-,bonafide,notrim,eval,bonafide,-,-,-,-,199265,26,test-00026-of-00080.parquet
TFF1,DF_E_4965991,nocodec,vcc2020,-,bonafide,notrim,eval,bonafide,-,-,-,-,604798,79,test-00079-of-00080.parquet
LA_0021,DF_E_4601880,high_ogg,asvspoof,-,bonafide,notrim,eval,bonafide,-,-,-,-,530670,69,test-00069-of-00080.parquet
LA_0007,DF_E_2155083,low_ogg,asvspoof,-,bonafide,notrim,eval,bonafide,-,-,-,-,31593,4,test-00004-of-00080.parquet
VCC2TM2,DF_E_2044502,high_mp3,vcc2018,HUB-N15,spoof,notrim,eval,traditional_vocoder,HUB,N15,FM,-,9003,1,test-00001-of-00080.parquet
VCC2SF2,DF_E_3409538,mp3m4a,vcc2018,-,bonafide,notrim,eval,bonafide,-,-,-,-,287578,37,test-00037-of-00080.parquet
TFM1,DF_E_2077200,low_ogg,vcc2020,Task2-team03,spoof,notrim,eval,neural_vocoder_autoregressive,Task2,team03,FM,F,15723,2,test-00002-of-00080.parquet
TMM1,DF_E_2813393,high_mp3,vcc2020,Task2-team33,spoof,notrim,eval,neural_vocoder_nonautoregressive,Task2,team33,MM,M,165929,21,test-00021-of-00080.parquet
VCC2TF2,DF_E_3885893,low_m4a,vcc2018,-,bonafide,notrim,eval,bonafide,-,-,-,-,384674,50,test-00050-of-00080.parquet
LA_0055,DF_E_2630011,low_ogg,asvspoof,-,bonafide,notrim,eval,bonafide,-,-,-,-,128806,16,test-00016-of-00080.parquet
VCC2TF1,DF_E_4933676,high_mp3,vcc2018,-,bonafide,notrim,eval,bonafide,-,-,-,-,598360,78,test-00078-of-00080.parquet
VCC2TM1,DF_E_3614397,high_ogg,vcc2018,SPO-N10,spoof,notrim,eval,neural_vocoder_autoregressive,SPO,N10,FM,-,329527,43,test-00043-of-00080.parquet
TGF1,DF_E_2766817,low_m4a,vcc2020,-,bonafide,notrim,eval,bonafide,-,-,-,-,156471,20,test-00020-of-00080.parquet
TGF1,DF_E_2408767,high_m4a,vcc2020,-,bonafide,notrim,eval,bonafide,-,-,-,-,83231,10,test-00010-of-00080.parquet
VCC2TF1,DF_E_2231402,high_m4a,vcc2018,-,bonafide,notrim,eval,bonafide,-,-,-,-,47187,6,test-00006-of-00080.parquet
VCC2SM3,DF_E_2421797,low_mp3,vcc2018,-,bonafide,notrim,eval,bonafide,-,-,-,-,85946,11,test-00011-of-00080.parquet
LA_0011,DF_E_4294299,high_mp3,asvspoof,-,bonafide,notrim,eval,bonafide,-,-,-,-,467918,61,test-00061-of-00080.parquet
LA_0011,DF_E_2376692,mp3m4a,asvspoof,-,bonafide,notrim,eval,bonafide,-,-,-,-,76701,10,test-00010-of-00080.parquet
TGM1,DF_E_2201641,high_ogg,vcc2020,Task2-team13,spoof,notrim,eval,neural_vocoder_autoregressive,Task2,team13,FM,G,41192,5,test-00005-of-00080.parquet
TEF1,DF_E_2360618,high_mp3,vcc2020,Task1-team08,spoof,notrim,eval,traditional_vocoder,Task1,team08,MF,E,73496,9,test-00009-of-00080.parquet
VCC2TM2,DF_E_4556650,low_m4a,vcc2018,HUB-N14,spoof,notrim,eval,traditional_vocoder,HUB,N14,MM,-,521455,68,test-00068-of-00080.parquet
VCC2TF2,DF_E_3964672,high_mp3,vcc2018,SPO-N03,spoof,notrim,eval,unknown,SPO,N03,FF,-,400756,52,test-00052-of-00080.parquet
TFF1,DF_E_3023426,low_ogg,vcc2020,Task2-team26,spoof,notrim,eval,traditional_vocoder,Task2,team26,MF,F,209008,27,test-00027-of-00080.parquet
VCC2TM1,DF_E_4932169,low_mp3,vcc2018,-,bonafide,notrim,eval,bonafide,-,-,-,-,598044,78,test-00078-of-00080.parquet
LA_0014,DF_E_3067445,mp3m4a,asvspoof,A14,spoof,notrim,eval,traditional_vocoder,-,-,-,-,218097,28,test-00028-of-00080.parquet
LA_0035,DF_E_3213194,high_mp3,asvspoof,-,bonafide,notrim,eval,bonafide,-,-,-,-,247721,32,test-00032-of-00080.parquet
VCC2TM1,DF_E_2140281,high_m4a,vcc2018,SPO-N17,spoof,notrim,eval,neural_vocoder_autoregressive,SPO,N17,FM,-,28534,3,test-00003-of-00080.parquet
LA_0030,DF_E_3778234,mp3m4a,asvspoof,A13,spoof,notrim,eval,traditional_vocoder,-,-,-,-,362841,47,test-00047-of-00080.parquet
VCC2SM2,DF_E_3220534,oggm4a,vcc2018,-,bonafide,notrim,eval,bonafide,-,-,-,-,249179,32,test-00032-of-00080.parquet
LA_0003,DF_E_4051508,high_ogg,asvspoof,A17,spoof,notrim,eval,traditional_vocoder,-,-,-,-,418386,54,test-00054-of-00080.parquet
TGM1,DF_E_3890333,low_ogg,vcc2020,Task2-team31,spoof,notrim,eval,neural_vocoder_nonautoregressive,Task2,team31,MM,G,385596,50,test-00050-of-00080.parquet
TFM1,DF_E_2998828,low_mp3,vcc2020,-,bonafide,notrim,eval,bonafide,-,-,-,-,204018,26,test-00026-of-00080.parquet
TEM2,DF_E_2780504,low_m4a,vcc2020,-,bonafide,notrim,eval,bonafide,-,-,-,-,159275,20,test-00020-of-00080.parquet
TEF2,DF_E_2771596,low_m4a,vcc2020,Task1-team12,spoof,notrim,eval,traditional_vocoder,Task1,team12,FF,E,157473,20,test-00020-of-00080.parquet
LA_0014,DF_E_2517207,oggm4a,asvspoof,A09,spoof,notrim,eval,traditional_vocoder,-,-,-,-,105584,13,test-00013-of-00080.parquet
TGF1,DF_E_4532329,high_m4a,vcc2020,Task2-team19,spoof,notrim,eval,neural_vocoder_nonautoregressive,Task2,team19,FF,G,516560,67,test-00067-of-00080.parquet
TEF1,DF_E_2917516,oggm4a,vcc2020,Task1-team25,spoof,notrim,eval,neural_vocoder_autoregressive,Task1,team25,FF,E,187256,24,test-00024-of-00080.parquet
TEF2,DF_E_4350658,low_m4a,vcc2020,Task1-team06,spoof,notrim,eval,traditional_vocoder,Task1,team06,FF,E,479528,62,test-00062-of-00080.parquet
LA_0023,DF_E_4899097,low_ogg,asvspoof,-,bonafide,notrim,eval,bonafide,-,-,-,-,591328,77,test-00077-of-00080.parquet
TEM2,DF_E_4124575,high_ogg,vcc2020,Task1-team08,spoof,notrim,eval,traditional_vocoder,Task1,team08,FM,E,433382,56,test-00056-of-00080.parquet
VCC2TF2,DF_E_4457632,high_ogg,vcc2018,-,bonafide,notrim,eval,bonafide,-,-,-,-,501340,65,test-00065-of-00080.parquet
VCC2TF1,DF_E_3020379,low_m4a,vcc2018,HUB-D04,spoof,notrim,eval,traditional_vocoder,HUB,D04,MF,-,208411,27,test-00027-of-00080.parquet
TMM1,DF_E_4143005,high_m4a,vcc2020,Task2-team12,spoof,notrim,eval,traditional_vocoder,Task2,team12,FM,M,437108,57,test-00057-of-00080.parquet
TEF2,DF_E_4476889,low_mp3,vcc2020,Task1-team01,spoof,notrim,eval,neural_vocoder_nonautoregressive,Task1,team01,MF,E,505255,66,test-00066-of-00080.parquet
LA_0044,DF_E_4687057,high_ogg,asvspoof,-,bonafide,notrim,eval,bonafide,-,-,-,-,548037,71,test-00071-of-00080.parquet
VCC2TM2,DF_E_2553850,low_m4a,vcc2018,-,bonafide,notrim,eval,bonafide,-,-,-,-,113154,14,test-00014-of-00080.parquet
VCC2TF1,DF_E_4818864,oggm4a,vcc2018,HUB-D05,spoof,notrim,eval,traditional_vocoder,HUB,D05,MF,-,574780,75,test-00075-of-00080.parquet
VCC2TF1,DF_E_4901586,high_ogg,vcc2018,HUB-N12,spoof,notrim,eval,traditional_vocoder,HUB,N12,MF,-,591820,77,test-00077-of-00080.parquet
LA_0044,DF_E_4200027,high_ogg,asvspoof,-,bonafide,notrim,eval,bonafide,-,-,-,-,448712,58,test-00058-of-00080.parquet
VCC2TM1,DF_E_2199541,low_m4a,vcc2018,-,bonafide,notrim,eval,bonafide,-,-,-,-,40781,5,test-00005-of-00080.parquet
LA_0043,DF_E_4754724,low_ogg,asvspoof,-,bonafide,notrim,eval,bonafide,-,-,-,-,561737,73,test-00073-of-00080.parquet
LA_0028,DF_E_2657384,low_m4a,asvspoof,-,bonafide,notrim,eval,bonafide,-,-,-,-,134362,17,test-00017-of-00080.parquet
LA_0016,DF_E_4192130,low_ogg,asvspoof,-,bonafide,notrim,eval,bonafide,-,-,-,-,447076,58,test-00058-of-00080.parquet
LA_0030,DF_E_4252501,oggm4a,asvspoof,-,bonafide,notrim,eval,bonafide,-,-,-,-,459471,60,test-00060-of-00080.parquet
LA_0046,DF_E_3384162,high_mp3,asvspoof,-,bonafide,notrim,eval,bonafide,-,-,-,-,282450,36,test-00036-of-00080.parquet
VCC2TF1,DF_E_4524723,low_m4a,vcc2018,HUB-N10,spoof,notrim,eval,neural_vocoder_autoregressive,HUB,N10,FF,-,515007,67,test-00067-of-00080.parquet
LA_0007,DF_E_3865656,low_ogg,asvspoof,-,bonafide,notrim,eval,bonafide,-,-,-,-,380568,49,test-00049-of-00080.parquet
TEF1,DF_E_4815002,nocodec,vcc2020,-,bonafide,notrim,eval,bonafide,-,-,-,-,573993,75,test-00075-of-00080.parquet
VCC2TF2,DF_E_2326177,high_mp3,vcc2018,SPO-N17,spoof,notrim,eval,neural_vocoder_autoregressive,SPO,N17,MF,-,66440,8,test-00008-of-00080.parquet
LA_0025,DF_E_2780150,oggm4a,asvspoof,-,bonafide,notrim,eval,bonafide,-,-,-,-,159204,20,test-00020-of-00080.parquet
VCC2TM1,DF_E_3551710,low_m4a,vcc2018,HUB-N16,spoof,notrim,eval,traditional_vocoder,HUB,N16,FM,-,316749,41,test-00041-of-00080.parquet
TEM2,DF_E_3145736,nocodec,vcc2020,Task1-team01,spoof,notrim,eval,neural_vocoder_nonautoregressive,Task1,team01,MM,E,233931,30,test-00030-of-00080.parquet
LA_0005,DF_E_3327494,oggm4a,asvspoof,-,bonafide,notrim,eval,bonafide,-,-,-,-,270804,35,test-00035-of-00080.parquet
VCC2TM2,DF_E_4588864,high_m4a,vcc2018,SPO-N16,spoof,notrim,eval,traditional_vocoder,SPO,N16,FM,-,528036,69,test-00069-of-00080.parquet
LA_0018,DF_E_2628770,high_ogg,asvspoof,-,bonafide,notrim,eval,bonafide,-,-,-,-,128570,16,test-00016-of-00080.parquet
LA_0049,DF_E_4228483,oggm4a,asvspoof,-,bonafide,notrim,eval,bonafide,-,-,-,-,454518,59,test-00059-of-00080.parquet
TFF1,DF_E_4114488,low_mp3,vcc2020,-,bonafide,notrim,eval,bonafide,-,-,-,-,431298,56,test-00056-of-00080.parquet
TMM1,DF_E_3737556,high_ogg,vcc2020,Task2-team33,spoof,notrim,eval,neural_vocoder_nonautoregressive,Task2,team33,MM,M,354655,46,test-00046-of-00080.parquet
VCC2TM1,DF_E_2677727,high_mp3,vcc2018,HUB-N13,spoof,notrim,eval,traditional_vocoder,HUB,N13,MM,-,138474,18,test-00018-of-00080.parquet
VCC2SF4,DF_E_2106461,low_m4a,vcc2018,-,bonafide,notrim,eval,bonafide,-,-,-,-,21525,2,test-00002-of-00080.parquet
LA_0027,DF_E_4472185,nocodec,asvspoof,-,bonafide,notrim,eval,bonafide,-,-,-,-,504269,65,test-00065-of-00080.parquet
TEF2,DF_E_3975600,high_m4a,vcc2020,Task1-team30,spoof,notrim,eval,unknown,Task1,team30,FF,E,402916,52,test-00052-of-00080.parquet
VCC2TF1,DF_E_3980395,high_m4a,vcc2018,-,bonafide,notrim,eval,bonafide,-,-,-,-,403888,52,test-00052-of-00080.parquet
LA_0026,DF_E_4437534,high_mp3,asvspoof,-,bonafide,notrim,eval,bonafide,-,-,-,-,497230,65,test-00065-of-00080.parquet
VCC2TM2,DF_E_2767325,oggm4a,vcc2018,HUB-N20,spoof,notrim,eval,traditional_vocoder,HUB,N20,MM,-,156582,20,test-00020-of-00080.parquet
VCC2SM2,DF_E_3420796,nocodec,vcc2018,-,bonafide,notrim,eval,bonafide,-,-,-,-,289865,37,test-00037-of-00080.parquet
TFM1,DF_E_2117133,low_m4a,vcc2020,-,bonafide,notrim,eval,bonafide,-,-,-,-,23711,3,test-00003-of-00080.parquet
TGF1,DF_E_2133607,low_ogg,vcc2020,Task2-team24,spoof,notrim,eval,neural_vocoder_autoregressive,Task2,team24,MF,G,27131,3,test-00003-of-00080.parquet
VCC2TF2,DF_E_4411538,mp3m4a,vcc2018,-,bonafide,notrim,eval,bonafide,-,-,-,-,491926,64,test-00064-of-00080.parquet
VCC2TM2,DF_E_2439602,nocodec,vcc2018,-,bonafide,notrim,eval,bonafide,-,-,-,-,89629,11,test-00011-of-00080.parquet
TFM1,DF_E_3710686,mp3m4a,vcc2020,Task2-team29,spoof,notrim,eval,neural_vocoder_autoregressive,Task2,team29,MM,F,349257,45,test-00045-of-00080.parquet
LA_0013,DF_E_4658266,high_mp3,asvspoof,-,bonafide,notrim,eval,bonafide,-,-,-,-,542119,70,test-00070-of-00080.parquet
TEM1,DF_E_4028073,low_mp3,vcc2020,Task1-team26,spoof,notrim,eval,traditional_vocoder,Task1,team26,FM,E,413607,54,test-00054-of-00080.parquet
LA_0045,DF_E_2273066,high_mp3,asvspoof,-,bonafide,notrim,eval,bonafide,-,-,-,-,55609,7,test-00007-of-00080.parquet
VCC2TM1,DF_E_4508465,oggm4a,vcc2018,HUB-D04,spoof,notrim,eval,traditional_vocoder,HUB,D04,FM,-,511726,66,test-00066-of-00080.parquet
TEF1,DF_E_4265502,low_m4a,vcc2020,Task1-team01,spoof,notrim,eval,neural_vocoder_nonautoregressive,Task1,team01,FF,E,462203,60,test-00060-of-00080.parquet
VCC2TM2,DF_E_3945780,nocodec,vcc2018,HUB-N19,spoof,notrim,eval,traditional_vocoder,HUB,N19,MM,-,396942,51,test-00051-of-00080.parquet
TEM2,DF_E_3704635,low_ogg,vcc2020,Task1-team11,spoof,notrim,eval,neural_vocoder_autoregressive,Task1,team11,MM,E,347990,45,test-00045-of-00080.parquet
TFM1,DF_E_2659416,high_mp3,vcc2020,Task2-team13,spoof,notrim,eval,neural_vocoder_autoregressive,Task2,team13,MM,F,134757,17,test-00017-of-00080.parquet
VCC2TF1,DF_E_3564727,low_m4a,vcc2018,SPO-N13,spoof,notrim,eval,traditional_vocoder,SPO,N13,FF,-,319368,41,test-00041-of-00080.parquet
TMF1,DF_E_4281715,nocodec,vcc2020,Task2-team29,spoof,notrim,eval,neural_vocoder_autoregressive,Task2,team29,FF,M,465399,60,test-00060-of-00080.parquet
VCC2TF2,DF_E_4754465,mp3m4a,vcc2018,-,bonafide,notrim,eval,bonafide,-,-,-,-,561691,73,test-00073-of-00080.parquet
TGM1,DF_E_4669278,nocodec,vcc2020,Task2-team32,spoof,notrim,eval,neural_vocoder_autoregressive,Task2,team32,MM,G,544390,71,test-00071-of-00080.parquet
LA_0021,DF_E_3855627,oggm4a,asvspoof,-,bonafide,notrim,eval,bonafide,-,-,-,-,378531,49,test-00049-of-00080.parquet
LA_0031,DF_E_2811632,nocodec,asvspoof,-,bonafide,notrim,eval,bonafide,-,-,-,-,165561,21,test-00021-of-00080.parquet
LA_0043,DF_E_3920519,high_m4a,asvspoof,-,bonafide,notrim,eval,bonafide,-,-,-,-,391750,51,test-00051-of-00080.parquet
LA_0017,DF_E_3289815,mp3m4a,asvspoof,A14,spoof,notrim,eval,traditional_vocoder,-,-,-,-,263236,34,test-00034-of-00080.parquet
VCC2TF2,DF_E_3951200,low_m4a,vcc2018,SPO-N06,spoof,notrim,eval,traditional_vocoder,SPO,N06,MF,-,398053,52,test-00052-of-00080.parquet
TEM1,DF_E_4732479,high_ogg,vcc2020,-,bonafide,notrim,eval,bonafide,-,-,-,-,557284,72,test-00072-of-00080.parquet
VCC2SF3,DF_E_2986153,nocodec,vcc2018,-,bonafide,notrim,eval,bonafide,-,-,-,-,201307,26,test-00026-of-00080.parquet
TFF1,DF_E_2025402,low_m4a,vcc2020,Task2-team20,spoof,notrim,eval,neural_vocoder_nonautoregressive,Task2,team20,FF,F,5120,0,test-00000-of-00080.parquet
SEF1,DF_E_2680875,high_ogg,vcc2020,-,bonafide,notrim,eval,bonafide,-,-,-,-,139094,18,test-00018-of-00080.parquet
LA_0024,DF_E_2072387,mp3m4a,asvspoof,-,bonafide,notrim,eval,bonafide,-,-,-,-,14690,1,test-00001-of-00080.parquet
LA_0018,DF_E_3185053,low_ogg,asvspoof,-,bonafide,notrim,eval,bonafide,-,-,-,-,241998,31,test-00031-of-00080.parquet
LA_0018,DF_E_2528351,oggm4a,asvspoof,-,bonafide,notrim,eval,bonafide,-,-,-,-,107868,14,test-00014-of-00080.parquet
VCC2SM4,DF_E_4062985,nocodec,vcc2018,-,bonafide,notrim,eval,bonafide,-,-,-,-,420723,55,test-00055-of-00080.parquet
TGM1,DF_E_3973025,high_mp3,vcc2020,-,bonafide,notrim,eval,bonafide,-,-,-,-,402405,52,test-00052-of-00080.parquet
VCC2TF2,DF_E_3849767,high_mp3,vcc2018,HUB-N06,spoof,notrim,eval,traditional_vocoder,HUB,N06,MF,-,377290,49,test-00049-of-00080.parquet
LA_0011,DF_E_3029471,high_ogg,asvspoof,-,bonafide,notrim,eval,bonafide,-,-,-,-,210264,27,test-00027-of-00080.parquet
LA_0048,DF_E_2763929,high_m4a,asvspoof,A14,spoof,notrim,eval,traditional_vocoder,-,-,-,-,155871,20,test-00020-of-00080.parquet
SEF2,DF_E_3507193,nocodec,vcc2020,-,bonafide,notrim,eval,bonafide,-,-,-,-,307763,40,test-00040-of-00080.parquet
LA_0013,DF_E_4592636,oggm4a,asvspoof,-,bonafide,notrim,eval,bonafide,-,-,-,-,528788,69,test-00069-of-00080.parquet
TEM1,DF_E_4324721,nocodec,vcc2020,Task1-team30,spoof,notrim,eval,unknown,Task1,team30,MM,E,474124,61,test-00061-of-00080.parquet
LA_0020,DF_E_3318826,nocodec,asvspoof,-,bonafide,notrim,eval,bonafide,-,-,-,-,269015,35,test-00035-of-00080.parquet
LA_0032,DF_E_2624888,oggm4a,asvspoof,-,bonafide,notrim,eval,bonafide,-,-,-,-,127757,16,test-00016-of-00080.parquet
LA_0017,DF_E_2821277,mp3m4a,asvspoof,-,bonafide,notrim,eval,bonafide,-,-,-,-,167567,21,test-00021-of-00080.parquet
SEF2,DF_E_3846432,high_mp3,vcc2020,-,bonafide,notrim,eval,bonafide,-,-,-,-,376588,49,test-00049-of-00080.parquet
TGF1,DF_E_2825657,nocodec,vcc2020,Task2-team32,spoof,notrim,eval,neural_vocoder_autoregressive,Task2,team32,FF,G,168464,22,test-00022-of-00080.parquet
TEM2,DF_E_2954756,high_ogg,vcc2020,Task1-team11,spoof,notrim,eval,neural_vocoder_autoregressive,Task1,team11,MM,E,194928,25,test-00025-of-00080.parquet
LA_0014,DF_E_3464108,high_mp3,asvspoof,-,bonafide,notrim,eval,bonafide,-,-,-,-,298821,39,test-00039-of-00080.parquet
VCC2TM2,DF_E_4776060,high_m4a,vcc2018,HUB-D02,spoof,notrim,eval,traditional_vocoder,HUB,D02,FM,-,565997,74,test-00074-of-00080.parquet
LA_0003,DF_E_3673488,oggm4a,asvspoof,-,bonafide,notrim,eval,bonafide,-,-,-,-,341679,44,test-00044-of-00080.parquet
TEF2,DF_E_2448348,nocodec,vcc2020,-,bonafide,notrim,eval,bonafide,-,-,-,-,91449,11,test-00011-of-00080.parquet
VCC2TF1,DF_E_4330257,low_ogg,vcc2018,-,bonafide,notrim,eval,bonafide,-,-,-,-,475295,62,test-00062-of-00080.parquet
TFF1,DF_E_3912988,low_mp3,vcc2020,-,bonafide,notrim,eval,bonafide,-,-,-,-,390173,51,test-00051-of-00080.parquet
TEF2,DF_E_2215768,low_m4a,vcc2020,Task1-team11,spoof,notrim,eval,neural_vocoder_autoregressive,Task1,team11,FF,E,43996,5,test-00005-of-00080.parquet
VCC2TF1,DF_E_2258394,mp3m4a,vcc2018,HUB-N03,spoof,notrim,eval,unknown,HUB,N03,MF,-,52662,6,test-00006-of-00080.parquet
LA_0064,DF_E_4830396,low_ogg,asvspoof,-,bonafide,notrim,eval,bonafide,-,-,-,-,577207,75,test-00075-of-00080.parquet
VCC2TF1,DF_E_3820563,high_mp3,vcc2018,-,bonafide,notrim,eval,bonafide,-,-,-,-,371406,48,test-00048-of-00080.parquet
TMF1,DF_E_2209271,nocodec,vcc2020,Task2-team16,spoof,notrim,eval,neural_vocoder_nonautoregressive,Task2,team16,MF,M,42714,5,test-00005-of-00080.parquet
LA_0031,DF_E_4718373,nocodec,asvspoof,-,bonafide,notrim,eval,bonafide,-,-,-,-,554429,72,test-00072-of-00080.parquet
TGF1,DF_E_3396675,low_m4a,vcc2020,-,bonafide,notrim,eval,bonafide,-,-,-,-,285043,37,test-00037-of-00080.parquet
VCC2TF2,DF_E_4616907,high_m4a,vcc2018,-,bonafide,notrim,eval,bonafide,-,-,-,-,533694,69,test-00069-of-00080.parquet
TEM2,DF_E_2951968,high_m4a,vcc2020,Task1-team26,spoof,notrim,eval,traditional_vocoder,Task1,team26,FM,E,194331,25,test-00025-of-00080.parquet
TEM2,DF_E_4069259,low_mp3,vcc2020,Task1-team12,spoof,notrim,eval,traditional_vocoder,Task1,team12,FM,E,422027,55,test-00055-of-00080.parquet
LA_0007,DF_E_4960350,high_mp3,asvspoof,-,bonafide,notrim,eval,bonafide,-,-,-,-,603637,78,test-00078-of-00080.parquet
TFM1,DF_E_3438854,low_m4a,vcc2020,-,bonafide,notrim,eval,bonafide,-,-,-,-,293633,38,test-00038-of-00080.parquet
TEM1,DF_E_4012583,nocodec,vcc2020,Task1-team32,spoof,notrim,eval,neural_vocoder_autoregressive,Task1,team32,FM,E,410435,53,test-00053-of-00080.parquet
LA_0015,DF_E_3393063,low_mp3,asvspoof,-,bonafide,notrim,eval,bonafide,-,-,-,-,284310,37,test-00037-of-00080.parquet
VCC2TF1,DF_E_4726016,nocodec,vcc2018,HUB-B01,spoof,notrim,eval,traditional_vocoder,HUB,B01,MF,-,555992,72,test-00072-of-00080.parquet
SEF2,DF_E_3769081,mp3m4a,vcc2020,-,bonafide,notrim,eval,bonafide,-,-,-,-,361069,47,test-00047-of-00080.parquet
TFF1,DF_E_2792536,low_m4a,vcc2020,Task2-team28,spoof,notrim,eval,neural_vocoder_autoregressive,Task2,team28,MF,F,161702,21,test-00021-of-00080.parquet
TGF1,DF_E_4073167,nocodec,vcc2020,Task2-team05,spoof,notrim,eval,neural_vocoder_nonautoregressive,Task2,team05,MF,G,422852,55,test-00055-of-00080.parquet
TFF1,DF_E_3961023,high_ogg,vcc2020,Task2-team10,spoof,notrim,eval,neural_vocoder_autoregressive,Task2,team10,FF,F,400031,52,test-00052-of-00080.parquet
TFM1,DF_E_4737228,low_mp3,vcc2020,-,bonafide,notrim,eval,bonafide,-,-,-,-,558241,72,test-00072-of-00080.parquet
TMF1,DF_E_3010712,low_mp3,vcc2020,-,bonafide,notrim,eval,bonafide,-,-,-,-,206414,26,test-00026-of-00080.parquet
SEF2,DF_E_3493682,high_mp3,vcc2020,-,bonafide,notrim,eval,bonafide,-,-,-,-,304917,39,test-00039-of-00080.parquet
VCC2TF1,DF_E_3695947,low_m4a,vcc2018,-,bonafide,notrim,eval,bonafide,-,-,-,-,346286,45,test-00045-of-00080.parquet
LA_0001,DF_E_3937759,low_ogg,asvspoof,-,bonafide,notrim,eval,bonafide,-,-,-,-,395296,51,test-00051-of-00080.parquet
VCC2TM1,DF_E_3792210,low_mp3,vcc2018,HUB-N10,spoof,notrim,eval,neural_vocoder_autoregressive,HUB,N10,MM,-,365632,47,test-00047-of-00080.parquet
VCC2TF2,DF_E_2013884,mp3m4a,vcc2018,HUB-D01,spoof,notrim,eval,traditional_vocoder,HUB,D01,MF,-,2803,0,test-00000-of-00080.parquet
TEM2,DF_E_3209901,high_ogg,vcc2020,Task1-team19,spoof,notrim,eval,neural_vocoder_nonautoregressive,Task1,team19,FM,E,247034,32,test-00032-of-00080.parquet
VCC2TF2,DF_E_3778485,low_ogg,vcc2018,SPO-N18,spoof,notrim,eval,traditional_vocoder,SPO,N18,FF,-,362887,47,test-00047-of-00080.parquet
TEM1,DF_E_2825619,high_m4a,vcc2020,Task1-team25,spoof,notrim,eval,neural_vocoder_autoregressive,Task1,team25,MM,E,168453,22,test-00022-of-00080.parquet
TEF1,DF_E_3695840,nocodec,vcc2020,-,bonafide,notrim,eval,bonafide,-,-,-,-,346265,45,test-00045-of-00080.parquet
VCC2TF1,DF_E_2593454,nocodec,vcc2018,HUB-N05,spoof,notrim,eval,traditional_vocoder,HUB,N05,MF,-,121232,15,test-00015-of-00080.parquet
LA_0026,DF_E_2687742,oggm4a,asvspoof,-,bonafide,notrim,eval,bonafide,-,-,-,-,140492,18,test-00018-of-00080.parquet
TGM1,DF_E_2444799,low_m4a,vcc2020,Task2-team08,spoof,notrim,eval,traditional_vocoder,Task2,team08,MM,G,90735,11,test-00011-of-00080.parquet
TMF1,DF_E_3929652,low_ogg,vcc2020,-,bonafide,notrim,eval,bonafide,-,-,-,-,393625,51,test-00051-of-00080.parquet
VCC2SF3,DF_E_3214405,high_mp3,vcc2018,-,bonafide,notrim,eval,bonafide,-,-,-,-,247960,32,test-00032-of-00080.parquet
TFF1,DF_E_3175158,low_mp3,vcc2020,Task2-team26,spoof,notrim,eval,traditional_vocoder,Task2,team26,MF,F,240016,31,test-00031-of-00080.parquet
TGF1,DF_E_2058892,low_m4a,vcc2020,Task2-team06,spoof,notrim,eval,traditional_vocoder,Task2,team06,FF,G,11937,1,test-00001-of-00080.parquet
LA_0001,DF_E_4855900,nocodec,asvspoof,-,bonafide,notrim,eval,bonafide,-,-,-,-,582400,76,test-00076-of-00080.parquet
SEF2,DF_E_4299095,low_m4a,vcc2020,-,bonafide,notrim,eval,bonafide,-,-,-,-,468886,61,test-00061-of-00080.parquet
LA_0045,DF_E_4212896,low_ogg,asvspoof,-,bonafide,notrim,eval,bonafide,-,-,-,-,451321,59,test-00059-of-00080.parquet
VCC2TF2,DF_E_3690476,low_m4a,vcc2018,HUB-N18,spoof,notrim,eval,traditional_vocoder,HUB,N18,FF,-,345139,45,test-00045-of-00080.parquet
TMM1,DF_E_2187493,nocodec,vcc2020,-,bonafide,notrim,eval,bonafide,-,-,-,-,38310,5,test-00005-of-00080.parquet
TEM2,DF_E_3979073,low_m4a,vcc2020,Task1-team32,spoof,notrim,eval,neural_vocoder_autoregressive,Task1,team32,MM,E,403617,52,test-00052-of-00080.parquet
LA_0044,DF_E_4751163,low_ogg,asvspoof,-,bonafide,notrim,eval,bonafide,-,-,-,-,561042,73,test-00073-of-00080.parquet
VCC2TF2,DF_E_4961857,high_ogg,vcc2018,-,bonafide,notrim,eval,bonafide,-,-,-,-,603954,78,test-00078-of-00080.parquet
LA_0027,DF_E_2035319,oggm4a,asvspoof,-,bonafide,notrim,eval,bonafide,-,-,-,-,7167,0,test-00000-of-00080.parquet
TEF2,DF_E_2056960,high_ogg,vcc2020,Task1-team10,spoof,notrim,eval,neural_vocoder_autoregressive,Task1,team10,MF,E,11557,1,test-00001-of-00080.parquet
TGF1,DF_E_3720006,oggm4a,vcc2020,Task2-team29,spoof,notrim,eval,neural_vocoder_autoregressive,Task2,team29,MF,G,351126,45,test-00045-of-00080.parquet
TFF1,DF_E_2971558,high_m4a,vcc2020,-,bonafide,notrim,eval,bonafide,-,-,-,-,198372,25,test-00025-of-00080.parquet
VCC2SM3,DF_E_3051209,high_m4a,vcc2018,-,bonafide,notrim,eval,bonafide,-,-,-,-,214710,28,test-00028-of-00080.parquet
VCC2TF2,DF_E_4285563,nocodec,vcc2018,HUB-N13,spoof,notrim,eval,traditional_vocoder,HUB,N13,FF,-,466156,60,test-00060-of-00080.parquet
TEM2,DF_E_4750848,oggm4a,vcc2020,Task1-team17,spoof,notrim,eval,neural_vocoder_nonautoregressive,Task1,team17,FM,E,560978,73,test-00073-of-00080.parquet
VCC2SM2,DF_E_2304337,high_mp3,vcc2018,-,bonafide,notrim,eval,bonafide,-,-,-,-,62051,8,test-00008-of-00080.parquet
TEF2,DF_E_2043016,high_m4a,vcc2020,Task1-team16,spoof,notrim,eval,neural_vocoder_nonautoregressive,Task1,team16,MF,E,8710,1,test-00001-of-00080.parquet
TFF1,DF_E_2283717,high_mp3,vcc2020,Task2-team18,spoof,notrim,eval,unknown,Task2,team18,FF,F,57823,7,test-00007-of-00080.parquet
VCC2TM2,DF_E_3996615,high_m4a,vcc2018,SPO-N03,spoof,notrim,eval,unknown,SPO,N03,FM,-,407212,53,test-00053-of-00080.parquet
TGF1,DF_E_3056696,nocodec,vcc2020,Task2-team24,spoof,notrim,eval,neural_vocoder_autoregressive,Task2,team24,FF,G,215841,28,test-00028-of-00080.parquet
VCC2TF2,DF_E_2291056,low_m4a,vcc2018,HUB-N15,spoof,notrim,eval,traditional_vocoder,HUB,N15,FF,-,59287,7,test-00007-of-00080.parquet
VCC2TM2,DF_E_2254851,low_mp3,vcc2018,HUB-N09,spoof,notrim,eval,traditional_vocoder,HUB,N09,FM,-,51962,6,test-00006-of-00080.parquet
LA_0037,DF_E_2995889,high_mp3,asvspoof,-,bonafide,notrim,eval,bonafide,-,-,-,-,203377,26,test-00026-of-00080.parquet
LA_0016,DF_E_3359654,mp3m4a,asvspoof,-,bonafide,notrim,eval,bonafide,-,-,-,-,277455,36,test-00036-of-00080.parquet
TFM1,DF_E_4039436,high_ogg,vcc2020,-,bonafide,notrim,eval,bonafide,-,-,-,-,415973,54,test-00054-of-00080.parquet
TEF1,DF_E_4318895,high_mp3,vcc2020,Task1-team06,spoof,notrim,eval,traditional_vocoder,Task1,team06,MF,E,472956,61,test-00061-of-00080.parquet
TMF1,DF_E_2315200,low_ogg,vcc2020,Task2-team10,spoof,notrim,eval,neural_vocoder_autoregressive,Task2,team10,MF,M,64215,8,test-00008-of-00080.parquet
TEM1,DF_E_3447061,oggm4a,vcc2020,Task1-team01,spoof,notrim,eval,neural_vocoder_nonautoregressive,Task1,team01,FM,E,295308,38,test-00038-of-00080.parquet
VCC2TM1,DF_E_4505046,low_ogg,vcc2018,HUB-N20,spoof,notrim,eval,traditional_vocoder,HUB,N20,MM,-,511071,66,test-00066-of-00080.parquet
VCC2TF2,DF_E_3252999,low_m4a,vcc2018,HUB-D05,spoof,notrim,eval,traditional_vocoder,HUB,D05,FF,-,255851,33,test-00033-of-00080.parquet
SEM2,DF_E_2775342,nocodec,vcc2020,-,bonafide,notrim,eval,bonafide,-,-,-,-,158228,20,test-00020-of-00080.parquet
TMM1,DF_E_4688486,nocodec,vcc2020,-,bonafide,notrim,eval,bonafide,-,-,-,-,548330,71,test-00071-of-00080.parquet
LA_0010,DF_E_3725697,low_m4a,asvspoof,-,bonafide,notrim,eval,bonafide,-,-,-,-,352256,46,test-00046-of-00080.parquet
TMM1,DF_E_4008349,oggm4a,vcc2020,Task2-team03,spoof,notrim,eval,neural_vocoder_autoregressive,Task2,team03,MM,M,409600,53,test-00053-of-00080.parquet
LA_0046,DF_E_4416742,low_ogg,asvspoof,-,bonafide,notrim,eval,bonafide,-,-,-,-,493010,64,test-00064-of-00080.parquet
LA_0026,DF_E_2806117,oggm4a,asvspoof,-,bonafide,notrim,eval,bonafide,-,-,-,-,164437,21,test-00021-of-00080.parquet
LA_0043,DF_E_2062883,oggm4a,asvspoof,-,bonafide,notrim,eval,bonafide,-,-,-,-,12779,1,test-00001-of-00080.parquet
VCC2TM2,DF_E_3957832,oggm4a,vcc2018,SPO-N13,spoof,notrim,eval,traditional_vocoder,SPO,N13,FM,-,399370,52,test-00052-of-00080.parquet
TMM1,DF_E_3650540,low_mp3,vcc2020,Task2-team05,spoof,notrim,eval,neural_vocoder_nonautoregressive,Task2,team05,MM,M,337079,44,test-00044-of-00080.parquet
TFF1,DF_E_2475551,low_ogg,vcc2020,Task2-team24,spoof,notrim,eval,neural_vocoder_autoregressive,Task2,team24,MF,F,97059,12,test-00012-of-00080.parquet
LA_0018,DF_E_2589757,high_ogg,asvspoof,A08,spoof,notrim,eval,neural_vocoder_nonautoregressive,-,-,-,-,120445,15,test-00015-of-00080.parquet
TGM1,DF_E_3173703,nocodec,vcc2020,Task2-team07,spoof,notrim,eval,neural_vocoder_autoregressive,Task2,team07,FM,G,239724,31,test-00031-of-00080.parquet
VCC2SM4,DF_E_2128142,high_mp3,vcc2018,-,bonafide,notrim,eval,bonafide,-,-,-,-,25965,3,test-00003-of-00080.parquet
VCC2SM2,DF_E_4731436,low_mp3,vcc2018,-,bonafide,notrim,eval,bonafide,-,-,-,-,557085,72,test-00072-of-00080.parquet
TFF1,DF_E_3933764,low_m4a,vcc2020,-,bonafide,notrim,eval,bonafide,-,-,-,-,394489,51,test-00051-of-00080.parquet
TEF1,DF_E_4420595,low_m4a,vcc2020,Task1-team11,spoof,notrim,eval,neural_vocoder_autoregressive,Task1,team11,FF,E,493789,64,test-00064-of-00080.parquet
VCC2SF1,DF_E_2544753,low_m4a,vcc2018,-,bonafide,notrim,eval,bonafide,-,-,-,-,111302,14,test-00014-of-00080.parquet
VCC2TF2,DF_E_2588422,high_mp3,vcc2018,SPO-B01,spoof,notrim,eval,traditional_vocoder,SPO,B01,MF,-,120171,15,test-00015-of-00080.parquet
VCC2TF2,DF_E_4046867,mp3m4a,vcc2018,HUB-D02,spoof,notrim,eval,traditional_vocoder,HUB,D02,MF,-,417463,54,test-00054-of-00080.parquet
VCC2TF1,DF_E_3763898,low_mp3,vcc2018,HUB-N19,spoof,notrim,eval,traditional_vocoder,HUB,N19,MF,-,360010,47,test-00047-of-00080.parquet
TGM1,DF_E_2810778,nocodec,vcc2020,-,bonafide,notrim,eval,bonafide,-,-,-,-,165385,21,test-00021-of-00080.parquet
TFM1,DF_E_4062479,high_mp3,vcc2020,Task2-team28,spoof,notrim,eval,neural_vocoder_autoregressive,Task2,team28,MM,F,420604,54,test-00054-of-00080.parquet
VCC2TF2,DF_E_4754180,high_m4a,vcc2018,HUB-N04,spoof,notrim,eval,traditional_vocoder,HUB,N04,FF,-,561638,73,test-00073-of-00080.parquet
TEF1,DF_E_3799380,nocodec,vcc2020,Task1-team08,spoof,notrim,eval,traditional_vocoder,Task1,team08,MF,E,367123,48,test-00048-of-00080.parquet
TMM1,DF_E_4111425,oggm4a,vcc2020,Task2-team31,spoof,notrim,eval,neural_vocoder_nonautoregressive,Task2,team31,MM,M,430704,56,test-00056-of-00080.parquet
TEF2,DF_E_2149623,nocodec,vcc2020,Task1-team30,spoof,notrim,eval,unknown,Task1,team30,MF,E,30505,3,test-00003-of-00080.parquet
VCC2SF1,DF_E_3429377,oggm4a,vcc2018,-,bonafide,notrim,eval,bonafide,-,-,-,-,291645,38,test-00038-of-00080.parquet
TGF1,DF_E_4548052,oggm4a,vcc2020,Task2-team22,spoof,notrim,eval,neural_vocoder_nonautoregressive,Task2,team22,FF,G,519710,67,test-00067-of-00080.parquet
TFF1,DF_E_4415134,high_mp3,vcc2020,Task2-team06,spoof,notrim,eval,traditional_vocoder,Task2,team06,FF,F,492674,64,test-00064-of-00080.parquet
LA_0034,DF_E_2388808,high_ogg,asvspoof,-,bonafide,notrim,eval,bonafide,-,-,-,-,79176,10,test-00010-of-00080.parquet
TFM1,DF_E_3954263,high_ogg,vcc2020,Task2-team22,spoof,notrim,eval,neural_vocoder_nonautoregressive,Task2,team22,MM,F,398675,52,test-00052-of-00080.parquet
LA_0039,DF_E_2736942,high_ogg,asvspoof,-,bonafide,notrim,eval,bonafide,-,-,-,-,150352,19,test-00019-of-00080.parquet
TMF1,DF_E_2076810,mp3m4a,vcc2020,Task2-team08,spoof,notrim,eval,traditional_vocoder,Task2,team08,MF,M,15631,2,test-00002-of-00080.parquet
TEF1,DF_E_3749536,low_m4a,vcc2020,Task1-team20,spoof,notrim,eval,neural_vocoder_nonautoregressive,Task1,team20,MF,E,357107,46,test-00046-of-00080.parquet
TFF1,DF_E_4108287,mp3m4a,vcc2020,Task2-team31,spoof,notrim,eval,neural_vocoder_nonautoregressive,Task2,team31,FF,F,430073,56,test-00056-of-00080.parquet
LA_0026,DF_E_4667972,high_mp3,asvspoof,-,bonafide,notrim,eval,bonafide,-,-,-,-,544113,71,test-00071-of-00080.parquet
LA_0036,DF_E_3014434,high_m4a,asvspoof,-,bonafide,notrim,eval,bonafide,-,-,-,-,207186,27,test-00027-of-00080.parquet
TGM1,DF_E_4252212,oggm4a,vcc2020,Task2-team18,spoof,notrim,eval,unknown,Task2,team18,MM,G,459408,60,test-00060-of-00080.parquet
VCC2TM1,DF_E_4289320,high_mp3,vcc2018,-,bonafide,notrim,eval,bonafide,-,-,-,-,466917,61,test-00061-of-00080.parquet
LA_0018,DF_E_4460685,low_ogg,asvspoof,-,bonafide,notrim,eval,bonafide,-,-,-,-,501954,65,test-00065-of-00080.parquet
VCC2TM2,DF_E_4324338,high_m4a,vcc2018,SPO-N13,spoof,notrim,eval,traditional_vocoder,SPO,N13,MM,-,474051,61,test-00061-of-00080.parquet
LA_0006,DF_E_3475135,high_ogg,asvspoof,-,bonafide,notrim,eval,bonafide,-,-,-,-,301107,39,test-00039-of-00080.parquet
TEM2,DF_E_2221746,low_m4a,vcc2020,Task1-team17,spoof,notrim,eval,neural_vocoder_nonautoregressive,Task1,team17,FM,E,45216,5,test-00005-of-00080.parquet
TMF1,DF_E_2297722,low_mp3,vcc2020,Task2-team02,spoof,notrim,eval,neural_vocoder_nonautoregressive,Task2,team02,FF,M,60711,7,test-00007-of-00080.parquet
TEM1,DF_E_2533536,oggm4a,vcc2020,-,bonafide,notrim,eval,bonafide,-,-,-,-,108938,14,test-00014-of-00080.parquet
LA_0016,DF_E_4758790,mp3m4a,asvspoof,-,bonafide,notrim,eval,bonafide,-,-,-,-,562591,73,test-00073-of-00080.parquet
VCC2TF1,DF_E_2521931,high_ogg,vcc2018,-,bonafide,notrim,eval,bonafide,-,-,-,-,106541,13,test-00013-of-00080.parquet
LA_0007,DF_E_4075538,nocodec,asvspoof,-,bonafide,notrim,eval,bonafide,-,-,-,-,423319,55,test-00055-of-00080.parquet
VCC2SM4,DF_E_2295742,nocodec,vcc2018,-,bonafide,notrim,eval,bonafide,-,-,-,-,60276,7,test-00007-of-00080.parquet
VCC2TF2,DF_E_2749499,nocodec,vcc2018,SPO-N11,spoof,notrim,eval,traditional_vocoder,SPO,N11,FF,-,152913,19,test-00019-of-00080.parquet
LA_0010,DF_E_2806489,high_mp3,asvspoof,-,bonafide,notrim,eval,bonafide,-,-,-,-,164521,21,test-00021-of-00080.parquet
LA_0040,DF_E_2127538,oggm4a,asvspoof,-,bonafide,notrim,eval,bonafide,-,-,-,-,25840,3,test-00003-of-00080.parquet
LA_0001,DF_E_2719862,nocodec,asvspoof,A15,spoof,notrim,eval,neural_vocoder_autoregressive,-,-,-,-,146971,19,test-00019-of-00080.parquet
TMF1,DF_E_2548637,low_mp3,vcc2020,-,bonafide,notrim,eval,bonafide,-,-,-,-,112095,14,test-00014-of-00080.parquet
LA_0020,DF_E_3395697,high_ogg,asvspoof,-,bonafide,notrim,eval,bonafide,-,-,-,-,284852,37,test-00037-of-00080.parquet
VCC2TM1,DF_E_2913481,low_mp3,vcc2018,HUB-N12,spoof,notrim,eval,traditional_vocoder,HUB,N12,MM,-,186422,24,test-00024-of-00080.parquet
TEM2,DF_E_3668185,nocodec,vcc2020,Task1-team14,spoof,notrim,eval,neural_vocoder_nonautoregressive,Task1,team14,FM,E,340590,44,test-00044-of-00080.parquet
VCC2TF1,DF_E_4768648,high_mp3,vcc2018,HUB-N09,spoof,notrim,eval,traditional_vocoder,HUB,N09,MF,-,564559,73,test-00073-of-00080.parquet
LA_0042,DF_E_4623362,low_ogg,asvspoof,-,bonafide,notrim,eval,bonafide,-,-,-,-,534989,69,test-00069-of-00080.parquet
VCC2TF1,DF_E_2768392,high_mp3,vcc2018,-,bonafide,notrim,eval,bonafide,-,-,-,-,156795,20,test-00020-of-00080.parquet
TGM1,DF_E_4223989,mp3m4a,vcc2020,Task2-team19,spoof,notrim,eval,neural_vocoder_nonautoregressive,Task2,team19,FM,G,453582,59,test-00059-of-00080.parquet
LA_0030,DF_E_3381799,low_mp3,asvspoof,-,bonafide,notrim,eval,bonafide,-,-,-,-,281966,36,test-00036-of-00080.parquet
TFM1,DF_E_3776309,high_ogg,vcc2020,-,bonafide,notrim,eval,bonafide,-,-,-,-,362458,47,test-00047-of-00080.parquet
TFF1,DF_E_3649678,mp3m4a,vcc2020,-,bonafide,notrim,eval,bonafide,-,-,-,-,336894,44,test-00044-of-00080.parquet
TEM1,DF_E_3570193,nocodec,vcc2020,-,bonafide,notrim,eval,bonafide,-,-,-,-,320553,41,test-00041-of-00080.parquet
TGF1,DF_E_2610455,mp3m4a,vcc2020,Task2-team26,spoof,notrim,eval,traditional_vocoder,Task2,team26,MF,G,124695,16,test-00016-of-00080.parquet
VCC2TM2,DF_E_3601994,high_m4a,vcc2018,HUB-N19,spoof,notrim,eval,traditional_vocoder,HUB,N19,MM,-,327090,42,test-00042-of-00080.parquet
VCC2SF1,DF_E_2446643,low_m4a,vcc2018,-,bonafide,notrim,eval,bonafide,-,-,-,-,91120,11,test-00011-of-00080.parquet
LA_0015,DF_E_3751012,high_ogg,asvspoof,-,bonafide,notrim,eval,bonafide,-,-,-,-,357419,46,test-00046-of-00080.parquet
TEM1,DF_E_3144289,mp3m4a,vcc2020,Task1-team08,spoof,notrim,eval,traditional_vocoder,Task1,team08,MM,E,233616,30,test-00030-of-00080.parquet
LA_0041,DF_E_3839224,high_ogg,asvspoof,-,bonafide,notrim,eval,bonafide,-,-,-,-,375177,49,test-00049-of-00080.parquet
TEF2,DF_E_2013369,high_ogg,vcc2020,Task1-team10,spoof,notrim,eval,neural_vocoder_autoregressive,Task1,team10,MF,E,2695,0,test-00000-of-00080.parquet
LA_0005,DF_E_2860829,oggm4a,asvspoof,A13,spoof,notrim,eval,traditional_vocoder,-,-,-,-,175752,22,test-00022-of-00080.parquet
LA_0031,DF_E_3131444,high_m4a,asvspoof,-,bonafide,notrim,eval,bonafide,-,-,-,-,231014,30,test-00030-of-00080.parquet
VCC2TF1,DF_E_2990168,nocodec,vcc2018,SPO-N18,spoof,notrim,eval,traditional_vocoder,SPO,N18,MF,-,202126,26,test-00026-of-00080.parquet
LA_0024,DF_E_3026916,mp3m4a,asvspoof,-,bonafide,notrim,eval,bonafide,-,-,-,-,209741,27,test-00027-of-00080.parquet
VCC2TF2,DF_E_3806442,high_m4a,vcc2018,HUB-D01,spoof,notrim,eval,traditional_vocoder,HUB,D01,FF,-,368567,48,test-00048-of-00080.parquet
VCC2TF2,DF_E_2645095,high_mp3,vcc2018,-,bonafide,notrim,eval,bonafide,-,-,-,-,131853,17,test-00017-of-00080.parquet
TGF1,DF_E_2868921,low_m4a,vcc2020,-,bonafide,notrim,eval,bonafide,-,-,-,-,177413,23,test-00023-of-00080.parquet
LA_0018,DF_E_3861433,low_ogg,asvspoof,-,bonafide,notrim,eval,bonafide,-,-,-,-,379709,49,test-00049-of-00080.parquet
LA_0026,DF_E_3282855,oggm4a,asvspoof,-,bonafide,notrim,eval,bonafide,-,-,-,-,261888,34,test-00034-of-00080.parquet
LA_0019,DF_E_3895583,oggm4a,asvspoof,-,bonafide,notrim,eval,bonafide,-,-,-,-,386611,50,test-00050-of-00080.parquet
TGF1,DF_E_3417989,low_mp3,vcc2020,-,bonafide,notrim,eval,bonafide,-,-,-,-,289319,37,test-00037-of-00080.parquet
VCC2TF2,DF_E_3316242,low_ogg,vcc2018,-,bonafide,notrim,eval,bonafide,-,-,-,-,268494,35,test-00035-of-00080.parquet
LA_0014,DF_E_3951022,mp3m4a,asvspoof,A15,spoof,notrim,eval,neural_vocoder_autoregressive,-,-,-,-,398017,52,test-00052-of-00080.parquet
LA_0009,DF_E_2399897,high_mp3,asvspoof,A17,spoof,notrim,eval,traditional_vocoder,-,-,-,-,81398,10,test-00010-of-00080.parquet
VCC2TM1,DF_E_2922761,nocodec,vcc2018,SPO-N16,spoof,notrim,eval,traditional_vocoder,SPO,N16,MM,-,188312,24,test-00024-of-00080.parquet
VCC2SF1,DF_E_3923783,nocodec,vcc2018,-,bonafide,notrim,eval,bonafide,-,-,-,-,392418,51,test-00051-of-00080.parquet
VCC2SM1,DF_E_4825953,high_m4a,vcc2018,-,bonafide,notrim,eval,bonafide,-,-,-,-,576269,75,test-00075-of-00080.parquet
TEM1,DF_E_3894106,high_ogg,vcc2020,Task1-team26,spoof,notrim,eval,traditional_vocoder,Task1,team26,FM,E,386344,50,test-00050-of-00080.parquet
VCC2TM1,DF_E_2786015,high_ogg,vcc2018,SPO-N11,spoof,notrim,eval,traditional_vocoder,SPO,N11,MM,-,160375,20,test-00020-of-00080.parquet
LA_0010,DF_E_2418357,low_mp3,asvspoof,-,bonafide,notrim,eval,bonafide,-,-,-,-,85180,11,test-00011-of-00080.parquet
LA_0017,DF_E_2675544,high_ogg,asvspoof,-,bonafide,notrim,eval,bonafide,-,-,-,-,138049,18,test-00018-of-00080.parquet
VCC2TF1,DF_E_4517912,high_m4a,vcc2018,-,bonafide,notrim,eval,bonafide,-,-,-,-,513649,67,test-00067-of-00080.parquet
LA_0011,DF_E_4468871,high_ogg,asvspoof,-,bonafide,notrim,eval,bonafide,-,-,-,-,503591,65,test-00065-of-00080.parquet
VCC2TF2,DF_E_2122311,low_m4a,vcc2018,SPO-N06,spoof,notrim,eval,traditional_vocoder,SPO,N06,FF,-,24758,3,test-00003-of-00080.parquet
TEF2,DF_E_4228075,low_mp3,vcc2020,-,bonafide,notrim,eval,bonafide,-,-,-,-,454437,59,test-00059-of-00080.parquet
LA_0020,DF_E_4728006,high_ogg,asvspoof,-,bonafide,notrim,eval,bonafide,-,-,-,-,556411,72,test-00072-of-00080.parquet
LA_0047,DF_E_3127951,high_m4a,asvspoof,-,bonafide,notrim,eval,bonafide,-,-,-,-,230332,30,test-00030-of-00080.parquet
LA_0039,DF_E_2860101,low_mp3,asvspoof,-,bonafide,notrim,eval,bonafide,-,-,-,-,175605,22,test-00022-of-00080.parquet
VCC2SF4,DF_E_4182772,high_ogg,vcc2018,-,bonafide,notrim,eval,bonafide,-,-,-,-,445231,58,test-00058-of-00080.parquet
LA_0002,DF_E_3198479,oggm4a,asvspoof,-,bonafide,notrim,eval,bonafide,-,-,-,-,244713,31,test-00031-of-00080.parquet
TEM1,DF_E_2935858,high_mp3,vcc2020,Task1-team23,spoof,notrim,eval,neural_vocoder_nonautoregressive,Task1,team23,MM,E,190961,24,test-00024-of-00080.parquet
TEF2,DF_E_2663680,low_mp3,vcc2020,Task1-team09,spoof,notrim,eval,neural_vocoder_nonautoregressive,Task1,team09,MF,E,135609,17,test-00017-of-00080.parquet
TEM1,DF_E_4728930,nocodec,vcc2020,Task1-team13,spoof,notrim,eval,neural_vocoder_autoregressive,Task1,team13,FM,E,556599,72,test-00072-of-00080.parquet
LA_0004,DF_E_3805510,nocodec,asvspoof,-,bonafide,notrim,eval,bonafide,-,-,-,-,368376,48,test-00048-of-00080.parquet
TGM1,DF_E_4182530,low_m4a,vcc2020,Task2-team32,spoof,notrim,eval,neural_vocoder_autoregressive,Task2,team32,MM,G,445184,58,test-00058-of-00080.parquet
TFF1,DF_E_3065954,low_ogg,vcc2020,Task2-team18,spoof,notrim,eval,unknown,Task2,team18,FF,F,217806,28,test-00028-of-00080.parquet
TFF1,DF_E_2259566,oggm4a,vcc2020,Task2-team10,spoof,notrim,eval,neural_vocoder_autoregressive,Task2,team10,FF,F,52915,6,test-00006-of-00080.parquet
SEF1,DF_E_2402528,low_ogg,vcc2020,-,bonafide,notrim,eval,bonafide,-,-,-,-,81965,10,test-00010-of-00080.parquet
LA_0026,DF_E_2105335,high_mp3,asvspoof,A10,spoof,notrim,eval,neural_vocoder_autoregressive,-,-,-,-,21305,2,test-00002-of-00080.parquet
LA_0044,DF_E_4356811,high_ogg,asvspoof,-,bonafide,notrim,eval,bonafide,-,-,-,-,480766,62,test-00062-of-00080.parquet
LA_0049,DF_E_3842122,mp3m4a,asvspoof,-,bonafide,notrim,eval,bonafide,-,-,-,-,375731,49,test-00049-of-00080.parquet
TFF1,DF_E_4137118,low_mp3,vcc2020,Task2-team11,spoof,notrim,eval,neural_vocoder_autoregressive,Task2,team11,MF,F,435907,56,test-00056-of-00080.parquet
LA_0036,DF_E_2610212,low_m4a,asvspoof,-,bonafide,notrim,eval,bonafide,-,-,-,-,124635,16,test-00016-of-00080.parquet
LA_0020,DF_E_4903198,low_ogg,asvspoof,-,bonafide,notrim,eval,bonafide,-,-,-,-,592140,77,test-00077-of-00080.parquet
LA_0036,DF_E_3038608,oggm4a,asvspoof,A18,spoof,notrim,eval,traditional_vocoder,-,-,-,-,212122,27,test-00027-of-00080.parquet
LA_0014,DF_E_2325762,low_ogg,asvspoof,-,bonafide,notrim,eval,bonafide,-,-,-,-,66358,8,test-00008-of-00080.parquet
TMF1,DF_E_2628508,high_mp3,vcc2020,Task2-team11,spoof,notrim,eval,neural_vocoder_autoregressive,Task2,team11,FF,M,128515,16,test-00016-of-00080.parquet
TEF1,DF_E_3354660,high_m4a,vcc2020,Task1-team10,spoof,notrim,eval,neural_vocoder_autoregressive,Task1,team10,FF,E,276458,36,test-00036-of-00080.parquet
LA_0014,DF_E_2151098,high_ogg,asvspoof,-,bonafide,notrim,eval,bonafide,-,-,-,-,30805,4,test-00004-of-00080.parquet
VCC2TM1,DF_E_4368425,high_mp3,vcc2018,SPO-N10,spoof,notrim,eval,neural_vocoder_autoregressive,SPO,N10,MM,-,483091,63,test-00063-of-00080.parquet
VCC2TF2,DF_E_2376074,high_ogg,vcc2018,HUB-D03,spoof,notrim,eval,traditional_vocoder,HUB,D03,MF,-,76570,10,test-00010-of-00080.parquet
TMM1,DF_E_4968238,high_ogg,vcc2020,Task2-team24,spoof,notrim,eval,neural_vocoder_autoregressive,Task2,team24,MM,M,605262,79,test-00079-of-00080.parquet
TGF1,DF_E_3651046,high_m4a,vcc2020,-,bonafide,notrim,eval,bonafide,-,-,-,-,337185,44,test-00044-of-00080.parquet
LA_0038,DF_E_4843587,high_m4a,asvspoof,-,bonafide,notrim,eval,bonafide,-,-,-,-,579906,75,test-00075-of-00080.parquet
VCC2TF1,DF_E_3394580,high_mp3,vcc2018,-,bonafide,notrim,eval,bonafide,-,-,-,-,284626,37,test-00037-of-00080.parquet
VCC2SF3,DF_E_3716733,low_mp3,vcc2018,-,bonafide,notrim,eval,bonafide,-,-,-,-,350481,45,test-00045-of-00080.parquet
SEM1,DF_E_4281763,nocodec,vcc2020,-,bonafide,notrim,eval,bonafide,-,-,-,-,465412,60,test-00060-of-00080.parquet
TEM2,DF_E_2486634,low_mp3,vcc2020,Task1-team01,spoof,notrim,eval,neural_vocoder_nonautoregressive,Task1,team01,FM,E,99372,12,test-00012-of-00080.parquet
LA_0001,DF_E_4528053,high_m4a,asvspoof,-,bonafide,notrim,eval,bonafide,-,-,-,-,515712,67,test-00067-of-00080.parquet
VCC2TF1,DF_E_2661067,low_ogg,vcc2018,HUB-N17,spoof,notrim,eval,neural_vocoder_autoregressive,HUB,N17,FF,-,135059,17,test-00017-of-00080.parquet
TEM1,DF_E_2139692,low_ogg,vcc2020,Task1-team24,spoof,notrim,eval,neural_vocoder_autoregressive,Task1,team24,MM,E,28412,3,test-00003-of-00080.parquet
VCC2TF2,DF_E_2308728,nocodec,vcc2018,SPO-N17,spoof,notrim,eval,neural_vocoder_autoregressive,SPO,N17,FF,-,62895,8,test-00008-of-00080.parquet
TFF1,DF_E_2679320,nocodec,vcc2020,Task2-team29,spoof,notrim,eval,neural_vocoder_autoregressive,Task2,team29,MF,F,138777,18,test-00018-of-00080.parquet
TEF2,DF_E_2548451,low_ogg,vcc2020,Task1-team21,spoof,notrim,eval,neural_vocoder_nonautoregressive,Task1,team21,MF,E,112064,14,test-00014-of-00080.parquet
VCC2TF1,DF_E_3120458,high_mp3,vcc2018,SPO-N04,spoof,notrim,eval,traditional_vocoder,SPO,N04,MF,-,228817,29,test-00029-of-00080.parquet
VCC2SF3,DF_E_4927777,low_m4a,vcc2018,-,bonafide,notrim,eval,bonafide,-,-,-,-,597136,78,test-00078-of-00080.parquet
TEF2,DF_E_4001433,low_ogg,vcc2020,Task1-team16,spoof,notrim,eval,neural_vocoder_nonautoregressive,Task1,team16,MF,E,408195,53,test-00053-of-00080.parquet
VCC2TF1,DF_E_3849122,nocodec,vcc2018,SPO-N17,spoof,notrim,eval,neural_vocoder_autoregressive,SPO,N17,FF,-,377167,49,test-00049-of-00080.parquet
TMM1,DF_E_4911710,high_m4a,vcc2020,Task2-team27,spoof,notrim,eval,neural_vocoder_nonautoregressive,Task2,team27,FM,M,593905,77,test-00077-of-00080.parquet
VCC2TF2,DF_E_3754952,high_m4a,vcc2018,HUB-B01,spoof,notrim,eval,traditional_vocoder,HUB,B01,FF,-,358237,46,test-00046-of-00080.parquet
TEM1,DF_E_2257918,high_ogg,vcc2020,Task1-team24,spoof,notrim,eval,neural_vocoder_autoregressive,Task1,team24,FM,E,52554,6,test-00006-of-00080.parquet
LA_0014,DF_E_2957165,low_m4a,asvspoof,A07,spoof,notrim,eval,traditional_vocoder,-,-,-,-,195398,25,test-00025-of-00080.parquet
TEM2,DF_E_3890135,mp3m4a,vcc2020,Task1-team17,spoof,notrim,eval,neural_vocoder_nonautoregressive,Task1,team17,MM,E,385561,50,test-00050-of-00080.parquet
TGM1,DF_E_4712920,low_ogg,vcc2020,-,bonafide,notrim,eval,bonafide,-,-,-,-,553291,72,test-00072-of-00080.parquet
LA_0016,DF_E_4207007,low_m4a,asvspoof,-,bonafide,notrim,eval,bonafide,-,-,-,-,450146,58,test-00058-of-00080.parquet
TEF2,DF_E_3954163,high_m4a,vcc2020,-,bonafide,notrim,eval,bonafide,-,-,-,-,398650,52,test-00052-of-00080.parquet
LA_0017,DF_E_3745407,high_m4a,asvspoof,-,bonafide,notrim,eval,bonafide,-,-,-,-,356244,46,test-00046-of-00080.parquet
TEM1,DF_E_2537384,low_m4a,vcc2020,Task1-team10,spoof,notrim,eval,neural_vocoder_autoregressive,Task1,team10,MM,E,109774,14,test-00014-of-00080.parquet
TMM1,DF_E_2086018,low_mp3,vcc2020,-,bonafide,notrim,eval,bonafide,-,-,-,-,17531,2,test-00002-of-00080.parquet
VCC2TF2,DF_E_2061743,nocodec,vcc2018,HUB-N14,spoof,notrim,eval,traditional_vocoder,HUB,N14,MF,-,12546,1,test-00001-of-00080.parquet
VCC2SM3,DF_E_2847596,high_m4a,vcc2018,-,bonafide,notrim,eval,bonafide,-,-,-,-,173001,22,test-00022-of-00080.parquet
VCC2TF2,DF_E_3327840,low_ogg,vcc2018,-,bonafide,notrim,eval,bonafide,-,-,-,-,270884,35,test-00035-of-00080.parquet
LA_0011,DF_E_4019238,high_ogg,asvspoof,-,bonafide,notrim,eval,bonafide,-,-,-,-,411802,53,test-00053-of-00080.parquet
LA_0011,DF_E_2928756,mp3m4a,asvspoof,-,bonafide,notrim,eval,bonafide,-,-,-,-,189523,24,test-00024-of-00080.parquet
LA_0046,DF_E_2679450,low_ogg,asvspoof,-,bonafide,notrim,eval,bonafide,-,-,-,-,138797,18,test-00018-of-00080.parquet
VCC2TM2,DF_E_2704861,high_m4a,vcc2018,-,bonafide,notrim,eval,bonafide,-,-,-,-,143903,18,test-00018-of-00080.parquet
LA_0011,DF_E_3166495,nocodec,asvspoof,-,bonafide,notrim,eval,bonafide,-,-,-,-,238213,31,test-00031-of-00080.parquet
TGM1,DF_E_2296342,high_m4a,vcc2020,Task2-team28,spoof,notrim,eval,neural_vocoder_autoregressive,Task2,team28,MM,G,60415,7,test-00007-of-00080.parquet
VCC2TM1,DF_E_3668897,low_m4a,vcc2018,-,bonafide,notrim,eval,bonafide,-,-,-,-,340729,44,test-00044-of-00080.parquet
VCC2TF2,DF_E_4061821,high_m4a,vcc2018,-,bonafide,notrim,eval,bonafide,-,-,-,-,420465,54,test-00054-of-00080.parquet
VCC2TF2,DF_E_4190638,mp3m4a,vcc2018,SPO-B01,spoof,notrim,eval,traditional_vocoder,SPO,B01,MF,-,446780,58,test-00058-of-00080.parquet
TEM1,DF_E_4387469,high_m4a,vcc2020,-,bonafide,notrim,eval,bonafide,-,-,-,-,487018,63,test-00063-of-00080.parquet
LA_0026,DF_E_2193946,low_m4a,asvspoof,-,bonafide,notrim,eval,bonafide,-,-,-,-,39640,5,test-00005-of-00080.parquet
TEM2,DF_E_4385944,high_m4a,vcc2020,Task1-team11,spoof,notrim,eval,neural_vocoder_autoregressive,Task1,team11,FM,E,486712,63,test-00063-of-00080.parquet
TMM1,DF_E_4416276,high_ogg,vcc2020,-,bonafide,notrim,eval,bonafide,-,-,-,-,492919,64,test-00064-of-00080.parquet
VCC2TM2,DF_E_3010816,high_mp3,vcc2018,-,bonafide,notrim,eval,bonafide,-,-,-,-,206427,26,test-00026-of-00080.parquet
VCC2TF1,DF_E_2378054,mp3m4a,vcc2018,SPO-N17,spoof,notrim,eval,neural_vocoder_autoregressive,SPO,N17,MF,-,77006,10,test-00010-of-00080.parquet
VCC2TM2,DF_E_2987915,high_mp3,vcc2018,HUB-D03,spoof,notrim,eval,traditional_vocoder,HUB,D03,FM,-,201665,26,test-00026-of-00080.parquet
LA_0013,DF_E_4035000,nocodec,asvspoof,-,bonafide,notrim,eval,bonafide,-,-,-,-,415059,54,test-00054-of-00080.parquet
VCC2TM1,DF_E_2721854,low_ogg,vcc2018,HUB-N08,spoof,notrim,eval,traditional_vocoder,HUB,N08,FM,-,147364,19,test-00019-of-00080.parquet
VCC2TM1,DF_E_3620248,low_ogg,vcc2018,HUB-N13,spoof,notrim,eval,traditional_vocoder,HUB,N13,MM,-,330741,43,test-00043-of-00080.parquet
VCC2TM2,DF_E_2598753,mp3m4a,vcc2018,SPO-B01,spoof,notrim,eval,traditional_vocoder,SPO,B01,FM,-,122308,15,test-00015-of-00080.parquet
TEF2,DF_E_2350039,low_mp3,vcc2020,-,bonafide,notrim,eval,bonafide,-,-,-,-,71358,9,test-00009-of-00080.parquet
LA_0028,DF_E_3279942,high_ogg,asvspoof,-,bonafide,notrim,eval,bonafide,-,-,-,-,261267,34,test-00034-of-00080.parquet
LA_0026,DF_E_2743875,low_ogg,asvspoof,-,bonafide,notrim,eval,bonafide,-,-,-,-,151784,19,test-00019-of-00080.parquet
TEF2,DF_E_2195823,low_mp3,vcc2020,Task1-team06,spoof,notrim,eval,traditional_vocoder,Task1,team06,MF,E,40036,5,test-00005-of-00080.parquet
TEM2,DF_E_3395605,low_mp3,vcc2020,-,bonafide,notrim,eval,bonafide,-,-,-,-,284834,37,test-00037-of-00080.parquet
VCC2TF1,DF_E_3421024,oggm4a,vcc2018,HUB-D02,spoof,notrim,eval,traditional_vocoder,HUB,D02,MF,-,289915,37,test-00037-of-00080.parquet
TEF2,DF_E_3033684,low_ogg,vcc2020,-,bonafide,notrim,eval,bonafide,-,-,-,-,211104,27,test-00027-of-00080.parquet
LA_0027,DF_E_2760527,high_ogg,asvspoof,A12,spoof,notrim,eval,neural_vocoder_autoregressive,-,-,-,-,155162,20,test-00020-of-00080.parquet
TEM2,DF_E_2178806,high_m4a,vcc2020,Task1-team08,spoof,notrim,eval,traditional_vocoder,Task1,team08,FM,E,36527,4,test-00004-of-00080.parquet
LA_0038,DF_E_4968146,high_ogg,asvspoof,A11,spoof,notrim,eval,traditional_vocoder,-,-,-,-,605242,79,test-00079-of-00080.parquet
VCC2SM2,DF_E_3434984,high_m4a,vcc2018,-,bonafide,notrim,eval,bonafide,-,-,-,-,292835,38,test-00038-of-00080.parquet
LA_0032,DF_E_4551509,high_ogg,asvspoof,A16,spoof,notrim,eval,waveform_concatenation,-,-,-,-,520438,68,test-00068-of-00080.parquet
VCC2SM4,DF_E_3897245,high_m4a,vcc2018,-,bonafide,notrim,eval,bonafide,-,-,-,-,386931,50,test-00050-of-00080.parquet
TFM1,DF_E_4470204,mp3m4a,vcc2020,-,bonafide,notrim,eval,bonafide,-,-,-,-,503868,65,test-00065-of-00080.parquet
SEF1,DF_E_3358037,high_ogg,vcc2020,-,bonafide,notrim,eval,bonafide,-,-,-,-,277157,36,test-00036-of-00080.parquet
VCC2TM2,DF_E_3707486,high_mp3,vcc2018,HUB-N11,spoof,notrim,eval,traditional_vocoder,HUB,N11,FM,-,348584,45,test-00045-of-00080.parquet
LA_0055,DF_E_3721392,low_m4a,asvspoof,-,bonafide,notrim,eval,bonafide,-,-,-,-,351393,45,test-00045-of-00080.parquet
TEM2,DF_E_4391178,high_mp3,vcc2020,Task1-team12,spoof,notrim,eval,traditional_vocoder,Task1,team12,MM,E,487808,63,test-00063-of-00080.parquet
VCC2TM2,DF_E_3638385,high_mp3,vcc2018,SPO-B01,spoof,notrim,eval,traditional_vocoder,SPO,B01,MM,-,334534,43,test-00043-of-00080.parquet
VCC2TF1,DF_E_2542502,nocodec,vcc2018,-,bonafide,notrim,eval,bonafide,-,-,-,-,110846,14,test-00014-of-00080.parquet
TMF1,DF_E_3563638,low_mp3,vcc2020,Task2-team15,spoof,notrim,eval,neural_vocoder_nonautoregressive,Task2,team15,MF,M,319138,41,test-00041-of-00080.parquet
LA_0004,DF_E_2269939,high_m4a,asvspoof,-,bonafide,notrim,eval,bonafide,-,-,-,-,55012,7,test-00007-of-00080.parquet
VCC2SF3,DF_E_4971659,high_m4a,vcc2018,-,bonafide,notrim,eval,bonafide,-,-,-,-,605978,79,test-00079-of-00080.parquet
VCC2SM3,DF_E_3997530,high_mp3,vcc2018,-,bonafide,notrim,eval,bonafide,-,-,-,-,407399,53,test-00053-of-00080.parquet
LA_0034,DF_E_2411694,high_mp3,asvspoof,-,bonafide,notrim,eval,bonafide,-,-,-,-,83814,10,test-00010-of-00080.parquet
VCC2SM2,DF_E_4814646,high_m4a,vcc2018,-,bonafide,notrim,eval,bonafide,-,-,-,-,573917,75,test-00075-of-00080.parquet
TEM1,DF_E_2018218,low_mp3,vcc2020,-,bonafide,notrim,eval,bonafide,-,-,-,-,3658,0,test-00000-of-00080.parquet
TFM1,DF_E_2883022,high_m4a,vcc2020,-,bonafide,notrim,eval,bonafide,-,-,-,-,180305,23,test-00023-of-00080.parquet
TEM2,DF_E_4583929,mp3m4a,vcc2020,Task1-team04,spoof,notrim,eval,neural_vocoder_autoregressive,Task1,team04,FM,E,527026,68,test-00068-of-00080.parquet
TMF1,DF_E_4608532,low_mp3,vcc2020,Task2-team19,spoof,notrim,eval,neural_vocoder_nonautoregressive,Task2,team19,MF,M,531986,69,test-00069-of-00080.parquet
LA_0013,DF_E_2895450,high_mp3,asvspoof,-,bonafide,notrim,eval,bonafide,-,-,-,-,182816,23,test-00023-of-00080.parquet
LA_0024,DF_E_2748514,high_mp3,asvspoof,-,bonafide,notrim,eval,bonafide,-,-,-,-,152725,19,test-00019-of-00080.parquet
LA_0028,DF_E_4112038,oggm4a,asvspoof,-,bonafide,notrim,eval,bonafide,-,-,-,-,430805,56,test-00056-of-00080.parquet
VCC2SF2,DF_E_4534189,nocodec,vcc2018,-,bonafide,notrim,eval,bonafide,-,-,-,-,516952,67,test-00067-of-00080.parquet
TFF1,DF_E_2808244,high_mp3,vcc2020,-,bonafide,notrim,eval,bonafide,-,-,-,-,164866,21,test-00021-of-00080.parquet
VCC2SM3,DF_E_3288259,high_m4a,vcc2018,-,bonafide,notrim,eval,bonafide,-,-,-,-,262956,34,test-00034-of-00080.parquet
VCC2TF1,DF_E_3080271,oggm4a,vcc2018,SPO-N11,spoof,notrim,eval,traditional_vocoder,SPO,N11,MF,-,220651,28,test-00028-of-00080.parquet
TEM1,DF_E_4167268,low_mp3,vcc2020,Task1-team08,spoof,notrim,eval,traditional_vocoder,Task1,team08,FM,E,442034,57,test-00057-of-00080.parquet
SEF2,DF_E_2866086,low_mp3,vcc2020,-,bonafide,notrim,eval,bonafide,-,-,-,-,176805,23,test-00023-of-00080.parquet
TFF1,DF_E_4902042,mp3m4a,vcc2020,Task2-team23,spoof,notrim,eval,neural_vocoder_autoregressive,Task2,team23,MF,F,591907,77,test-00077-of-00080.parquet
LA_0047,DF_E_4577006,oggm4a,asvspoof,-,bonafide,notrim,eval,bonafide,-,-,-,-,525605,68,test-00068-of-00080.parquet
TEM1,DF_E_4109615,high_mp3,vcc2020,-,bonafide,notrim,eval,bonafide,-,-,-,-,430339,56,test-00056-of-00080.parquet
LA_0019,DF_E_3472069,high_ogg,asvspoof,-,bonafide,notrim,eval,bonafide,-,-,-,-,300474,39,test-00039-of-00080.parquet
LA_0017,DF_E_2765123,low_mp3,asvspoof,-,bonafide,notrim,eval,bonafide,-,-,-,-,156117,20,test-00020-of-00080.parquet
LA_0024,DF_E_2440829,low_mp3,asvspoof,A15,spoof,notrim,eval,neural_vocoder_autoregressive,-,-,-,-,89881,11,test-00011-of-00080.parquet
LA_0054,DF_E_4953124,nocodec,asvspoof,-,bonafide,notrim,eval,bonafide,-,-,-,-,602228,78,test-00078-of-00080.parquet
TEM1,DF_E_2779509,high_mp3,vcc2020,Task1-team30,spoof,notrim,eval,unknown,Task1,team30,FM,E,159085,20,test-00020-of-00080.parquet
LA_0032,DF_E_2539850,high_m4a,asvspoof,-,bonafide,notrim,eval,bonafide,-,-,-,-,110301,14,test-00014-of-00080.parquet
TEF1,DF_E_2304740,oggm4a,vcc2020,Task1-team29,spoof,notrim,eval,neural_vocoder_autoregressive,Task1,team29,FF,E,62131,8,test-00008-of-00080.parquet
LA_0014,DF_E_3180161,mp3m4a,asvspoof,-,bonafide,notrim,eval,bonafide,-,-,-,-,241025,31,test-00031-of-00080.parquet
LA_0036,DF_E_2312207,high_ogg,asvspoof,A08,spoof,notrim,eval,neural_vocoder_nonautoregressive,-,-,-,-,63617,8,test-00008-of-00080.parquet
LA_0013,DF_E_4168887,high_m4a,asvspoof,-,bonafide,notrim,eval,bonafide,-,-,-,-,442358,57,test-00057-of-00080.parquet
VCC2TM2,DF_E_3336951,low_m4a,vcc2018,-,bonafide,notrim,eval,bonafide,-,-,-,-,272733,35,test-00035-of-00080.parquet
VCC2SF1,DF_E_2062355,high_m4a,vcc2018,-,bonafide,notrim,eval,bonafide,-,-,-,-,12666,1,test-00001-of-00080.parquet
TEF2,DF_E_3689508,nocodec,vcc2020,Task1-team01,spoof,notrim,eval,neural_vocoder_nonautoregressive,Task1,team01,MF,E,344947,45,test-00045-of-00080.parquet
VCC2TM2,DF_E_3669371,high_ogg,vcc2018,SPO-N06,spoof,notrim,eval,traditional_vocoder,SPO,N06,MM,-,340828,44,test-00044-of-00080.parquet
TEM1,DF_E_2781315,oggm4a,vcc2020,-,bonafide,notrim,eval,bonafide,-,-,-,-,159447,20,test-00020-of-00080.parquet
LA_0024,DF_E_4756273,mp3m4a,asvspoof,A07,spoof,notrim,eval,traditional_vocoder,-,-,-,-,562068,73,test-00073-of-00080.parquet
TMM1,DF_E_3483684,mp3m4a,vcc2020,Task2-team31,spoof,notrim,eval,neural_vocoder_nonautoregressive,Task2,team31,FM,M,302892,39,test-00039-of-00080.parquet
LA_0003,DF_E_3205404,low_ogg,asvspoof,A17,spoof,notrim,eval,traditional_vocoder,-,-,-,-,246123,32,test-00032-of-00080.parquet
LA_0001,DF_E_2675939,mp3m4a,asvspoof,-,bonafide,notrim,eval,bonafide,-,-,-,-,138131,18,test-00018-of-00080.parquet
LA_0039,DF_E_2967400,oggm4a,asvspoof,-,bonafide,notrim,eval,bonafide,-,-,-,-,197496,25,test-00025-of-00080.parquet
LA_0044,DF_E_4428218,low_m4a,asvspoof,-,bonafide,notrim,eval,bonafide,-,-,-,-,495339,64,test-00064-of-00080.parquet
LA_0037,DF_E_2593152,high_ogg,asvspoof,-,bonafide,notrim,eval,bonafide,-,-,-,-,121171,15,test-00015-of-00080.parquet
TMF1,DF_E_3096178,low_mp3,vcc2020,Task2-team20,spoof,notrim,eval,neural_vocoder_nonautoregressive,Task2,team20,MF,M,223904,29,test-00029-of-00080.parquet
SEF1,DF_E_4725338,high_ogg,vcc2020,-,bonafide,notrim,eval,bonafide,-,-,-,-,555853,72,test-00072-of-00080.parquet
TMM1,DF_E_3360806,high_mp3,vcc2020,Task2-team33,spoof,notrim,eval,neural_vocoder_nonautoregressive,Task2,team33,FM,M,277697,36,test-00036-of-00080.parquet
LA_0026,DF_E_3364932,high_mp3,asvspoof,-,bonafide,notrim,eval,bonafide,-,-,-,-,278535,36,test-00036-of-00080.parquet
LA_0015,DF_E_2611598,low_ogg,asvspoof,A12,spoof,notrim,eval,neural_vocoder_autoregressive,-,-,-,-,124906,16,test-00016-of-00080.parquet
TFF1,DF_E_2543061,mp3m4a,vcc2020,-,bonafide,notrim,eval,bonafide,-,-,-,-,110969,14,test-00014-of-00080.parquet
LA_0053,DF_E_4441768,high_ogg,asvspoof,-,bonafide,notrim,eval,bonafide,-,-,-,-,498093,65,test-00065-of-00080.parquet
TEM2,DF_E_3673119,low_mp3,vcc2020,Task1-team08,spoof,notrim,eval,traditional_vocoder,Task1,team08,MM,E,341608,44,test-00044-of-00080.parquet
VCC2TF1,DF_E_4899821,oggm4a,vcc2018,HUB-N03,spoof,notrim,eval,unknown,HUB,N03,MF,-,591478,77,test-00077-of-00080.parquet
LA_0048,DF_E_2935514,high_m4a,asvspoof,-,bonafide,notrim,eval,bonafide,-,-,-,-,190890,24,test-00024-of-00080.parquet
LA_0013,DF_E_3603188,high_m4a,asvspoof,-,bonafide,notrim,eval,bonafide,-,-,-,-,327319,42,test-00042-of-00080.parquet
TEM2,DF_E_3294192,low_mp3,vcc2020,Task1-team18,spoof,notrim,eval,unknown,Task1,team18,MM,E,264066,34,test-00034-of-00080.parquet
TEF1,DF_E_3143834,mp3m4a,vcc2020,Task1-team26,spoof,notrim,eval,traditional_vocoder,Task1,team26,FF,E,233522,30,test-00030-of-00080.parquet
LA_0045,DF_E_2864011,low_mp3,asvspoof,-,bonafide,notrim,eval,bonafide,-,-,-,-,176364,23,test-00023-of-00080.parquet
LA_0045,DF_E_3326588,mp3m4a,asvspoof,-,bonafide,notrim,eval,bonafide,-,-,-,-,270614,35,test-00035-of-00080.parquet
VCC2TM2,DF_E_4972050,nocodec,vcc2018,SPO-N05,spoof,notrim,eval,traditional_vocoder,SPO,N05,FM,-,606044,79,test-00079-of-00080.parquet
VCC2TM2,DF_E_2841314,low_mp3,vcc2018,HUB-N13,spoof,notrim,eval,traditional_vocoder,HUB,N13,FM,-,171693,22,test-00022-of-00080.parquet
VCC2SF4,DF_E_2659806,high_m4a,vcc2018,-,bonafide,notrim,eval,bonafide,-,-,-,-,134825,17,test-00017-of-00080.parquet
TGF1,DF_E_3808533,low_m4a,vcc2020,Task2-team10,spoof,notrim,eval,neural_vocoder_autoregressive,Task2,team10,FF,G,368979,48,test-00048-of-00080.parquet
VCC2TM1,DF_E_2576933,high_m4a,vcc2018,HUB-N13,spoof,notrim,eval,traditional_vocoder,HUB,N13,FM,-,117863,15,test-00015-of-00080.parquet
TFF1,DF_E_4762207,high_m4a,vcc2020,Task2-team20,spoof,notrim,eval,neural_vocoder_nonautoregressive,Task2,team20,MF,F,563292,73,test-00073-of-00080.parquet
LA_0016,DF_E_3483613,high_ogg,asvspoof,A15,spoof,notrim,eval,neural_vocoder_autoregressive,-,-,-,-,302875,39,test-00039-of-00080.parquet
VCC2SF4,DF_E_4306588,high_m4a,vcc2018,-,bonafide,notrim,eval,bonafide,-,-,-,-,470381,61,test-00061-of-00080.parquet
TEM2,DF_E_4112297,high_ogg,vcc2020,Task1-team21,spoof,notrim,eval,neural_vocoder_nonautoregressive,Task1,team21,FM,E,430855,56,test-00056-of-00080.parquet
LA_0040,DF_E_3259078,mp3m4a,asvspoof,-,bonafide,notrim,eval,bonafide,-,-,-,-,257080,33,test-00033-of-00080.parquet
VCC2TM2,DF_E_2068168,oggm4a,vcc2018,HUB-N20,spoof,notrim,eval,traditional_vocoder,HUB,N20,MM,-,13823,1,test-00001-of-00080.parquet
TFM1,DF_E_2296124,high_m4a,vcc2020,Task2-team10,spoof,notrim,eval,neural_vocoder_autoregressive,Task2,team10,FM,F,60358,7,test-00007-of-00080.parquet
VCC2SF1,DF_E_4636463,mp3m4a,vcc2018,-,bonafide,notrim,eval,bonafide,-,-,-,-,537761,70,test-00070-of-00080.parquet
LA_0018,DF_E_4539720,oggm4a,asvspoof,A07,spoof,notrim,eval,traditional_vocoder,-,-,-,-,518070,67,test-00067-of-00080.parquet
TMF1,DF_E_4542473,high_ogg,vcc2020,Task2-team03,spoof,notrim,eval,neural_vocoder_autoregressive,Task2,team03,MF,M,518613,67,test-00067-of-00080.parquet
TEM2,DF_E_3952354,low_ogg,vcc2020,Task1-team16,spoof,notrim,eval,neural_vocoder_nonautoregressive,Task1,team16,MM,E,398283,52,test-00052-of-00080.parquet
VCC2TM2,DF_E_2281807,low_mp3,vcc2018,SPO-N03,spoof,notrim,eval,unknown,SPO,N03,FM,-,57422,7,test-00007-of-00080.parquet
TGM1,DF_E_3222437,low_m4a,vcc2020,-,bonafide,notrim,eval,bonafide,-,-,-,-,249591,32,test-00032-of-00080.parquet
TGM1,DF_E_2128275,mp3m4a,vcc2020,Task2-team11,spoof,notrim,eval,neural_vocoder_autoregressive,Task2,team11,FM,G,25993,3,test-00003-of-00080.parquet
LA_0044,DF_E_3177989,high_ogg,asvspoof,A19,spoof,notrim,eval,traditional_vocoder,-,-,-,-,240601,31,test-00031-of-00080.parquet
TFM1,DF_E_3335897,low_m4a,vcc2020,Task2-team10,spoof,notrim,eval,neural_vocoder_autoregressive,Task2,team10,MM,F,272520,35,test-00035-of-00080.parquet
SEM1,DF_E_3820763,high_m4a,vcc2020,-,bonafide,notrim,eval,bonafide,-,-,-,-,371444,48,test-00048-of-00080.parquet
VCC2SF3,DF_E_3493182,mp3m4a,vcc2018,-,bonafide,notrim,eval,bonafide,-,-,-,-,304824,39,test-00039-of-00080.parquet
LA_0044,DF_E_4623485,high_ogg,asvspoof,A19,spoof,notrim,eval,traditional_vocoder,-,-,-,-,535014,69,test-00069-of-00080.parquet
VCC2SM1,DF_E_4577517,nocodec,vcc2018,-,bonafide,notrim,eval,bonafide,-,-,-,-,525710,68,test-00068-of-00080.parquet
LA_0037,DF_E_4932792,high_m4a,asvspoof,-,bonafide,notrim,eval,bonafide,-,-,-,-,598181,78,test-00078-of-00080.parquet
LA_0047,DF_E_3389061,nocodec,asvspoof,-,bonafide,notrim,eval,bonafide,-,-,-,-,283478,37,test-00037-of-00080.parquet
TEF2,DF_E_3161801,low_m4a,vcc2020,Task1-team16,spoof,notrim,eval,neural_vocoder_nonautoregressive,Task1,team16,FF,E,237246,31,test-00031-of-00080.parquet
VCC2SM3,DF_E_4702490,high_ogg,vcc2018,-,bonafide,notrim,eval,bonafide,-,-,-,-,551180,72,test-00072-of-00080.parquet
SEM2,DF_E_4441078,high_mp3,vcc2020,-,bonafide,notrim,eval,bonafide,-,-,-,-,497951,65,test-00065-of-00080.parquet
TGF1,DF_E_2971997,high_m4a,vcc2020,Task2-team29,spoof,notrim,eval,neural_vocoder_autoregressive,Task2,team29,FF,G,198456,25,test-00025-of-00080.parquet
VCC2TM2,DF_E_4444299,low_m4a,vcc2018,-,bonafide,notrim,eval,bonafide,-,-,-,-,498590,65,test-00065-of-00080.parquet
VCC2TF1,DF_E_3536261,low_m4a,vcc2018,SPO-N12,spoof,notrim,eval,traditional_vocoder,SPO,N12,FF,-,313633,41,test-00041-of-00080.parquet
VCC2TM2,DF_E_3587034,high_mp3,vcc2018,HUB-D05,spoof,notrim,eval,traditional_vocoder,HUB,D05,MM,-,324011,42,test-00042-of-00080.parquet
TEF2,DF_E_2655895,nocodec,vcc2020,Task1-team19,spoof,notrim,eval,neural_vocoder_nonautoregressive,Task1,team19,FF,E,134058,17,test-00017-of-00080.parquet
TFM1,DF_E_2786594,low_mp3,vcc2020,Task2-team10,spoof,notrim,eval,neural_vocoder_autoregressive,Task2,team10,FM,F,160493,20,test-00020-of-00080.parquet
LA_0013,DF_E_2054370,low_ogg,asvspoof,A11,spoof,notrim,eval,traditional_vocoder,-,-,-,-,11012,1,test-00001-of-00080.parquet
TFM1,DF_E_2783060,high_ogg,vcc2020,Task2-team23,spoof,notrim,eval,neural_vocoder_autoregressive,Task2,team23,MM,F,159818,20,test-00020-of-00080.parquet
TEM2,DF_E_2790415,high_m4a,vcc2020,-,bonafide,notrim,eval,bonafide,-,-,-,-,161266,21,test-00021-of-00080.parquet
LA_0039,DF_E_2305806,low_mp3,asvspoof,-,bonafide,notrim,eval,bonafide,-,-,-,-,62339,8,test-00008-of-00080.parquet
LA_0046,DF_E_4839741,mp3m4a,asvspoof,-,bonafide,notrim,eval,bonafide,-,-,-,-,579118,75,test-00075-of-00080.parquet
LA_0025,DF_E_2684402,high_ogg,asvspoof,-,bonafide,notrim,eval,bonafide,-,-,-,-,139836,18,test-00018-of-00080.parquet
VCC2SM3,DF_E_2851132,nocodec,vcc2018,-,bonafide,notrim,eval,bonafide,-,-,-,-,173772,22,test-00022-of-00080.parquet
VCC2TF1,DF_E_4055726,low_m4a,vcc2018,-,bonafide,notrim,eval,bonafide,-,-,-,-,419276,54,test-00054-of-00080.parquet
LA_0008,DF_E_4105930,oggm4a,asvspoof,-,bonafide,notrim,eval,bonafide,-,-,-,-,429586,56,test-00056-of-00080.parquet
LA_0021,DF_E_2449324,oggm4a,asvspoof,-,bonafide,notrim,eval,bonafide,-,-,-,-,91656,11,test-00011-of-00080.parquet
TFM1,DF_E_4113147,mp3m4a,vcc2020,Task2-team05,spoof,notrim,eval,neural_vocoder_nonautoregressive,Task2,team05,MM,F,431053,56,test-00056-of-00080.parquet
LA_0005,DF_E_4818561,high_ogg,asvspoof,A14,spoof,notrim,eval,traditional_vocoder,-,-,-,-,574725,75,test-00075-of-00080.parquet
VCC2TM1,DF_E_3148642,low_mp3,vcc2018,-,bonafide,notrim,eval,bonafide,-,-,-,-,234515,30,test-00030-of-00080.parquet
LA_0018,DF_E_3001496,high_ogg,asvspoof,A15,spoof,notrim,eval,neural_vocoder_autoregressive,-,-,-,-,204536,26,test-00026-of-00080.parquet
LA_0020,DF_E_4968248,mp3m4a,asvspoof,A09,spoof,notrim,eval,traditional_vocoder,-,-,-,-,605263,79,test-00079-of-00080.parquet
TGM1,DF_E_2810135,high_mp3,vcc2020,Task2-team10,spoof,notrim,eval,neural_vocoder_autoregressive,Task2,team10,FM,G,165266,21,test-00021-of-00080.parquet
LA_0065,DF_E_3324999,oggm4a,asvspoof,-,bonafide,notrim,eval,bonafide,-,-,-,-,270287,35,test-00035-of-00080.parquet
VCC2SM2,DF_E_2776353,low_mp3,vcc2018,-,bonafide,notrim,eval,bonafide,-,-,-,-,158452,20,test-00020-of-00080.parquet
LA_0036,DF_E_2909622,mp3m4a,asvspoof,-,bonafide,notrim,eval,bonafide,-,-,-,-,185595,24,test-00024-of-00080.parquet
TGF1,DF_E_4892486,nocodec,vcc2020,Task2-team10,spoof,notrim,eval,neural_vocoder_autoregressive,Task2,team10,MF,G,589999,77,test-00077-of-00080.parquet
TMM1,DF_E_2898771,nocodec,vcc2020,-,bonafide,notrim,eval,bonafide,-,-,-,-,183422,23,test-00023-of-00080.parquet
LA_0032,DF_E_2620988,mp3m4a,asvspoof,-,bonafide,notrim,eval,bonafide,-,-,-,-,126924,16,test-00016-of-00080.parquet
VCC2SM4,DF_E_3014474,low_mp3,vcc2018,-,bonafide,notrim,eval,bonafide,-,-,-,-,207196,27,test-00027-of-00080.parquet
TEM2,DF_E_2197858,high_mp3,vcc2020,Task1-team17,spoof,notrim,eval,neural_vocoder_nonautoregressive,Task1,team17,MM,E,40433,5,test-00005-of-00080.parquet
LA_0046,DF_E_4088753,mp3m4a,asvspoof,-,bonafide,notrim,eval,bonafide,-,-,-,-,426039,55,test-00055-of-00080.parquet
VCC2TF2,DF_E_4175007,low_m4a,vcc2018,HUB-D05,spoof,notrim,eval,traditional_vocoder,HUB,D05,FF,-,443638,58,test-00058-of-00080.parquet
VCC2TM2,DF_E_4213797,low_m4a,vcc2018,HUB-N10,spoof,notrim,eval,neural_vocoder_autoregressive,HUB,N10,FM,-,451502,59,test-00059-of-00080.parquet
TFF1,DF_E_2622942,high_mp3,vcc2020,Task2-team24,spoof,notrim,eval,neural_vocoder_autoregressive,Task2,team24,FF,F,127344,16,test-00016-of-00080.parquet
VCC2TM2,DF_E_2526002,high_m4a,vcc2018,HUB-N12,spoof,notrim,eval,traditional_vocoder,HUB,N12,MM,-,107360,14,test-00014-of-00080.parquet
TEM1,DF_E_2125231,low_m4a,vcc2020,-,bonafide,notrim,eval,bonafide,-,-,-,-,25347,3,test-00003-of-00080.parquet
LA_0028,DF_E_4723699,mp3m4a,asvspoof,-,bonafide,notrim,eval,bonafide,-,-,-,-,555535,72,test-00072-of-00080.parquet
VCC2TF1,DF_E_4438989,low_mp3,vcc2018,SPO-N16,spoof,notrim,eval,traditional_vocoder,SPO,N16,FF,-,497520,65,test-00065-of-00080.parquet
LA_0018,DF_E_4772287,low_m4a,asvspoof,-,bonafide,notrim,eval,bonafide,-,-,-,-,565278,73,test-00073-of-00080.parquet
LA_0046,DF_E_4263783,oggm4a,asvspoof,-,bonafide,notrim,eval,bonafide,-,-,-,-,461830,60,test-00060-of-00080.parquet
VCC2TM1,DF_E_4331720,nocodec,vcc2018,-,bonafide,notrim,eval,bonafide,-,-,-,-,475592,62,test-00062-of-00080.parquet
VCC2SF2,DF_E_2622559,mp3m4a,vcc2018,-,bonafide,notrim,eval,bonafide,-,-,-,-,127248,16,test-00016-of-00080.parquet
TFM1,DF_E_4891523,high_m4a,vcc2020,Task2-team25,spoof,notrim,eval,neural_vocoder_autoregressive,Task2,team25,FM,F,589809,77,test-00077-of-00080.parquet
VCC2TF1,DF_E_3568025,oggm4a,vcc2018,-,bonafide,notrim,eval,bonafide,-,-,-,-,320093,41,test-00041-of-00080.parquet
TEM2,DF_E_4129587,low_mp3,vcc2020,Task1-team26,spoof,notrim,eval,traditional_vocoder,Task1,team26,FM,E,434427,56,test-00056-of-00080.parquet
TEF2,DF_E_3601449,low_mp3,vcc2020,Task1-team12,spoof,notrim,eval,traditional_vocoder,Task1,team12,MF,E,326975,42,test-00042-of-00080.parquet
TFF1,DF_E_3355368,low_mp3,vcc2020,Task2-team23,spoof,notrim,eval,neural_vocoder_autoregressive,Task2,team23,FF,F,276603,36,test-00036-of-00080.parquet
VCC2TF2,DF_E_4478912,low_mp3,vcc2018,SPO-N13,spoof,notrim,eval,traditional_vocoder,SPO,N13,FF,-,505661,66,test-00066-of-00080.parquet
TGF1,DF_E_3614011,low_ogg,vcc2020,Task2-team02,spoof,notrim,eval,neural_vocoder_nonautoregressive,Task2,team02,FF,G,329452,43,test-00043-of-00080.parquet
TEM1,DF_E_3971426,high_ogg,vcc2020,Task1-team14,spoof,notrim,eval,neural_vocoder_nonautoregressive,Task1,team14,MM,E,402091,52,test-00052-of-00080.parquet
TMF1,DF_E_3625086,mp3m4a,vcc2020,Task2-team24,spoof,notrim,eval,neural_vocoder_autoregressive,Task2,team24,FF,M,331714,43,test-00043-of-00080.parquet
TEF1,DF_E_4621983,mp3m4a,vcc2020,Task1-team02,spoof,notrim,eval,neural_vocoder_nonautoregressive,Task1,team02,FF,E,534729,69,test-00069-of-00080.parquet
VCC2TF1,DF_E_3711271,high_ogg,vcc2018,HUB-D02,spoof,notrim,eval,traditional_vocoder,HUB,D02,MF,-,349372,45,test-00045-of-00080.parquet
VCC2TF2,DF_E_2591767,nocodec,vcc2018,-,bonafide,notrim,eval,bonafide,-,-,-,-,120864,15,test-00015-of-00080.parquet
TGF1,DF_E_2923408,high_m4a,vcc2020,-,bonafide,notrim,eval,bonafide,-,-,-,-,188438,24,test-00024-of-00080.parquet
TMM1,DF_E_3967566,high_mp3,vcc2020,Task2-team31,spoof,notrim,eval,neural_vocoder_nonautoregressive,Task2,team31,MM,M,401316,52,test-00052-of-00080.parquet
VCC2SM3,DF_E_4882545,nocodec,vcc2018,-,bonafide,notrim,eval,bonafide,-,-,-,-,588025,76,test-00076-of-00080.parquet
TEM1,DF_E_4086913,high_ogg,vcc2020,Task1-team13,spoof,notrim,eval,neural_vocoder_autoregressive,Task1,team13,FM,E,425632,55,test-00055-of-00080.parquet
LA_0002,DF_E_2140481,mp3m4a,asvspoof,-,bonafide,notrim,eval,bonafide,-,-,-,-,28565,3,test-00003-of-00080.parquet
VCC2TM1,DF_E_2649433,low_mp3,vcc2018,SPO-N03,spoof,notrim,eval,unknown,SPO,N03,MM,-,132776,17,test-00017-of-00080.parquet
VCC2TF2,DF_E_2161006,high_m4a,vcc2018,-,bonafide,notrim,eval,bonafide,-,-,-,-,32847,4,test-00004-of-00080.parquet
TEM2,DF_E_4548974,high_mp3,vcc2020,-,bonafide,notrim,eval,bonafide,-,-,-,-,519916,67,test-00067-of-00080.parquet
VCC2TM2,DF_E_3693799,high_mp3,vcc2018,HUB-N17,spoof,notrim,eval,neural_vocoder_autoregressive,HUB,N17,FM,-,345837,45,test-00045-of-00080.parquet
LA_0043,DF_E_4696749,oggm4a,asvspoof,-,bonafide,notrim,eval,bonafide,-,-,-,-,550011,71,test-00071-of-00080.parquet
TFF1,DF_E_2067109,mp3m4a,vcc2020,Task2-team29,spoof,notrim,eval,neural_vocoder_autoregressive,Task2,team29,FF,F,13601,1,test-00001-of-00080.parquet
TEM1,DF_E_4302858,nocodec,vcc2020,-,bonafide,notrim,eval,bonafide,-,-,-,-,469633,61,test-00061-of-00080.parquet
TMF1,DF_E_4566910,high_mp3,vcc2020,Task2-team03,spoof,notrim,eval,neural_vocoder_autoregressive,Task2,team03,MF,M,523499,68,test-00068-of-00080.parquet
VCC2TM2,DF_E_4061030,low_mp3,vcc2018,-,bonafide,notrim,eval,bonafide,-,-,-,-,420306,54,test-00054-of-00080.parquet
VCC2TF2,DF_E_4284888,mp3m4a,vcc2018,SPO-N16,spoof,notrim,eval,traditional_vocoder,SPO,N16,FF,-,466024,60,test-00060-of-00080.parquet
VCC2SM4,DF_E_3598436,low_m4a,vcc2018,-,bonafide,notrim,eval,bonafide,-,-,-,-,326362,42,test-00042-of-00080.parquet
TMM1,DF_E_4810797,low_m4a,vcc2020,-,bonafide,notrim,eval,bonafide,-,-,-,-,573108,74,test-00074-of-00080.parquet
VCC2TM2,DF_E_2483212,high_m4a,vcc2018,HUB-D02,spoof,notrim,eval,traditional_vocoder,HUB,D02,FM,-,98701,12,test-00012-of-00080.parquet
VCC2SF1,DF_E_4699263,oggm4a,vcc2018,-,bonafide,notrim,eval,bonafide,-,-,-,-,550526,71,test-00071-of-00080.parquet
LA_0010,DF_E_3807718,nocodec,asvspoof,-,bonafide,notrim,eval,bonafide,-,-,-,-,368811,48,test-00048-of-00080.parquet
VCC2TM2,DF_E_3493004,oggm4a,vcc2018,SPO-N03,spoof,notrim,eval,unknown,SPO,N03,MM,-,304779,39,test-00039-of-00080.parquet
LA_0013,DF_E_3290105,low_mp3,asvspoof,-,bonafide,notrim,eval,bonafide,-,-,-,-,263305,34,test-00034-of-00080.parquet
VCC2TF1,DF_E_4657747,low_mp3,vcc2018,HUB-N20,spoof,notrim,eval,traditional_vocoder,HUB,N20,FF,-,542019,70,test-00070-of-00080.parquet
TEM1,DF_E_3208927,low_mp3,vcc2020,Task1-team10,spoof,notrim,eval,neural_vocoder_autoregressive,Task1,team10,MM,E,246834,32,test-00032-of-00080.parquet
TGM1,DF_E_2242939,low_ogg,vcc2020,Task2-team19,spoof,notrim,eval,neural_vocoder_nonautoregressive,Task2,team19,FM,G,49553,6,test-00006-of-00080.parquet
SEF1,DF_E_3376110,low_ogg,vcc2020,-,bonafide,notrim,eval,bonafide,-,-,-,-,280750,36,test-00036-of-00080.parquet
VCC2SM2,DF_E_4735124,high_mp3,vcc2018,-,bonafide,notrim,eval,bonafide,-,-,-,-,557800,72,test-00072-of-00080.parquet
TEM2,DF_E_4418644,high_mp3,vcc2020,Task1-team30,spoof,notrim,eval,unknown,Task1,team30,MM,E,493387,64,test-00064-of-00080.parquet
TEM1,DF_E_4672197,high_m4a,vcc2020,-,bonafide,notrim,eval,bonafide,-,-,-,-,544993,71,test-00071-of-00080.parquet
LA_0044,DF_E_4697921,mp3m4a,asvspoof,-,bonafide,notrim,eval,bonafide,-,-,-,-,550248,71,test-00071-of-00080.parquet
LA_0022,DF_E_4689415,high_m4a,asvspoof,-,bonafide,notrim,eval,bonafide,-,-,-,-,548522,71,test-00071-of-00080.parquet
TEM1,DF_E_2789600,oggm4a,vcc2020,Task1-team28,spoof,notrim,eval,neural_vocoder_autoregressive,Task1,team28,FM,E,161100,21,test-00021-of-00080.parquet
VCC2TF2,DF_E_3675757,high_mp3,vcc2018,HUB-N11,spoof,notrim,eval,traditional_vocoder,HUB,N11,FF,-,342129,44,test-00044-of-00080.parquet
VCC2SF1,DF_E_3005360,nocodec,vcc2018,-,bonafide,notrim,eval,bonafide,-,-,-,-,205326,26,test-00026-of-00080.parquet
TGF1,DF_E_3116372,low_m4a,vcc2020,Task2-team31,spoof,notrim,eval,neural_vocoder_nonautoregressive,Task2,team31,FF,G,227950,29,test-00029-of-00080.parquet
LA_0044,DF_E_3155557,oggm4a,asvspoof,A15,spoof,notrim,eval,neural_vocoder_autoregressive,-,-,-,-,235963,30,test-00030-of-00080.parquet
TGF1,DF_E_2210345,high_m4a,vcc2020,Task2-team07,spoof,notrim,eval,neural_vocoder_autoregressive,Task2,team07,FF,G,42931,5,test-00005-of-00080.parquet
TMF1,DF_E_3343427,high_mp3,vcc2020,Task2-team18,spoof,notrim,eval,unknown,Task2,team18,MF,M,274104,35,test-00035-of-00080.parquet
TMF1,DF_E_3421222,nocodec,vcc2020,Task2-team09,spoof,notrim,eval,neural_vocoder_nonautoregressive,Task2,team09,MF,M,289951,37,test-00037-of-00080.parquet
VCC2TF1,DF_E_2260899,oggm4a,vcc2018,SPO-N13,spoof,notrim,eval,traditional_vocoder,SPO,N13,MF,-,53166,6,test-00006-of-00080.parquet
LA_0004,DF_E_2200188,low_mp3,asvspoof,-,bonafide,notrim,eval,bonafide,-,-,-,-,40913,5,test-00005-of-00080.parquet
TGM1,DF_E_3300594,low_m4a,vcc2020,-,bonafide,notrim,eval,bonafide,-,-,-,-,265335,34,test-00034-of-00080.parquet
TMF1,DF_E_4988789,high_mp3,vcc2020,Task2-team09,spoof,notrim,eval,neural_vocoder_nonautoregressive,Task2,team09,MF,M,609528,79,test-00079-of-00080.parquet
TEM2,DF_E_4154237,high_m4a,vcc2020,-,bonafide,notrim,eval,bonafide,-,-,-,-,439420,57,test-00057-of-00080.parquet
VCC2TF1,DF_E_2470731,high_mp3,vcc2018,HUB-D01,spoof,notrim,eval,traditional_vocoder,HUB,D01,MF,-,96060,12,test-00012-of-00080.parquet
VCC2TM2,DF_E_2295129,low_m4a,vcc2018,SPO-N11,spoof,notrim,eval,traditional_vocoder,SPO,N11,MM,-,60143,7,test-00007-of-00080.parquet
TEF2,DF_E_2403790,nocodec,vcc2020,Task1-team28,spoof,notrim,eval,neural_vocoder_autoregressive,Task1,team28,MF,E,82239,10,test-00010-of-00080.parquet
TEM2,DF_E_3585130,oggm4a,vcc2020,-,bonafide,notrim,eval,bonafide,-,-,-,-,323600,42,test-00042-of-00080.parquet
SEM2,DF_E_2581700,high_mp3,vcc2020,-,bonafide,notrim,eval,bonafide,-,-,-,-,118836,15,test-00015-of-00080.parquet
TEF2,DF_E_3415890,low_m4a,vcc2020,Task1-team19,spoof,notrim,eval,neural_vocoder_nonautoregressive,Task1,team19,FF,E,288903,37,test-00037-of-00080.parquet
TEM2,DF_E_4596901,high_mp3,vcc2020,Task1-team10,spoof,notrim,eval,neural_vocoder_autoregressive,Task1,team10,FM,E,529660,69,test-00069-of-00080.parquet
LA_0044,DF_E_2723085,high_ogg,asvspoof,A19,spoof,notrim,eval,traditional_vocoder,-,-,-,-,147605,19,test-00019-of-00080.parquet
LA_0003,DF_E_4537775,low_ogg,asvspoof,A09,spoof,notrim,eval,traditional_vocoder,-,-,-,-,517691,67,test-00067-of-00080.parquet
LA_0003,DF_E_2871614,oggm4a,asvspoof,-,bonafide,notrim,eval,bonafide,-,-,-,-,177962,23,test-00023-of-00080.parquet
TFF1,DF_E_4662125,low_mp3,vcc2020,-,bonafide,notrim,eval,bonafide,-,-,-,-,542945,70,test-00070-of-00080.parquet
TEF2,DF_E_2619569,oggm4a,vcc2020,-,bonafide,notrim,eval,bonafide,-,-,-,-,126584,16,test-00016-of-00080.parquet
TEF2,DF_E_3453059,high_m4a,vcc2020,Task1-team02,spoof,notrim,eval,neural_vocoder_nonautoregressive,Task1,team02,MF,E,296531,38,test-00038-of-00080.parquet
VCC2TF2,DF_E_3780845,high_m4a,vcc2018,HUB-N19,spoof,notrim,eval,traditional_vocoder,HUB,N19,MF,-,363376,47,test-00047-of-00080.parquet
LA_0023,DF_E_4490803,low_ogg,asvspoof,-,bonafide,notrim,eval,bonafide,-,-,-,-,508115,66,test-00066-of-00080.parquet
VCC2SF3,DF_E_3488502,mp3m4a,vcc2018,-,bonafide,notrim,eval,bonafide,-,-,-,-,303869,39,test-00039-of-00080.parquet
VCC2SM1,DF_E_4489396,low_ogg,vcc2018,-,bonafide,notrim,eval,bonafide,-,-,-,-,507813,66,test-00066-of-00080.parquet
LA_0044,DF_E_2260291,high_ogg,asvspoof,-,bonafide,notrim,eval,bonafide,-,-,-,-,53052,6,test-00006-of-00080.parquet
LA_0002,DF_E_3892754,mp3m4a,asvspoof,-,bonafide,notrim,eval,bonafide,-,-,-,-,386078,50,test-00050-of-00080.parquet
LA_0043,DF_E_4639062,oggm4a,asvspoof,A07,spoof,notrim,eval,traditional_vocoder,-,-,-,-,538265,70,test-00070-of-00080.parquet
VCC2TM2,DF_E_3958602,low_ogg,vcc2018,SPO-N04,spoof,notrim,eval,traditional_vocoder,SPO,N04,FM,-,399541,52,test-00052-of-00080.parquet
VCC2TF2,DF_E_3882280,high_mp3,vcc2018,SPO-N16,spoof,notrim,eval,traditional_vocoder,SPO,N16,MF,-,383929,50,test-00050-of-00080.parquet
TEF2,DF_E_3531660,low_mp3,vcc2020,Task1-team28,spoof,notrim,eval,neural_vocoder_autoregressive,Task1,team28,MF,E,312690,40,test-00040-of-00080.parquet
TEF1,DF_E_3881358,low_m4a,vcc2020,Task1-team13,spoof,notrim,eval,neural_vocoder_autoregressive,Task1,team13,MF,E,383745,50,test-00050-of-00080.parquet
TEF1,DF_E_2518188,low_ogg,vcc2020,Task1-team33,spoof,notrim,eval,neural_vocoder_nonautoregressive,Task1,team33,FF,E,105765,13,test-00013-of-00080.parquet
LA_0063,DF_E_4863469,oggm4a,asvspoof,-,bonafide,notrim,eval,bonafide,-,-,-,-,584015,76,test-00076-of-00080.parquet
VCC2TF2,DF_E_3858861,high_mp3,vcc2018,SPO-N12,spoof,notrim,eval,traditional_vocoder,SPO,N12,MF,-,379165,49,test-00049-of-00080.parquet
TEF2,DF_E_3179237,high_m4a,vcc2020,Task1-team29,spoof,notrim,eval,neural_vocoder_autoregressive,Task1,team29,FF,E,240852,31,test-00031-of-00080.parquet
TEF2,DF_E_2907293,high_m4a,vcc2020,-,bonafide,notrim,eval,bonafide,-,-,-,-,185107,24,test-00024-of-00080.parquet
VCC2TF1,DF_E_4187772,low_mp3,vcc2018,HUB-N20,spoof,notrim,eval,traditional_vocoder,HUB,N20,FF,-,446197,58,test-00058-of-00080.parquet
VCC2SM4,DF_E_2610152,low_ogg,vcc2018,-,bonafide,notrim,eval,bonafide,-,-,-,-,124620,16,test-00016-of-00080.parquet
LA_0003,DF_E_4784197,high_mp3,asvspoof,A15,spoof,notrim,eval,neural_vocoder_autoregressive,-,-,-,-,567593,74,test-00074-of-00080.parquet
TEF2,DF_E_4577986,high_mp3,vcc2020,Task1-team27,spoof,notrim,eval,neural_vocoder_nonautoregressive,Task1,team27,FF,E,525818,68,test-00068-of-00080.parquet
LA_0040,DF_E_3698444,oggm4a,asvspoof,-,bonafide,notrim,eval,bonafide,-,-,-,-,346803,45,test-00045-of-00080.parquet
SEM2,DF_E_2312148,oggm4a,vcc2020,-,bonafide,notrim,eval,bonafide,-,-,-,-,63607,8,test-00008-of-00080.parquet
VCC2TF2,DF_E_2177527,high_m4a,vcc2018,HUB-N13,spoof,notrim,eval,traditional_vocoder,HUB,N13,MF,-,36251,4,test-00004-of-00080.parquet
VCC2TM2,DF_E_3910391,low_m4a,vcc2018,HUB-N10,spoof,notrim,eval,neural_vocoder_autoregressive,HUB,N10,MM,-,389627,50,test-00050-of-00080.parquet
TGM1,DF_E_2391142,nocodec,vcc2020,Task2-team22,spoof,notrim,eval,neural_vocoder_nonautoregressive,Task2,team22,FM,G,79643,10,test-00010-of-00080.parquet
VCC2TF1,DF_E_2817334,low_mp3,vcc2018,HUB-N07,spoof,notrim,eval,traditional_vocoder,HUB,N07,FF,-,166756,21,test-00021-of-00080.parquet
TMM1,DF_E_3084673,nocodec,vcc2020,-,bonafide,notrim,eval,bonafide,-,-,-,-,221527,28,test-00028-of-00080.parquet
LA_0005,DF_E_3418267,mp3m4a,asvspoof,A07,spoof,notrim,eval,traditional_vocoder,-,-,-,-,289364,37,test-00037-of-00080.parquet
LA_0016,DF_E_2155794,nocodec,asvspoof,-,bonafide,notrim,eval,bonafide,-,-,-,-,31748,4,test-00004-of-00080.parquet
VCC2TF2,DF_E_4031776,mp3m4a,vcc2018,-,bonafide,notrim,eval,bonafide,-,-,-,-,414373,54,test-00054-of-00080.parquet
LA_0021,DF_E_3591607,mp3m4a,asvspoof,-,bonafide,notrim,eval,bonafide,-,-,-,-,324956,42,test-00042-of-00080.parquet
VCC2SF4,DF_E_4347155,low_mp3,vcc2018,-,bonafide,notrim,eval,bonafide,-,-,-,-,478783,62,test-00062-of-00080.parquet
LA_0010,DF_E_4817597,high_ogg,asvspoof,-,bonafide,notrim,eval,bonafide,-,-,-,-,574517,75,test-00075-of-00080.parquet
LA_0023,DF_E_3532038,high_m4a,asvspoof,-,bonafide,notrim,eval,bonafide,-,-,-,-,312783,40,test-00040-of-00080.parquet
TMF1,DF_E_2162399,low_ogg,vcc2020,Task2-team10,spoof,notrim,eval,neural_vocoder_autoregressive,Task2,team10,FF,M,33141,4,test-00004-of-00080.parquet
LA_0015,DF_E_4026723,low_mp3,asvspoof,-,bonafide,notrim,eval,bonafide,-,-,-,-,413308,54,test-00054-of-00080.parquet
LA_0028,DF_E_4985359,low_m4a,asvspoof,-,bonafide,notrim,eval,bonafide,-,-,-,-,608825,79,test-00079-of-00080.parquet
TEF2,DF_E_4683203,high_mp3,vcc2020,-,bonafide,notrim,eval,bonafide,-,-,-,-,547247,71,test-00071-of-00080.parquet
TEM1,DF_E_3330238,high_m4a,vcc2020,Task1-team20,spoof,notrim,eval,neural_vocoder_nonautoregressive,Task1,team20,FM,E,271363,35,test-00035-of-00080.parquet
LA_0007,DF_E_4995070,mp3m4a,asvspoof,A07,spoof,notrim,eval,traditional_vocoder,-,-,-,-,610830,79,test-00079-of-00080.parquet
TEM2,DF_E_2664176,low_m4a,vcc2020,Task1-team02,spoof,notrim,eval,neural_vocoder_nonautoregressive,Task1,team02,MM,E,135712,17,test-00017-of-00080.parquet
LA_0036,DF_E_3378488,low_m4a,asvspoof,A08,spoof,notrim,eval,neural_vocoder_nonautoregressive,-,-,-,-,281258,36,test-00036-of-00080.parquet
LA_0028,DF_E_4960342,low_ogg,asvspoof,-,bonafide,notrim,eval,bonafide,-,-,-,-,603635,78,test-00078-of-00080.parquet
VCC2SM2,DF_E_2557466,high_m4a,vcc2018,-,bonafide,notrim,eval,bonafide,-,-,-,-,113854,14,test-00014-of-00080.parquet
TEF1,DF_E_4586217,high_ogg,vcc2020,Task1-team18,spoof,notrim,eval,unknown,Task1,team18,FF,E,527488,68,test-00068-of-00080.parquet
VCC2SM4,DF_E_2853285,nocodec,vcc2018,-,bonafide,notrim,eval,bonafide,-,-,-,-,174203,22,test-00022-of-00080.parquet
VCC2TM1,DF_E_3294952,low_mp3,vcc2018,HUB-N10,spoof,notrim,eval,neural_vocoder_autoregressive,HUB,N10,FM,-,264208,34,test-00034-of-00080.parquet
TFM1,DF_E_3955725,nocodec,vcc2020,Task2-team20,spoof,notrim,eval,neural_vocoder_nonautoregressive,Task2,team20,MM,F,398978,52,test-00052-of-00080.parquet
VCC2TF2,DF_E_3503338,high_ogg,vcc2018,-,bonafide,notrim,eval,bonafide,-,-,-,-,306963,40,test-00040-of-00080.parquet
TEM2,DF_E_4762486,high_m4a,vcc2020,-,bonafide,notrim,eval,bonafide,-,-,-,-,563351,73,test-00073-of-00080.parquet
VCC2TM2,DF_E_3626066,oggm4a,vcc2018,HUB-N08,spoof,notrim,eval,traditional_vocoder,HUB,N08,FM,-,331927,43,test-00043-of-00080.parquet
VCC2SF1,DF_E_4467674,low_ogg,vcc2018,-,bonafide,notrim,eval,bonafide,-,-,-,-,503374,65,test-00065-of-00080.parquet
TGF1,DF_E_3220797,oggm4a,vcc2020,Task2-team28,spoof,notrim,eval,neural_vocoder_autoregressive,Task2,team28,FF,G,249247,32,test-00032-of-00080.parquet
TMM1,DF_E_2434791,low_mp3,vcc2020,Task2-team20,spoof,notrim,eval,neural_vocoder_nonautoregressive,Task2,team20,FM,M,88669,11,test-00011-of-00080.parquet
LA_0022,DF_E_2675497,oggm4a,asvspoof,-,bonafide,notrim,eval,bonafide,-,-,-,-,138039,18,test-00018-of-00080.parquet
TFF1,DF_E_4682154,low_ogg,vcc2020,Task2-team20,spoof,notrim,eval,neural_vocoder_nonautoregressive,Task2,team20,MF,F,547036,71,test-00071-of-00080.parquet
LA_0036,DF_E_4966913,mp3m4a,asvspoof,-,bonafide,notrim,eval,bonafide,-,-,-,-,604997,79,test-00079-of-00080.parquet
LA_0039,DF_E_2829251,high_mp3,asvspoof,-,bonafide,notrim,eval,bonafide,-,-,-,-,169214,22,test-00022-of-00080.parquet
VCC2SF1,DF_E_4018633,oggm4a,vcc2018,-,bonafide,notrim,eval,bonafide,-,-,-,-,411683,53,test-00053-of-00080.parquet
TGM1,DF_E_3890837,low_mp3,vcc2020,-,bonafide,notrim,eval,bonafide,-,-,-,-,385685,50,test-00050-of-00080.parquet
LA_0003,DF_E_4343037,mp3m4a,asvspoof,-,bonafide,notrim,eval,bonafide,-,-,-,-,477946,62,test-00062-of-00080.parquet
LA_0040,DF_E_4457503,mp3m4a,asvspoof,-,bonafide,notrim,eval,bonafide,-,-,-,-,501319,65,test-00065-of-00080.parquet
TFF1,DF_E_4649771,nocodec,vcc2020,Task2-team33,spoof,notrim,eval,neural_vocoder_nonautoregressive,Task2,team33,MF,F,540406,70,test-00070-of-00080.parquet
TEF1,DF_E_2995996,low_ogg,vcc2020,Task1-team21,spoof,notrim,eval,neural_vocoder_nonautoregressive,Task1,team21,MF,E,203402,26,test-00026-of-00080.parquet
VCC2TM2,DF_E_3293426,mp3m4a,vcc2018,-,bonafide,notrim,eval,bonafide,-,-,-,-,263912,34,test-00034-of-00080.parquet
VCC2SM4,DF_E_4289938,low_m4a,vcc2018,-,bonafide,notrim,eval,bonafide,-,-,-,-,467057,61,test-00061-of-00080.parquet
VCC2TM1,DF_E_2986814,high_m4a,vcc2018,HUB-N04,spoof,notrim,eval,traditional_vocoder,HUB,N04,MM,-,201425,26,test-00026-of-00080.parquet
VCC2SM1,DF_E_2873406,nocodec,vcc2018,-,bonafide,notrim,eval,bonafide,-,-,-,-,178324,23,test-00023-of-00080.parquet
VCC2TM1,DF_E_2903112,low_ogg,vcc2018,HUB-D04,spoof,notrim,eval,traditional_vocoder,HUB,D04,MM,-,184321,24,test-00024-of-00080.parquet
VCC2SM3,DF_E_3685510,low_ogg,vcc2018,-,bonafide,notrim,eval,bonafide,-,-,-,-,344133,44,test-00044-of-00080.parquet
TGF1,DF_E_3244227,high_mp3,vcc2020,-,bonafide,notrim,eval,bonafide,-,-,-,-,254058,33,test-00033-of-00080.parquet
LA_0046,DF_E_4567119,low_m4a,asvspoof,-,bonafide,notrim,eval,bonafide,-,-,-,-,523540,68,test-00068-of-00080.parquet
TEM2,DF_E_3190269,oggm4a,vcc2020,Task1-team33,spoof,notrim,eval,neural_vocoder_nonautoregressive,Task1,team33,MM,E,243044,31,test-00031-of-00080.parquet
VCC2SF4,DF_E_4133199,oggm4a,vcc2018,-,bonafide,notrim,eval,bonafide,-,-,-,-,435165,56,test-00056-of-00080.parquet
SEF2,DF_E_3883212,low_ogg,vcc2020,-,bonafide,notrim,eval,bonafide,-,-,-,-,384125,50,test-00050-of-00080.parquet
TEM2,DF_E_3975090,oggm4a,vcc2020,Task1-team19,spoof,notrim,eval,neural_vocoder_nonautoregressive,Task1,team19,MM,E,402812,52,test-00052-of-00080.parquet
TEF2,DF_E_2889296,high_m4a,vcc2020,-,bonafide,notrim,eval,bonafide,-,-,-,-,181566,23,test-00023-of-00080.parquet
VCC2SM2,DF_E_3388506,nocodec,vcc2018,-,bonafide,notrim,eval,bonafide,-,-,-,-,283367,37,test-00037-of-00080.parquet
TEM1,DF_E_4745573,low_mp3,vcc2020,Task1-team19,spoof,notrim,eval,neural_vocoder_nonautoregressive,Task1,team19,FM,E,559865,73,test-00073-of-00080.parquet
VCC2TF1,DF_E_2231823,oggm4a,vcc2018,HUB-D03,spoof,notrim,eval,traditional_vocoder,HUB,D03,MF,-,47268,6,test-00006-of-00080.parquet
LA_0043,DF_E_4287987,mp3m4a,asvspoof,-,bonafide,notrim,eval,bonafide,-,-,-,-,466659,61,test-00061-of-00080.parquet
SEF1,DF_E_4950114,low_mp3,vcc2020,-,bonafide,notrim,eval,bonafide,-,-,-,-,601634,78,test-00078-of-00080.parquet
VCC2TM2,DF_E_2666584,high_ogg,vcc2018,HUB-N18,spoof,notrim,eval,traditional_vocoder,HUB,N18,FM,-,136199,17,test-00017-of-00080.parquet
TEF1,DF_E_3653941,high_ogg,vcc2020,Task1-team31,spoof,notrim,eval,neural_vocoder_nonautoregressive,Task1,team31,MF,E,337756,44,test-00044-of-00080.parquet
VCC2SF4,DF_E_2213931,high_m4a,vcc2018,-,bonafide,notrim,eval,bonafide,-,-,-,-,43624,5,test-00005-of-00080.parquet
VCC2SF2,DF_E_3380690,low_m4a,vcc2018,-,bonafide,notrim,eval,bonafide,-,-,-,-,281732,36,test-00036-of-00080.parquet
VCC2SF1,DF_E_3300632,high_ogg,vcc2018,-,bonafide,notrim,eval,bonafide,-,-,-,-,265352,34,test-00034-of-00080.parquet
TGM1,DF_E_2132791,high_m4a,vcc2020,Task2-team31,spoof,notrim,eval,neural_vocoder_nonautoregressive,Task2,team31,FM,G,26955,3,test-00003-of-00080.parquet
TEM1,DF_E_4862640,high_mp3,vcc2020,Task1-team27,spoof,notrim,eval,neural_vocoder_nonautoregressive,Task1,team27,MM,E,583846,76,test-00076-of-00080.parquet
VCC2TM2,DF_E_3241909,mp3m4a,vcc2018,HUB-N05,spoof,notrim,eval,traditional_vocoder,HUB,N05,FM,-,253589,33,test-00033-of-00080.parquet
LA_0002,DF_E_2875579,mp3m4a,asvspoof,-,bonafide,notrim,eval,bonafide,-,-,-,-,178782,23,test-00023-of-00080.parquet
TEM2,DF_E_4505011,mp3m4a,vcc2020,Task1-team24,spoof,notrim,eval,neural_vocoder_autoregressive,Task1,team24,FM,E,511061,66,test-00066-of-00080.parquet
VCC2TM1,DF_E_3063737,nocodec,vcc2018,HUB-B01,spoof,notrim,eval,traditional_vocoder,HUB,B01,FM,-,217328,28,test-00028-of-00080.parquet
LA_0022,DF_E_3957824,mp3m4a,asvspoof,-,bonafide,notrim,eval,bonafide,-,-,-,-,399369,52,test-00052-of-00080.parquet
LA_0018,DF_E_3054860,nocodec,asvspoof,-,bonafide,notrim,eval,bonafide,-,-,-,-,215447,28,test-00028-of-00080.parquet
VCC2SF2,DF_E_4770952,high_mp3,vcc2018,-,bonafide,notrim,eval,bonafide,-,-,-,-,564993,73,test-00073-of-00080.parquet
LA_0033,DF_E_2524724,oggm4a,asvspoof,-,bonafide,notrim,eval,bonafide,-,-,-,-,107110,14,test-00014-of-00080.parquet
VCC2TF1,DF_E_4607085,low_ogg,vcc2018,SPO-N11,spoof,notrim,eval,traditional_vocoder,SPO,N11,MF,-,531690,69,test-00069-of-00080.parquet
LA_0044,DF_E_2036280,high_ogg,asvspoof,-,bonafide,notrim,eval,bonafide,-,-,-,-,7351,0,test-00000-of-00080.parquet
VCC2TF2,DF_E_3288797,low_m4a,vcc2018,-,bonafide,notrim,eval,bonafide,-,-,-,-,263054,34,test-00034-of-00080.parquet
VCC2TM2,DF_E_2842987,nocodec,vcc2018,SPO-N05,spoof,notrim,eval,traditional_vocoder,SPO,N05,FM,-,172028,22,test-00022-of-00080.parquet
VCC2TF1,DF_E_4472758,high_m4a,vcc2018,HUB-N12,spoof,notrim,eval,traditional_vocoder,HUB,N12,MF,-,504384,65,test-00065-of-00080.parquet
VCC2SM4,DF_E_4973087,low_mp3,vcc2018,-,bonafide,notrim,eval,bonafide,-,-,-,-,606257,79,test-00079-of-00080.parquet
TGF1,DF_E_2969474,low_m4a,vcc2020,Task2-team25,spoof,notrim,eval,neural_vocoder_autoregressive,Task2,team25,FF,G,197920,25,test-00025-of-00080.parquet
TEF2,DF_E_3590101,high_m4a,vcc2020,Task1-team16,spoof,notrim,eval,neural_vocoder_nonautoregressive,Task1,team16,FF,E,324637,42,test-00042-of-00080.parquet
LA_0045,DF_E_4479394,mp3m4a,asvspoof,-,bonafide,notrim,eval,bonafide,-,-,-,-,505767,66,test-00066-of-00080.parquet
TFM1,DF_E_3738384,mp3m4a,vcc2020,Task2-team33,spoof,notrim,eval,neural_vocoder_nonautoregressive,Task2,team33,MM,F,354832,46,test-00046-of-00080.parquet
LA_0057,DF_E_4644250,mp3m4a,asvspoof,-,bonafide,notrim,eval,bonafide,-,-,-,-,539281,70,test-00070-of-00080.parquet
VCC2TF1,DF_E_4841634,high_ogg,vcc2018,HUB-N13,spoof,notrim,eval,traditional_vocoder,HUB,N13,FF,-,579508,75,test-00075-of-00080.parquet
TEM1,DF_E_4902034,high_mp3,vcc2020,Task1-team21,spoof,notrim,eval,neural_vocoder_nonautoregressive,Task1,team21,FM,E,591904,77,test-00077-of-00080.parquet
TGM1,DF_E_4070039,low_mp3,vcc2020,Task2-team30,spoof,notrim,eval,unknown,Task2,team30,FM,G,422195,55,test-00055-of-00080.parquet
TEF2,DF_E_2594612,oggm4a,vcc2020,Task1-team11,spoof,notrim,eval,neural_vocoder_autoregressive,Task1,team11,FF,E,121462,15,test-00015-of-00080.parquet
LA_0042,DF_E_3248862,low_mp3,asvspoof,-,bonafide,notrim,eval,bonafide,-,-,-,-,255034,33,test-00033-of-00080.parquet
TFF1,DF_E_2932125,high_m4a,vcc2020,-,bonafide,notrim,eval,bonafide,-,-,-,-,190187,24,test-00024-of-00080.parquet
LA_0014,DF_E_3249877,low_m4a,asvspoof,-,bonafide,notrim,eval,bonafide,-,-,-,-,255241,33,test-00033-of-00080.parquet
LA_0036,DF_E_4780476,high_ogg,asvspoof,A13,spoof,notrim,eval,traditional_vocoder,-,-,-,-,566860,74,test-00074-of-00080.parquet
TGF1,DF_E_2138695,high_ogg,vcc2020,Task2-team09,spoof,notrim,eval,neural_vocoder_nonautoregressive,Task2,team09,FF,G,28218,3,test-00003-of-00080.parquet
VCC2TF2,DF_E_4687802,mp3m4a,vcc2018,HUB-N17,spoof,notrim,eval,neural_vocoder_autoregressive,HUB,N17,MF,-,548188,71,test-00071-of-00080.parquet
LA_0043,DF_E_2269166,low_m4a,asvspoof,-,bonafide,notrim,eval,bonafide,-,-,-,-,54856,7,test-00007-of-00080.parquet
LA_0041,DF_E_3380763,low_m4a,asvspoof,-,bonafide,notrim,eval,bonafide,-,-,-,-,281745,36,test-00036-of-00080.parquet
LA_0018,DF_E_2264870,low_mp3,asvspoof,-,bonafide,notrim,eval,bonafide,-,-,-,-,53987,7,test-00007-of-00080.parquet
LA_0010,DF_E_3265541,high_mp3,asvspoof,-,bonafide,notrim,eval,bonafide,-,-,-,-,258404,33,test-00033-of-00080.parquet
LA_0047,DF_E_3898067,oggm4a,asvspoof,-,bonafide,notrim,eval,bonafide,-,-,-,-,387110,50,test-00050-of-00080.parquet
VCC2TF2,DF_E_2602137,high_ogg,vcc2018,HUB-D02,spoof,notrim,eval,traditional_vocoder,HUB,D02,MF,-,123000,16,test-00016-of-00080.parquet
LA_0034,DF_E_4547006,low_ogg,asvspoof,A15,spoof,notrim,eval,neural_vocoder_autoregressive,-,-,-,-,519505,67,test-00067-of-00080.parquet
VCC2TF1,DF_E_3031295,high_m4a,vcc2018,HUB-N05,spoof,notrim,eval,traditional_vocoder,HUB,N05,MF,-,210615,27,test-00027-of-00080.parquet
TEF1,DF_E_2130858,oggm4a,vcc2020,Task1-team20,spoof,notrim,eval,neural_vocoder_nonautoregressive,Task1,team20,FF,E,26555,3,test-00003-of-00080.parquet
VCC2TM2,DF_E_2016856,high_m4a,vcc2018,-,bonafide,notrim,eval,bonafide,-,-,-,-,3388,0,test-00000-of-00080.parquet
VCC2TF1,DF_E_3678878,high_m4a,vcc2018,HUB-N11,spoof,notrim,eval,traditional_vocoder,HUB,N11,FF,-,342773,44,test-00044-of-00080.parquet
VCC2TM1,DF_E_3471270,high_m4a,vcc2018,HUB-N14,spoof,notrim,eval,traditional_vocoder,HUB,N14,MM,-,300306,39,test-00039-of-00080.parquet
TGM1,DF_E_4525938,high_m4a,vcc2020,Task2-team05,spoof,notrim,eval,neural_vocoder_nonautoregressive,Task2,team05,FM,G,515255,67,test-00067-of-00080.parquet
TMM1,DF_E_2242401,oggm4a,vcc2020,Task2-team08,spoof,notrim,eval,traditional_vocoder,Task2,team08,FM,M,49433,6,test-00006-of-00080.parquet
TFF1,DF_E_4511329,high_ogg,vcc2020,Task2-team09,spoof,notrim,eval,neural_vocoder_nonautoregressive,Task2,team09,MF,F,512290,66,test-00066-of-00080.parquet
LA_0018,DF_E_2796522,mp3m4a,asvspoof,-,bonafide,notrim,eval,bonafide,-,-,-,-,162502,21,test-00021-of-00080.parquet
TMF1,DF_E_4641242,nocodec,vcc2020,Task2-team18,spoof,notrim,eval,unknown,Task2,team18,MF,M,538703,70,test-00070-of-00080.parquet
LA_0014,DF_E_4344896,oggm4a,asvspoof,-,bonafide,notrim,eval,bonafide,-,-,-,-,478321,62,test-00062-of-00080.parquet
TGF1,DF_E_4360534,high_mp3,vcc2020,-,bonafide,notrim,eval,bonafide,-,-,-,-,481508,62,test-00062-of-00080.parquet
VCC2TF1,DF_E_3422476,high_m4a,vcc2018,HUB-N09,spoof,notrim,eval,traditional_vocoder,HUB,N09,FF,-,290219,37,test-00037-of-00080.parquet
TEF2,DF_E_3569483,mp3m4a,vcc2020,Task1-team32,spoof,notrim,eval,neural_vocoder_autoregressive,Task1,team32,FF,E,320398,41,test-00041-of-00080.parquet
VCC2TF1,DF_E_2372721,oggm4a,vcc2018,HUB-N19,spoof,notrim,eval,traditional_vocoder,HUB,N19,MF,-,75894,9,test-00009-of-00080.parquet
VCC2TF1,DF_E_2386560,nocodec,vcc2018,-,bonafide,notrim,eval,bonafide,-,-,-,-,78730,10,test-00010-of-00080.parquet
VCC2SM4,DF_E_3811706,low_ogg,vcc2018,-,bonafide,notrim,eval,bonafide,-,-,-,-,369607,48,test-00048-of-00080.parquet
LA_0039,DF_E_4450784,mp3m4a,asvspoof,-,bonafide,notrim,eval,bonafide,-,-,-,-,499930,65,test-00065-of-00080.parquet
VCC2TF1,DF_E_3062510,high_mp3,vcc2018,HUB-N16,spoof,notrim,eval,traditional_vocoder,HUB,N16,MF,-,217067,28,test-00028-of-00080.parquet
TGM1,DF_E_4072138,high_ogg,vcc2020,Task2-team08,spoof,notrim,eval,traditional_vocoder,Task2,team08,FM,G,422638,55,test-00055-of-00080.parquet
VCC2TM1,DF_E_3799570,low_ogg,vcc2018,HUB-N03,spoof,notrim,eval,unknown,HUB,N03,MM,-,367161,48,test-00048-of-00080.parquet
VCC2TF1,DF_E_4250795,high_ogg,vcc2018,SPO-N18,spoof,notrim,eval,traditional_vocoder,SPO,N18,FF,-,459109,60,test-00060-of-00080.parquet
VCC2TM1,DF_E_2482431,low_mp3,vcc2018,-,bonafide,notrim,eval,bonafide,-,-,-,-,98544,12,test-00012-of-00080.parquet
LA_0018,DF_E_3886007,low_ogg,asvspoof,-,bonafide,notrim,eval,bonafide,-,-,-,-,384703,50,test-00050-of-00080.parquet
TEF2,DF_E_2150194,high_mp3,vcc2020,Task1-team02,spoof,notrim,eval,neural_vocoder_nonautoregressive,Task1,team02,MF,E,30638,4,test-00004-of-00080.parquet
TEF2,DF_E_2387164,high_mp3,vcc2020,Task1-team25,spoof,notrim,eval,neural_vocoder_autoregressive,Task1,team25,FF,E,78850,10,test-00010-of-00080.parquet
VCC2TF2,DF_E_3988943,nocodec,vcc2018,-,bonafide,notrim,eval,bonafide,-,-,-,-,405610,53,test-00053-of-00080.parquet
VCC2SF3,DF_E_3169025,low_mp3,vcc2018,-,bonafide,notrim,eval,bonafide,-,-,-,-,238744,31,test-00031-of-00080.parquet
LA_0013,DF_E_4294303,low_ogg,asvspoof,-,bonafide,notrim,eval,bonafide,-,-,-,-,467919,61,test-00061-of-00080.parquet
TEM1,DF_E_2311176,oggm4a,vcc2020,Task1-team16,spoof,notrim,eval,neural_vocoder_nonautoregressive,Task1,team16,MM,E,63404,8,test-00008-of-00080.parquet
TGF1,DF_E_4156815,nocodec,vcc2020,Task2-team31,spoof,notrim,eval,neural_vocoder_nonautoregressive,Task2,team31,MF,G,439949,57,test-00057-of-00080.parquet
VCC2TM2,DF_E_4533209,low_mp3,vcc2018,HUB-N20,spoof,notrim,eval,traditional_vocoder,HUB,N20,MM,-,516744,67,test-00067-of-00080.parquet
VCC2TM2,DF_E_4480040,high_mp3,vcc2018,SPO-B01,spoof,notrim,eval,traditional_vocoder,SPO,B01,MM,-,505900,66,test-00066-of-00080.parquet
VCC2TM2,DF_E_4393352,nocodec,vcc2018,-,bonafide,notrim,eval,bonafide,-,-,-,-,488266,63,test-00063-of-00080.parquet
LA_0004,DF_E_2322932,high_mp3,asvspoof,-,bonafide,notrim,eval,bonafide,-,-,-,-,65777,8,test-00008-of-00080.parquet
LA_0044,DF_E_2578411,mp3m4a,asvspoof,-,bonafide,notrim,eval,bonafide,-,-,-,-,118183,15,test-00015-of-00080.parquet
TGF1,DF_E_4843585,mp3m4a,vcc2020,Task2-team27,spoof,notrim,eval,neural_vocoder_nonautoregressive,Task2,team27,MF,G,579905,75,test-00075-of-00080.parquet
VCC2TM2,DF_E_2567360,high_m4a,vcc2018,HUB-N13,spoof,notrim,eval,traditional_vocoder,HUB,N13,FM,-,115888,15,test-00015-of-00080.parquet
SEM2,DF_E_2226129,nocodec,vcc2020,-,bonafide,notrim,eval,bonafide,-,-,-,-,46111,6,test-00006-of-00080.parquet
VCC2SM4,DF_E_4713388,high_mp3,vcc2018,-,bonafide,notrim,eval,bonafide,-,-,-,-,553398,72,test-00072-of-00080.parquet
VCC2TM2,DF_E_3011432,low_ogg,vcc2018,-,bonafide,notrim,eval,bonafide,-,-,-,-,206552,27,test-00027-of-00080.parquet
VCC2TF2,DF_E_3714235,oggm4a,vcc2018,SPO-N17,spoof,notrim,eval,neural_vocoder_autoregressive,SPO,N17,FF,-,349966,45,test-00045-of-00080.parquet
LA_0022,DF_E_4005357,low_ogg,asvspoof,-,bonafide,notrim,eval,bonafide,-,-,-,-,408984,53,test-00053-of-00080.parquet
VCC2SF3,DF_E_2735660,low_m4a,vcc2018,-,bonafide,notrim,eval,bonafide,-,-,-,-,150082,19,test-00019-of-00080.parquet
VCC2TF1,DF_E_4872972,high_ogg,vcc2018,-,bonafide,notrim,eval,bonafide,-,-,-,-,585990,76,test-00076-of-00080.parquet
VCC2SM1,DF_E_3697628,low_ogg,vcc2018,-,bonafide,notrim,eval,bonafide,-,-,-,-,346653,45,test-00045-of-00080.parquet
SEF2,DF_E_4643721,oggm4a,vcc2020,-,bonafide,notrim,eval,bonafide,-,-,-,-,539173,70,test-00070-of-00080.parquet
TFF1,DF_E_3256854,nocodec,vcc2020,-,bonafide,notrim,eval,bonafide,-,-,-,-,256635,33,test-00033-of-00080.parquet
TGF1,DF_E_2923600,nocodec,vcc2020,-,bonafide,notrim,eval,bonafide,-,-,-,-,188479,24,test-00024-of-00080.parquet
VCC2TM2,DF_E_4656023,high_m4a,vcc2018,-,bonafide,notrim,eval,bonafide,-,-,-,-,541686,70,test-00070-of-00080.parquet
VCC2TF2,DF_E_2152281,low_m4a,vcc2018,SPO-N18,spoof,notrim,eval,traditional_vocoder,SPO,N18,FF,-,31034,4,test-00004-of-00080.parquet
TEF2,DF_E_2166333,mp3m4a,vcc2020,Task1-team04,spoof,notrim,eval,neural_vocoder_autoregressive,Task1,team04,MF,E,33923,4,test-00004-of-00080.parquet
LA_0026,DF_E_3668359,oggm4a,asvspoof,-,bonafide,notrim,eval,bonafide,-,-,-,-,340627,44,test-00044-of-00080.parquet
VCC2SF2,DF_E_3009546,nocodec,vcc2018,-,bonafide,notrim,eval,bonafide,-,-,-,-,206181,26,test-00026-of-00080.parquet
LA_0031,DF_E_4462410,mp3m4a,asvspoof,-,bonafide,notrim,eval,bonafide,-,-,-,-,502291,65,test-00065-of-00080.parquet
TEF2,DF_E_3885968,high_mp3,vcc2020,Task1-team24,spoof,notrim,eval,neural_vocoder_autoregressive,Task1,team24,MF,E,384692,50,test-00050-of-00080.parquet
VCC2TF2,DF_E_3024846,low_mp3,vcc2018,HUB-N19,spoof,notrim,eval,traditional_vocoder,HUB,N19,MF,-,209328,27,test-00027-of-00080.parquet
VCC2SF4,DF_E_3387972,high_m4a,vcc2018,-,bonafide,notrim,eval,bonafide,-,-,-,-,283260,37,test-00037-of-00080.parquet
TGM1,DF_E_3476478,high_m4a,vcc2020,Task2-team24,spoof,notrim,eval,neural_vocoder_autoregressive,Task2,team24,FM,G,301401,39,test-00039-of-00080.parquet
TMM1,DF_E_2851409,mp3m4a,vcc2020,Task2-team05,spoof,notrim,eval,neural_vocoder_nonautoregressive,Task2,team05,FM,M,173832,22,test-00022-of-00080.parquet
LA_0026,DF_E_2141313,high_ogg,asvspoof,-,bonafide,notrim,eval,bonafide,-,-,-,-,28731,3,test-00003-of-00080.parquet
TEM1,DF_E_3709935,low_ogg,vcc2020,Task1-team30,spoof,notrim,eval,unknown,Task1,team30,FM,E,349097,45,test-00045-of-00080.parquet
TGM1,DF_E_3783765,nocodec,vcc2020,Task2-team33,spoof,notrim,eval,neural_vocoder_nonautoregressive,Task2,team33,MM,G,363936,47,test-00047-of-00080.parquet
LA_0029,DF_E_3492416,low_m4a,asvspoof,-,bonafide,notrim,eval,bonafide,-,-,-,-,304673,39,test-00039-of-00080.parquet
VCC2TM1,DF_E_2528319,high_m4a,vcc2018,HUB-N11,spoof,notrim,eval,traditional_vocoder,HUB,N11,MM,-,107860,14,test-00014-of-00080.parquet
TEF1,DF_E_2130651,high_m4a,vcc2020,Task1-team12,spoof,notrim,eval,traditional_vocoder,Task1,team12,FF,E,26501,3,test-00003-of-00080.parquet
LA_0042,DF_E_2127202,nocodec,asvspoof,-,bonafide,notrim,eval,bonafide,-,-,-,-,25763,3,test-00003-of-00080.parquet
TFF1,DF_E_2321229,nocodec,vcc2020,Task2-team16,spoof,notrim,eval,neural_vocoder_nonautoregressive,Task2,team16,MF,F,65434,8,test-00008-of-00080.parquet
LA_0037,DF_E_3638797,high_ogg,asvspoof,-,bonafide,notrim,eval,bonafide,-,-,-,-,334619,43,test-00043-of-00080.parquet
TEM2,DF_E_4187282,low_m4a,vcc2020,Task1-team24,spoof,notrim,eval,neural_vocoder_autoregressive,Task1,team24,FM,E,446102,58,test-00058-of-00080.parquet
TMM1,DF_E_4900615,low_ogg,vcc2020,Task2-team27,spoof,notrim,eval,neural_vocoder_nonautoregressive,Task2,team27,FM,M,591629,77,test-00077-of-00080.parquet
LA_0023,DF_E_4307269,high_ogg,asvspoof,-,bonafide,notrim,eval,bonafide,-,-,-,-,470527,61,test-00061-of-00080.parquet
LA_0002,DF_E_3224359,high_mp3,asvspoof,-,bonafide,notrim,eval,bonafide,-,-,-,-,249992,32,test-00032-of-00080.parquet
LA_0002,DF_E_3303571,high_mp3,asvspoof,A15,spoof,notrim,eval,neural_vocoder_autoregressive,-,-,-,-,265968,34,test-00034-of-00080.parquet
TFF1,DF_E_4496929,high_mp3,vcc2020,Task2-team28,spoof,notrim,eval,neural_vocoder_autoregressive,Task2,team28,MF,F,509375,66,test-00066-of-00080.parquet
VCC2SM3,DF_E_4724790,low_ogg,vcc2018,-,bonafide,notrim,eval,bonafide,-,-,-,-,555731,72,test-00072-of-00080.parquet
VCC2TM2,DF_E_4153006,high_m4a,vcc2018,-,bonafide,notrim,eval,bonafide,-,-,-,-,439166,57,test-00057-of-00080.parquet
TFF1,DF_E_4160123,low_mp3,vcc2020,Task2-team09,spoof,notrim,eval,neural_vocoder_nonautoregressive,Task2,team09,FF,F,440600,57,test-00057-of-00080.parquet
VCC2SF2,DF_E_4769502,mp3m4a,vcc2018,-,bonafide,notrim,eval,bonafide,-,-,-,-,564732,73,test-00073-of-00080.parquet
VCC2SM1,DF_E_3154939,nocodec,vcc2018,-,bonafide,notrim,eval,bonafide,-,-,-,-,235841,30,test-00030-of-00080.parquet
TGM1,DF_E_2065880,low_m4a,vcc2020,Task2-team06,spoof,notrim,eval,traditional_vocoder,Task2,team06,MM,G,13339,1,test-00001-of-00080.parquet
VCC2TM2,DF_E_3400769,high_mp3,vcc2018,SPO-N10,spoof,notrim,eval,neural_vocoder_autoregressive,SPO,N10,FM,-,285866,37,test-00037-of-00080.parquet
VCC2TF1,DF_E_3347944,high_mp3,vcc2018,SPO-N06,spoof,notrim,eval,traditional_vocoder,SPO,N06,MF,-,275026,35,test-00035-of-00080.parquet
LA_0056,DF_E_3102919,low_mp3,asvspoof,-,bonafide,notrim,eval,bonafide,-,-,-,-,225288,29,test-00029-of-00080.parquet
VCC2TM2,DF_E_3276478,oggm4a,vcc2018,-,bonafide,notrim,eval,bonafide,-,-,-,-,260600,34,test-00034-of-00080.parquet
VCC2TF1,DF_E_2193333,low_ogg,vcc2018,-,bonafide,notrim,eval,bonafide,-,-,-,-,39520,5,test-00005-of-00080.parquet
VCC2TM1,DF_E_2826860,low_m4a,vcc2018,-,bonafide,notrim,eval,bonafide,-,-,-,-,168696,22,test-00022-of-00080.parquet
LA_0031,DF_E_3065303,low_mp3,asvspoof,-,bonafide,notrim,eval,bonafide,-,-,-,-,217663,28,test-00028-of-00080.parquet
SEF2,DF_E_2178398,high_ogg,vcc2020,-,bonafide,notrim,eval,bonafide,-,-,-,-,36425,4,test-00004-of-00080.parquet
LA_0014,DF_E_3982661,high_m4a,asvspoof,-,bonafide,notrim,eval,bonafide,-,-,-,-,404355,52,test-00052-of-00080.parquet
LA_0003,DF_E_3889422,mp3m4a,asvspoof,-,bonafide,notrim,eval,bonafide,-,-,-,-,385414,50,test-00050-of-00080.parquet
VCC2TM1,DF_E_2204672,high_m4a,vcc2018,-,bonafide,notrim,eval,bonafide,-,-,-,-,41787,5,test-00005-of-00080.parquet
TGF1,DF_E_4271336,oggm4a,vcc2020,-,bonafide,notrim,eval,bonafide,-,-,-,-,463340,60,test-00060-of-00080.parquet
VCC2TF2,DF_E_3768745,nocodec,vcc2018,SPO-N17,spoof,notrim,eval,neural_vocoder_autoregressive,SPO,N17,FF,-,360979,47,test-00047-of-00080.parquet
VCC2SF2,DF_E_4603055,nocodec,vcc2018,-,bonafide,notrim,eval,bonafide,-,-,-,-,530910,69,test-00069-of-00080.parquet
VCC2TM2,DF_E_2203954,nocodec,vcc2018,SPO-N17,spoof,notrim,eval,neural_vocoder_autoregressive,SPO,N17,FM,-,41645,5,test-00005-of-00080.parquet
SEM1,DF_E_2840246,low_m4a,vcc2020,-,bonafide,notrim,eval,bonafide,-,-,-,-,171486,22,test-00022-of-00080.parquet
TEF1,DF_E_4438145,oggm4a,vcc2020,-,bonafide,notrim,eval,bonafide,-,-,-,-,497348,65,test-00065-of-00080.parquet
VCC2SM1,DF_E_2377592,low_mp3,vcc2018,-,bonafide,notrim,eval,bonafide,-,-,-,-,76903,10,test-00010-of-00080.parquet
LA_0025,DF_E_4361137,mp3m4a,asvspoof,-,bonafide,notrim,eval,bonafide,-,-,-,-,481623,62,test-00062-of-00080.parquet
TEF1,DF_E_4684861,oggm4a,vcc2020,Task1-team20,spoof,notrim,eval,neural_vocoder_nonautoregressive,Task1,team20,FF,E,547589,71,test-00071-of-00080.parquet
VCC2TF1,DF_E_3436848,high_m4a,vcc2018,HUB-N15,spoof,notrim,eval,traditional_vocoder,HUB,N15,MF,-,293211,38,test-00038-of-00080.parquet
TMF1,DF_E_3683491,high_mp3,vcc2020,Task2-team09,spoof,notrim,eval,neural_vocoder_nonautoregressive,Task2,team09,FF,M,343744,44,test-00044-of-00080.parquet
LA_0033,DF_E_3966236,high_ogg,asvspoof,-,bonafide,notrim,eval,bonafide,-,-,-,-,401039,52,test-00052-of-00080.parquet
TEF2,DF_E_2258689,low_m4a,vcc2020,Task1-team16,spoof,notrim,eval,neural_vocoder_nonautoregressive,Task1,team16,FF,E,52737,6,test-00006-of-00080.parquet
TEF2,DF_E_4031401,high_mp3,vcc2020,Task1-team17,spoof,notrim,eval,neural_vocoder_nonautoregressive,Task1,team17,MF,E,414302,54,test-00054-of-00080.parquet
LA_0041,DF_E_3447248,nocodec,asvspoof,-,bonafide,notrim,eval,bonafide,-,-,-,-,295355,38,test-00038-of-00080.parquet
TFM1,DF_E_3177377,mp3m4a,vcc2020,Task2-team09,spoof,notrim,eval,neural_vocoder_nonautoregressive,Task2,team09,FM,F,240480,31,test-00031-of-00080.parquet
VCC2TF2,DF_E_2727239,low_mp3,vcc2018,-,bonafide,notrim,eval,bonafide,-,-,-,-,148447,19,test-00019-of-00080.parquet
LA_0023,DF_E_2496897,high_mp3,asvspoof,-,bonafide,notrim,eval,bonafide,-,-,-,-,101516,13,test-00013-of-00080.parquet
TMF1,DF_E_2896767,oggm4a,vcc2020,-,bonafide,notrim,eval,bonafide,-,-,-,-,183055,23,test-00023-of-00080.parquet
VCC2TM1,DF_E_4382234,nocodec,vcc2018,-,bonafide,notrim,eval,bonafide,-,-,-,-,485951,63,test-00063-of-00080.parquet
LA_0002,DF_E_3778915,high_ogg,asvspoof,A09,spoof,notrim,eval,traditional_vocoder,-,-,-,-,362976,47,test-00047-of-00080.parquet
LA_0004,DF_E_3371544,low_ogg,asvspoof,-,bonafide,notrim,eval,bonafide,-,-,-,-,279829,36,test-00036-of-00080.parquet
TMM1,DF_E_4730951,mp3m4a,vcc2020,-,bonafide,notrim,eval,bonafide,-,-,-,-,556990,72,test-00072-of-00080.parquet
TEM1,DF_E_3418412,low_ogg,vcc2020,Task1-team06,spoof,notrim,eval,traditional_vocoder,Task1,team06,FM,E,289390,37,test-00037-of-00080.parquet
LA_0018,DF_E_4348810,low_ogg,asvspoof,-,bonafide,notrim,eval,bonafide,-,-,-,-,479127,62,test-00062-of-00080.parquet
VCC2TM1,DF_E_4608868,oggm4a,vcc2018,HUB-N14,spoof,notrim,eval,traditional_vocoder,HUB,N14,FM,-,532054,69,test-00069-of-00080.parquet
LA_0046,DF_E_2086856,high_m4a,asvspoof,-,bonafide,notrim,eval,bonafide,-,-,-,-,17707,2,test-00002-of-00080.parquet
VCC2SF2,DF_E_3902279,high_mp3,vcc2018,-,bonafide,notrim,eval,bonafide,-,-,-,-,387948,50,test-00050-of-00080.parquet
LA_0021,DF_E_4606829,low_m4a,asvspoof,A14,spoof,notrim,eval,traditional_vocoder,-,-,-,-,531647,69,test-00069-of-00080.parquet
TEM2,DF_E_2851849,high_ogg,vcc2020,Task1-team27,spoof,notrim,eval,neural_vocoder_nonautoregressive,Task1,team27,MM,E,173916,22,test-00022-of-00080.parquet
LA_0014,DF_E_3746669,oggm4a,asvspoof,A09,spoof,notrim,eval,traditional_vocoder,-,-,-,-,356524,46,test-00046-of-00080.parquet
VCC2SM4,DF_E_4865612,oggm4a,vcc2018,-,bonafide,notrim,eval,bonafide,-,-,-,-,584485,76,test-00076-of-00080.parquet
LA_0056,DF_E_4300628,oggm4a,asvspoof,-,bonafide,notrim,eval,bonafide,-,-,-,-,469210,61,test-00061-of-00080.parquet
TMM1,DF_E_3191400,oggm4a,vcc2020,Task2-team18,spoof,notrim,eval,unknown,Task2,team18,MM,M,243268,31,test-00031-of-00080.parquet
TMF1,DF_E_2383956,high_mp3,vcc2020,-,bonafide,notrim,eval,bonafide,-,-,-,-,78182,10,test-00010-of-00080.parquet
TEM2,DF_E_2443238,high_mp3,vcc2020,Task1-team26,spoof,notrim,eval,traditional_vocoder,Task1,team26,MM,E,90416,11,test-00011-of-00080.parquet
LA_0013,DF_E_4571177,oggm4a,asvspoof,-,bonafide,notrim,eval,bonafide,-,-,-,-,524375,68,test-00068-of-00080.parquet
LA_0040,DF_E_3801705,oggm4a,asvspoof,A19,spoof,notrim,eval,traditional_vocoder,-,-,-,-,367601,48,test-00048-of-00080.parquet
VCC2TM1,DF_E_4447997,low_ogg,vcc2018,SPO-N05,spoof,notrim,eval,traditional_vocoder,SPO,N05,FM,-,499339,65,test-00065-of-00080.parquet
LA_0003,DF_E_3567725,low_ogg,asvspoof,-,bonafide,notrim,eval,bonafide,-,-,-,-,320024,41,test-00041-of-00080.parquet
TFM1,DF_E_3601240,high_mp3,vcc2020,-,bonafide,notrim,eval,bonafide,-,-,-,-,326927,42,test-00042-of-00080.parquet
SEM2,DF_E_4315924,high_ogg,vcc2020,-,bonafide,notrim,eval,bonafide,-,-,-,-,472310,61,test-00061-of-00080.parquet
LA_0046,DF_E_3587838,low_mp3,asvspoof,-,bonafide,notrim,eval,bonafide,-,-,-,-,324195,42,test-00042-of-00080.parquet
VCC2TF1,DF_E_2661680,mp3m4a,vcc2018,HUB-N14,spoof,notrim,eval,traditional_vocoder,HUB,N14,FF,-,135205,17,test-00017-of-00080.parquet
TGF1,DF_E_4661072,mp3m4a,vcc2020,Task2-team33,spoof,notrim,eval,neural_vocoder_nonautoregressive,Task2,team33,FF,G,542734,70,test-00070-of-00080.parquet
TGM1,DF_E_4306248,nocodec,vcc2020,Task2-team27,spoof,notrim,eval,neural_vocoder_nonautoregressive,Task2,team27,MM,G,470305,61,test-00061-of-00080.parquet
VCC2TF1,DF_E_3661563,oggm4a,vcc2018,HUB-D03,spoof,notrim,eval,traditional_vocoder,HUB,D03,MF,-,339264,44,test-00044-of-00080.parquet
TGM1,DF_E_4109755,low_mp3,vcc2020,-,bonafide,notrim,eval,bonafide,-,-,-,-,430372,56,test-00056-of-00080.parquet
LA_0021,DF_E_2643088,oggm4a,asvspoof,A08,spoof,notrim,eval,neural_vocoder_nonautoregressive,-,-,-,-,131447,17,test-00017-of-00080.parquet
TMF1,DF_E_3984905,high_m4a,vcc2020,Task2-team05,spoof,notrim,eval,neural_vocoder_nonautoregressive,Task2,team05,MF,M,404796,52,test-00052-of-00080.parquet
TEF2,DF_E_2836614,low_mp3,vcc2020,-,bonafide,notrim,eval,bonafide,-,-,-,-,170729,22,test-00022-of-00080.parquet
LA_0047,DF_E_2247820,high_mp3,asvspoof,-,bonafide,notrim,eval,bonafide,-,-,-,-,50532,6,test-00006-of-00080.parquet
TGF1,DF_E_2543720,high_ogg,vcc2020,Task2-team25,spoof,notrim,eval,neural_vocoder_autoregressive,Task2,team25,MF,G,111099,14,test-00014-of-00080.parquet
LA_0020,DF_E_3223188,high_mp3,asvspoof,A10,spoof,notrim,eval,neural_vocoder_autoregressive,-,-,-,-,249743,32,test-00032-of-00080.parquet
VCC2TM1,DF_E_3154125,high_m4a,vcc2018,-,bonafide,notrim,eval,bonafide,-,-,-,-,235665,30,test-00030-of-00080.parquet
TEM2,DF_E_3129451,low_mp3,vcc2020,Task1-team27,spoof,notrim,eval,neural_vocoder_nonautoregressive,Task1,team27,FM,E,230636,30,test-00030-of-00080.parquet
VCC2TM1,DF_E_3497801,high_m4a,vcc2018,HUB-N08,spoof,notrim,eval,traditional_vocoder,HUB,N08,FM,-,305783,39,test-00039-of-00080.parquet
LA_0005,DF_E_4622298,oggm4a,asvspoof,A10,spoof,notrim,eval,neural_vocoder_autoregressive,-,-,-,-,534783,69,test-00069-of-00080.parquet
VCC2TF2,DF_E_4820670,low_mp3,vcc2018,-,bonafide,notrim,eval,bonafide,-,-,-,-,575148,75,test-00075-of-00080.parquet
TEM2,DF_E_4955696,low_mp3,vcc2020,Task1-team25,spoof,notrim,eval,neural_vocoder_autoregressive,Task1,team25,FM,E,602715,78,test-00078-of-00080.parquet
LA_0013,DF_E_3693774,low_ogg,asvspoof,-,bonafide,notrim,eval,bonafide,-,-,-,-,345834,45,test-00045-of-00080.parquet
VCC2TF2,DF_E_2261263,low_ogg,vcc2018,HUB-N07,spoof,notrim,eval,traditional_vocoder,HUB,N07,MF,-,53250,6,test-00006-of-00080.parquet
TGM1,DF_E_3681732,high_m4a,vcc2020,Task2-team07,spoof,notrim,eval,neural_vocoder_autoregressive,Task2,team07,MM,G,343385,44,test-00044-of-00080.parquet
TFF1,DF_E_2758451,low_ogg,vcc2020,Task2-team16,spoof,notrim,eval,neural_vocoder_nonautoregressive,Task2,team16,MF,F,154734,20,test-00020-of-00080.parquet
TGM1,DF_E_3557087,low_mp3,vcc2020,Task2-team27,spoof,notrim,eval,neural_vocoder_nonautoregressive,Task2,team27,MM,G,317824,41,test-00041-of-00080.parquet
VCC2SM4,DF_E_3116427,oggm4a,vcc2018,-,bonafide,notrim,eval,bonafide,-,-,-,-,227960,29,test-00029-of-00080.parquet
VCC2TF2,DF_E_3679145,nocodec,vcc2018,SPO-N06,spoof,notrim,eval,traditional_vocoder,SPO,N06,FF,-,342831,44,test-00044-of-00080.parquet
LA_0040,DF_E_3733599,high_ogg,asvspoof,-,bonafide,notrim,eval,bonafide,-,-,-,-,353863,46,test-00046-of-00080.parquet
TGM1,DF_E_4720579,nocodec,vcc2020,-,bonafide,notrim,eval,bonafide,-,-,-,-,554912,72,test-00072-of-00080.parquet
LA_0013,DF_E_4146537,low_ogg,asvspoof,A18,spoof,notrim,eval,traditional_vocoder,-,-,-,-,437818,57,test-00057-of-00080.parquet
SEF1,DF_E_4582424,high_ogg,vcc2020,-,bonafide,notrim,eval,bonafide,-,-,-,-,526712,68,test-00068-of-00080.parquet
LA_0017,DF_E_3412509,high_m4a,asvspoof,-,bonafide,notrim,eval,bonafide,-,-,-,-,288185,37,test-00037-of-00080.parquet
VCC2TM2,DF_E_4264545,mp3m4a,vcc2018,HUB-N03,spoof,notrim,eval,unknown,HUB,N03,FM,-,461999,60,test-00060-of-00080.parquet
SEM2,DF_E_4375035,low_m4a,vcc2020,-,bonafide,notrim,eval,bonafide,-,-,-,-,484437,63,test-00063-of-00080.parquet
LA_0045,DF_E_3314551,oggm4a,asvspoof,A14,spoof,notrim,eval,traditional_vocoder,-,-,-,-,268165,35,test-00035-of-00080.parquet
TEF1,DF_E_4659475,low_m4a,vcc2020,Task1-team20,spoof,notrim,eval,neural_vocoder_nonautoregressive,Task1,team20,MF,E,542389,70,test-00070-of-00080.parquet
TMM1,DF_E_2586503,high_ogg,vcc2020,-,bonafide,notrim,eval,bonafide,-,-,-,-,119787,15,test-00015-of-00080.parquet
LA_0036,DF_E_4245023,high_m4a,asvspoof,-,bonafide,notrim,eval,bonafide,-,-,-,-,457946,59,test-00059-of-00080.parquet
TMF1,DF_E_3356104,mp3m4a,vcc2020,-,bonafide,notrim,eval,bonafide,-,-,-,-,276739,36,test-00036-of-00080.parquet
VCC2TF2,DF_E_3654216,high_m4a,vcc2018,HUB-N07,spoof,notrim,eval,traditional_vocoder,HUB,N07,FF,-,337817,44,test-00044-of-00080.parquet
VCC2TF1,DF_E_3573811,low_m4a,vcc2018,HUB-N12,spoof,notrim,eval,traditional_vocoder,HUB,N12,FF,-,321295,42,test-00042-of-00080.parquet
LA_0013,DF_E_2118513,low_mp3,asvspoof,-,bonafide,notrim,eval,bonafide,-,-,-,-,23972,3,test-00003-of-00080.parquet
TEM1,DF_E_2241581,mp3m4a,vcc2020,Task1-team13,spoof,notrim,eval,neural_vocoder_autoregressive,Task1,team13,FM,E,49258,6,test-00006-of-00080.parquet
TEM2,DF_E_2330242,oggm4a,vcc2020,Task1-team32,spoof,notrim,eval,neural_vocoder_autoregressive,Task1,team32,FM,E,67324,8,test-00008-of-00080.parquet
SEM1,DF_E_4453444,mp3m4a,vcc2020,-,bonafide,notrim,eval,bonafide,-,-,-,-,500457,65,test-00065-of-00080.parquet
VCC2TM1,DF_E_2579526,nocodec,vcc2018,HUB-D03,spoof,notrim,eval,traditional_vocoder,HUB,D03,MM,-,118399,15,test-00015-of-00080.parquet
TMF1,DF_E_3456934,low_ogg,vcc2020,-,bonafide,notrim,eval,bonafide,-,-,-,-,297327,38,test-00038-of-00080.parquet
VCC2TF1,DF_E_2056582,mp3m4a,vcc2018,HUB-N12,spoof,notrim,eval,traditional_vocoder,HUB,N12,FF,-,11473,1,test-00001-of-00080.parquet
VCC2TM2,DF_E_4450773,high_mp3,vcc2018,HUB-N18,spoof,notrim,eval,traditional_vocoder,HUB,N18,FM,-,499929,65,test-00065-of-00080.parquet
VCC2TF2,DF_E_2273338,high_mp3,vcc2018,SPO-B01,spoof,notrim,eval,traditional_vocoder,SPO,B01,MF,-,55672,7,test-00007-of-00080.parquet
VCC2TM2,DF_E_2961531,low_m4a,vcc2018,HUB-N03,spoof,notrim,eval,unknown,HUB,N03,FM,-,196300,25,test-00025-of-00080.parquet
TEM1,DF_E_4556219,low_mp3,vcc2020,Task1-team04,spoof,notrim,eval,neural_vocoder_autoregressive,Task1,team04,FM,E,521380,68,test-00068-of-00080.parquet
LA_0010,DF_E_4638154,low_ogg,asvspoof,A19,spoof,notrim,eval,traditional_vocoder,-,-,-,-,538088,70,test-00070-of-00080.parquet
VCC2TF1,DF_E_3243334,high_ogg,vcc2018,SPO-N18,spoof,notrim,eval,traditional_vocoder,SPO,N18,MF,-,253879,33,test-00033-of-00080.parquet
TGM1,DF_E_4869215,nocodec,vcc2020,Task2-team07,spoof,notrim,eval,neural_vocoder_autoregressive,Task2,team07,FM,G,585231,76,test-00076-of-00080.parquet
TMM1,DF_E_3445195,nocodec,vcc2020,-,bonafide,notrim,eval,bonafide,-,-,-,-,294950,38,test-00038-of-00080.parquet
TEM2,DF_E_2781127,low_ogg,vcc2020,Task1-team19,spoof,notrim,eval,neural_vocoder_nonautoregressive,Task1,team19,FM,E,159412,20,test-00020-of-00080.parquet
LA_0032,DF_E_3917507,high_mp3,asvspoof,-,bonafide,notrim,eval,bonafide,-,-,-,-,391120,51,test-00051-of-00080.parquet
LA_0013,DF_E_3959752,oggm4a,asvspoof,-,bonafide,notrim,eval,bonafide,-,-,-,-,399751,52,test-00052-of-00080.parquet
VCC2TF1,DF_E_2397803,high_mp3,vcc2018,HUB-N15,spoof,notrim,eval,traditional_vocoder,HUB,N15,MF,-,80968,10,test-00010-of-00080.parquet
LA_0044,DF_E_2485112,nocodec,asvspoof,-,bonafide,notrim,eval,bonafide,-,-,-,-,99069,12,test-00012-of-00080.parquet
LA_0046,DF_E_4339919,mp3m4a,asvspoof,A12,spoof,notrim,eval,neural_vocoder_autoregressive,-,-,-,-,477321,62,test-00062-of-00080.parquet
LA_0042,DF_E_4767571,nocodec,asvspoof,-,bonafide,notrim,eval,bonafide,-,-,-,-,564362,73,test-00073-of-00080.parquet
LA_0021,DF_E_3778977,oggm4a,asvspoof,-,bonafide,notrim,eval,bonafide,-,-,-,-,362994,47,test-00047-of-00080.parquet
VCC2SF3,DF_E_3078147,high_mp3,vcc2018,-,bonafide,notrim,eval,bonafide,-,-,-,-,220218,28,test-00028-of-00080.parquet
VCC2TF2,DF_E_4384342,nocodec,vcc2018,HUB-D04,spoof,notrim,eval,traditional_vocoder,HUB,D04,FF,-,486385,63,test-00063-of-00080.parquet
VCC2TF2,DF_E_3798827,mp3m4a,vcc2018,HUB-N09,spoof,notrim,eval,traditional_vocoder,HUB,N09,MF,-,367013,47,test-00047-of-00080.parquet
LA_0003,DF_E_3455075,low_mp3,asvspoof,-,bonafide,notrim,eval,bonafide,-,-,-,-,296962,38,test-00038-of-00080.parquet
VCC2TF1,DF_E_4152632,high_mp3,vcc2018,HUB-N17,spoof,notrim,eval,neural_vocoder_autoregressive,HUB,N17,FF,-,439084,57,test-00057-of-00080.parquet
TEF1,DF_E_3288677,high_ogg,vcc2020,Task1-team01,spoof,notrim,eval,neural_vocoder_nonautoregressive,Task1,team01,MF,E,263036,34,test-00034-of-00080.parquet
VCC2TM1,DF_E_2198041,mp3m4a,vcc2018,SPO-N12,spoof,notrim,eval,traditional_vocoder,SPO,N12,FM,-,40470,5,test-00005-of-00080.parquet
TEF1,DF_E_3791743,high_m4a,vcc2020,-,bonafide,notrim,eval,bonafide,-,-,-,-,365544,47,test-00047-of-00080.parquet
LA_0032,DF_E_3166519,low_mp3,asvspoof,A07,spoof,notrim,eval,traditional_vocoder,-,-,-,-,238218,31,test-00031-of-00080.parquet
TFF1,DF_E_4272227,low_m4a,vcc2020,Task2-team22,spoof,notrim,eval,neural_vocoder_nonautoregressive,Task2,team22,FF,F,463523,60,test-00060-of-00080.parquet
LA_0013,DF_E_4085267,low_ogg,asvspoof,-,bonafide,notrim,eval,bonafide,-,-,-,-,425280,55,test-00055-of-00080.parquet
TMM1,DF_E_2158148,mp3m4a,vcc2020,Task2-team07,spoof,notrim,eval,neural_vocoder_autoregressive,Task2,team07,FM,M,32234,4,test-00004-of-00080.parquet
TFM1,DF_E_3525981,high_mp3,vcc2020,Task2-team26,spoof,notrim,eval,traditional_vocoder,Task2,team26,MM,F,311537,40,test-00040-of-00080.parquet
LA_0040,DF_E_2851170,high_m4a,asvspoof,-,bonafide,notrim,eval,bonafide,-,-,-,-,173783,22,test-00022-of-00080.parquet
VCC2SM3,DF_E_2769961,high_mp3,vcc2018,-,bonafide,notrim,eval,bonafide,-,-,-,-,157136,20,test-00020-of-00080.parquet
LA_0003,DF_E_2229711,low_m4a,asvspoof,-,bonafide,notrim,eval,bonafide,-,-,-,-,46833,6,test-00006-of-00080.parquet
VCC2TF2,DF_E_2672981,oggm4a,vcc2018,HUB-N06,spoof,notrim,eval,traditional_vocoder,HUB,N06,MF,-,137521,17,test-00017-of-00080.parquet
TEM2,DF_E_2737048,high_mp3,vcc2020,-,bonafide,notrim,eval,bonafide,-,-,-,-,150372,19,test-00019-of-00080.parquet
VCC2TF1,DF_E_3427064,oggm4a,vcc2018,HUB-B00,spoof,notrim,eval,unknown,HUB,B00,FF,-,291144,38,test-00038-of-00080.parquet
TFF1,DF_E_4688688,high_mp3,vcc2020,Task2-team30,spoof,notrim,eval,unknown,Task2,team30,FF,F,548373,71,test-00071-of-00080.parquet
LA_0046,DF_E_4896941,oggm4a,asvspoof,A18,spoof,notrim,eval,traditional_vocoder,-,-,-,-,590901,77,test-00077-of-00080.parquet
VCC2TM1,DF_E_2322971,high_m4a,vcc2018,-,bonafide,notrim,eval,bonafide,-,-,-,-,65791,8,test-00008-of-00080.parquet
LA_0004,DF_E_3233224,high_m4a,asvspoof,A12,spoof,notrim,eval,neural_vocoder_autoregressive,-,-,-,-,251843,32,test-00032-of-00080.parquet
TFF1,DF_E_2068842,oggm4a,vcc2020,Task2-team09,spoof,notrim,eval,neural_vocoder_nonautoregressive,Task2,team09,FF,F,13955,1,test-00001-of-00080.parquet
TEF1,DF_E_2930684,high_m4a,vcc2020,Task1-team26,spoof,notrim,eval,traditional_vocoder,Task1,team26,FF,E,189905,24,test-00024-of-00080.parquet
SEF1,DF_E_3943494,low_mp3,vcc2020,-,bonafide,notrim,eval,bonafide,-,-,-,-,396458,51,test-00051-of-00080.parquet
LA_0037,DF_E_4095808,high_ogg,asvspoof,-,bonafide,notrim,eval,bonafide,-,-,-,-,427533,55,test-00055-of-00080.parquet
TEM1,DF_E_2663770,high_ogg,vcc2020,Task1-team25,spoof,notrim,eval,neural_vocoder_autoregressive,Task1,team25,FM,E,135633,17,test-00017-of-00080.parquet
LA_0018,DF_E_2053750,oggm4a,asvspoof,-,bonafide,notrim,eval,bonafide,-,-,-,-,10885,1,test-00001-of-00080.parquet
VCC2TM1,DF_E_3789946,mp3m4a,vcc2018,SPO-N16,spoof,notrim,eval,traditional_vocoder,SPO,N16,FM,-,365180,47,test-00047-of-00080.parquet
TGF1,DF_E_4534144,nocodec,vcc2020,-,bonafide,notrim,eval,bonafide,-,-,-,-,516939,67,test-00067-of-00080.parquet
LA_0034,DF_E_2012113,low_ogg,asvspoof,A18,spoof,notrim,eval,traditional_vocoder,-,-,-,-,2416,0,test-00000-of-00080.parquet
TEM2,DF_E_2791928,oggm4a,vcc2020,Task1-team30,spoof,notrim,eval,unknown,Task1,team30,MM,E,161571,21,test-00021-of-00080.parquet
LA_0008,DF_E_4033235,low_ogg,asvspoof,-,bonafide,notrim,eval,bonafide,-,-,-,-,414692,54,test-00054-of-00080.parquet
LA_0008,DF_E_4254558,low_m4a,asvspoof,-,bonafide,notrim,eval,bonafide,-,-,-,-,459896,60,test-00060-of-00080.parquet
TEF2,DF_E_2471554,mp3m4a,vcc2020,Task1-team13,spoof,notrim,eval,neural_vocoder_autoregressive,Task1,team13,MF,E,96233,12,test-00012-of-00080.parquet
LA_0005,DF_E_4959200,high_ogg,asvspoof,-,bonafide,notrim,eval,bonafide,-,-,-,-,603416,78,test-00078-of-00080.parquet
LA_0001,DF_E_2332868,low_ogg,asvspoof,A13,spoof,notrim,eval,traditional_vocoder,-,-,-,-,67870,8,test-00008-of-00080.parquet
TEF1,DF_E_3142029,high_ogg,vcc2020,Task1-team13,spoof,notrim,eval,neural_vocoder_autoregressive,Task1,team13,FF,E,233125,30,test-00030-of-00080.parquet
VCC2TM2,DF_E_3547739,low_m4a,vcc2018,HUB-N18,spoof,notrim,eval,traditional_vocoder,HUB,N18,FM,-,315964,41,test-00041-of-00080.parquet
VCC2TF1,DF_E_3647534,high_mp3,vcc2018,-,bonafide,notrim,eval,bonafide,-,-,-,-,336443,43,test-00043-of-00080.parquet
LA_0036,DF_E_2739255,low_mp3,asvspoof,-,bonafide,notrim,eval,bonafide,-,-,-,-,150823,19,test-00019-of-00080.parquet
LA_0005,DF_E_4489014,low_ogg,asvspoof,-,bonafide,notrim,eval,bonafide,-,-,-,-,507735,66,test-00066-of-00080.parquet
TGF1,DF_E_4053797,oggm4a,vcc2020,Task2-team22,spoof,notrim,eval,neural_vocoder_nonautoregressive,Task2,team22,FF,G,418886,54,test-00054-of-00080.parquet
TEF1,DF_E_4634570,nocodec,vcc2020,Task1-team06,spoof,notrim,eval,traditional_vocoder,Task1,team06,MF,E,537326,70,test-00070-of-00080.parquet
LA_0007,DF_E_2774882,low_mp3,asvspoof,-,bonafide,notrim,eval,bonafide,-,-,-,-,158133,20,test-00020-of-00080.parquet
TEF1,DF_E_4343616,nocodec,vcc2020,Task1-team03,spoof,notrim,eval,neural_vocoder_autoregressive,Task1,team03,MF,E,478074,62,test-00062-of-00080.parquet
LA_0025,DF_E_4959093,oggm4a,asvspoof,-,bonafide,notrim,eval,bonafide,-,-,-,-,603400,78,test-00078-of-00080.parquet
VCC2TF2,DF_E_4714869,low_mp3,vcc2018,-,bonafide,notrim,eval,bonafide,-,-,-,-,553697,72,test-00072-of-00080.parquet
TGF1,DF_E_3102321,nocodec,vcc2020,Task2-team29,spoof,notrim,eval,neural_vocoder_autoregressive,Task2,team29,FF,G,225156,29,test-00029-of-00080.parquet
VCC2TM1,DF_E_4172502,high_mp3,vcc2018,SPO-N03,spoof,notrim,eval,unknown,SPO,N03,FM,-,443114,57,test-00057-of-00080.parquet
VCC2SF3,DF_E_2064068,high_mp3,vcc2018,-,bonafide,notrim,eval,bonafide,-,-,-,-,12977,1,test-00001-of-00080.parquet
LA_0011,DF_E_4245666,mp3m4a,asvspoof,A15,spoof,notrim,eval,neural_vocoder_autoregressive,-,-,-,-,458063,59,test-00059-of-00080.parquet
TMF1,DF_E_2013886,oggm4a,vcc2020,Task2-team12,spoof,notrim,eval,traditional_vocoder,Task2,team12,FF,M,2804,0,test-00000-of-00080.parquet
LA_0007,DF_E_4752471,low_m4a,asvspoof,-,bonafide,notrim,eval,bonafide,-,-,-,-,561293,73,test-00073-of-00080.parquet
VCC2TF2,DF_E_3829276,oggm4a,vcc2018,-,bonafide,notrim,eval,bonafide,-,-,-,-,373216,48,test-00048-of-00080.parquet
TGM1,DF_E_2481494,nocodec,vcc2020,Task2-team27,spoof,notrim,eval,neural_vocoder_nonautoregressive,Task2,team27,FM,G,98329,12,test-00012-of-00080.parquet
SEM1,DF_E_4644926,low_ogg,vcc2020,-,bonafide,notrim,eval,bonafide,-,-,-,-,539432,70,test-00070-of-00080.parquet
VCC2TF2,DF_E_4370399,low_m4a,vcc2018,SPO-N18,spoof,notrim,eval,traditional_vocoder,SPO,N18,MF,-,483503,63,test-00063-of-00080.parquet
LA_0030,DF_E_3111510,low_mp3,asvspoof,-,bonafide,notrim,eval,bonafide,-,-,-,-,226981,29,test-00029-of-00080.parquet
TEM2,DF_E_3494112,low_m4a,vcc2020,Task1-team21,spoof,notrim,eval,neural_vocoder_nonautoregressive,Task1,team21,MM,E,304997,39,test-00039-of-00080.parquet
VCC2TM1,DF_E_2958989,high_mp3,vcc2018,-,bonafide,notrim,eval,bonafide,-,-,-,-,195811,25,test-00025-of-00080.parquet
TEF2,DF_E_3799167,high_mp3,vcc2020,Task1-team16,spoof,notrim,eval,neural_vocoder_nonautoregressive,Task1,team16,MF,E,367079,47,test-00047-of-00080.parquet
LA_0015,DF_E_4898461,high_ogg,asvspoof,A09,spoof,notrim,eval,traditional_vocoder,-,-,-,-,591208,77,test-00077-of-00080.parquet
LA_0054,DF_E_3627811,low_ogg,asvspoof,-,bonafide,notrim,eval,bonafide,-,-,-,-,332301,43,test-00043-of-00080.parquet
VCC2TF2,DF_E_4294637,high_mp3,vcc2018,-,bonafide,notrim,eval,bonafide,-,-,-,-,467974,61,test-00061-of-00080.parquet
TFM1,DF_E_4476692,mp3m4a,vcc2020,-,bonafide,notrim,eval,bonafide,-,-,-,-,505213,66,test-00066-of-00080.parquet
TGM1,DF_E_2240464,low_mp3,vcc2020,Task2-team03,spoof,notrim,eval,neural_vocoder_autoregressive,Task2,team03,FM,G,49017,6,test-00006-of-00080.parquet
LA_0013,DF_E_3179018,oggm4a,asvspoof,-,bonafide,notrim,eval,bonafide,-,-,-,-,240801,31,test-00031-of-00080.parquet
LA_0037,DF_E_3944466,high_mp3,asvspoof,-,bonafide,notrim,eval,bonafide,-,-,-,-,396669,51,test-00051-of-00080.parquet
VCC2TF1,DF_E_3240588,low_ogg,vcc2018,HUB-N16,spoof,notrim,eval,traditional_vocoder,HUB,N16,FF,-,253335,33,test-00033-of-00080.parquet
LA_0048,DF_E_4071606,nocodec,asvspoof,-,bonafide,notrim,eval,bonafide,-,-,-,-,422515,55,test-00055-of-00080.parquet
LA_0013,DF_E_3659029,high_ogg,asvspoof,-,bonafide,notrim,eval,bonafide,-,-,-,-,338786,44,test-00044-of-00080.parquet
LA_0045,DF_E_3201444,high_ogg,asvspoof,-,bonafide,notrim,eval,bonafide,-,-,-,-,245320,32,test-00032-of-00080.parquet
TEM1,DF_E_3469344,nocodec,vcc2020,Task1-team12,spoof,notrim,eval,traditional_vocoder,Task1,team12,FM,E,299900,39,test-00039-of-00080.parquet
VCC2SF4,DF_E_3430449,low_m4a,vcc2018,-,bonafide,notrim,eval,bonafide,-,-,-,-,291882,38,test-00038-of-00080.parquet
LA_0021,DF_E_2243112,high_mp3,asvspoof,-,bonafide,notrim,eval,bonafide,-,-,-,-,49586,6,test-00006-of-00080.parquet
TEM1,DF_E_2150934,high_mp3,vcc2020,Task1-team04,spoof,notrim,eval,neural_vocoder_autoregressive,Task1,team04,FM,E,30774,4,test-00004-of-00080.parquet
LA_0017,DF_E_4033999,high_mp3,asvspoof,-,bonafide,notrim,eval,bonafide,-,-,-,-,414848,54,test-00054-of-00080.parquet
TGM1,DF_E_3086554,low_mp3,vcc2020,Task2-team20,spoof,notrim,eval,neural_vocoder_nonautoregressive,Task2,team20,FM,G,221913,29,test-00029-of-00080.parquet
LA_0046,DF_E_2143984,nocodec,asvspoof,-,bonafide,notrim,eval,bonafide,-,-,-,-,29283,3,test-00003-of-00080.parquet
VCC2SM3,DF_E_2934754,high_ogg,vcc2018,-,bonafide,notrim,eval,bonafide,-,-,-,-,190758,24,test-00024-of-00080.parquet
TFF1,DF_E_3481735,low_m4a,vcc2020,Task2-team31,spoof,notrim,eval,neural_vocoder_nonautoregressive,Task2,team31,FF,F,302485,39,test-00039-of-00080.parquet
VCC2TF1,DF_E_3617707,mp3m4a,vcc2018,HUB-N16,spoof,notrim,eval,traditional_vocoder,HUB,N16,FF,-,330219,43,test-00043-of-00080.parquet
TEF1,DF_E_4714075,oggm4a,vcc2020,Task1-team29,spoof,notrim,eval,neural_vocoder_autoregressive,Task1,team29,MF,E,553536,72,test-00072-of-00080.parquet
LA_0036,DF_E_4547733,mp3m4a,asvspoof,A19,spoof,notrim,eval,traditional_vocoder,-,-,-,-,519653,67,test-00067-of-00080.parquet
LA_0001,DF_E_4395844,nocodec,asvspoof,A10,spoof,notrim,eval,neural_vocoder_autoregressive,-,-,-,-,488760,63,test-00063-of-00080.parquet
TEM1,DF_E_3904200,high_mp3,vcc2020,Task1-team01,spoof,notrim,eval,neural_vocoder_nonautoregressive,Task1,team01,MM,E,388336,50,test-00050-of-00080.parquet
LA_0046,DF_E_4902676,low_ogg,asvspoof,A19,spoof,notrim,eval,traditional_vocoder,-,-,-,-,592035,77,test-00077-of-00080.parquet
TGM1,DF_E_4221358,low_m4a,vcc2020,Task2-team32,spoof,notrim,eval,neural_vocoder_autoregressive,Task2,team32,FM,G,453026,59,test-00059-of-00080.parquet
VCC2SM3,DF_E_3973157,low_m4a,vcc2018,-,bonafide,notrim,eval,bonafide,-,-,-,-,402429,52,test-00052-of-00080.parquet
VCC2TF1,DF_E_2527581,mp3m4a,vcc2018,SPO-N18,spoof,notrim,eval,traditional_vocoder,SPO,N18,FF,-,107671,14,test-00014-of-00080.parquet
LA_0024,DF_E_4206848,nocodec,asvspoof,-,bonafide,notrim,eval,bonafide,-,-,-,-,450112,58,test-00058-of-00080.parquet
TFM1,DF_E_2799930,low_ogg,vcc2020,Task2-team05,spoof,notrim,eval,neural_vocoder_nonautoregressive,Task2,team05,MM,F,163169,21,test-00021-of-00080.parquet
LA_0045,DF_E_4205918,high_mp3,asvspoof,-,bonafide,notrim,eval,bonafide,-,-,-,-,449890,58,test-00058-of-00080.parquet
LA_0018,DF_E_4202040,low_ogg,asvspoof,-,bonafide,notrim,eval,bonafide,-,-,-,-,449115,58,test-00058-of-00080.parquet
VCC2TF1,DF_E_2253425,high_m4a,vcc2018,-,bonafide,notrim,eval,bonafide,-,-,-,-,51669,6,test-00006-of-00080.parquet
LA_0026,DF_E_4398166,high_mp3,asvspoof,-,bonafide,notrim,eval,bonafide,-,-,-,-,489236,63,test-00063-of-00080.parquet
LA_0019,DF_E_4481138,mp3m4a,asvspoof,-,bonafide,notrim,eval,bonafide,-,-,-,-,506151,66,test-00066-of-00080.parquet
TMM1,DF_E_3632268,oggm4a,vcc2020,Task2-team24,spoof,notrim,eval,neural_vocoder_autoregressive,Task2,team24,FM,M,333229,43,test-00043-of-00080.parquet
VCC2SM4,DF_E_4074071,oggm4a,vcc2018,-,bonafide,notrim,eval,bonafide,-,-,-,-,423043,55,test-00055-of-00080.parquet
VCC2TF2,DF_E_4969331,low_ogg,vcc2018,SPO-N04,spoof,notrim,eval,traditional_vocoder,SPO,N04,FF,-,605496,79,test-00079-of-00080.parquet
TGF1,DF_E_2260078,low_ogg,vcc2020,Task2-team23,spoof,notrim,eval,neural_vocoder_autoregressive,Task2,team23,MF,G,53019,6,test-00006-of-00080.parquet
TEF2,DF_E_4469369,nocodec,vcc2020,Task1-team14,spoof,notrim,eval,neural_vocoder_nonautoregressive,Task1,team14,FF,E,503699,65,test-00065-of-00080.parquet
VCC2TM1,DF_E_4230471,low_m4a,vcc2018,HUB-D04,spoof,notrim,eval,traditional_vocoder,HUB,D04,FM,-,454930,59,test-00059-of-00080.parquet
TEF2,DF_E_4261733,low_m4a,vcc2020,Task1-team10,spoof,notrim,eval,neural_vocoder_autoregressive,Task1,team10,FF,E,461388,60,test-00060-of-00080.parquet
TGM1,DF_E_2299861,low_mp3,vcc2020,Task2-team18,spoof,notrim,eval,unknown,Task2,team18,FM,G,61165,7,test-00007-of-00080.parquet
VCC2TF2,DF_E_4995885,high_ogg,vcc2018,HUB-D03,spoof,notrim,eval,traditional_vocoder,HUB,D03,FF,-,610992,79,test-00079-of-00080.parquet
TEF1,DF_E_2448424,nocodec,vcc2020,Task1-team01,spoof,notrim,eval,neural_vocoder_nonautoregressive,Task1,team01,MF,E,91460,11,test-00011-of-00080.parquet
SEF2,DF_E_2304436,low_m4a,vcc2020,-,bonafide,notrim,eval,bonafide,-,-,-,-,62074,8,test-00008-of-00080.parquet
TGF1,DF_E_2860550,low_mp3,vcc2020,Task2-team33,spoof,notrim,eval,neural_vocoder_nonautoregressive,Task2,team33,MF,G,175685,22,test-00022-of-00080.parquet
VCC2TF2,DF_E_4432761,high_mp3,vcc2018,SPO-N10,spoof,notrim,eval,neural_vocoder_autoregressive,SPO,N10,MF,-,496224,64,test-00064-of-00080.parquet
TEM1,DF_E_3919331,mp3m4a,vcc2020,Task1-team22,spoof,notrim,eval,neural_vocoder_nonautoregressive,Task1,team22,FM,E,391499,51,test-00051-of-00080.parquet
LA_0014,DF_E_2802049,high_ogg,asvspoof,A13,spoof,notrim,eval,traditional_vocoder,-,-,-,-,163576,21,test-00021-of-00080.parquet
VCC2TM2,DF_E_2634815,nocodec,vcc2018,HUB-D03,spoof,notrim,eval,traditional_vocoder,HUB,D03,MM,-,129768,16,test-00016-of-00080.parquet
VCC2TF1,DF_E_3172986,low_ogg,vcc2018,HUB-N16,spoof,notrim,eval,traditional_vocoder,HUB,N16,MF,-,239557,31,test-00031-of-00080.parquet
LA_0003,DF_E_2230044,mp3m4a,asvspoof,A14,spoof,notrim,eval,traditional_vocoder,-,-,-,-,46902,6,test-00006-of-00080.parquet
TGM1,DF_E_3135127,low_m4a,vcc2020,Task2-team23,spoof,notrim,eval,neural_vocoder_autoregressive,Task2,team23,MM,G,231735,30,test-00030-of-00080.parquet
LA_0039,DF_E_4413733,low_ogg,asvspoof,-,bonafide,notrim,eval,bonafide,-,-,-,-,492380,64,test-00064-of-00080.parquet
TEF1,DF_E_3538656,nocodec,vcc2020,Task1-team11,spoof,notrim,eval,neural_vocoder_autoregressive,Task1,team11,MF,E,314121,41,test-00041-of-00080.parquet
TFM1,DF_E_4575394,high_ogg,vcc2020,Task2-team30,spoof,notrim,eval,unknown,Task2,team30,FM,F,525269,68,test-00068-of-00080.parquet
VCC2TM2,DF_E_2757059,mp3m4a,vcc2018,HUB-N07,spoof,notrim,eval,traditional_vocoder,HUB,N07,FM,-,154455,20,test-00020-of-00080.parquet
TGF1,DF_E_2798733,mp3m4a,vcc2020,Task2-team32,spoof,notrim,eval,neural_vocoder_autoregressive,Task2,team32,FF,G,162940,21,test-00021-of-00080.parquet
LA_0013,DF_E_4609544,high_ogg,asvspoof,-,bonafide,notrim,eval,bonafide,-,-,-,-,532183,69,test-00069-of-00080.parquet
LA_0026,DF_E_3241597,low_ogg,asvspoof,-,bonafide,notrim,eval,bonafide,-,-,-,-,253524,33,test-00033-of-00080.parquet
VCC2TM2,DF_E_3922222,low_m4a,vcc2018,HUB-N14,spoof,notrim,eval,traditional_vocoder,HUB,N14,FM,-,392103,51,test-00051-of-00080.parquet
TGM1,DF_E_4775944,low_mp3,vcc2020,Task2-team10,spoof,notrim,eval,neural_vocoder_autoregressive,Task2,team10,FM,G,565971,74,test-00074-of-00080.parquet
LA_0043,DF_E_2421184,mp3m4a,asvspoof,-,bonafide,notrim,eval,bonafide,-,-,-,-,85828,11,test-00011-of-00080.parquet
VCC2TF1,DF_E_4323767,low_m4a,vcc2018,HUB-N16,spoof,notrim,eval,traditional_vocoder,HUB,N16,FF,-,473942,61,test-00061-of-00080.parquet
VCC2TM1,DF_E_3304403,high_ogg,vcc2018,HUB-N08,spoof,notrim,eval,traditional_vocoder,HUB,N08,FM,-,266145,34,test-00034-of-00080.parquet
LA_0026,DF_E_3416814,oggm4a,asvspoof,-,bonafide,notrim,eval,bonafide,-,-,-,-,289082,37,test-00037-of-00080.parquet
TEF2,DF_E_4961362,low_ogg,vcc2020,-,bonafide,notrim,eval,bonafide,-,-,-,-,603852,78,test-00078-of-00080.parquet
LA_0010,DF_E_3799971,low_ogg,asvspoof,-,bonafide,notrim,eval,bonafide,-,-,-,-,367238,48,test-00048-of-00080.parquet
VCC2TM2,DF_E_2906747,high_ogg,vcc2018,SPO-N05,spoof,notrim,eval,traditional_vocoder,SPO,N05,MM,-,184998,24,test-00024-of-00080.parquet
VCC2TM2,DF_E_3774109,low_m4a,vcc2018,HUB-N18,spoof,notrim,eval,traditional_vocoder,HUB,N18,MM,-,362060,47,test-00047-of-00080.parquet
LA_0019,DF_E_2223308,low_m4a,asvspoof,A08,spoof,notrim,eval,neural_vocoder_nonautoregressive,-,-,-,-,45539,5,test-00005-of-00080.parquet
LA_0026,DF_E_2242493,high_ogg,asvspoof,A15,spoof,notrim,eval,neural_vocoder_autoregressive,-,-,-,-,49455,6,test-00006-of-00080.parquet
LA_0032,DF_E_3899058,oggm4a,asvspoof,A08,spoof,notrim,eval,neural_vocoder_nonautoregressive,-,-,-,-,387303,50,test-00050-of-00080.parquet
TEM2,DF_E_2067176,high_ogg,vcc2020,Task1-team25,spoof,notrim,eval,neural_vocoder_autoregressive,Task1,team25,MM,E,13615,1,test-00001-of-00080.parquet
TEF1,DF_E_2705990,low_mp3,vcc2020,Task1-team03,spoof,notrim,eval,neural_vocoder_autoregressive,Task1,team03,FF,E,144142,18,test-00018-of-00080.parquet
VCC2TM2,DF_E_4890680,low_m4a,vcc2018,HUB-N12,spoof,notrim,eval,traditional_vocoder,HUB,N12,FM,-,589627,77,test-00077-of-00080.parquet
TFM1,DF_E_2626251,low_mp3,vcc2020,Task2-team23,spoof,notrim,eval,neural_vocoder_autoregressive,Task2,team23,MM,F,128059,16,test-00016-of-00080.parquet
TEF1,DF_E_4286430,low_ogg,vcc2020,Task1-team10,spoof,notrim,eval,neural_vocoder_autoregressive,Task1,team10,MF,E,466324,60,test-00060-of-00080.parquet
TGM1,DF_E_3879394,low_m4a,vcc2020,Task2-team28,spoof,notrim,eval,neural_vocoder_autoregressive,Task2,team28,FM,G,383334,50,test-00050-of-00080.parquet
TFF1,DF_E_4116731,oggm4a,vcc2020,Task2-team25,spoof,notrim,eval,neural_vocoder_autoregressive,Task2,team25,FF,F,431739,56,test-00056-of-00080.parquet
TEM2,DF_E_3677936,oggm4a,vcc2020,Task1-team11,spoof,notrim,eval,neural_vocoder_autoregressive,Task1,team11,FM,E,342587,44,test-00044-of-00080.parquet
VCC2TM1,DF_E_2012451,low_ogg,vcc2018,HUB-D05,spoof,notrim,eval,traditional_vocoder,HUB,D05,FM,-,2492,0,test-00000-of-00080.parquet
VCC2TF1,DF_E_4081444,nocodec,vcc2018,HUB-N04,spoof,notrim,eval,traditional_vocoder,HUB,N04,FF,-,424508,55,test-00055-of-00080.parquet
TEM1,DF_E_4548697,nocodec,vcc2020,-,bonafide,notrim,eval,bonafide,-,-,-,-,519861,67,test-00067-of-00080.parquet
LA_0033,DF_E_4705038,low_ogg,asvspoof,-,bonafide,notrim,eval,bonafide,-,-,-,-,551702,72,test-00072-of-00080.parquet
VCC2TM1,DF_E_4064605,high_m4a,vcc2018,HUB-N07,spoof,notrim,eval,traditional_vocoder,HUB,N07,FM,-,421051,55,test-00055-of-00080.parquet
TGM1,DF_E_2832474,nocodec,vcc2020,Task2-team11,spoof,notrim,eval,neural_vocoder_autoregressive,Task2,team11,MM,G,169877,22,test-00022-of-00080.parquet
VCC2TM1,DF_E_4720475,low_ogg,vcc2018,-,bonafide,notrim,eval,bonafide,-,-,-,-,554885,72,test-00072-of-00080.parquet
LA_0028,DF_E_3320170,mp3m4a,asvspoof,-,bonafide,notrim,eval,bonafide,-,-,-,-,269310,35,test-00035-of-00080.parquet
LA_0025,DF_E_3461620,low_ogg,asvspoof,-,bonafide,notrim,eval,bonafide,-,-,-,-,298338,39,test-00039-of-00080.parquet
TEF1,DF_E_4806470,high_m4a,vcc2020,Task1-team25,spoof,notrim,eval,neural_vocoder_autoregressive,Task1,team25,MF,E,572192,74,test-00074-of-00080.parquet
TEM1,DF_E_3227197,high_ogg,vcc2020,Task1-team28,spoof,notrim,eval,neural_vocoder_autoregressive,Task1,team28,FM,E,250613,32,test-00032-of-00080.parquet
VCC2TM1,DF_E_4003984,mp3m4a,vcc2018,HUB-N09,spoof,notrim,eval,traditional_vocoder,HUB,N09,FM,-,408700,53,test-00053-of-00080.parquet
VCC2TF1,DF_E_2853468,high_mp3,vcc2018,HUB-N14,spoof,notrim,eval,traditional_vocoder,HUB,N14,FF,-,174244,22,test-00022-of-00080.parquet
LA_0013,DF_E_2778076,low_mp3,asvspoof,-,bonafide,notrim,eval,bonafide,-,-,-,-,158796,20,test-00020-of-00080.parquet
TFM1,DF_E_3132272,high_m4a,vcc2020,Task2-team27,spoof,notrim,eval,neural_vocoder_nonautoregressive,Task2,team27,MM,F,231179,30,test-00030-of-00080.parquet
VCC2TM1,DF_E_2673196,low_mp3,vcc2018,-,bonafide,notrim,eval,bonafide,-,-,-,-,137568,17,test-00017-of-00080.parquet
VCC2TM1,DF_E_2276101,high_mp3,vcc2018,HUB-N19,spoof,notrim,eval,traditional_vocoder,HUB,N19,MM,-,56217,7,test-00007-of-00080.parquet
VCC2TF1,DF_E_3671535,mp3m4a,vcc2018,HUB-N06,spoof,notrim,eval,traditional_vocoder,HUB,N06,FF,-,341300,44,test-00044-of-00080.parquet
LA_0042,DF_E_3630142,mp3m4a,asvspoof,-,bonafide,notrim,eval,bonafide,-,-,-,-,332794,43,test-00043-of-00080.parquet
TMF1,DF_E_4444290,nocodec,vcc2020,Task2-team27,spoof,notrim,eval,neural_vocoder_nonautoregressive,Task2,team27,MF,M,498588,65,test-00065-of-00080.parquet
TEM1,DF_E_4788613,low_m4a,vcc2020,Task1-team03,spoof,notrim,eval,neural_vocoder_autoregressive,Task1,team03,MM,E,568501,74,test-00074-of-00080.parquet
TEM1,DF_E_2777628,low_mp3,vcc2020,-,bonafide,notrim,eval,bonafide,-,-,-,-,158716,20,test-00020-of-00080.parquet
LA_0023,DF_E_3139465,mp3m4a,asvspoof,A16,spoof,notrim,eval,waveform_concatenation,-,-,-,-,232604,30,test-00030-of-00080.parquet
LA_0029,DF_E_2783425,high_m4a,asvspoof,-,bonafide,notrim,eval,bonafide,-,-,-,-,159884,20,test-00020-of-00080.parquet
VCC2TF1,DF_E_2216844,high_m4a,vcc2018,HUB-N09,spoof,notrim,eval,traditional_vocoder,HUB,N09,FF,-,44224,5,test-00005-of-00080.parquet
VCC2SM2,DF_E_2057031,low_ogg,vcc2018,-,bonafide,notrim,eval,bonafide,-,-,-,-,11568,1,test-00001-of-00080.parquet
LA_0018,DF_E_2171190,high_ogg,asvspoof,A16,spoof,notrim,eval,waveform_concatenation,-,-,-,-,34925,4,test-00004-of-00080.parquet
LA_0018,DF_E_2879193,mp3m4a,asvspoof,-,bonafide,notrim,eval,bonafide,-,-,-,-,179503,23,test-00023-of-00080.parquet
LA_0021,DF_E_3741465,nocodec,asvspoof,-,bonafide,notrim,eval,bonafide,-,-,-,-,355461,46,test-00046-of-00080.parquet
TEM1,DF_E_4658091,low_ogg,vcc2020,Task1-team07,spoof,notrim,eval,neural_vocoder_autoregressive,Task1,team07,FM,E,542087,70,test-00070-of-00080.parquet
TGF1,DF_E_2778491,mp3m4a,vcc2020,Task2-team20,spoof,notrim,eval,neural_vocoder_nonautoregressive,Task2,team20,FF,G,158875,20,test-00020-of-00080.parquet
TMF1,DF_E_2934586,low_mp3,vcc2020,Task2-team06,spoof,notrim,eval,traditional_vocoder,Task2,team06,MF,M,190721,24,test-00024-of-00080.parquet
LA_0014,DF_E_4556540,oggm4a,asvspoof,-,bonafide,notrim,eval,bonafide,-,-,-,-,521436,68,test-00068-of-00080.parquet
LA_0026,DF_E_3171838,low_ogg,asvspoof,A14,spoof,notrim,eval,traditional_vocoder,-,-,-,-,239328,31,test-00031-of-00080.parquet
VCC2TM2,DF_E_4945673,high_m4a,vcc2018,HUB-N19,spoof,notrim,eval,traditional_vocoder,HUB,N19,MM,-,600761,78,test-00078-of-00080.parquet
SEM1,DF_E_3046115,high_mp3,vcc2020,-,bonafide,notrim,eval,bonafide,-,-,-,-,213673,27,test-00027-of-00080.parquet
VCC2TM1,DF_E_3383922,low_m4a,vcc2018,-,bonafide,notrim,eval,bonafide,-,-,-,-,282397,36,test-00036-of-00080.parquet
TGM1,DF_E_4524335,nocodec,vcc2020,-,bonafide,notrim,eval,bonafide,-,-,-,-,514935,67,test-00067-of-00080.parquet
LA_0002,DF_E_2794943,nocodec,asvspoof,-,bonafide,notrim,eval,bonafide,-,-,-,-,162177,21,test-00021-of-00080.parquet
LA_0033,DF_E_4927148,low_m4a,asvspoof,-,bonafide,notrim,eval,bonafide,-,-,-,-,596995,78,test-00078-of-00080.parquet
LA_0019,DF_E_3736268,mp3m4a,asvspoof,-,bonafide,notrim,eval,bonafide,-,-,-,-,354402,46,test-00046-of-00080.parquet
VCC2TM1,DF_E_2401533,nocodec,vcc2018,HUB-N09,spoof,notrim,eval,traditional_vocoder,HUB,N09,MM,-,81760,10,test-00010-of-00080.parquet
VCC2TM2,DF_E_3704768,high_ogg,vcc2018,SPO-N13,spoof,notrim,eval,traditional_vocoder,SPO,N13,FM,-,348009,45,test-00045-of-00080.parquet
VCC2TF1,DF_E_4814905,high_m4a,vcc2018,HUB-D01,spoof,notrim,eval,traditional_vocoder,HUB,D01,FF,-,573977,75,test-00075-of-00080.parquet
LA_0015,DF_E_4827166,nocodec,asvspoof,A12,spoof,notrim,eval,neural_vocoder_autoregressive,-,-,-,-,576534,75,test-00075-of-00080.parquet
LA_0022,DF_E_4315708,low_ogg,asvspoof,-,bonafide,notrim,eval,bonafide,-,-,-,-,472258,61,test-00061-of-00080.parquet
LA_0021,DF_E_2579840,oggm4a,asvspoof,A19,spoof,notrim,eval,traditional_vocoder,-,-,-,-,118453,15,test-00015-of-00080.parquet
LA_0041,DF_E_3626328,low_ogg,asvspoof,-,bonafide,notrim,eval,bonafide,-,-,-,-,331986,43,test-00043-of-00080.parquet
LA_0002,DF_E_2632263,mp3m4a,asvspoof,A07,spoof,notrim,eval,traditional_vocoder,-,-,-,-,129262,16,test-00016-of-00080.parquet
LA_0013,DF_E_4959722,oggm4a,asvspoof,-,bonafide,notrim,eval,bonafide,-,-,-,-,603522,78,test-00078-of-00080.parquet
LA_0015,DF_E_4344633,low_ogg,asvspoof,A15,spoof,notrim,eval,neural_vocoder_autoregressive,-,-,-,-,478269,62,test-00062-of-00080.parquet
VCC2TF2,DF_E_2320347,mp3m4a,vcc2018,-,bonafide,notrim,eval,bonafide,-,-,-,-,65254,8,test-00008-of-00080.parquet
LA_0046,DF_E_4996161,mp3m4a,asvspoof,-,bonafide,notrim,eval,bonafide,-,-,-,-,611043,79,test-00079-of-00080.parquet
VCC2SM2,DF_E_4054272,high_m4a,vcc2018,-,bonafide,notrim,eval,bonafide,-,-,-,-,418987,54,test-00054-of-00080.parquet
VCC2SM1,DF_E_3246264,nocodec,vcc2018,-,bonafide,notrim,eval,bonafide,-,-,-,-,254512,33,test-00033-of-00080.parquet
TGM1,DF_E_2306723,mp3m4a,vcc2020,Task2-team28,spoof,notrim,eval,neural_vocoder_autoregressive,Task2,team28,FM,G,62497,8,test-00008-of-00080.parquet
VCC2TM2,DF_E_2170537,low_ogg,vcc2018,HUB-N20,spoof,notrim,eval,traditional_vocoder,HUB,N20,FM,-,34775,4,test-00004-of-00080.parquet
TGF1,DF_E_4831675,low_m4a,vcc2020,-,bonafide,notrim,eval,bonafide,-,-,-,-,577474,75,test-00075-of-00080.parquet
LA_0042,DF_E_2548008,low_mp3,asvspoof,-,bonafide,notrim,eval,bonafide,-,-,-,-,111980,14,test-00014-of-00080.parquet
VCC2TM1,DF_E_3846831,high_m4a,vcc2018,SPO-N04,spoof,notrim,eval,traditional_vocoder,SPO,N04,FM,-,376659,49,test-00049-of-00080.parquet
VCC2TM2,DF_E_2812896,high_m4a,vcc2018,HUB-N03,spoof,notrim,eval,unknown,HUB,N03,FM,-,165825,21,test-00021-of-00080.parquet
LA_0036,DF_E_2111730,oggm4a,asvspoof,-,bonafide,notrim,eval,bonafide,-,-,-,-,22604,2,test-00002-of-00080.parquet
VCC2SM1,DF_E_2302175,nocodec,vcc2018,-,bonafide,notrim,eval,bonafide,-,-,-,-,61619,8,test-00008-of-00080.parquet
TGM1,DF_E_2831272,high_mp3,vcc2020,-,bonafide,notrim,eval,bonafide,-,-,-,-,169638,22,test-00022-of-00080.parquet
VCC2SM4,DF_E_2445416,high_mp3,vcc2018,-,bonafide,notrim,eval,bonafide,-,-,-,-,90865,11,test-00011-of-00080.parquet
TFF1,DF_E_2767240,high_m4a,vcc2020,Task2-team08,spoof,notrim,eval,traditional_vocoder,Task2,team08,FF,F,156557,20,test-00020-of-00080.parquet
LA_0034,DF_E_3178794,high_m4a,asvspoof,-,bonafide,notrim,eval,bonafide,-,-,-,-,240759,31,test-00031-of-00080.parquet
VCC2TF1,DF_E_2169810,high_m4a,vcc2018,SPO-N16,spoof,notrim,eval,traditional_vocoder,SPO,N16,FF,-,34617,4,test-00004-of-00080.parquet
LA_0027,DF_E_2052772,high_ogg,asvspoof,-,bonafide,notrim,eval,bonafide,-,-,-,-,10695,1,test-00001-of-00080.parquet
TMM1,DF_E_4355533,low_mp3,vcc2020,Task2-team20,spoof,notrim,eval,neural_vocoder_nonautoregressive,Task2,team20,MM,M,480525,62,test-00062-of-00080.parquet
TGF1,DF_E_4323016,nocodec,vcc2020,Task2-team30,spoof,notrim,eval,unknown,Task2,team30,MF,G,473789,61,test-00061-of-00080.parquet
TEF2,DF_E_2400291,low_m4a,vcc2020,-,bonafide,notrim,eval,bonafide,-,-,-,-,81483,10,test-00010-of-00080.parquet
TGF1,DF_E_3885378,high_ogg,vcc2020,-,bonafide,notrim,eval,bonafide,-,-,-,-,384574,50,test-00050-of-00080.parquet
LA_0002,DF_E_2334606,low_m4a,asvspoof,-,bonafide,notrim,eval,bonafide,-,-,-,-,68234,8,test-00008-of-00080.parquet
VCC2TF2,DF_E_2066350,mp3m4a,vcc2018,HUB-N13,spoof,notrim,eval,traditional_vocoder,HUB,N13,MF,-,13438,1,test-00001-of-00080.parquet
VCC2SF1,DF_E_3141516,low_m4a,vcc2018,-,bonafide,notrim,eval,bonafide,-,-,-,-,233025,30,test-00030-of-00080.parquet
LA_0041,DF_E_4451582,low_ogg,asvspoof,-,bonafide,notrim,eval,bonafide,-,-,-,-,500084,65,test-00065-of-00080.parquet
VCC2TM1,DF_E_2958526,low_mp3,vcc2018,HUB-N12,spoof,notrim,eval,traditional_vocoder,HUB,N12,FM,-,195716,25,test-00025-of-00080.parquet
TMF1,DF_E_2611056,high_mp3,vcc2020,Task2-team30,spoof,notrim,eval,unknown,Task2,team30,MF,M,124816,16,test-00016-of-00080.parquet
TEM2,DF_E_4293142,high_m4a,vcc2020,Task1-team04,spoof,notrim,eval,neural_vocoder_autoregressive,Task1,team04,MM,E,467686,61,test-00061-of-00080.parquet
VCC2TM2,DF_E_3482680,low_mp3,vcc2018,HUB-N20,spoof,notrim,eval,traditional_vocoder,HUB,N20,MM,-,302682,39,test-00039-of-00080.parquet
LA_0014,DF_E_4378225,low_ogg,asvspoof,-,bonafide,notrim,eval,bonafide,-,-,-,-,485089,63,test-00063-of-00080.parquet
TMF1,DF_E_3912984,high_mp3,vcc2020,Task2-team29,spoof,notrim,eval,neural_vocoder_autoregressive,Task2,team29,FF,M,390172,51,test-00051-of-00080.parquet
TEM1,DF_E_4010356,low_m4a,vcc2020,Task1-team29,spoof,notrim,eval,neural_vocoder_autoregressive,Task1,team29,MM,E,410015,53,test-00053-of-00080.parquet
TEF2,DF_E_3938258,low_mp3,vcc2020,-,bonafide,notrim,eval,bonafide,-,-,-,-,395392,51,test-00051-of-00080.parquet
TMF1,DF_E_2868695,nocodec,vcc2020,Task2-team06,spoof,notrim,eval,traditional_vocoder,Task2,team06,FF,M,177367,23,test-00023-of-00080.parquet
LA_0003,DF_E_3422592,high_m4a,asvspoof,-,bonafide,notrim,eval,bonafide,-,-,-,-,290237,37,test-00037-of-00080.parquet
TGM1,DF_E_2926436,nocodec,vcc2020,Task2-team05,spoof,notrim,eval,neural_vocoder_nonautoregressive,Task2,team05,MM,G,189037,24,test-00024-of-00080.parquet
SEF2,DF_E_4967326,high_m4a,vcc2020,-,bonafide,notrim,eval,bonafide,-,-,-,-,605087,79,test-00079-of-00080.parquet
TGM1,DF_E_2857111,high_mp3,vcc2020,Task2-team27,spoof,notrim,eval,neural_vocoder_nonautoregressive,Task2,team27,MM,G,175006,22,test-00022-of-00080.parquet
TFM1,DF_E_3984709,high_m4a,vcc2020,Task2-team23,spoof,notrim,eval,neural_vocoder_autoregressive,Task2,team23,MM,F,404759,52,test-00052-of-00080.parquet
VCC2TM2,DF_E_4414164,low_mp3,vcc2018,-,bonafide,notrim,eval,bonafide,-,-,-,-,492462,64,test-00064-of-00080.parquet
SEF2,DF_E_4453044,low_m4a,vcc2020,-,bonafide,notrim,eval,bonafide,-,-,-,-,500375,65,test-00065-of-00080.parquet
VCC2SF2,DF_E_2716533,high_mp3,vcc2018,-,bonafide,notrim,eval,bonafide,-,-,-,-,146299,19,test-00019-of-00080.parquet
LA_0043,DF_E_3409998,mp3m4a,asvspoof,-,bonafide,notrim,eval,bonafide,-,-,-,-,287666,37,test-00037-of-00080.parquet
LA_0030,DF_E_2571207,high_mp3,asvspoof,-,bonafide,notrim,eval,bonafide,-,-,-,-,116674,15,test-00015-of-00080.parquet
LA_0046,DF_E_2367565,nocodec,asvspoof,-,bonafide,notrim,eval,bonafide,-,-,-,-,74906,9,test-00009-of-00080.parquet
TMM1,DF_E_3967383,high_m4a,vcc2020,Task2-team11,spoof,notrim,eval,neural_vocoder_autoregressive,Task2,team11,FM,M,401283,52,test-00052-of-00080.parquet
TMF1,DF_E_2267507,nocodec,vcc2020,-,bonafide,notrim,eval,bonafide,-,-,-,-,54524,7,test-00007-of-00080.parquet
TEM2,DF_E_2810420,low_m4a,vcc2020,-,bonafide,notrim,eval,bonafide,-,-,-,-,165321,21,test-00021-of-00080.parquet
TFF1,DF_E_4904735,mp3m4a,vcc2020,Task2-team06,spoof,notrim,eval,traditional_vocoder,Task2,team06,FF,F,592458,77,test-00077-of-00080.parquet
TFM1,DF_E_3651135,mp3m4a,vcc2020,-,bonafide,notrim,eval,bonafide,-,-,-,-,337203,44,test-00044-of-00080.parquet
VCC2TF2,DF_E_4968214,mp3m4a,vcc2018,HUB-N18,spoof,notrim,eval,traditional_vocoder,HUB,N18,FF,-,605258,79,test-00079-of-00080.parquet
LA_0031,DF_E_2969750,high_ogg,asvspoof,-,bonafide,notrim,eval,bonafide,-,-,-,-,197976,25,test-00025-of-00080.parquet
TMM1,DF_E_4120466,mp3m4a,vcc2020,Task2-team19,spoof,notrim,eval,neural_vocoder_nonautoregressive,Task2,team19,MM,M,432529,56,test-00056-of-00080.parquet
VCC2TM2,DF_E_4630528,high_m4a,vcc2018,SPO-N18,spoof,notrim,eval,traditional_vocoder,SPO,N18,MM,-,536500,70,test-00070-of-00080.parquet
VCC2TF1,DF_E_3409400,high_ogg,vcc2018,SPO-N13,spoof,notrim,eval,traditional_vocoder,SPO,N13,FF,-,287543,37,test-00037-of-00080.parquet
VCC2TM1,DF_E_2906266,mp3m4a,vcc2018,SPO-N17,spoof,notrim,eval,neural_vocoder_autoregressive,SPO,N17,MM,-,184907,24,test-00024-of-00080.parquet
LA_0015,DF_E_3171344,low_mp3,asvspoof,A16,spoof,notrim,eval,waveform_concatenation,-,-,-,-,239220,31,test-00031-of-00080.parquet
TFM1,DF_E_2247555,low_mp3,vcc2020,-,bonafide,notrim,eval,bonafide,-,-,-,-,50481,6,test-00006-of-00080.parquet
TMM1,DF_E_4294382,oggm4a,vcc2020,Task2-team19,spoof,notrim,eval,neural_vocoder_nonautoregressive,Task2,team19,MM,M,467936,61,test-00061-of-00080.parquet
TFF1,DF_E_4169646,nocodec,vcc2020,-,bonafide,notrim,eval,bonafide,-,-,-,-,442531,57,test-00057-of-00080.parquet
TEF1,DF_E_3904788,nocodec,vcc2020,Task1-team06,spoof,notrim,eval,traditional_vocoder,Task1,team06,MF,E,388457,50,test-00050-of-00080.parquet
LA_0014,DF_E_4683041,high_ogg,asvspoof,-,bonafide,notrim,eval,bonafide,-,-,-,-,547210,71,test-00071-of-00080.parquet
LA_0032,DF_E_4414597,oggm4a,asvspoof,-,bonafide,notrim,eval,bonafide,-,-,-,-,492550,64,test-00064-of-00080.parquet
LA_0030,DF_E_2938944,high_mp3,asvspoof,-,bonafide,notrim,eval,bonafide,-,-,-,-,191668,25,test-00025-of-00080.parquet
VCC2SM1,DF_E_2988920,high_mp3,vcc2018,-,bonafide,notrim,eval,bonafide,-,-,-,-,201864,26,test-00026-of-00080.parquet
TFF1,DF_E_4843905,low_ogg,vcc2020,Task2-team31,spoof,notrim,eval,neural_vocoder_nonautoregressive,Task2,team31,MF,F,579975,75,test-00075-of-00080.parquet
TEM1,DF_E_4143966,mp3m4a,vcc2020,-,bonafide,notrim,eval,bonafide,-,-,-,-,437301,57,test-00057-of-00080.parquet
TGM1,DF_E_4561801,low_m4a,vcc2020,-,bonafide,notrim,eval,bonafide,-,-,-,-,522470,68,test-00068-of-00080.parquet
VCC2SF4,DF_E_2477593,mp3m4a,vcc2018,-,bonafide,notrim,eval,bonafide,-,-,-,-,97503,12,test-00012-of-00080.parquet
VCC2TM2,DF_E_2426005,low_mp3,vcc2018,HUB-B01,spoof,notrim,eval,traditional_vocoder,HUB,B01,MM,-,86822,11,test-00011-of-00080.parquet
TMF1,DF_E_2709983,nocodec,vcc2020,Task2-team25,spoof,notrim,eval,neural_vocoder_autoregressive,Task2,team25,MF,M,144968,18,test-00018-of-00080.parquet
VCC2TM2,DF_E_3422292,nocodec,vcc2018,SPO-N10,spoof,notrim,eval,neural_vocoder_autoregressive,SPO,N10,FM,-,290174,37,test-00037-of-00080.parquet
TMF1,DF_E_2328508,high_mp3,vcc2020,Task2-team07,spoof,notrim,eval,neural_vocoder_autoregressive,Task2,team07,MF,M,66950,8,test-00008-of-00080.parquet
LA_0003,DF_E_3269414,low_ogg,asvspoof,-,bonafide,notrim,eval,bonafide,-,-,-,-,259212,33,test-00033-of-00080.parquet
LA_0010,DF_E_2375936,low_m4a,asvspoof,A16,spoof,notrim,eval,waveform_concatenation,-,-,-,-,76539,10,test-00010-of-00080.parquet
TEM1,DF_E_2936240,high_m4a,vcc2020,Task1-team26,spoof,notrim,eval,traditional_vocoder,Task1,team26,FM,E,191072,24,test-00024-of-00080.parquet
TMF1,DF_E_4827850,high_m4a,vcc2020,Task2-team22,spoof,notrim,eval,neural_vocoder_nonautoregressive,Task2,team22,FF,M,576666,75,test-00075-of-00080.parquet
LA_0010,DF_E_4758082,low_m4a,asvspoof,A19,spoof,notrim,eval,traditional_vocoder,-,-,-,-,562439,73,test-00073-of-00080.parquet
VCC2TM1,DF_E_2606226,oggm4a,vcc2018,HUB-D04,spoof,notrim,eval,traditional_vocoder,HUB,D04,FM,-,123847,16,test-00016-of-00080.parquet
LA_0005,DF_E_3968461,low_ogg,asvspoof,A18,spoof,notrim,eval,traditional_vocoder,-,-,-,-,401513,52,test-00052-of-00080.parquet
VCC2TM1,DF_E_4200935,high_m4a,vcc2018,HUB-D03,spoof,notrim,eval,traditional_vocoder,HUB,D03,FM,-,448889,58,test-00058-of-00080.parquet
VCC2SF4,DF_E_3462993,high_mp3,vcc2018,-,bonafide,notrim,eval,bonafide,-,-,-,-,298608,39,test-00039-of-00080.parquet
VCC2SF1,DF_E_2876337,high_m4a,vcc2018,-,bonafide,notrim,eval,bonafide,-,-,-,-,178931,23,test-00023-of-00080.parquet
LA_0018,DF_E_3954970,mp3m4a,asvspoof,-,bonafide,notrim,eval,bonafide,-,-,-,-,398823,52,test-00052-of-00080.parquet
TEM1,DF_E_4961627,low_mp3,vcc2020,-,bonafide,notrim,eval,bonafide,-,-,-,-,603908,78,test-00078-of-00080.parquet
TEM2,DF_E_3248405,low_mp3,vcc2020,Task1-team12,spoof,notrim,eval,traditional_vocoder,Task1,team12,MM,E,254937,33,test-00033-of-00080.parquet
TEF1,DF_E_2366893,low_mp3,vcc2020,Task1-team29,spoof,notrim,eval,neural_vocoder_autoregressive,Task1,team29,MF,E,74775,9,test-00009-of-00080.parquet
LA_0021,DF_E_4967783,oggm4a,asvspoof,A13,spoof,notrim,eval,traditional_vocoder,-,-,-,-,605173,79,test-00079-of-00080.parquet
VCC2TM2,DF_E_2949104,low_m4a,vcc2018,HUB-N20,spoof,notrim,eval,traditional_vocoder,HUB,N20,MM,-,193747,25,test-00025-of-00080.parquet
LA_0002,DF_E_2873334,high_m4a,asvspoof,-,bonafide,notrim,eval,bonafide,-,-,-,-,178309,23,test-00023-of-00080.parquet
TGF1,DF_E_4904956,low_m4a,vcc2020,Task2-team06,spoof,notrim,eval,traditional_vocoder,Task2,team06,MF,G,592498,77,test-00077-of-00080.parquet
LA_0011,DF_E_4290015,oggm4a,asvspoof,-,bonafide,notrim,eval,bonafide,-,-,-,-,467076,61,test-00061-of-00080.parquet
LA_0008,DF_E_4366042,low_ogg,asvspoof,-,bonafide,notrim,eval,bonafide,-,-,-,-,482607,63,test-00063-of-00080.parquet
VCC2TM2,DF_E_2920739,low_m4a,vcc2018,SPO-N04,spoof,notrim,eval,traditional_vocoder,SPO,N04,MM,-,187889,24,test-00024-of-00080.parquet
LA_0019,DF_E_4713003,mp3m4a,asvspoof,-,bonafide,notrim,eval,bonafide,-,-,-,-,553308,72,test-00072-of-00080.parquet
LA_0005,DF_E_4711081,high_ogg,asvspoof,-,bonafide,notrim,eval,bonafide,-,-,-,-,552893,72,test-00072-of-00080.parquet
VCC2SF2,DF_E_3281769,high_m4a,vcc2018,-,bonafide,notrim,eval,bonafide,-,-,-,-,261657,34,test-00034-of-00080.parquet
LA_0014,DF_E_3248956,high_ogg,asvspoof,-,bonafide,notrim,eval,bonafide,-,-,-,-,255057,33,test-00033-of-00080.parquet
LA_0013,DF_E_4737085,low_ogg,asvspoof,-,bonafide,notrim,eval,bonafide,-,-,-,-,558218,72,test-00072-of-00080.parquet
LA_0018,DF_E_3481880,low_m4a,asvspoof,-,bonafide,notrim,eval,bonafide,-,-,-,-,302516,39,test-00039-of-00080.parquet
LA_0040,DF_E_3027812,high_ogg,asvspoof,A07,spoof,notrim,eval,traditional_vocoder,-,-,-,-,209920,27,test-00027-of-00080.parquet
TGF1,DF_E_2200739,high_mp3,vcc2020,-,bonafide,notrim,eval,bonafide,-,-,-,-,41019,5,test-00005-of-00080.parquet
LA_0014,DF_E_2589635,nocodec,asvspoof,-,bonafide,notrim,eval,bonafide,-,-,-,-,120428,15,test-00015-of-00080.parquet
VCC2TF1,DF_E_2275229,high_m4a,vcc2018,-,bonafide,notrim,eval,bonafide,-,-,-,-,56049,7,test-00007-of-00080.parquet
LA_0003,DF_E_4322822,low_ogg,asvspoof,-,bonafide,notrim,eval,bonafide,-,-,-,-,473744,61,test-00061-of-00080.parquet
TEF2,DF_E_2584749,nocodec,vcc2020,Task1-team11,spoof,notrim,eval,neural_vocoder_autoregressive,Task1,team11,FF,E,119467,15,test-00015-of-00080.parquet
TEF2,DF_E_3518038,low_mp3,vcc2020,Task1-team30,spoof,notrim,eval,unknown,Task1,team30,FF,E,309914,40,test-00040-of-00080.parquet
TMM1,DF_E_4038757,high_mp3,vcc2020,Task2-team33,spoof,notrim,eval,neural_vocoder_nonautoregressive,Task2,team33,FM,M,415839,54,test-00054-of-00080.parquet
TGM1,DF_E_2068227,low_mp3,vcc2020,Task2-team27,spoof,notrim,eval,neural_vocoder_nonautoregressive,Task2,team27,FM,G,13840,1,test-00001-of-00080.parquet
VCC2SM1,DF_E_2720183,nocodec,vcc2018,-,bonafide,notrim,eval,bonafide,-,-,-,-,147038,19,test-00019-of-00080.parquet
VCC2TF1,DF_E_4751808,high_ogg,vcc2018,HUB-N13,spoof,notrim,eval,traditional_vocoder,HUB,N13,MF,-,561176,73,test-00073-of-00080.parquet
VCC2TM2,DF_E_4569164,low_ogg,vcc2018,HUB-N19,spoof,notrim,eval,traditional_vocoder,HUB,N19,MM,-,523942,68,test-00068-of-00080.parquet
TEF2,DF_E_2388640,oggm4a,vcc2020,Task1-team11,spoof,notrim,eval,neural_vocoder_autoregressive,Task1,team11,MF,E,79139,10,test-00010-of-00080.parquet
TEM1,DF_E_2602591,low_ogg,vcc2020,-,bonafide,notrim,eval,bonafide,-,-,-,-,123096,16,test-00016-of-00080.parquet
TMF1,DF_E_4087427,oggm4a,vcc2020,Task2-team24,spoof,notrim,eval,neural_vocoder_autoregressive,Task2,team24,MF,M,425750,55,test-00055-of-00080.parquet
LA_0024,DF_E_4174681,mp3m4a,asvspoof,-,bonafide,notrim,eval,bonafide,-,-,-,-,443567,57,test-00057-of-00080.parquet
TGF1,DF_E_2622411,oggm4a,vcc2020,-,bonafide,notrim,eval,bonafide,-,-,-,-,127221,16,test-00016-of-00080.parquet
VCC2TF1,DF_E_4717971,high_mp3,vcc2018,-,bonafide,notrim,eval,bonafide,-,-,-,-,554349,72,test-00072-of-00080.parquet
VCC2TM2,DF_E_3050782,nocodec,vcc2018,SPO-N16,spoof,notrim,eval,traditional_vocoder,SPO,N16,FM,-,214624,28,test-00028-of-00080.parquet
SEF1,DF_E_4243824,oggm4a,vcc2020,-,bonafide,notrim,eval,bonafide,-,-,-,-,457691,59,test-00059-of-00080.parquet
VCC2SF1,DF_E_2627715,mp3m4a,vcc2018,-,bonafide,notrim,eval,bonafide,-,-,-,-,128358,16,test-00016-of-00080.parquet
VCC2TM1,DF_E_2523394,low_mp3,vcc2018,HUB-N10,spoof,notrim,eval,neural_vocoder_autoregressive,HUB,N10,FM,-,106828,13,test-00013-of-00080.parquet
TFF1,DF_E_2950237,mp3m4a,vcc2020,Task2-team09,spoof,notrim,eval,neural_vocoder_nonautoregressive,Task2,team09,MF,F,193965,25,test-00025-of-00080.parquet
VCC2TF2,DF_E_3765432,low_mp3,vcc2018,-,bonafide,notrim,eval,bonafide,-,-,-,-,360312,47,test-00047-of-00080.parquet
TEF2,DF_E_4438687,high_m4a,vcc2020,Task1-team23,spoof,notrim,eval,neural_vocoder_nonautoregressive,Task1,team23,FF,E,497455,65,test-00065-of-00080.parquet
SEF2,DF_E_2313915,low_mp3,vcc2020,-,bonafide,notrim,eval,bonafide,-,-,-,-,63968,8,test-00008-of-00080.parquet
LA_0033,DF_E_2231996,low_ogg,asvspoof,A11,spoof,notrim,eval,traditional_vocoder,-,-,-,-,47304,6,test-00006-of-00080.parquet
SEM2,DF_E_3491955,nocodec,vcc2020,-,bonafide,notrim,eval,bonafide,-,-,-,-,304595,39,test-00039-of-00080.parquet
VCC2TM1,DF_E_4199952,mp3m4a,vcc2018,-,bonafide,notrim,eval,bonafide,-,-,-,-,448696,58,test-00058-of-00080.parquet
LA_0046,DF_E_2862205,high_ogg,asvspoof,-,bonafide,notrim,eval,bonafide,-,-,-,-,176018,23,test-00023-of-00080.parquet
LA_0014,DF_E_2289492,high_m4a,asvspoof,-,bonafide,notrim,eval,bonafide,-,-,-,-,58962,7,test-00007-of-00080.parquet
TFM1,DF_E_4765195,low_m4a,vcc2020,Task2-team07,spoof,notrim,eval,neural_vocoder_autoregressive,Task2,team07,FM,F,563872,73,test-00073-of-00080.parquet
LA_0001,DF_E_4352627,low_mp3,asvspoof,-,bonafide,notrim,eval,bonafide,-,-,-,-,479957,62,test-00062-of-00080.parquet
LA_0009,DF_E_3988821,high_mp3,asvspoof,A18,spoof,notrim,eval,traditional_vocoder,-,-,-,-,405581,53,test-00053-of-00080.parquet
LA_0028,DF_E_2938429,high_ogg,asvspoof,-,bonafide,notrim,eval,bonafide,-,-,-,-,191551,25,test-00025-of-00080.parquet
LA_0014,DF_E_2293974,oggm4a,asvspoof,-,bonafide,notrim,eval,bonafide,-,-,-,-,59904,7,test-00007-of-00080.parquet
VCC2TM1,DF_E_3450399,high_mp3,vcc2018,HUB-D03,spoof,notrim,eval,traditional_vocoder,HUB,D03,FM,-,295996,38,test-00038-of-00080.parquet
SEF2,DF_E_3403407,low_m4a,vcc2020,-,bonafide,notrim,eval,bonafide,-,-,-,-,286356,37,test-00037-of-00080.parquet
LA_0002,DF_E_2886368,nocodec,asvspoof,-,bonafide,notrim,eval,bonafide,-,-,-,-,180975,23,test-00023-of-00080.parquet
VCC2TF1,DF_E_4791547,low_m4a,vcc2018,SPO-N06,spoof,notrim,eval,traditional_vocoder,SPO,N06,MF,-,569091,74,test-00074-of-00080.parquet
VCC2TM2,DF_E_4948064,low_mp3,vcc2018,HUB-N09,spoof,notrim,eval,traditional_vocoder,HUB,N09,MM,-,601220,78,test-00078-of-00080.parquet
LA_0002,DF_E_2836990,low_m4a,asvspoof,-,bonafide,notrim,eval,bonafide,-,-,-,-,170804,22,test-00022-of-00080.parquet
LA_0024,DF_E_3731516,mp3m4a,asvspoof,-,bonafide,notrim,eval,bonafide,-,-,-,-,353441,46,test-00046-of-00080.parquet
TGM1,DF_E_3802424,high_ogg,vcc2020,Task2-team24,spoof,notrim,eval,neural_vocoder_autoregressive,Task2,team24,MM,G,367756,48,test-00048-of-00080.parquet
TEM2,DF_E_3705325,mp3m4a,vcc2020,Task1-team23,spoof,notrim,eval,neural_vocoder_nonautoregressive,Task1,team23,FM,E,348110,45,test-00045-of-00080.parquet
VCC2TF2,DF_E_3145942,high_mp3,vcc2018,-,bonafide,notrim,eval,bonafide,-,-,-,-,233973,30,test-00030-of-00080.parquet
TEF2,DF_E_2541948,mp3m4a,vcc2020,Task1-team04,spoof,notrim,eval,neural_vocoder_autoregressive,Task1,team04,FF,E,110746,14,test-00014-of-00080.parquet
VCC2SF2,DF_E_3896763,nocodec,vcc2018,-,bonafide,notrim,eval,bonafide,-,-,-,-,386818,50,test-00050-of-00080.parquet
TMM1,DF_E_3144776,high_mp3,vcc2020,Task2-team22,spoof,notrim,eval,neural_vocoder_nonautoregressive,Task2,team22,FM,M,233724,30,test-00030-of-00080.parquet
TEM1,DF_E_2546624,low_m4a,vcc2020,Task1-team09,spoof,notrim,eval,neural_vocoder_nonautoregressive,Task1,team09,MM,E,111690,14,test-00014-of-00080.parquet
TEF2,DF_E_3339945,high_m4a,vcc2020,-,bonafide,notrim,eval,bonafide,-,-,-,-,273372,35,test-00035-of-00080.parquet
VCC2TM1,DF_E_4378062,low_mp3,vcc2018,HUB-N15,spoof,notrim,eval,traditional_vocoder,HUB,N15,FM,-,485049,63,test-00063-of-00080.parquet
SEM1,DF_E_4413389,high_ogg,vcc2020,-,bonafide,notrim,eval,bonafide,-,-,-,-,492310,64,test-00064-of-00080.parquet
LA_0013,DF_E_4686522,high_ogg,asvspoof,A15,spoof,notrim,eval,neural_vocoder_autoregressive,-,-,-,-,547940,71,test-00071-of-00080.parquet
VCC2TF1,DF_E_4549163,low_mp3,vcc2018,-,bonafide,notrim,eval,bonafide,-,-,-,-,519955,67,test-00067-of-00080.parquet
VCC2SF3,DF_E_4022739,high_mp3,vcc2018,-,bonafide,notrim,eval,bonafide,-,-,-,-,412517,53,test-00053-of-00080.parquet
LA_0023,DF_E_4620912,low_ogg,asvspoof,A11,spoof,notrim,eval,traditional_vocoder,-,-,-,-,534515,69,test-00069-of-00080.parquet
TFF1,DF_E_3698576,high_m4a,vcc2020,Task2-team11,spoof,notrim,eval,neural_vocoder_autoregressive,Task2,team11,FF,F,346822,45,test-00045-of-00080.parquet
TGM1,DF_E_4539551,mp3m4a,vcc2020,Task2-team24,spoof,notrim,eval,neural_vocoder_autoregressive,Task2,team24,MM,G,518035,67,test-00067-of-00080.parquet
VCC2TF1,DF_E_3897675,high_m4a,vcc2018,HUB-N06,spoof,notrim,eval,traditional_vocoder,HUB,N06,FF,-,387015,50,test-00050-of-00080.parquet
TEF2,DF_E_3842553,high_mp3,vcc2020,Task1-team06,spoof,notrim,eval,traditional_vocoder,Task1,team06,MF,E,375814,49,test-00049-of-00080.parquet
TEF2,DF_E_2513876,high_ogg,vcc2020,Task1-team22,spoof,notrim,eval,neural_vocoder_nonautoregressive,Task1,team22,FF,E,104916,13,test-00013-of-00080.parquet
VCC2TF2,DF_E_2312945,nocodec,vcc2018,-,bonafide,notrim,eval,bonafide,-,-,-,-,63770,8,test-00008-of-00080.parquet
TEF2,DF_E_2137879,low_mp3,vcc2020,Task1-team12,spoof,notrim,eval,traditional_vocoder,Task1,team12,FF,E,28051,3,test-00003-of-00080.parquet
TFM1,DF_E_3836707,high_mp3,vcc2020,Task2-team27,spoof,notrim,eval,neural_vocoder_nonautoregressive,Task2,team27,MM,F,374656,48,test-00048-of-00080.parquet
